tempo,x_referencia,y_instrumento,repeticao
0.0,0.0010005,0.001,1
1e-04,0.0010005,0.001,2
0.0002,0.0010005,0.001,3
0.0003,0.0010005,0.001,4
0.0004,0.0010005,0.001,5
0.0005,0.0010005,0.001,6
0.0006,0.0010005,0.001,7
0.0007,0.0010005,0.000999,8
0.0008,0.0010005,0.001,9
0.0009,0.0010005,0.001,10
0.001,0.0010005,0.001,11
0.0011,0.0010005,0.000999,12
0.0012,0.0010005,0.001001,13
0.0013,0.0010005,0.001,14
0.0014,0.0010005,0.001,15
0.0015,0.0010005,0.001,16
0.0016,0.0010005,0.001,17
0.0017,0.0010005,0.001,18
0.0018,0.0010005,0.001,19
0.0019,0.0010005,0.001,20
0.002,0.0010005,0.001,21
0.0021,0.0010005,0.001,22
0.0022,0.0010005,0.001,23
0.0023,0.0010005,0.001,24
0.0024,0.0010005,0.001,25
0.0025,0.0010005,0.001,26
0.0026,0.0010005,0.001,27
0.0027,0.0010005,0.001,28
0.0028,0.0010005,0.001,29
0.0029,0.0010005,0.001,30
0.003,0.0010005,0.001,31
0.0031,0.0010005,0.001,32
0.0032,0.0010005,0.001,33
0.0033,0.0010005,0.001,34
0.0034,0.0010005,0.001,35
0.0035,0.0010005,0.001,36
0.0036,0.0010005,0.001,37
0.0037,0.0010005,0.001,38
0.0038,0.0010005,0.001,39
0.0039,0.0010005,0.001,40
0.004,0.0010005,0.001,41
0.0041,0.0010005,0.001,42
0.0042,0.0010005,0.001,43
0.0043,0.0010005,0.001,44
0.0044,0.0010005,0.001,45
0.0045,0.0010005,0.001,46
0.0046,0.0010005,0.001,47
0.0047,0.0010005,0.001,48
0.0048,0.0010005,0.001,49
0.0049,0.0010005,0.001,50
0.005,0.0010005,0.001,51
0.0051,0.0010005,0.001,52
0.0052,0.0010005,0.001,53
0.0053,0.0010005,0.000999,54
0.0054,0.0010005,0.001,55
0.0055,0.0010005,0.001,56
0.0056,0.0010005,0.001,57
0.0057,0.0010005,0.001,58
0.0058,0.0010005,0.001,59
0.0059,0.0010005,0.001001,60
0.006,0.0010005,0.001,61
0.0061,0.0010005,0.001,62
0.0062,0.0010005,0.000999,63
0.0063,0.0010005,0.001,64
0.0064,0.0010005,0.001,65
0.0065,0.0010005,0.001,66
0.0066,0.0010005,0.001,67
0.0067,0.0010005,0.001,68
0.0068,0.0010005,0.001,69
0.0069,0.0010005,0.001,70
0.007,0.0010005,0.001,71
0.0071,0.0010005,0.001,72
0.0072,0.0010005,0.001,73
0.0073,0.0010005,0.001,74
0.0074,0.0010005,0.001,75
0.0075,0.0010005,0.001,76
0.0076,0.0010005,0.001,77
0.0077,0.0010005,0.001,78
0.0078,0.0010005,0.001,79
0.0079,0.0010005,0.001,80
0.008,0.0010005,0.001,81
0.0081,0.0010005,0.001,82
0.0082,0.0010005,0.001,83
0.0083,0.0010005,0.001,84
0.0084,0.0010005,0.001,85
0.0085,0.0010005,0.001,86
0.0086,0.0010005,0.001,87
0.0087,0.0010005,0.001,88
0.0088,0.0010005,0.000999,89
0.0089,0.0010005,0.001,90
0.009,0.0010005,0.001001,91
0.0091,0.0010005,0.001,92
0.0092,0.0010005,0.001,93
0.0093,0.0010005,0.001,94
0.0094,0.0010005,0.001,95
0.0095,0.0010005,0.000999,96
0.0096,0.0010005,0.001,97
0.0097,0.0010005,0.000999,98
0.0098,0.0010005,0.001,99
0.0099,0.0010005,0.001,100
0.01,0.0010005,0.001,101
0.0101,0.0010005,0.001,102
0.0102,0.0010005,0.001,103
0.0103,0.0010005,0.001,104
0.0104,0.0010005,0.001,105
0.0105,0.0010005,0.001,106
0.0106,0.0010005,0.001,107
0.0107,0.0010005,0.001,108
0.0108,0.0010005,0.001,109
0.0109,0.0010005,0.001,110
0.011,0.0010005,0.001,111
0.0111,0.0010005,0.001,112
0.0112,0.0010005,0.001,113
0.0113,0.0010005,0.001,114
0.0114,0.0010005,0.001,115
0.0115,0.0010005,0.001,116
0.0116,0.0010005,0.000999,117
0.0117,0.0010005,0.000999,118
0.0118,0.0010005,0.001,119
0.0119,0.0010005,0.001001,120
0.012,0.0010005,0.001,121
0.0121,0.0010005,0.001,122
0.0122,0.0010005,0.001,123
0.0123,0.0010005,0.001001,124
0.0124,0.0010005,0.001,125
0.0125,0.0010005,0.001,126
0.0126,0.0010005,0.001,127
0.0127,0.0010005,0.001001,128
0.0128,0.0010005,0.001,129
0.0129,0.0010005,0.001,130
0.013,0.0010005,0.001,131
0.0131,0.0010005,0.001,132
0.0132,0.0010005,0.001,133
0.0133,0.0010005,0.001,134
0.0134,0.0010005,0.001,135
0.0135,0.0010005,0.001,136
0.0136,0.0010005,0.001,137
0.0137,0.0010005,0.001,138
0.0138,0.0010005,0.001,139
0.0139,0.0010005,0.001,140
0.014,0.0010005,0.000999,141
0.0141,0.0010005,0.001,142
0.0142,0.0010005,0.001,143
0.0143,0.0010005,0.001,144
0.0144,0.0010005,0.001,145
0.0145,0.0010005,0.001001,146
0.0146,0.0010005,0.001,147
0.0147,0.0010005,0.001,148
0.0148,0.0010005,0.001,149
0.0149,0.0010005,0.001,150
0.015,0.0010005,0.001,151
0.0151,0.0010005,0.001,152
0.0152,0.0010005,0.001,153
0.0153,0.0010005,0.001,154
0.0154,0.0010005,0.001,155
0.0155,0.0010005,0.001,156
0.0156,0.0010005,0.001,157
0.0157,0.0010005,0.001,158
0.0158,0.0010005,0.001,159
0.0159,0.0010005,0.001,160
0.016,0.0010005,0.001,161
0.0161,0.0010005,0.001,162
0.0162,0.0010005,0.001,163
0.0163,0.0010005,0.001,164
0.0164,0.0010005,0.001,165
0.0165,0.0010005,0.001,166
0.0166,0.0010005,0.001,167
0.0167,0.0010005,0.001,168
0.0168,0.0010005,0.001,169
0.0169,0.0010005,0.001,170
0.017,0.0010005,0.001,171
0.0171,0.0010005,0.001,172
0.0172,0.0010005,0.001,173
0.0173,0.0010005,0.001,174
0.0174,0.0010005,0.001,175
0.0175,0.0010005,0.001,176
0.0176,0.0010005,0.001,177
0.0177,0.0010005,0.001,178
0.0178,0.0010005,0.001,179
0.0179,0.0010005,0.001,180
0.018,0.0010005,0.001001,181
0.0181,0.0010005,0.001,182
0.0182,0.0010005,0.001,183
0.0183,0.0010005,0.001,184
0.0184,0.0010005,0.001,185
0.0185,0.0010005,0.001,186
0.0186,0.0010005,0.001,187
0.0187,0.0010005,0.001,188
0.0188,0.0010005,0.001,189
0.0189,0.0010005,0.001,190
0.019,0.0010005,0.001,191
0.0191,0.0010005,0.001,192
0.0192,0.0010005,0.001,193
0.0193,0.0010005,0.001,194
0.0194,0.0010005,0.001,195
0.0195,0.0010005,0.001,196
0.0196,0.0010005,0.000999,197
0.0197,0.0010005,0.001,198
0.0198,0.0010005,0.001,199
0.0199,0.0010005,0.001,200
0.02,0.0010005,0.001,201
0.0201,0.0010005,0.001,202
0.0202,0.0010005,0.001,203
0.0203,0.0010005,0.001,204
0.0204,0.0010005,0.001,205
0.0205,0.0010005,0.000999,206
0.0206,0.0010005,0.001,207
0.0207,0.0010005,0.001,208
0.0208,0.0010005,0.001,209
0.0209,0.0010005,0.001,210
0.021,0.0010005,0.001,211
0.0211,0.0010005,0.001,212
0.0212,0.0010005,0.001,213
0.0213,0.0010005,0.001,214
0.0214,0.0010005,0.000999,215
0.0215,0.0010005,0.001,216
0.0216,0.0010005,0.001,217
0.0217,0.0010005,0.000999,218
0.0218,0.0010005,0.001,219
0.0219,0.0010005,0.001,220
0.022,0.0010005,0.001,221
0.0221,0.0010005,0.001,222
0.0222,0.0010005,0.001,223
0.0223,0.0010005,0.000999,224
0.0224,0.0010005,0.001,225
0.0225,0.0010005,0.001,226
0.0226,0.0010005,0.001,227
0.0227,0.0010005,0.000999,228
0.0228,0.0010005,0.001,229
0.0229,0.0010005,0.001,230
0.023,0.0010005,0.001001,231
0.0231,0.0010005,0.001,232
0.0232,0.0010005,0.001,233
0.0233,0.0010005,0.001,234
0.0234,0.0010005,0.001,235
0.0235,0.0010005,0.001,236
0.0236,0.0010005,0.001,237
0.0237,0.0010005,0.001,238
0.0238,0.0010005,0.001,239
0.0239,0.0010005,0.001,240
0.024,0.0010005,0.001,241
0.0241,0.0010005,0.001,242
0.0242,0.0010005,0.001,243
0.0243,0.0010005,0.001,244
0.0244,0.0010005,0.001,245
0.0245,0.0010005,0.001,246
0.0246,0.0010005,0.001,247
0.0247,0.0010005,0.001,248
0.0248,0.0010005,0.001,249
0.0249,0.0010005,0.001,250
0.025,0.0010005,0.001,251
0.0251,0.0010005,0.001,252
0.0252,0.0010005,0.001,253
0.0253,0.0010005,0.001,254
0.0254,0.0010005,0.001,255
0.0255,0.0010005,0.001,256
0.0256,0.0010005,0.001,257
0.0257,0.0010005,0.001,258
0.0258,0.0010005,0.001,259
0.0259,0.0010005,0.001,260
0.026,0.0010005,0.001001,261
0.0261,0.0010005,0.001,262
0.0262,0.0010005,0.001,263
0.0263,0.0010005,0.001,264
0.0264,0.0010005,0.001,265
0.0265,0.0010005,0.001,266
0.0266,0.0010005,0.001,267
0.0267,0.0010005,0.001,268
0.0268,0.0010005,0.001,269
0.0269,0.0010005,0.001,270
0.027,0.0010005,0.001,271
0.0271,0.0010005,0.001,272
0.0272,0.0010005,0.001,273
0.0273,0.0010005,0.001,274
0.0274,0.0010005,0.001,275
0.0275,0.0010005,0.001,276
0.0276,0.0010005,0.001,277
0.0277,0.0010005,0.001,278
0.0278,0.0010005,0.001,279
0.0279,0.0010005,0.001,280
0.028,0.0010005,0.001,281
0.0281,0.0010005,0.001001,282
0.0282,0.0010005,0.001001,283
0.0283,0.0010005,0.001,284
0.0284,0.0010005,0.001,285
0.0285,0.0010005,0.001,286
0.0286,0.0010005,0.001,287
0.0287,0.0010005,0.001,288
0.0288,0.0010005,0.001,289
0.0289,0.0010005,0.001,290
0.029,0.0010005,0.001001,291
0.0291,0.0010005,0.001,292
0.0292,0.0010005,0.001,293
0.0293,0.0010005,0.001,294
0.0294,0.0010005,0.001,295
0.0295,0.0010005,0.001,296
0.0296,0.0010005,0.001,297
0.0297,0.0010005,0.001,298
0.0298,0.0010005,0.001,299
0.0299,0.0010005,0.001,300
0.03,0.0010005,0.001,301
0.0301,0.0010005,0.001,302
0.0302,0.0010005,0.001,303
0.0303,0.0010005,0.001,304
0.0304,0.0010005,0.001,305
0.0305,0.0010005,0.001,306
0.0306,0.0010005,0.001,307
0.0307,0.0010005,0.001,308
0.0308,0.0010005,0.001,309
0.0309,0.0010005,0.001,310
0.031,0.0010005,0.001,311
0.0311,0.0010005,0.001,312
0.0312,0.0010005,0.001,313
0.0313,0.0010005,0.001,314
0.0314,0.0010005,0.001,315
0.0315,0.0010005,0.001,316
0.0316,0.0010005,0.001,317
0.0317,0.0010005,0.001,318
0.0318,0.0010005,0.001,319
0.0319,0.0010005,0.001,320
0.032,0.0010005,0.001,321
0.0321,0.0010005,0.001,322
0.0322,0.0010005,0.001,323
0.0323,0.0010005,0.001,324
0.0324,0.0010005,0.001,325
0.0325,0.0010005,0.001,326
0.0326,0.0010005,0.001,327
0.0327,0.0010005,0.001,328
0.0328,0.0010005,0.001,329
0.0329,0.0010005,0.001,330
0.033,0.0010005,0.001,331
0.0331,0.0010005,0.001,332
0.0332,0.0010005,0.001,333
0.0333,0.0010005,0.001,334
0.0334,0.0010005,0.000999,335
0.0335,0.0010005,0.001,336
0.0336,0.0010005,0.001,337
0.0337,0.0010005,0.001,338
0.0338,0.0010005,0.001,339
0.0339,0.0010005,0.001,340
0.034,0.0010005,0.001,341
0.0341,0.0010005,0.001,342
0.0342,0.0010005,0.000999,343
0.0343,0.0010005,0.001,344
0.0344,0.0010005,0.001,345
0.0345,0.0010005,0.001,346
0.0346,0.0010005,0.001,347
0.0347,0.0010005,0.001,348
0.0348,0.0010005,0.001,349
0.0349,0.0010005,0.001,350
0.035,0.0010005,0.001,351
0.0351,0.0010005,0.001,352
0.0352,0.0010005,0.001001,353
0.0353,0.0010005,0.001,354
0.0354,0.0010005,0.001,355
0.0355,0.0010005,0.001,356
0.0356,0.0010005,0.000999,357
0.0357,0.0010005,0.001001,358
0.0358,0.0010005,0.001,359
0.0359,0.0010005,0.001,360
0.036,0.0010005,0.001,361
0.0361,0.0010005,0.001,362
0.0362,0.0010005,0.001,363
0.0363,0.0010005,0.001,364
0.0364,0.0010005,0.001,365
0.0365,0.0010005,0.001,366
0.0366,0.0010005,0.001001,367
0.0367,0.0010005,0.001,368
0.0368,0.0010005,0.001001,369
0.0369,0.0010005,0.001,370
0.037,0.0010005,0.001,371
0.0371,0.0010005,0.001,372
0.0372,0.0010005,0.001,373
0.0373,0.0010005,0.001001,374
0.0374,0.0010005,0.001,375
0.0375,0.0010005,0.001,376
0.0376,0.0010005,0.001,377
0.0377,0.0010005,0.001,378
0.0378,0.0010005,0.001,379
0.0379,0.0010005,0.001,380
0.038,0.0010005,0.001,381
0.0381,0.0010005,0.001,382
0.0382,0.0010005,0.001,383
0.0383,0.0010005,0.001,384
0.0384,0.0010005,0.001,385
0.0385,0.0010005,0.001,386
0.0386,0.0010005,0.001,387
0.0387,0.0010005,0.001,388
0.0388,0.0010005,0.001,389
0.0389,0.0010005,0.001,390
0.039,0.0010005,0.001001,391
0.0391,0.0010005,0.001,392
0.0392,0.0010005,0.001,393
0.0393,0.0010005,0.001,394
0.0394,0.0010005,0.001,395
0.0395,0.0010005,0.001,396
0.0396,0.0010005,0.001,397
0.0397,0.0010005,0.001,398
0.0398,0.0010005,0.001,399
0.0399,0.0010005,0.001,400
0.04,0.0010005,0.001,401
0.0401,0.0010005,0.001,402
0.0402,0.0010005,0.001,403
0.0403,0.0010005,0.001,404
0.0404,0.0010005,0.001,405
0.0405,0.0010005,0.001,406
0.0406,0.0010005,0.001,407
0.0407,0.0010005,0.001,408
0.0408,0.0010005,0.001,409
0.0409,0.0010005,0.001,410
0.041,0.0010005,0.001,411
0.0411,0.0010005,0.001,412
0.0412,0.0010005,0.001,413
0.0413,0.0010005,0.001,414
0.0414,0.0010005,0.001,415
0.0415,0.0010005,0.001,416
0.0416,0.0010005,0.000999,417
0.0417,0.0010005,0.001,418
0.0418,0.0010005,0.001,419
0.0419,0.0010005,0.001,420
0.042,0.0010005,0.001,421
0.0421,0.0010005,0.001,422
0.0422,0.0010005,0.001,423
0.0423,0.0010005,0.000999,424
0.0424,0.0010005,0.001,425
0.0425,0.0010005,0.001,426
0.0426,0.0010005,0.001,427
0.0427,0.0010005,0.001,428
0.0428,0.0010005,0.001,429
0.0429,0.0010005,0.001,430
0.043,0.0010005,0.001,431
0.0431,0.0010005,0.001,432
0.0432,0.0010005,0.001,433
0.0433,0.0010005,0.001,434
0.0434,0.0010005,0.001,435
0.0435,0.0010005,0.001,436
0.0436,0.0010005,0.001,437
0.0437,0.0010005,0.001,438
0.0438,0.0010005,0.000999,439
0.0439,0.0010005,0.001,440
0.044,0.0010005,0.001,441
0.0441,0.0010005,0.001,442
0.0442,0.0010005,0.001,443
0.0443,0.0010005,0.001,444
0.0444,0.0010005,0.001,445
0.0445,0.0010005,0.001,446
0.0446,0.0010005,0.001,447
0.0447,0.0010005,0.001,448
0.0448,0.0010005,0.001,449
0.0449,0.0010005,0.001001,450
0.045,0.0010005,0.001,451
0.0451,0.0010005,0.001,452
0.0452,0.0010005,0.001001,453
0.0453,0.0010005,0.001,454
0.0454,0.0010005,0.001,455
0.0455,0.0010005,0.001,456
0.0456,0.0010005,0.001,457
0.0457,0.0010005,0.001,458
0.0458,0.0010005,0.001,459
0.0459,0.0010005,0.001,460
0.046,0.0010005,0.001,461
0.0461,0.0010005,0.001,462
0.0462,0.0010005,0.001,463
0.0463,0.0010005,0.001001,464
0.0464,0.0010005,0.001,465
0.0465,0.0010005,0.001,466
0.0466,0.0010005,0.001001,467
0.0467,0.0010005,0.000999,468
0.0468,0.0010005,0.001,469
0.0469,0.0010005,0.001,470
0.047,0.0010005,0.001,471
0.0471,0.0010005,0.001,472
0.0472,0.0010005,0.001,473
0.0473,0.0010005,0.001,474
0.0474,0.0010005,0.001,475
0.0475,0.0010005,0.001,476
0.0476,0.0010005,0.001,477
0.0477,0.0010005,0.001,478
0.0478,0.0010005,0.001,479
0.0479,0.0010005,0.001,480
0.048,0.0010005,0.001001,481
0.0481,0.0010005,0.001,482
0.0482,0.0010005,0.001,483
0.0483,0.0010005,0.001,484
0.0484,0.0010005,0.001,485
0.0485,0.0010005,0.001,486
0.0486,0.0010005,0.001,487
0.0487,0.0010005,0.001,488
0.0488,0.0010005,0.001,489
0.0489,0.0010005,0.001,490
0.049,0.0010005,0.001,491
0.0491,0.0010005,0.001,492
0.0492,0.0010005,0.001,493
0.0493,0.0010005,0.001,494
0.0494,0.0010005,0.001,495
0.0495,0.0010005,0.001,496
0.0496,0.0010005,0.001001,497
0.0497,0.0010005,0.001,498
0.0498,0.0010005,0.001,499
0.0499,0.0010005,0.001,500
0.05,0.0010005,0.000999,501
0.0501,0.0010005,0.001,502
0.0502,0.0010005,0.001,503
0.0503,0.0010005,0.001,504
0.0504,0.0010005,0.001,505
0.0505,0.0010005,0.001,506
0.0506,0.0010005,0.001,507
0.0507,0.0010005,0.001,508
0.0508,0.0010005,0.001,509
0.0509,0.0010005,0.001,510
0.051,0.0010005,0.001,511
0.0511,0.0010005,0.001,512
0.0512,0.0010005,0.001,513
0.0513,0.0010005,0.001,514
0.0514,0.0010005,0.001,515
0.0515,0.0010005,0.001,516
0.0516,0.0010005,0.001,517
0.0517,0.0010005,0.001,518
0.0518,0.0010005,0.001,519
0.0519,0.0010005,0.001,520
0.052,0.0010005,0.001,521
0.0521,0.0010005,0.001,522
0.0522,0.0010005,0.000999,523
0.0523,0.0010005,0.001,524
0.0524,0.0010005,0.001,525
0.0525,0.0010005,0.001,526
0.0526,0.0010005,0.001,527
0.0527,0.0010005,0.001,528
0.0528,0.0010005,0.001,529
0.0529,0.0010005,0.001,530
0.053,0.0010005,0.001,531
0.0531,0.0010005,0.001,532
0.0532,0.0010005,0.001,533
0.0533,0.0010005,0.001,534
0.0534,0.0010005,0.001,535
0.0535,0.0010005,0.001,536
0.0536,0.0010005,0.001,537
0.0537,0.0010005,0.001,538
0.0538,0.0010005,0.001,539
0.0539,0.0010005,0.001,540
0.054,0.0010005,0.001,541
0.0541,0.0010005,0.001,542
0.0542,0.0010005,0.000999,543
0.0543,0.0010005,0.001,544
0.0544,0.0010005,0.001,545
0.0545,0.0010005,0.001,546
0.0546,0.0010005,0.000999,547
0.0547,0.0010005,0.001,548
0.0548,0.0010005,0.001,549
0.0549,0.0010005,0.001,550
0.055,0.0010005,0.001,551
0.0551,0.0010005,0.001,552
0.0552,0.0010005,0.001001,553
0.0553,0.0010005,0.001,554
0.0554,0.0010005,0.001,555
0.0555,0.0010005,0.001001,556
0.0556,0.0010005,0.001,557
0.0557,0.0010005,0.001,558
0.0558,0.0010005,0.001,559
0.0559,0.0010005,0.001,560
0.056,0.0010005,0.001,561
0.0561,0.0010005,0.001,562
0.0562,0.0010005,0.001,563
0.0563,0.0010005,0.001,564
0.0564,0.0010005,0.001,565
0.0565,0.0010005,0.001,566
0.0566,0.0010005,0.001,567
0.0567,0.0010005,0.001,568
0.0568,0.0010005,0.001,569
0.0569,0.0010005,0.001,570
0.057,0.0010005,0.001,571
0.0571,0.0010005,0.001,572
0.0572,0.0010005,0.001,573
0.0573,0.0010005,0.001,574
0.0574,0.0010005,0.001,575
0.0575,0.0010005,0.001,576
0.0576,0.0010005,0.001,577
0.0577,0.0010005,0.001,578
0.0578,0.0010005,0.001,579
0.0579,0.0010005,0.001,580
0.058,0.0010005,0.001,581
0.0581,0.0010005,0.001,582
0.0582,0.0010005,0.001,583
0.0583,0.0010005,0.001,584
0.0584,0.0010005,0.001,585
0.0585,0.0010005,0.001,586
0.0586,0.0010005,0.001,587
0.0587,0.0010005,0.001,588
0.0588,0.0010005,0.001,589
0.0589,0.0010005,0.001,590
0.059,0.0010005,0.001,591
0.0591,0.0010005,0.001,592
0.0592,0.0010005,0.001,593
0.0593,0.0010005,0.001001,594
0.0594,0.0010005,0.001,595
0.0595,0.0010005,0.001,596
0.0596,0.0010005,0.001,597
0.0597,0.0010005,0.001,598
0.0598,0.0010005,0.001,599
0.0599,0.0010005,0.001,600
0.06,0.0010005,0.001,601
0.0601,0.0010005,0.001,602
0.0602,0.0010005,0.001,603
0.0603,0.0010005,0.001,604
0.0604,0.0010005,0.001,605
0.0605,0.0010005,0.001,606
0.0606,0.0010005,0.001,607
0.0607,0.0010005,0.001,608
0.0608,0.0010005,0.001,609
0.0609,0.0010005,0.001,610
0.061,0.0010005,0.001,611
0.0611,0.0010005,0.001,612
0.0612,0.0010005,0.001,613
0.0613,0.0010005,0.001,614
0.0614,0.0010005,0.001,615
0.0615,0.0010005,0.001,616
0.0616,0.0010005,0.001,617
0.0617,0.0010005,0.001,618
0.0618,0.0010005,0.001,619
0.0619,0.0010005,0.001,620
0.062,0.0010005,0.001,621
0.0621,0.0010005,0.001,622
0.0622,0.0010005,0.001,623
0.0623,0.0010005,0.001,624
0.0624,0.0010005,0.001,625
0.0625,0.0010005,0.001,626
0.0626,0.0010005,0.001,627
0.0627,0.0010005,0.001,628
0.0628,0.0010005,0.001,629
0.0629,0.0010005,0.000999,630
0.063,0.0010005,0.001,631
0.0631,0.0010005,0.000999,632
0.0632,0.0010005,0.001,633
0.0633,0.0010005,0.001,634
0.0634,0.0010005,0.001,635
0.0635,0.0010005,0.001,636
0.0636,0.0010005,0.001,637
0.0637,0.0010005,0.001,638
0.0638,0.0010005,0.001,639
0.0639,0.0010005,0.001,640
0.064,0.0010005,0.001,641
0.0641,0.0010005,0.001,642
0.0642,0.0010005,0.001,643
0.0643,0.0010005,0.001,644
0.0644,0.0010005,0.001,645
0.0645,0.0010005,0.001,646
0.0646,0.0010005,0.001,647
0.0647,0.0010005,0.001,648
0.0648,0.0010005,0.001,649
0.0649,0.0010005,0.001,650
0.065,0.0010005,0.001,651
0.0651,0.0010005,0.001,652
0.0652,0.0010005,0.001,653
0.0653,0.0010005,0.001001,654
0.0654,0.0010005,0.001,655
0.0655,0.0010005,0.001,656
0.0656,0.0010005,0.001,657
0.0657,0.0010005,0.001,658
0.0658,0.0010005,0.001,659
0.0659,0.0010005,0.001,660
0.066,0.0010005,0.001,661
0.0661,0.0010005,0.001,662
0.0662,0.0010005,0.001,663
0.0663,0.0010005,0.001,664
0.0664,0.0010005,0.001,665
0.0665,0.0010005,0.001,666
0.0666,0.0010005,0.001,667
0.0667,0.0010005,0.001,668
0.0668,0.0010005,0.001,669
0.0669,0.0010005,0.001001,670
0.067,0.0010005,0.001,671
0.0671,0.0010005,0.001,672
0.0672,0.0010005,0.001,673
0.0673,0.0010005,0.001,674
0.0674,0.0010005,0.001,675
0.0675,0.0010005,0.001,676
0.0676,0.0010005,0.001,677
0.0677,0.0010005,0.001,678
0.0678,0.0010005,0.001,679
0.0679,0.0010005,0.001,680
0.068,0.0010005,0.001,681
0.0681,0.0010005,0.001,682
0.0682,0.0010005,0.001,683
0.0683,0.0010005,0.001,684
0.0684,0.0010005,0.001,685
0.0685,0.0010005,0.001,686
0.0686,0.0010005,0.001,687
0.0687,0.0010005,0.001,688
0.0688,0.0010005,0.001,689
0.0689,0.0010005,0.001,690
0.069,0.0010005,0.001,691
0.0691,0.0010005,0.001,692
0.0692,0.0010005,0.001,693
0.0693,0.0010005,0.001,694
0.0694,0.0010005,0.001,695
0.0695,0.0010005,0.001,696
0.0696,0.0010005,0.001,697
0.0697,0.0010005,0.001,698
0.0698,0.0010005,0.001,699
0.0699,0.0010005,0.001,700
0.07,0.0010005,0.001,701
0.0701,0.0010005,0.001,702
0.0702,0.0010005,0.001001,703
0.0703,0.0010005,0.001,704
0.0704,0.0010005,0.001,705
0.0705,0.0010005,0.001,706
0.0706,0.0010005,0.001,707
0.0707,0.0010005,0.001,708
0.0708,0.0010005,0.001,709
0.0709,0.0010005,0.001,710
0.071,0.0010005,0.001,711
0.0711,0.0010005,0.001,712
0.0712,0.0010005,0.001,713
0.0713,0.0010005,0.001,714
0.0714,0.0010005,0.000999,715
0.0715,0.0010005,0.001,716
0.0716,0.0010005,0.001,717
0.0717,0.0010005,0.001,718
0.0718,0.0010005,0.001,719
0.0719,0.0010005,0.001001,720
0.072,0.0010005,0.001,721
0.0721,0.0010005,0.001,722
0.0722,0.0010005,0.001,723
0.0723,0.0010005,0.001,724
0.0724,0.0010005,0.001,725
0.0725,0.0010005,0.001,726
0.0726,0.0010005,0.000999,727
0.0727,0.0010005,0.001,728
0.0728,0.0010005,0.001,729
0.0729,0.0010005,0.001,730
0.073,0.0010005,0.000999,731
0.0731,0.0010005,0.001,732
0.0732,0.0010005,0.001,733
0.0733,0.0010005,0.001,734
0.0734,0.0010005,0.001,735
0.0735,0.0010005,0.001,736
0.0736,0.0010005,0.001,737
0.0737,0.0010005,0.001,738
0.0738,0.0010005,0.001,739
0.0739,0.0010005,0.001,740
0.074,0.0010005,0.001,741
0.0741,0.0010005,0.001,742
0.0742,0.0010005,0.001,743
0.0743,0.0010005,0.001,744
0.0744,0.0010005,0.001,745
0.0745,0.0010005,0.001,746
0.0746,0.0010005,0.001,747
0.0747,0.0010005,0.001,748
0.0748,0.0010005,0.001,749
0.0749,0.0010005,0.001,750
0.075,0.0010005,0.001,751
0.0751,0.0010005,0.000999,752
0.0752,0.0010005,0.001,753
0.0753,0.0010005,0.001,754
0.0754,0.0010005,0.001,755
0.0755,0.0010005,0.001,756
0.0756,0.0010005,0.001,757
0.0757,0.0010005,0.001,758
0.0758,0.0010005,0.001,759
0.0759,0.0010005,0.001,760
0.076,0.0010005,0.001,761
0.0761,0.0010005,0.001,762
0.0762,0.0010005,0.000999,763
0.0763,0.0010005,0.001,764
0.0764,0.0010005,0.001,765
0.0765,0.0010005,0.001,766
0.0766,0.0010005,0.001,767
0.0767,0.0010005,0.001,768
0.0768,0.0010005,0.001,769
0.0769,0.0010005,0.001,770
0.077,0.0010005,0.001,771
0.0771,0.0010005,0.001,772
0.0772,0.0010005,0.000999,773
0.0773,0.0010005,0.001,774
0.0774,0.0010005,0.001,775
0.0775,0.0010005,0.001,776
0.0776,0.0010005,0.001,777
0.0777,0.0010005,0.001,778
0.0778,0.0010005,0.001001,779
0.0779,0.0010005,0.001001,780
0.078,0.0010005,0.001,781
0.0781,0.0010005,0.001,782
0.0782,0.0010005,0.001,783
0.0783,0.0010005,0.001,784
0.0784,0.0010005,0.001001,785
0.0785,0.0010005,0.001,786
0.0786,0.0010005,0.001,787
0.0787,0.0010005,0.001,788
0.0788,0.0010005,0.001,789
0.0789,0.0010005,0.001,790
0.079,0.0010005,0.001,791
0.0791,0.0010005,0.001,792
0.0792,0.0010005,0.001,793
0.0793,0.0010005,0.001,794
0.0794,0.0010005,0.001,795
0.0795,0.0010005,0.001,796
0.0796,0.0010005,0.001,797
0.0797,0.0010005,0.001,798
0.0798,0.0010005,0.001,799
0.0799,0.0010005,0.001,800
0.08,0.0010005,0.001,801
0.0801,0.0010005,0.001,802
0.0802,0.0010005,0.001,803
0.0803,0.0010005,0.001,804
0.0804,0.0010005,0.001,805
0.0805,0.0010005,0.001,806
0.0806,0.0010005,0.001,807
0.0807,0.0010005,0.001,808
0.0808,0.0010005,0.001,809
0.0809,0.0010005,0.001,810
0.081,0.0010005,0.001,811
0.0811,0.0010005,0.000999,812
0.0812,0.0010005,0.000999,813
0.0813,0.0010005,0.001,814
0.0814,0.0010005,0.001,815
0.0815,0.0010005,0.001,816
0.0816,0.0010005,0.001,817
0.0817,0.0010005,0.001,818
0.0818,0.0010005,0.001,819
0.0819,0.0010005,0.001,820
0.082,0.0010005,0.001,821
0.0821,0.0010005,0.001,822
0.0822,0.0010005,0.001,823
0.0823,0.0010005,0.001,824
0.0824,0.0010005,0.001,825
0.0825,0.0010005,0.001,826
0.0826,0.0010005,0.001,827
0.0827,0.0010005,0.001,828
0.0828,0.0010005,0.001,829
0.0829,0.0010005,0.001,830
0.083,0.0010005,0.001,831
0.0831,0.0010005,0.001,832
0.0832,0.0010005,0.001,833
0.0833,0.0010005,0.001,834
0.0834,0.0010005,0.001,835
0.0835,0.0010005,0.000999,836
0.0836,0.0010005,0.001,837
0.0837,0.0010005,0.001,838
0.0838,0.0010005,0.001,839
0.0839,0.0010005,0.001,840
0.084,0.0010005,0.000999,841
0.0841,0.0010005,0.001,842
0.0842,0.0010005,0.001,843
0.0843,0.0010005,0.001,844
0.0844,0.0010005,0.001,845
0.0845,0.0010005,0.001,846
0.0846,0.0010005,0.001,847
0.0847,0.0010005,0.001,848
0.0848,0.0010005,0.001,849
0.0849,0.0010005,0.001,850
0.085,0.0010005,0.001,851
0.0851,0.0010005,0.001,852
0.0852,0.0010005,0.001,853
0.0853,0.0010005,0.001,854
0.0854,0.0010005,0.001,855
0.0855,0.0010005,0.001,856
0.0856,0.0010005,0.001001,857
0.0857,0.0010005,0.000999,858
0.0858,0.0010005,0.001,859
0.0859,0.0010005,0.001,860
0.086,0.0010005,0.001,861
0.0861,0.0010005,0.001,862
0.0862,0.0010005,0.001,863
0.0863,0.0010005,0.001001,864
0.0864,0.0010005,0.001,865
0.0865,0.0010005,0.001,866
0.0866,0.0010005,0.001,867
0.0867,0.0010005,0.001,868
0.0868,0.0010005,0.001,869
0.0869,0.0010005,0.001,870
0.087,0.0010005,0.001,871
0.0871,0.0010005,0.001,872
0.0872,0.0010005,0.001,873
0.0873,0.0010005,0.001001,874
0.0874,0.0010005,0.001,875
0.0875,0.0010005,0.001,876
0.0876,0.0010005,0.001,877
0.0877,0.0010005,0.001,878
0.0878,0.0010005,0.001,879
0.0879,0.0010005,0.001,880
0.088,0.0010005,0.001,881
0.0881,0.0010005,0.001,882
0.0882,0.0010005,0.001,883
0.0883,0.0010005,0.001,884
0.0884,0.0010005,0.001,885
0.0885,0.0010005,0.001,886
0.0886,0.0010005,0.001,887
0.0887,0.0010005,0.001,888
0.0888,0.0010005,0.000999,889
0.0889,0.0010005,0.001,890
0.089,0.0010005,0.001,891
0.0891,0.0010005,0.001,892
0.0892,0.0010005,0.001,893
0.0893,0.0010005,0.001,894
0.0894,0.0010005,0.001,895
0.0895,0.0010005,0.001,896
0.0896,0.0010005,0.001,897
0.0897,0.0010005,0.001,898
0.0898,0.0010005,0.001,899
0.0899,0.0010005,0.001,900
0.09,0.0010005,0.001,901
0.0901,0.0010005,0.001,902
0.0902,0.0010005,0.001,903
0.0903,0.0010005,0.001,904
0.0904,0.0010005,0.001,905
0.0905,0.0010005,0.001,906
0.0906,0.0010005,0.000999,907
0.0907,0.0010005,0.001,908
0.0908,0.0010005,0.001,909
0.0909,0.0010005,0.001,910
0.091,0.0010005,0.001,911
0.0911,0.0010005,0.000999,912
0.0912,0.0010005,0.001,913
0.0913,0.0010005,0.001,914
0.0914,0.0010005,0.000999,915
0.0915,0.0010005,0.001,916
0.0916,0.0010005,0.001001,917
0.0917,0.0010005,0.001,918
0.0918,0.0010005,0.001,919
0.0919,0.0010005,0.001,920
0.092,0.0010005,0.001,921
0.0921,0.0010005,0.001,922
0.0922,0.0010005,0.001,923
0.0923,0.0010005,0.001,924
0.0924,0.0010005,0.001,925
0.0925,0.0010005,0.001,926
0.0926,0.0010005,0.001,927
0.0927,0.0010005,0.001,928
0.0928,0.0010005,0.001,929
0.0929,0.0010005,0.001,930
0.093,0.0010005,0.001,931
0.0931,0.0010005,0.001001,932
0.0932,0.0010005,0.001,933
0.0933,0.0010005,0.001,934
0.0934,0.0010005,0.001,935
0.0935,0.0010005,0.001,936
0.0936,0.0010005,0.001,937
0.0937,0.0010005,0.001,938
0.0938,0.0010005,0.001,939
0.0939,0.0010005,0.001,940
0.094,0.0010005,0.001,941
0.0941,0.0010005,0.001,942
0.0942,0.0010005,0.001,943
0.0943,0.0010005,0.001,944
0.0944,0.0010005,0.001,945
0.0945,0.0010005,0.001,946
0.0946,0.0010005,0.001,947
0.0947,0.0010005,0.001,948
0.0948,0.0010005,0.001,949
0.0949,0.0010005,0.001,950
0.095,0.0010005,0.001,951
0.0951,0.0010005,0.001,952
0.0952,0.0010005,0.001,953
0.0953,0.0010005,0.001,954
0.0954,0.0010005,0.001,955
0.0955,0.0010005,0.001,956
0.0956,0.0010005,0.001,957
0.0957,0.0010005,0.001,958
0.0958,0.0010005,0.001,959
0.0959,0.0010005,0.001,960
0.096,0.0010005,0.001,961
0.0961,0.0010005,0.001,962
0.0962,0.0010005,0.001,963
0.0963,0.0010005,0.000999,964
0.0964,0.0010005,0.001,965
0.0965,0.0010005,0.001,966
0.0966,0.0010005,0.001,967
0.0967,0.0010005,0.001,968
0.0968,0.0010005,0.001,969
0.0969,0.0010005,0.001,970
0.097,0.0010005,0.001,971
0.0971,0.0010005,0.001,972
0.0972,0.0010005,0.001,973
0.0973,0.0010005,0.001,974
0.0974,0.0010005,0.001,975
0.0975,0.0010005,0.001,976
0.0976,0.0010005,0.001,977
0.0977,0.0010005,0.001,978
0.0978,0.0010005,0.001,979
0.0979,0.0010005,0.001,980
0.098,0.0010005,0.001,981
0.0981,0.0010005,0.001,982
0.0982,0.0010005,0.001,983
0.0983,0.0010005,0.001,984
0.0984,0.0010005,0.001,985
0.0985,0.0010005,0.001,986
0.0986,0.0010005,0.001,987
0.0987,0.0010005,0.001,988
0.0988,0.0010005,0.001,989
0.0989,0.0010005,0.000999,990
0.099,0.0010005,0.001,991
0.0991,0.0010005,0.001,992
0.0992,0.0010005,0.001,993
0.0993,0.0010005,0.001,994
0.0994,0.0010005,0.001,995
0.0995,0.0010005,0.001,996
0.0996,0.0010005,0.001,997
0.0997,0.0010005,0.000999,998
0.0998,0.0010005,0.001,999
0.0999,0.0010005,0.001,1000
0.0,0.0010008,0.001,1
1e-04,0.0010008,0.001,2
0.0002,0.0010008,0.001001,3
0.0003,0.0010008,0.001,4
0.0004,0.0010008,0.001001,5
0.0005,0.0010008,0.001,6
0.0006,0.0010008,0.001001,7
0.0007,0.0010008,0.001,8
0.0008,0.0010008,0.001001,9
0.0009,0.0010008,0.001,10
0.001,0.0010008,0.001001,11
0.0011,0.0010008,0.001,12
0.0012,0.0010008,0.001,13
0.0013,0.0010008,0.001,14
0.0014,0.0010008,0.001,15
0.0015,0.0010008,0.001,16
0.0016,0.0010008,0.001,17
0.0017,0.0010008,0.001,18
0.0018,0.0010008,0.001,19
0.0019,0.0010008,0.001,20
0.002,0.0010008,0.001,21
0.0021,0.0010008,0.001001,22
0.0022,0.0010008,0.001,23
0.0023,0.0010008,0.001,24
0.0024,0.0010008,0.001,25
0.0025,0.0010008,0.001,26
0.0026,0.0010008,0.001,27
0.0027,0.0010008,0.001,28
0.0028,0.0010008,0.001,29
0.0029,0.0010008,0.001001,30
0.003,0.0010008,0.001001,31
0.0031,0.0010008,0.001001,32
0.0032,0.0010008,0.001,33
0.0033,0.0010008,0.001,34
0.0034,0.0010008,0.001,35
0.0035,0.0010008,0.001,36
0.0036,0.0010008,0.001,37
0.0037,0.0010008,0.001001,38
0.0038,0.0010008,0.001,39
0.0039,0.0010008,0.001,40
0.004,0.0010008,0.001,41
0.0041,0.0010008,0.001,42
0.0042,0.0010008,0.001,43
0.0043,0.0010008,0.001,44
0.0044,0.0010008,0.001001,45
0.0045,0.0010008,0.001,46
0.0046,0.0010008,0.001,47
0.0047,0.0010008,0.001001,48
0.0048,0.0010008,0.001,49
0.0049,0.0010008,0.001001,50
0.005,0.0010008,0.001001,51
0.0051,0.0010008,0.001,52
0.0052,0.0010008,0.001001,53
0.0053,0.0010008,0.001,54
0.0054,0.0010008,0.001001,55
0.0055,0.0010008,0.001,56
0.0056,0.0010008,0.001001,57
0.0057,0.0010008,0.001,58
0.0058,0.0010008,0.001,59
0.0059,0.0010008,0.001,60
0.006,0.0010008,0.001,61
0.0061,0.0010008,0.001,62
0.0062,0.0010008,0.001,63
0.0063,0.0010008,0.001,64
0.0064,0.0010008,0.001,65
0.0065,0.0010008,0.001,66
0.0066,0.0010008,0.001001,67
0.0067,0.0010008,0.001,68
0.0068,0.0010008,0.001,69
0.0069,0.0010008,0.001,70
0.007,0.0010008,0.001,71
0.0071,0.0010008,0.001,72
0.0072,0.0010008,0.001,73
0.0073,0.0010008,0.001,74
0.0074,0.0010008,0.001,75
0.0075,0.0010008,0.001,76
0.0076,0.0010008,0.001001,77
0.0077,0.0010008,0.001001,78
0.0078,0.0010008,0.001001,79
0.0079,0.0010008,0.001,80
0.008,0.0010008,0.001,81
0.0081,0.0010008,0.001,82
0.0082,0.0010008,0.001,83
0.0083,0.0010008,0.001,84
0.0084,0.0010008,0.001001,85
0.0085,0.0010008,0.001,86
0.0086,0.0010008,0.001,87
0.0087,0.0010008,0.001,88
0.0088,0.0010008,0.001,89
0.0089,0.0010008,0.001001,90
0.009,0.0010008,0.001001,91
0.0091,0.0010008,0.001,92
0.0092,0.0010008,0.001001,93
0.0093,0.0010008,0.001001,94
0.0094,0.0010008,0.001,95
0.0095,0.0010008,0.001,96
0.0096,0.0010008,0.001001,97
0.0097,0.0010008,0.001,98
0.0098,0.0010008,0.001,99
0.0099,0.0010008,0.001,100
0.01,0.0010008,0.001,101
0.0101,0.0010008,0.001,102
0.0102,0.0010008,0.001001,103
0.0103,0.0010008,0.001001,104
0.0104,0.0010008,0.001,105
0.0105,0.0010008,0.001001,106
0.0106,0.0010008,0.001001,107
0.0107,0.0010008,0.001,108
0.0108,0.0010008,0.001,109
0.0109,0.0010008,0.001,110
0.011,0.0010008,0.001,111
0.0111,0.0010008,0.001,112
0.0112,0.0010008,0.001,113
0.0113,0.0010008,0.001,114
0.0114,0.0010008,0.001,115
0.0115,0.0010008,0.001,116
0.0116,0.0010008,0.001,117
0.0117,0.0010008,0.001,118
0.0118,0.0010008,0.001,119
0.0119,0.0010008,0.001,120
0.012,0.0010008,0.001001,121
0.0121,0.0010008,0.001,122
0.0122,0.0010008,0.001,123
0.0123,0.0010008,0.001,124
0.0124,0.0010008,0.001001,125
0.0125,0.0010008,0.001,126
0.0126,0.0010008,0.001,127
0.0127,0.0010008,0.001,128
0.0128,0.0010008,0.001001,129
0.0129,0.0010008,0.001,130
0.013,0.0010008,0.001001,131
0.0131,0.0010008,0.001001,132
0.0132,0.0010008,0.001,133
0.0133,0.0010008,0.001001,134
0.0134,0.0010008,0.001001,135
0.0135,0.0010008,0.001,136
0.0136,0.0010008,0.001,137
0.0137,0.0010008,0.001001,138
0.0138,0.0010008,0.001,139
0.0139,0.0010008,0.001,140
0.014,0.0010008,0.001,141
0.0141,0.0010008,0.001,142
0.0142,0.0010008,0.001,143
0.0143,0.0010008,0.001,144
0.0144,0.0010008,0.001,145
0.0145,0.0010008,0.001,146
0.0146,0.0010008,0.001001,147
0.0147,0.0010008,0.001001,148
0.0148,0.0010008,0.001,149
0.0149,0.0010008,0.001001,150
0.015,0.0010008,0.001001,151
0.0151,0.0010008,0.001,152
0.0152,0.0010008,0.001,153
0.0153,0.0010008,0.001,154
0.0154,0.0010008,0.001,155
0.0155,0.0010008,0.001001,156
0.0156,0.0010008,0.001,157
0.0157,0.0010008,0.001,158
0.0158,0.0010008,0.001,159
0.0159,0.0010008,0.001,160
0.016,0.0010008,0.001,161
0.0161,0.0010008,0.001,162
0.0162,0.0010008,0.001,163
0.0163,0.0010008,0.001,164
0.0164,0.0010008,0.001,165
0.0165,0.0010008,0.001,166
0.0166,0.0010008,0.001,167
0.0167,0.0010008,0.001,168
0.0168,0.0010008,0.001,169
0.0169,0.0010008,0.001,170
0.017,0.0010008,0.001,171
0.0171,0.0010008,0.001,172
0.0172,0.0010008,0.001,173
0.0173,0.0010008,0.001001,174
0.0174,0.0010008,0.001,175
0.0175,0.0010008,0.001,176
0.0176,0.0010008,0.001001,177
0.0177,0.0010008,0.001,178
0.0178,0.0010008,0.001001,179
0.0179,0.0010008,0.001,180
0.018,0.0010008,0.001,181
0.0181,0.0010008,0.001,182
0.0182,0.0010008,0.001,183
0.0183,0.0010008,0.001,184
0.0184,0.0010008,0.001,185
0.0185,0.0010008,0.001,186
0.0186,0.0010008,0.001,187
0.0187,0.0010008,0.001001,188
0.0188,0.0010008,0.001,189
0.0189,0.0010008,0.001,190
0.019,0.0010008,0.001,191
0.0191,0.0010008,0.001001,192
0.0192,0.0010008,0.001,193
0.0193,0.0010008,0.001,194
0.0194,0.0010008,0.001,195
0.0195,0.0010008,0.001,196
0.0196,0.0010008,0.001001,197
0.0197,0.0010008,0.001001,198
0.0198,0.0010008,0.001,199
0.0199,0.0010008,0.001001,200
0.02,0.0010008,0.001001,201
0.0201,0.0010008,0.001,202
0.0202,0.0010008,0.001,203
0.0203,0.0010008,0.001,204
0.0204,0.0010008,0.001001,205
0.0205,0.0010008,0.001,206
0.0206,0.0010008,0.001001,207
0.0207,0.0010008,0.001001,208
0.0208,0.0010008,0.001,209
0.0209,0.0010008,0.001,210
0.021,0.0010008,0.001,211
0.0211,0.0010008,0.001,212
0.0212,0.0010008,0.001001,213
0.0213,0.0010008,0.001001,214
0.0214,0.0010008,0.001,215
0.0215,0.0010008,0.001,216
0.0216,0.0010008,0.001001,217
0.0217,0.0010008,0.001001,218
0.0218,0.0010008,0.001001,219
0.0219,0.0010008,0.001,220
0.022,0.0010008,0.001,221
0.0221,0.0010008,0.001,222
0.0222,0.0010008,0.000999,223
0.0223,0.0010008,0.001,224
0.0224,0.0010008,0.001,225
0.0225,0.0010008,0.001,226
0.0226,0.0010008,0.001,227
0.0227,0.0010008,0.001,228
0.0228,0.0010008,0.001,229
0.0229,0.0010008,0.001,230
0.023,0.0010008,0.001001,231
0.0231,0.0010008,0.001,232
0.0232,0.0010008,0.001,233
0.0233,0.0010008,0.001,234
0.0234,0.0010008,0.001001,235
0.0235,0.0010008,0.001,236
0.0236,0.0010008,0.001001,237
0.0237,0.0010008,0.001,238
0.0238,0.0010008,0.001001,239
0.0239,0.0010008,0.001,240
0.024,0.0010008,0.001,241
0.0241,0.0010008,0.001,242
0.0242,0.0010008,0.001,243
0.0243,0.0010008,0.001001,244
0.0244,0.0010008,0.001,245
0.0245,0.0010008,0.001,246
0.0246,0.0010008,0.001,247
0.0247,0.0010008,0.001,248
0.0248,0.0010008,0.001001,249
0.0249,0.0010008,0.001,250
0.025,0.0010008,0.001,251
0.0251,0.0010008,0.001,252
0.0252,0.0010008,0.001,253
0.0253,0.0010008,0.001,254
0.0254,0.0010008,0.001,255
0.0255,0.0010008,0.001,256
0.0256,0.0010008,0.001,257
0.0257,0.0010008,0.001,258
0.0258,0.0010008,0.001,259
0.0259,0.0010008,0.001,260
0.026,0.0010008,0.001,261
0.0261,0.0010008,0.001,262
0.0262,0.0010008,0.001001,263
0.0263,0.0010008,0.001,264
0.0264,0.0010008,0.001,265
0.0265,0.0010008,0.001001,266
0.0266,0.0010008,0.001001,267
0.0267,0.0010008,0.001,268
0.0268,0.0010008,0.001,269
0.0269,0.0010008,0.001,270
0.027,0.0010008,0.001001,271
0.0271,0.0010008,0.001,272
0.0272,0.0010008,0.001,273
0.0273,0.0010008,0.001001,274
0.0274,0.0010008,0.001001,275
0.0275,0.0010008,0.001,276
0.0276,0.0010008,0.001,277
0.0277,0.0010008,0.001,278
0.0278,0.0010008,0.001,279
0.0279,0.0010008,0.001,280
0.028,0.0010008,0.001,281
0.0281,0.0010008,0.001,282
0.0282,0.0010008,0.001,283
0.0283,0.0010008,0.001,284
0.0284,0.0010008,0.001,285
0.0285,0.0010008,0.001,286
0.0286,0.0010008,0.001,287
0.0287,0.0010008,0.001,288
0.0288,0.0010008,0.001001,289
0.0289,0.0010008,0.001,290
0.029,0.0010008,0.001001,291
0.0291,0.0010008,0.001,292
0.0292,0.0010008,0.001,293
0.0293,0.0010008,0.001001,294
0.0294,0.0010008,0.001001,295
0.0295,0.0010008,0.001,296
0.0296,0.0010008,0.001,297
0.0297,0.0010008,0.001,298
0.0298,0.0010008,0.001,299
0.0299,0.0010008,0.001,300
0.03,0.0010008,0.001,301
0.0301,0.0010008,0.001,302
0.0302,0.0010008,0.001,303
0.0303,0.0010008,0.001001,304
0.0304,0.0010008,0.001001,305
0.0305,0.0010008,0.001,306
0.0306,0.0010008,0.001,307
0.0307,0.0010008,0.001,308
0.0308,0.0010008,0.001001,309
0.0309,0.0010008,0.001001,310
0.031,0.0010008,0.001,311
0.0311,0.0010008,0.001,312
0.0312,0.0010008,0.001001,313
0.0313,0.0010008,0.001,314
0.0314,0.0010008,0.001,315
0.0315,0.0010008,0.001,316
0.0316,0.0010008,0.001,317
0.0317,0.0010008,0.001001,318
0.0318,0.0010008,0.001,319
0.0319,0.0010008,0.001,320
0.032,0.0010008,0.001,321
0.0321,0.0010008,0.001,322
0.0322,0.0010008,0.001001,323
0.0323,0.0010008,0.001,324
0.0324,0.0010008,0.001,325
0.0325,0.0010008,0.001,326
0.0326,0.0010008,0.001,327
0.0327,0.0010008,0.001,328
0.0328,0.0010008,0.001001,329
0.0329,0.0010008,0.001,330
0.033,0.0010008,0.001,331
0.0331,0.0010008,0.001,332
0.0332,0.0010008,0.001,333
0.0333,0.0010008,0.001,334
0.0334,0.0010008,0.001,335
0.0335,0.0010008,0.001,336
0.0336,0.0010008,0.001,337
0.0337,0.0010008,0.001,338
0.0338,0.0010008,0.001,339
0.0339,0.0010008,0.001001,340
0.034,0.0010008,0.001001,341
0.0341,0.0010008,0.001001,342
0.0342,0.0010008,0.001,343
0.0343,0.0010008,0.001,344
0.0344,0.0010008,0.001,345
0.0345,0.0010008,0.001,346
0.0346,0.0010008,0.001,347
0.0347,0.0010008,0.001,348
0.0348,0.0010008,0.001,349
0.0349,0.0010008,0.001001,350
0.035,0.0010008,0.001,351
0.0351,0.0010008,0.001,352
0.0352,0.0010008,0.001,353
0.0353,0.0010008,0.001,354
0.0354,0.0010008,0.001,355
0.0355,0.0010008,0.001,356
0.0356,0.0010008,0.001001,357
0.0357,0.0010008,0.001,358
0.0358,0.0010008,0.001,359
0.0359,0.0010008,0.001,360
0.036,0.0010008,0.001,361
0.0361,0.0010008,0.001,362
0.0362,0.0010008,0.001,363
0.0363,0.0010008,0.001,364
0.0364,0.0010008,0.001001,365
0.0365,0.0010008,0.001,366
0.0366,0.0010008,0.001,367
0.0367,0.0010008,0.001,368
0.0368,0.0010008,0.001,369
0.0369,0.0010008,0.001,370
0.037,0.0010008,0.001,371
0.0371,0.0010008,0.001,372
0.0372,0.0010008,0.001,373
0.0373,0.0010008,0.001,374
0.0374,0.0010008,0.001,375
0.0375,0.0010008,0.001,376
0.0376,0.0010008,0.001,377
0.0377,0.0010008,0.001,378
0.0378,0.0010008,0.001001,379
0.0379,0.0010008,0.001,380
0.038,0.0010008,0.001,381
0.0381,0.0010008,0.001,382
0.0382,0.0010008,0.001,383
0.0383,0.0010008,0.001001,384
0.0384,0.0010008,0.001,385
0.0385,0.0010008,0.001,386
0.0386,0.0010008,0.001,387
0.0387,0.0010008,0.001,388
0.0388,0.0010008,0.001,389
0.0389,0.0010008,0.001,390
0.039,0.0010008,0.001001,391
0.0391,0.0010008,0.001,392
0.0392,0.0010008,0.001001,393
0.0393,0.0010008,0.001001,394
0.0394,0.0010008,0.001,395
0.0395,0.0010008,0.001001,396
0.0396,0.0010008,0.001,397
0.0397,0.0010008,0.001,398
0.0398,0.0010008,0.001001,399
0.0399,0.0010008,0.001,400
0.04,0.0010008,0.001001,401
0.0401,0.0010008,0.001,402
0.0402,0.0010008,0.001,403
0.0403,0.0010008,0.001,404
0.0404,0.0010008,0.001001,405
0.0405,0.0010008,0.001,406
0.0406,0.0010008,0.001,407
0.0407,0.0010008,0.001001,408
0.0408,0.0010008,0.001,409
0.0409,0.0010008,0.001001,410
0.041,0.0010008,0.001,411
0.0411,0.0010008,0.001,412
0.0412,0.0010008,0.001,413
0.0413,0.0010008,0.001,414
0.0414,0.0010008,0.001001,415
0.0415,0.0010008,0.001,416
0.0416,0.0010008,0.001,417
0.0417,0.0010008,0.001,418
0.0418,0.0010008,0.001,419
0.0419,0.0010008,0.001001,420
0.042,0.0010008,0.001001,421
0.0421,0.0010008,0.001,422
0.0422,0.0010008,0.001001,423
0.0423,0.0010008,0.001,424
0.0424,0.0010008,0.001,425
0.0425,0.0010008,0.001001,426
0.0426,0.0010008,0.001001,427
0.0427,0.0010008,0.001001,428
0.0428,0.0010008,0.001,429
0.0429,0.0010008,0.001001,430
0.043,0.0010008,0.001,431
0.0431,0.0010008,0.001001,432
0.0432,0.0010008,0.001,433
0.0433,0.0010008,0.001,434
0.0434,0.0010008,0.001,435
0.0435,0.0010008,0.001,436
0.0436,0.0010008,0.001,437
0.0437,0.0010008,0.001,438
0.0438,0.0010008,0.001,439
0.0439,0.0010008,0.001,440
0.044,0.0010008,0.001001,441
0.0441,0.0010008,0.001,442
0.0442,0.0010008,0.001,443
0.0443,0.0010008,0.001,444
0.0444,0.0010008,0.001,445
0.0445,0.0010008,0.001,446
0.0446,0.0010008,0.001001,447
0.0447,0.0010008,0.001,448
0.0448,0.0010008,0.001001,449
0.0449,0.0010008,0.001,450
0.045,0.0010008,0.001,451
0.0451,0.0010008,0.001,452
0.0452,0.0010008,0.001,453
0.0453,0.0010008,0.001,454
0.0454,0.0010008,0.001,455
0.0455,0.0010008,0.001,456
0.0456,0.0010008,0.001001,457
0.0457,0.0010008,0.001,458
0.0458,0.0010008,0.001,459
0.0459,0.0010008,0.001,460
0.046,0.0010008,0.001001,461
0.0461,0.0010008,0.001,462
0.0462,0.0010008,0.001,463
0.0463,0.0010008,0.001,464
0.0464,0.0010008,0.001,465
0.0465,0.0010008,0.001,466
0.0466,0.0010008,0.001,467
0.0467,0.0010008,0.001,468
0.0468,0.0010008,0.000999,469
0.0469,0.0010008,0.001,470
0.047,0.0010008,0.001,471
0.0471,0.0010008,0.001,472
0.0472,0.0010008,0.001001,473
0.0473,0.0010008,0.001,474
0.0474,0.0010008,0.001,475
0.0475,0.0010008,0.001,476
0.0476,0.0010008,0.001,477
0.0477,0.0010008,0.001001,478
0.0478,0.0010008,0.001,479
0.0479,0.0010008,0.001001,480
0.048,0.0010008,0.001,481
0.0481,0.0010008,0.001001,482
0.0482,0.0010008,0.001,483
0.0483,0.0010008,0.001,484
0.0484,0.0010008,0.001,485
0.0485,0.0010008,0.001,486
0.0486,0.0010008,0.001,487
0.0487,0.0010008,0.001,488
0.0488,0.0010008,0.001,489
0.0489,0.0010008,0.001001,490
0.049,0.0010008,0.001001,491
0.0491,0.0010008,0.001,492
0.0492,0.0010008,0.001,493
0.0493,0.0010008,0.001,494
0.0494,0.0010008,0.001,495
0.0495,0.0010008,0.001,496
0.0496,0.0010008,0.001001,497
0.0497,0.0010008,0.001001,498
0.0498,0.0010008,0.001,499
0.0499,0.0010008,0.001,500
0.05,0.0010008,0.001,501
0.0501,0.0010008,0.001,502
0.0502,0.0010008,0.001,503
0.0503,0.0010008,0.001001,504
0.0504,0.0010008,0.001,505
0.0505,0.0010008,0.001,506
0.0506,0.0010008,0.001001,507
0.0507,0.0010008,0.001,508
0.0508,0.0010008,0.001,509
0.0509,0.0010008,0.001,510
0.051,0.0010008,0.001001,511
0.0511,0.0010008,0.001,512
0.0512,0.0010008,0.001,513
0.0513,0.0010008,0.001,514
0.0514,0.0010008,0.001,515
0.0515,0.0010008,0.001001,516
0.0516,0.0010008,0.001,517
0.0517,0.0010008,0.001001,518
0.0518,0.0010008,0.001,519
0.0519,0.0010008,0.001,520
0.052,0.0010008,0.001,521
0.0521,0.0010008,0.001,522
0.0522,0.0010008,0.001,523
0.0523,0.0010008,0.001,524
0.0524,0.0010008,0.001001,525
0.0525,0.0010008,0.001,526
0.0526,0.0010008,0.001001,527
0.0527,0.0010008,0.001,528
0.0528,0.0010008,0.001,529
0.0529,0.0010008,0.001001,530
0.053,0.0010008,0.001,531
0.0531,0.0010008,0.001,532
0.0532,0.0010008,0.001,533
0.0533,0.0010008,0.001001,534
0.0534,0.0010008,0.001,535
0.0535,0.0010008,0.001,536
0.0536,0.0010008,0.001,537
0.0537,0.0010008,0.001,538
0.0538,0.0010008,0.001001,539
0.0539,0.0010008,0.001001,540
0.054,0.0010008,0.001001,541
0.0541,0.0010008,0.001001,542
0.0542,0.0010008,0.001,543
0.0543,0.0010008,0.001,544
0.0544,0.0010008,0.001,545
0.0545,0.0010008,0.001001,546
0.0546,0.0010008,0.001,547
0.0547,0.0010008,0.001,548
0.0548,0.0010008,0.001,549
0.0549,0.0010008,0.001,550
0.055,0.0010008,0.001,551
0.0551,0.0010008,0.001,552
0.0552,0.0010008,0.001,553
0.0553,0.0010008,0.001001,554
0.0554,0.0010008,0.001,555
0.0555,0.0010008,0.001,556
0.0556,0.0010008,0.001001,557
0.0557,0.0010008,0.001001,558
0.0558,0.0010008,0.001001,559
0.0559,0.0010008,0.001,560
0.056,0.0010008,0.001001,561
0.0561,0.0010008,0.001,562
0.0562,0.0010008,0.001001,563
0.0563,0.0010008,0.001,564
0.0564,0.0010008,0.001001,565
0.0565,0.0010008,0.001,566
0.0566,0.0010008,0.001,567
0.0567,0.0010008,0.001,568
0.0568,0.0010008,0.001001,569
0.0569,0.0010008,0.001001,570
0.057,0.0010008,0.001,571
0.0571,0.0010008,0.001001,572
0.0572,0.0010008,0.001,573
0.0573,0.0010008,0.001,574
0.0574,0.0010008,0.001,575
0.0575,0.0010008,0.001001,576
0.0576,0.0010008,0.001,577
0.0577,0.0010008,0.001,578
0.0578,0.0010008,0.001,579
0.0579,0.0010008,0.001001,580
0.058,0.0010008,0.001,581
0.0581,0.0010008,0.001001,582
0.0582,0.0010008,0.001,583
0.0583,0.0010008,0.001,584
0.0584,0.0010008,0.001,585
0.0585,0.0010008,0.001,586
0.0586,0.0010008,0.001,587
0.0587,0.0010008,0.001,588
0.0588,0.0010008,0.001,589
0.0589,0.0010008,0.001,590
0.059,0.0010008,0.001,591
0.0591,0.0010008,0.001001,592
0.0592,0.0010008,0.001,593
0.0593,0.0010008,0.001001,594
0.0594,0.0010008,0.001,595
0.0595,0.0010008,0.001001,596
0.0596,0.0010008,0.001001,597
0.0597,0.0010008,0.001,598
0.0598,0.0010008,0.001,599
0.0599,0.0010008,0.001001,600
0.06,0.0010008,0.001,601
0.0601,0.0010008,0.001,602
0.0602,0.0010008,0.001,603
0.0603,0.0010008,0.001,604
0.0604,0.0010008,0.001,605
0.0605,0.0010008,0.001,606
0.0606,0.0010008,0.001,607
0.0607,0.0010008,0.001,608
0.0608,0.0010008,0.001,609
0.0609,0.0010008,0.001,610
0.061,0.0010008,0.001001,611
0.0611,0.0010008,0.001001,612
0.0612,0.0010008,0.001001,613
0.0613,0.0010008,0.001001,614
0.0614,0.0010008,0.001,615
0.0615,0.0010008,0.001,616
0.0616,0.0010008,0.001,617
0.0617,0.0010008,0.001,618
0.0618,0.0010008,0.001001,619
0.0619,0.0010008,0.001001,620
0.062,0.0010008,0.001,621
0.0621,0.0010008,0.001,622
0.0622,0.0010008,0.001,623
0.0623,0.0010008,0.001,624
0.0624,0.0010008,0.001,625
0.0625,0.0010008,0.001,626
0.0626,0.0010008,0.001001,627
0.0627,0.0010008,0.001001,628
0.0628,0.0010008,0.001001,629
0.0629,0.0010008,0.001,630
0.063,0.0010008,0.001,631
0.0631,0.0010008,0.001,632
0.0632,0.0010008,0.001,633
0.0633,0.0010008,0.001001,634
0.0634,0.0010008,0.001,635
0.0635,0.0010008,0.001,636
0.0636,0.0010008,0.001,637
0.0637,0.0010008,0.001,638
0.0638,0.0010008,0.001,639
0.0639,0.0010008,0.001001,640
0.064,0.0010008,0.001,641
0.0641,0.0010008,0.001,642
0.0642,0.0010008,0.001,643
0.0643,0.0010008,0.001,644
0.0644,0.0010008,0.001,645
0.0645,0.0010008,0.001,646
0.0646,0.0010008,0.001,647
0.0647,0.0010008,0.001,648
0.0648,0.0010008,0.001,649
0.0649,0.0010008,0.001,650
0.065,0.0010008,0.001,651
0.0651,0.0010008,0.001,652
0.0652,0.0010008,0.001001,653
0.0653,0.0010008,0.001,654
0.0654,0.0010008,0.001,655
0.0655,0.0010008,0.001,656
0.0656,0.0010008,0.001,657
0.0657,0.0010008,0.001001,658
0.0658,0.0010008,0.001,659
0.0659,0.0010008,0.001001,660
0.066,0.0010008,0.001001,661
0.0661,0.0010008,0.001,662
0.0662,0.0010008,0.001,663
0.0663,0.0010008,0.001,664
0.0664,0.0010008,0.001,665
0.0665,0.0010008,0.001,666
0.0666,0.0010008,0.001,667
0.0667,0.0010008,0.001001,668
0.0668,0.0010008,0.001001,669
0.0669,0.0010008,0.001,670
0.067,0.0010008,0.001,671
0.0671,0.0010008,0.001,672
0.0672,0.0010008,0.001001,673
0.0673,0.0010008,0.001001,674
0.0674,0.0010008,0.001,675
0.0675,0.0010008,0.001,676
0.0676,0.0010008,0.001001,677
0.0677,0.0010008,0.001001,678
0.0678,0.0010008,0.001,679
0.0679,0.0010008,0.001,680
0.068,0.0010008,0.001,681
0.0681,0.0010008,0.001,682
0.0682,0.0010008,0.001,683
0.0683,0.0010008,0.001001,684
0.0684,0.0010008,0.001,685
0.0685,0.0010008,0.001001,686
0.0686,0.0010008,0.001,687
0.0687,0.0010008,0.001,688
0.0688,0.0010008,0.001,689
0.0689,0.0010008,0.001001,690
0.069,0.0010008,0.001,691
0.0691,0.0010008,0.001,692
0.0692,0.0010008,0.001001,693
0.0693,0.0010008,0.001001,694
0.0694,0.0010008,0.001,695
0.0695,0.0010008,0.001,696
0.0696,0.0010008,0.001001,697
0.0697,0.0010008,0.001,698
0.0698,0.0010008,0.001001,699
0.0699,0.0010008,0.001,700
0.07,0.0010008,0.001,701
0.0701,0.0010008,0.001,702
0.0702,0.0010008,0.001,703
0.0703,0.0010008,0.001,704
0.0704,0.0010008,0.001,705
0.0705,0.0010008,0.001,706
0.0706,0.0010008,0.001,707
0.0707,0.0010008,0.001001,708
0.0708,0.0010008,0.001,709
0.0709,0.0010008,0.001,710
0.071,0.0010008,0.000999,711
0.0711,0.0010008,0.001001,712
0.0712,0.0010008,0.001,713
0.0713,0.0010008,0.001,714
0.0714,0.0010008,0.001,715
0.0715,0.0010008,0.001,716
0.0716,0.0010008,0.001,717
0.0717,0.0010008,0.001,718
0.0718,0.0010008,0.001001,719
0.0719,0.0010008,0.001,720
0.072,0.0010008,0.001,721
0.0721,0.0010008,0.001001,722
0.0722,0.0010008,0.001,723
0.0723,0.0010008,0.001,724
0.0724,0.0010008,0.001,725
0.0725,0.0010008,0.001001,726
0.0726,0.0010008,0.001,727
0.0727,0.0010008,0.001,728
0.0728,0.0010008,0.001,729
0.0729,0.0010008,0.001,730
0.073,0.0010008,0.001,731
0.0731,0.0010008,0.001,732
0.0732,0.0010008,0.001,733
0.0733,0.0010008,0.001,734
0.0734,0.0010008,0.001001,735
0.0735,0.0010008,0.001,736
0.0736,0.0010008,0.001,737
0.0737,0.0010008,0.001,738
0.0738,0.0010008,0.001001,739
0.0739,0.0010008,0.001,740
0.074,0.0010008,0.001001,741
0.0741,0.0010008,0.001,742
0.0742,0.0010008,0.001,743
0.0743,0.0010008,0.001001,744
0.0744,0.0010008,0.001,745
0.0745,0.0010008,0.001,746
0.0746,0.0010008,0.001001,747
0.0747,0.0010008,0.001,748
0.0748,0.0010008,0.001,749
0.0749,0.0010008,0.001,750
0.075,0.0010008,0.001,751
0.0751,0.0010008,0.001,752
0.0752,0.0010008,0.001,753
0.0753,0.0010008,0.001,754
0.0754,0.0010008,0.001001,755
0.0755,0.0010008,0.001,756
0.0756,0.0010008,0.001001,757
0.0757,0.0010008,0.001001,758
0.0758,0.0010008,0.001001,759
0.0759,0.0010008,0.001,760
0.076,0.0010008,0.000999,761
0.0761,0.0010008,0.001,762
0.0762,0.0010008,0.001,763
0.0763,0.0010008,0.001,764
0.0764,0.0010008,0.001,765
0.0765,0.0010008,0.001,766
0.0766,0.0010008,0.001,767
0.0767,0.0010008,0.001,768
0.0768,0.0010008,0.001,769
0.0769,0.0010008,0.001,770
0.077,0.0010008,0.001,771
0.0771,0.0010008,0.001,772
0.0772,0.0010008,0.001,773
0.0773,0.0010008,0.001,774
0.0774,0.0010008,0.001,775
0.0775,0.0010008,0.001,776
0.0776,0.0010008,0.001001,777
0.0777,0.0010008,0.001,778
0.0778,0.0010008,0.001,779
0.0779,0.0010008,0.001,780
0.078,0.0010008,0.001,781
0.0781,0.0010008,0.001,782
0.0782,0.0010008,0.001001,783
0.0783,0.0010008,0.001,784
0.0784,0.0010008,0.001,785
0.0785,0.0010008,0.001001,786
0.0786,0.0010008,0.001,787
0.0787,0.0010008,0.001,788
0.0788,0.0010008,0.001,789
0.0789,0.0010008,0.001,790
0.079,0.0010008,0.001001,791
0.0791,0.0010008,0.001,792
0.0792,0.0010008,0.001,793
0.0793,0.0010008,0.001,794
0.0794,0.0010008,0.001001,795
0.0795,0.0010008,0.001,796
0.0796,0.0010008,0.001,797
0.0797,0.0010008,0.001,798
0.0798,0.0010008,0.001001,799
0.0799,0.0010008,0.001001,800
0.08,0.0010008,0.001,801
0.0801,0.0010008,0.001,802
0.0802,0.0010008,0.001,803
0.0803,0.0010008,0.001,804
0.0804,0.0010008,0.001,805
0.0805,0.0010008,0.001,806
0.0806,0.0010008,0.001,807
0.0807,0.0010008,0.001,808
0.0808,0.0010008,0.001001,809
0.0809,0.0010008,0.001,810
0.081,0.0010008,0.001,811
0.0811,0.0010008,0.001,812
0.0812,0.0010008,0.001,813
0.0813,0.0010008,0.001,814
0.0814,0.0010008,0.001,815
0.0815,0.0010008,0.001,816
0.0816,0.0010008,0.001001,817
0.0817,0.0010008,0.001,818
0.0818,0.0010008,0.001,819
0.0819,0.0010008,0.001,820
0.082,0.0010008,0.001,821
0.0821,0.0010008,0.001,822
0.0822,0.0010008,0.001,823
0.0823,0.0010008,0.001,824
0.0824,0.0010008,0.001,825
0.0825,0.0010008,0.001,826
0.0826,0.0010008,0.001,827
0.0827,0.0010008,0.001,828
0.0828,0.0010008,0.001001,829
0.0829,0.0010008,0.001,830
0.083,0.0010008,0.001,831
0.0831,0.0010008,0.001,832
0.0832,0.0010008,0.001001,833
0.0833,0.0010008,0.001,834
0.0834,0.0010008,0.001001,835
0.0835,0.0010008,0.001,836
0.0836,0.0010008,0.001,837
0.0837,0.0010008,0.001,838
0.0838,0.0010008,0.001,839
0.0839,0.0010008,0.001,840
0.084,0.0010008,0.001,841
0.0841,0.0010008,0.001001,842
0.0842,0.0010008,0.001,843
0.0843,0.0010008,0.001001,844
0.0844,0.0010008,0.001,845
0.0845,0.0010008,0.001,846
0.0846,0.0010008,0.001001,847
0.0847,0.0010008,0.001001,848
0.0848,0.0010008,0.001001,849
0.0849,0.0010008,0.001001,850
0.085,0.0010008,0.001,851
0.0851,0.0010008,0.001,852
0.0852,0.0010008,0.001,853
0.0853,0.0010008,0.001,854
0.0854,0.0010008,0.001,855
0.0855,0.0010008,0.001,856
0.0856,0.0010008,0.001001,857
0.0857,0.0010008,0.001,858
0.0858,0.0010008,0.001,859
0.0859,0.0010008,0.001,860
0.086,0.0010008,0.001,861
0.0861,0.0010008,0.001,862
0.0862,0.0010008,0.001001,863
0.0863,0.0010008,0.001,864
0.0864,0.0010008,0.001001,865
0.0865,0.0010008,0.001,866
0.0866,0.0010008,0.001,867
0.0867,0.0010008,0.001,868
0.0868,0.0010008,0.001,869
0.0869,0.0010008,0.001,870
0.087,0.0010008,0.001,871
0.0871,0.0010008,0.001,872
0.0872,0.0010008,0.001,873
0.0873,0.0010008,0.001001,874
0.0874,0.0010008,0.001,875
0.0875,0.0010008,0.001,876
0.0876,0.0010008,0.001,877
0.0877,0.0010008,0.001,878
0.0878,0.0010008,0.001,879
0.0879,0.0010008,0.001001,880
0.088,0.0010008,0.001001,881
0.0881,0.0010008,0.001001,882
0.0882,0.0010008,0.001,883
0.0883,0.0010008,0.001001,884
0.0884,0.0010008,0.001001,885
0.0885,0.0010008,0.001,886
0.0886,0.0010008,0.000999,887
0.0887,0.0010008,0.001,888
0.0888,0.0010008,0.001,889
0.0889,0.0010008,0.001,890
0.089,0.0010008,0.001,891
0.0891,0.0010008,0.001,892
0.0892,0.0010008,0.001,893
0.0893,0.0010008,0.001,894
0.0894,0.0010008,0.001,895
0.0895,0.0010008,0.001,896
0.0896,0.0010008,0.001,897
0.0897,0.0010008,0.001001,898
0.0898,0.0010008,0.001,899
0.0899,0.0010008,0.001,900
0.09,0.0010008,0.001001,901
0.0901,0.0010008,0.001,902
0.0902,0.0010008,0.001,903
0.0903,0.0010008,0.001,904
0.0904,0.0010008,0.001001,905
0.0905,0.0010008,0.001,906
0.0906,0.0010008,0.001,907
0.0907,0.0010008,0.001,908
0.0908,0.0010008,0.001,909
0.0909,0.0010008,0.001,910
0.091,0.0010008,0.001,911
0.0911,0.0010008,0.001,912
0.0912,0.0010008,0.001001,913
0.0913,0.0010008,0.001,914
0.0914,0.0010008,0.001,915
0.0915,0.0010008,0.001,916
0.0916,0.0010008,0.001,917
0.0917,0.0010008,0.001,918
0.0918,0.0010008,0.001,919
0.0919,0.0010008,0.001,920
0.092,0.0010008,0.001,921
0.0921,0.0010008,0.001001,922
0.0922,0.0010008,0.001001,923
0.0923,0.0010008,0.001,924
0.0924,0.0010008,0.001,925
0.0925,0.0010008,0.001001,926
0.0926,0.0010008,0.001,927
0.0927,0.0010008,0.001,928
0.0928,0.0010008,0.001,929
0.0929,0.0010008,0.001,930
0.093,0.0010008,0.001001,931
0.0931,0.0010008,0.001,932
0.0932,0.0010008,0.001,933
0.0933,0.0010008,0.001,934
0.0934,0.0010008,0.001,935
0.0935,0.0010008,0.001001,936
0.0936,0.0010008,0.001,937
0.0937,0.0010008,0.001,938
0.0938,0.0010008,0.001001,939
0.0939,0.0010008,0.000999,940
0.094,0.0010008,0.001,941
0.0941,0.0010008,0.001,942
0.0942,0.0010008,0.001,943
0.0943,0.0010008,0.001,944
0.0944,0.0010008,0.001,945
0.0945,0.0010008,0.001,946
0.0946,0.0010008,0.001,947
0.0947,0.0010008,0.001,948
0.0948,0.0010008,0.001,949
0.0949,0.0010008,0.001,950
0.095,0.0010008,0.001,951
0.0951,0.0010008,0.001001,952
0.0952,0.0010008,0.001,953
0.0953,0.0010008,0.001,954
0.0954,0.0010008,0.001,955
0.0955,0.0010008,0.001,956
0.0956,0.0010008,0.001,957
0.0957,0.0010008,0.001,958
0.0958,0.0010008,0.001001,959
0.0959,0.0010008,0.001,960
0.096,0.0010008,0.001,961
0.0961,0.0010008,0.001,962
0.0962,0.0010008,0.001,963
0.0963,0.0010008,0.001,964
0.0964,0.0010008,0.001,965
0.0965,0.0010008,0.001,966
0.0966,0.0010008,0.001,967
0.0967,0.0010008,0.001,968
0.0968,0.0010008,0.001,969
0.0969,0.0010008,0.001,970
0.097,0.0010008,0.001,971
0.0971,0.0010008,0.001,972
0.0972,0.0010008,0.001,973
0.0973,0.0010008,0.001,974
0.0974,0.0010008,0.001,975
0.0975,0.0010008,0.001,976
0.0976,0.0010008,0.001,977
0.0977,0.0010008,0.001,978
0.0978,0.0010008,0.001001,979
0.0979,0.0010008,0.001,980
0.098,0.0010008,0.001001,981
0.0981,0.0010008,0.001,982
0.0982,0.0010008,0.001,983
0.0983,0.0010008,0.001,984
0.0984,0.0010008,0.001001,985
0.0985,0.0010008,0.001,986
0.0986,0.0010008,0.001,987
0.0987,0.0010008,0.001,988
0.0988,0.0010008,0.001,989
0.0989,0.0010008,0.001,990
0.099,0.0010008,0.001,991
0.0991,0.0010008,0.001001,992
0.0992,0.0010008,0.001,993
0.0993,0.0010008,0.001001,994
0.0994,0.0010008,0.001,995
0.0995,0.0010008,0.001,996
0.0996,0.0010008,0.001,997
0.0997,0.0010008,0.001,998
0.0998,0.0010008,0.001,999
0.0999,0.0010008,0.001,1000
0.0,0.00100095,0.001001,1
1e-04,0.00100095,0.001,2
0.0002,0.00100095,0.001,3
0.0003,0.00100095,0.001,4
0.0004,0.00100095,0.001,5
0.0005,0.00100095,0.001001,6
0.0006,0.00100095,0.001,7
0.0007,0.00100095,0.001001,8
0.0008,0.00100095,0.001,9
0.0009,0.00100095,0.001,10
0.001,0.00100095,0.001001,11
0.0011,0.00100095,0.001,12
0.0012,0.00100095,0.001001,13
0.0013,0.00100095,0.001001,14
0.0014,0.00100095,0.001,15
0.0015,0.00100095,0.001,16
0.0016,0.00100095,0.001001,17
0.0017,0.00100095,0.001,18
0.0018,0.00100095,0.001,19
0.0019,0.00100095,0.001,20
0.002,0.00100095,0.001,21
0.0021,0.00100095,0.001,22
0.0022,0.00100095,0.001001,23
0.0023,0.00100095,0.001001,24
0.0024,0.00100095,0.001,25
0.0025,0.00100095,0.001,26
0.0026,0.00100095,0.001001,27
0.0027,0.00100095,0.001,28
0.0028,0.00100095,0.001,29
0.0029,0.00100095,0.001,30
0.003,0.00100095,0.001001,31
0.0031,0.00100095,0.001001,32
0.0032,0.00100095,0.001001,33
0.0033,0.00100095,0.001,34
0.0034,0.00100095,0.001001,35
0.0035,0.00100095,0.001001,36
0.0036,0.00100095,0.001,37
0.0037,0.00100095,0.001,38
0.0038,0.00100095,0.001,39
0.0039,0.00100095,0.001,40
0.004,0.00100095,0.001,41
0.0041,0.00100095,0.001001,42
0.0042,0.00100095,0.001001,43
0.0043,0.00100095,0.001,44
0.0044,0.00100095,0.001,45
0.0045,0.00100095,0.001,46
0.0046,0.00100095,0.001,47
0.0047,0.00100095,0.001001,48
0.0048,0.00100095,0.001001,49
0.0049,0.00100095,0.001,50
0.005,0.00100095,0.001,51
0.0051,0.00100095,0.001,52
0.0052,0.00100095,0.001,53
0.0053,0.00100095,0.001,54
0.0054,0.00100095,0.001,55
0.0055,0.00100095,0.001001,56
0.0056,0.00100095,0.001,57
0.0057,0.00100095,0.001,58
0.0058,0.00100095,0.001001,59
0.0059,0.00100095,0.001,60
0.006,0.00100095,0.001,61
0.0061,0.00100095,0.001,62
0.0062,0.00100095,0.001,63
0.0063,0.00100095,0.001001,64
0.0064,0.00100095,0.001001,65
0.0065,0.00100095,0.001,66
0.0066,0.00100095,0.001,67
0.0067,0.00100095,0.001001,68
0.0068,0.00100095,0.001,69
0.0069,0.00100095,0.001001,70
0.007,0.00100095,0.001001,71
0.0071,0.00100095,0.001,72
0.0072,0.00100095,0.001001,73
0.0073,0.00100095,0.001001,74
0.0074,0.00100095,0.001,75
0.0075,0.00100095,0.001001,76
0.0076,0.00100095,0.001001,77
0.0077,0.00100095,0.001001,78
0.0078,0.00100095,0.001001,79
0.0079,0.00100095,0.001001,80
0.008,0.00100095,0.001,81
0.0081,0.00100095,0.001,82
0.0082,0.00100095,0.001,83
0.0083,0.00100095,0.001,84
0.0084,0.00100095,0.001,85
0.0085,0.00100095,0.001001,86
0.0086,0.00100095,0.001001,87
0.0087,0.00100095,0.001001,88
0.0088,0.00100095,0.001001,89
0.0089,0.00100095,0.001,90
0.009,0.00100095,0.001001,91
0.0091,0.00100095,0.001001,92
0.0092,0.00100095,0.001,93
0.0093,0.00100095,0.001,94
0.0094,0.00100095,0.001001,95
0.0095,0.00100095,0.001,96
0.0096,0.00100095,0.001001,97
0.0097,0.00100095,0.001001,98
0.0098,0.00100095,0.001,99
0.0099,0.00100095,0.001,100
0.01,0.00100095,0.001,101
0.0101,0.00100095,0.001,102
0.0102,0.00100095,0.001001,103
0.0103,0.00100095,0.001001,104
0.0104,0.00100095,0.001,105
0.0105,0.00100095,0.001,106
0.0106,0.00100095,0.001001,107
0.0107,0.00100095,0.001,108
0.0108,0.00100095,0.001,109
0.0109,0.00100095,0.001,110
0.011,0.00100095,0.001001,111
0.0111,0.00100095,0.001,112
0.0112,0.00100095,0.001001,113
0.0113,0.00100095,0.001,114
0.0114,0.00100095,0.001001,115
0.0115,0.00100095,0.001001,116
0.0116,0.00100095,0.001001,117
0.0117,0.00100095,0.001,118
0.0118,0.00100095,0.001001,119
0.0119,0.00100095,0.001001,120
0.012,0.00100095,0.001,121
0.0121,0.00100095,0.001,122
0.0122,0.00100095,0.001,123
0.0123,0.00100095,0.001,124
0.0124,0.00100095,0.001001,125
0.0125,0.00100095,0.001,126
0.0126,0.00100095,0.001001,127
0.0127,0.00100095,0.001,128
0.0128,0.00100095,0.001,129
0.0129,0.00100095,0.001,130
0.013,0.00100095,0.001,131
0.0131,0.00100095,0.001001,132
0.0132,0.00100095,0.001,133
0.0133,0.00100095,0.001,134
0.0134,0.00100095,0.001,135
0.0135,0.00100095,0.001,136
0.0136,0.00100095,0.001,137
0.0137,0.00100095,0.001001,138
0.0138,0.00100095,0.001,139
0.0139,0.00100095,0.001,140
0.014,0.00100095,0.001001,141
0.0141,0.00100095,0.001,142
0.0142,0.00100095,0.001,143
0.0143,0.00100095,0.001001,144
0.0144,0.00100095,0.001,145
0.0145,0.00100095,0.001,146
0.0146,0.00100095,0.001001,147
0.0147,0.00100095,0.001,148
0.0148,0.00100095,0.001001,149
0.0149,0.00100095,0.001,150
0.015,0.00100095,0.001,151
0.0151,0.00100095,0.001001,152
0.0152,0.00100095,0.001001,153
0.0153,0.00100095,0.001,154
0.0154,0.00100095,0.001,155
0.0155,0.00100095,0.001001,156
0.0156,0.00100095,0.001,157
0.0157,0.00100095,0.001,158
0.0158,0.00100095,0.001,159
0.0159,0.00100095,0.001001,160
0.016,0.00100095,0.001,161
0.0161,0.00100095,0.001,162
0.0162,0.00100095,0.001,163
0.0163,0.00100095,0.001,164
0.0164,0.00100095,0.001,165
0.0165,0.00100095,0.001,166
0.0166,0.00100095,0.001,167
0.0167,0.00100095,0.001,168
0.0168,0.00100095,0.001001,169
0.0169,0.00100095,0.001,170
0.017,0.00100095,0.001,171
0.0171,0.00100095,0.001001,172
0.0172,0.00100095,0.001,173
0.0173,0.00100095,0.001,174
0.0174,0.00100095,0.001,175
0.0175,0.00100095,0.001001,176
0.0176,0.00100095,0.001,177
0.0177,0.00100095,0.001,178
0.0178,0.00100095,0.001,179
0.0179,0.00100095,0.001001,180
0.018,0.00100095,0.001,181
0.0181,0.00100095,0.001,182
0.0182,0.00100095,0.001,183
0.0183,0.00100095,0.001,184
0.0184,0.00100095,0.001001,185
0.0185,0.00100095,0.001,186
0.0186,0.00100095,0.001001,187
0.0187,0.00100095,0.001,188
0.0188,0.00100095,0.001,189
0.0189,0.00100095,0.001,190
0.019,0.00100095,0.001001,191
0.0191,0.00100095,0.001,192
0.0192,0.00100095,0.001,193
0.0193,0.00100095,0.001,194
0.0194,0.00100095,0.001,195
0.0195,0.00100095,0.001,196
0.0196,0.00100095,0.001001,197
0.0197,0.00100095,0.001001,198
0.0198,0.00100095,0.001001,199
0.0199,0.00100095,0.001001,200
0.02,0.00100095,0.001001,201
0.0201,0.00100095,0.001001,202
0.0202,0.00100095,0.001,203
0.0203,0.00100095,0.001,204
0.0204,0.00100095,0.001,205
0.0205,0.00100095,0.001,206
0.0206,0.00100095,0.001,207
0.0207,0.00100095,0.001,208
0.0208,0.00100095,0.001,209
0.0209,0.00100095,0.001,210
0.021,0.00100095,0.001,211
0.0211,0.00100095,0.001,212
0.0212,0.00100095,0.001001,213
0.0213,0.00100095,0.001001,214
0.0214,0.00100095,0.001,215
0.0215,0.00100095,0.001,216
0.0216,0.00100095,0.001001,217
0.0217,0.00100095,0.001001,218
0.0218,0.00100095,0.001001,219
0.0219,0.00100095,0.001,220
0.022,0.00100095,0.001,221
0.0221,0.00100095,0.001,222
0.0222,0.00100095,0.001001,223
0.0223,0.00100095,0.001001,224
0.0224,0.00100095,0.001001,225
0.0225,0.00100095,0.001,226
0.0226,0.00100095,0.001001,227
0.0227,0.00100095,0.001001,228
0.0228,0.00100095,0.001001,229
0.0229,0.00100095,0.001,230
0.023,0.00100095,0.001001,231
0.0231,0.00100095,0.001,232
0.0232,0.00100095,0.001,233
0.0233,0.00100095,0.001,234
0.0234,0.00100095,0.001,235
0.0235,0.00100095,0.001,236
0.0236,0.00100095,0.001,237
0.0237,0.00100095,0.001001,238
0.0238,0.00100095,0.001,239
0.0239,0.00100095,0.001,240
0.024,0.00100095,0.001001,241
0.0241,0.00100095,0.001001,242
0.0242,0.00100095,0.001,243
0.0243,0.00100095,0.001,244
0.0244,0.00100095,0.001,245
0.0245,0.00100095,0.001,246
0.0246,0.00100095,0.001,247
0.0247,0.00100095,0.001,248
0.0248,0.00100095,0.001001,249
0.0249,0.00100095,0.001001,250
0.025,0.00100095,0.001001,251
0.0251,0.00100095,0.001,252
0.0252,0.00100095,0.001001,253
0.0253,0.00100095,0.001001,254
0.0254,0.00100095,0.001,255
0.0255,0.00100095,0.001001,256
0.0256,0.00100095,0.001,257
0.0257,0.00100095,0.001,258
0.0258,0.00100095,0.001,259
0.0259,0.00100095,0.001,260
0.026,0.00100095,0.001,261
0.0261,0.00100095,0.001,262
0.0262,0.00100095,0.001001,263
0.0263,0.00100095,0.001,264
0.0264,0.00100095,0.001001,265
0.0265,0.00100095,0.001001,266
0.0266,0.00100095,0.001001,267
0.0267,0.00100095,0.001,268
0.0268,0.00100095,0.001,269
0.0269,0.00100095,0.001,270
0.027,0.00100095,0.001001,271
0.0271,0.00100095,0.001,272
0.0272,0.00100095,0.001,273
0.0273,0.00100095,0.001001,274
0.0274,0.00100095,0.001001,275
0.0275,0.00100095,0.001,276
0.0276,0.00100095,0.001,277
0.0277,0.00100095,0.001001,278
0.0278,0.00100095,0.001001,279
0.0279,0.00100095,0.001001,280
0.028,0.00100095,0.001001,281
0.0281,0.00100095,0.001,282
0.0282,0.00100095,0.001001,283
0.0283,0.00100095,0.001,284
0.0284,0.00100095,0.001001,285
0.0285,0.00100095,0.001001,286
0.0286,0.00100095,0.001001,287
0.0287,0.00100095,0.001001,288
0.0288,0.00100095,0.001,289
0.0289,0.00100095,0.001,290
0.029,0.00100095,0.001,291
0.0291,0.00100095,0.001,292
0.0292,0.00100095,0.001,293
0.0293,0.00100095,0.001,294
0.0294,0.00100095,0.001,295
0.0295,0.00100095,0.001,296
0.0296,0.00100095,0.001,297
0.0297,0.00100095,0.001,298
0.0298,0.00100095,0.001,299
0.0299,0.00100095,0.001,300
0.03,0.00100095,0.001,301
0.0301,0.00100095,0.001,302
0.0302,0.00100095,0.001,303
0.0303,0.00100095,0.001,304
0.0304,0.00100095,0.001,305
0.0305,0.00100095,0.001001,306
0.0306,0.00100095,0.001001,307
0.0307,0.00100095,0.001001,308
0.0308,0.00100095,0.001,309
0.0309,0.00100095,0.001,310
0.031,0.00100095,0.001001,311
0.0311,0.00100095,0.001,312
0.0312,0.00100095,0.001001,313
0.0313,0.00100095,0.001001,314
0.0314,0.00100095,0.001,315
0.0315,0.00100095,0.001001,316
0.0316,0.00100095,0.001,317
0.0317,0.00100095,0.001001,318
0.0318,0.00100095,0.001001,319
0.0319,0.00100095,0.001,320
0.032,0.00100095,0.001,321
0.0321,0.00100095,0.001001,322
0.0322,0.00100095,0.001,323
0.0323,0.00100095,0.001,324
0.0324,0.00100095,0.001001,325
0.0325,0.00100095,0.001001,326
0.0326,0.00100095,0.001,327
0.0327,0.00100095,0.001,328
0.0328,0.00100095,0.001001,329
0.0329,0.00100095,0.001,330
0.033,0.00100095,0.001,331
0.0331,0.00100095,0.001,332
0.0332,0.00100095,0.001001,333
0.0333,0.00100095,0.001,334
0.0334,0.00100095,0.001,335
0.0335,0.00100095,0.001,336
0.0336,0.00100095,0.001,337
0.0337,0.00100095,0.001,338
0.0338,0.00100095,0.001,339
0.0339,0.00100095,0.000999,340
0.034,0.00100095,0.001,341
0.0341,0.00100095,0.001001,342
0.0342,0.00100095,0.001001,343
0.0343,0.00100095,0.001001,344
0.0344,0.00100095,0.001001,345
0.0345,0.00100095,0.001,346
0.0346,0.00100095,0.001001,347
0.0347,0.00100095,0.001001,348
0.0348,0.00100095,0.001001,349
0.0349,0.00100095,0.001,350
0.035,0.00100095,0.001,351
0.0351,0.00100095,0.001001,352
0.0352,0.00100095,0.001001,353
0.0353,0.00100095,0.001,354
0.0354,0.00100095,0.001001,355
0.0355,0.00100095,0.001,356
0.0356,0.00100095,0.001001,357
0.0357,0.00100095,0.001,358
0.0358,0.00100095,0.001001,359
0.0359,0.00100095,0.001001,360
0.036,0.00100095,0.001001,361
0.0361,0.00100095,0.001,362
0.0362,0.00100095,0.001,363
0.0363,0.00100095,0.001,364
0.0364,0.00100095,0.001,365
0.0365,0.00100095,0.001001,366
0.0366,0.00100095,0.001,367
0.0367,0.00100095,0.001,368
0.0368,0.00100095,0.001,369
0.0369,0.00100095,0.001001,370
0.037,0.00100095,0.001,371
0.0371,0.00100095,0.001001,372
0.0372,0.00100095,0.001,373
0.0373,0.00100095,0.001001,374
0.0374,0.00100095,0.001001,375
0.0375,0.00100095,0.001001,376
0.0376,0.00100095,0.001,377
0.0377,0.00100095,0.001001,378
0.0378,0.00100095,0.001001,379
0.0379,0.00100095,0.001,380
0.038,0.00100095,0.001,381
0.0381,0.00100095,0.001,382
0.0382,0.00100095,0.001001,383
0.0383,0.00100095,0.001001,384
0.0384,0.00100095,0.001,385
0.0385,0.00100095,0.001,386
0.0386,0.00100095,0.001,387
0.0387,0.00100095,0.001,388
0.0388,0.00100095,0.001,389
0.0389,0.00100095,0.001,390
0.039,0.00100095,0.001001,391
0.0391,0.00100095,0.001,392
0.0392,0.00100095,0.001001,393
0.0393,0.00100095,0.001,394
0.0394,0.00100095,0.001001,395
0.0395,0.00100095,0.001001,396
0.0396,0.00100095,0.001,397
0.0397,0.00100095,0.001,398
0.0398,0.00100095,0.001001,399
0.0399,0.00100095,0.001,400
0.04,0.00100095,0.001,401
0.0401,0.00100095,0.001,402
0.0402,0.00100095,0.001,403
0.0403,0.00100095,0.001001,404
0.0404,0.00100095,0.001,405
0.0405,0.00100095,0.001001,406
0.0406,0.00100095,0.001001,407
0.0407,0.00100095,0.001,408
0.0408,0.00100095,0.001001,409
0.0409,0.00100095,0.001,410
0.041,0.00100095,0.001001,411
0.0411,0.00100095,0.001,412
0.0412,0.00100095,0.001001,413
0.0413,0.00100095,0.001001,414
0.0414,0.00100095,0.001,415
0.0415,0.00100095,0.001,416
0.0416,0.00100095,0.001,417
0.0417,0.00100095,0.001,418
0.0418,0.00100095,0.001,419
0.0419,0.00100095,0.001001,420
0.042,0.00100095,0.001,421
0.0421,0.00100095,0.001,422
0.0422,0.00100095,0.001,423
0.0423,0.00100095,0.001001,424
0.0424,0.00100095,0.001,425
0.0425,0.00100095,0.001001,426
0.0426,0.00100095,0.001,427
0.0427,0.00100095,0.001001,428
0.0428,0.00100095,0.001,429
0.0429,0.00100095,0.001,430
0.043,0.00100095,0.001001,431
0.0431,0.00100095,0.001001,432
0.0432,0.00100095,0.001,433
0.0433,0.00100095,0.001001,434
0.0434,0.00100095,0.001,435
0.0435,0.00100095,0.001,436
0.0436,0.00100095,0.001,437
0.0437,0.00100095,0.001,438
0.0438,0.00100095,0.001001,439
0.0439,0.00100095,0.001,440
0.044,0.00100095,0.001,441
0.0441,0.00100095,0.001001,442
0.0442,0.00100095,0.001,443
0.0443,0.00100095,0.001001,444
0.0444,0.00100095,0.001,445
0.0445,0.00100095,0.001,446
0.0446,0.00100095,0.001001,447
0.0447,0.00100095,0.001001,448
0.0448,0.00100095,0.001,449
0.0449,0.00100095,0.001001,450
0.045,0.00100095,0.001,451
0.0451,0.00100095,0.001,452
0.0452,0.00100095,0.001,453
0.0453,0.00100095,0.001001,454
0.0454,0.00100095,0.001,455
0.0455,0.00100095,0.001001,456
0.0456,0.00100095,0.001,457
0.0457,0.00100095,0.001,458
0.0458,0.00100095,0.001,459
0.0459,0.00100095,0.001001,460
0.046,0.00100095,0.001001,461
0.0461,0.00100095,0.001001,462
0.0462,0.00100095,0.001,463
0.0463,0.00100095,0.001,464
0.0464,0.00100095,0.001,465
0.0465,0.00100095,0.001,466
0.0466,0.00100095,0.001,467
0.0467,0.00100095,0.001,468
0.0468,0.00100095,0.001,469
0.0469,0.00100095,0.001,470
0.047,0.00100095,0.001001,471
0.0471,0.00100095,0.001,472
0.0472,0.00100095,0.001001,473
0.0473,0.00100095,0.001001,474
0.0474,0.00100095,0.001,475
0.0475,0.00100095,0.001,476
0.0476,0.00100095,0.001,477
0.0477,0.00100095,0.001001,478
0.0478,0.00100095,0.001001,479
0.0479,0.00100095,0.001,480
0.048,0.00100095,0.001,481
0.0481,0.00100095,0.001001,482
0.0482,0.00100095,0.001,483
0.0483,0.00100095,0.001001,484
0.0484,0.00100095,0.001,485
0.0485,0.00100095,0.001001,486
0.0486,0.00100095,0.001001,487
0.0487,0.00100095,0.001,488
0.0488,0.00100095,0.001,489
0.0489,0.00100095,0.001,490
0.049,0.00100095,0.001,491
0.0491,0.00100095,0.001001,492
0.0492,0.00100095,0.001,493
0.0493,0.00100095,0.001001,494
0.0494,0.00100095,0.001,495
0.0495,0.00100095,0.001,496
0.0496,0.00100095,0.001,497
0.0497,0.00100095,0.001,498
0.0498,0.00100095,0.001,499
0.0499,0.00100095,0.001,500
0.05,0.00100095,0.001,501
0.0501,0.00100095,0.001,502
0.0502,0.00100095,0.001001,503
0.0503,0.00100095,0.001,504
0.0504,0.00100095,0.001,505
0.0505,0.00100095,0.001001,506
0.0506,0.00100095,0.001001,507
0.0507,0.00100095,0.001,508
0.0508,0.00100095,0.001,509
0.0509,0.00100095,0.001001,510
0.051,0.00100095,0.001,511
0.0511,0.00100095,0.001,512
0.0512,0.00100095,0.001,513
0.0513,0.00100095,0.001,514
0.0514,0.00100095,0.001001,515
0.0515,0.00100095,0.001,516
0.0516,0.00100095,0.001,517
0.0517,0.00100095,0.001001,518
0.0518,0.00100095,0.001,519
0.0519,0.00100095,0.001,520
0.052,0.00100095,0.001,521
0.0521,0.00100095,0.001001,522
0.0522,0.00100095,0.001001,523
0.0523,0.00100095,0.001,524
0.0524,0.00100095,0.001,525
0.0525,0.00100095,0.001,526
0.0526,0.00100095,0.001,527
0.0527,0.00100095,0.001001,528
0.0528,0.00100095,0.001001,529
0.0529,0.00100095,0.001001,530
0.053,0.00100095,0.001,531
0.0531,0.00100095,0.001,532
0.0532,0.00100095,0.001,533
0.0533,0.00100095,0.001001,534
0.0534,0.00100095,0.001,535
0.0535,0.00100095,0.001,536
0.0536,0.00100095,0.001001,537
0.0537,0.00100095,0.001001,538
0.0538,0.00100095,0.001,539
0.0539,0.00100095,0.001001,540
0.054,0.00100095,0.001001,541
0.0541,0.00100095,0.001,542
0.0542,0.00100095,0.001,543
0.0543,0.00100095,0.001001,544
0.0544,0.00100095,0.001001,545
0.0545,0.00100095,0.001001,546
0.0546,0.00100095,0.001001,547
0.0547,0.00100095,0.001,548
0.0548,0.00100095,0.001001,549
0.0549,0.00100095,0.001,550
0.055,0.00100095,0.001,551
0.0551,0.00100095,0.001,552
0.0552,0.00100095,0.001001,553
0.0553,0.00100095,0.001,554
0.0554,0.00100095,0.001001,555
0.0555,0.00100095,0.001001,556
0.0556,0.00100095,0.001001,557
0.0557,0.00100095,0.001001,558
0.0558,0.00100095,0.001,559
0.0559,0.00100095,0.001001,560
0.056,0.00100095,0.001001,561
0.0561,0.00100095,0.001,562
0.0562,0.00100095,0.001001,563
0.0563,0.00100095,0.001,564
0.0564,0.00100095,0.001001,565
0.0565,0.00100095,0.001001,566
0.0566,0.00100095,0.001,567
0.0567,0.00100095,0.001,568
0.0568,0.00100095,0.001,569
0.0569,0.00100095,0.001,570
0.057,0.00100095,0.001,571
0.0571,0.00100095,0.001,572
0.0572,0.00100095,0.001,573
0.0573,0.00100095,0.001001,574
0.0574,0.00100095,0.001,575
0.0575,0.00100095,0.001001,576
0.0576,0.00100095,0.001001,577
0.0577,0.00100095,0.001001,578
0.0578,0.00100095,0.001001,579
0.0579,0.00100095,0.001,580
0.058,0.00100095,0.001,581
0.0581,0.00100095,0.001001,582
0.0582,0.00100095,0.001,583
0.0583,0.00100095,0.001,584
0.0584,0.00100095,0.001001,585
0.0585,0.00100095,0.001,586
0.0586,0.00100095,0.001001,587
0.0587,0.00100095,0.001001,588
0.0588,0.00100095,0.001001,589
0.0589,0.00100095,0.001,590
0.059,0.00100095,0.001001,591
0.0591,0.00100095,0.001,592
0.0592,0.00100095,0.001,593
0.0593,0.00100095,0.001,594
0.0594,0.00100095,0.001,595
0.0595,0.00100095,0.001001,596
0.0596,0.00100095,0.001001,597
0.0597,0.00100095,0.001,598
0.0598,0.00100095,0.001,599
0.0599,0.00100095,0.001,600
0.06,0.00100095,0.001001,601
0.0601,0.00100095,0.001001,602
0.0602,0.00100095,0.001,603
0.0603,0.00100095,0.001,604
0.0604,0.00100095,0.001,605
0.0605,0.00100095,0.001,606
0.0606,0.00100095,0.001,607
0.0607,0.00100095,0.001,608
0.0608,0.00100095,0.001,609
0.0609,0.00100095,0.001,610
0.061,0.00100095,0.001,611
0.0611,0.00100095,0.001001,612
0.0612,0.00100095,0.001001,613
0.0613,0.00100095,0.001001,614
0.0614,0.00100095,0.001,615
0.0615,0.00100095,0.001,616
0.0616,0.00100095,0.001001,617
0.0617,0.00100095,0.001001,618
0.0618,0.00100095,0.001001,619
0.0619,0.00100095,0.001001,620
0.062,0.00100095,0.001,621
0.0621,0.00100095,0.001001,622
0.0622,0.00100095,0.001,623
0.0623,0.00100095,0.001001,624
0.0624,0.00100095,0.001,625
0.0625,0.00100095,0.001001,626
0.0626,0.00100095,0.001001,627
0.0627,0.00100095,0.001,628
0.0628,0.00100095,0.001,629
0.0629,0.00100095,0.001001,630
0.063,0.00100095,0.001,631
0.0631,0.00100095,0.001,632
0.0632,0.00100095,0.001,633
0.0633,0.00100095,0.001,634
0.0634,0.00100095,0.001,635
0.0635,0.00100095,0.001,636
0.0636,0.00100095,0.001,637
0.0637,0.00100095,0.001001,638
0.0638,0.00100095,0.001001,639
0.0639,0.00100095,0.001,640
0.064,0.00100095,0.001001,641
0.0641,0.00100095,0.001,642
0.0642,0.00100095,0.001,643
0.0643,0.00100095,0.001001,644
0.0644,0.00100095,0.001001,645
0.0645,0.00100095,0.001001,646
0.0646,0.00100095,0.001,647
0.0647,0.00100095,0.001001,648
0.0648,0.00100095,0.001,649
0.0649,0.00100095,0.001,650
0.065,0.00100095,0.001001,651
0.0651,0.00100095,0.001001,652
0.0652,0.00100095,0.001,653
0.0653,0.00100095,0.001001,654
0.0654,0.00100095,0.001001,655
0.0655,0.00100095,0.001,656
0.0656,0.00100095,0.001001,657
0.0657,0.00100095,0.001001,658
0.0658,0.00100095,0.001001,659
0.0659,0.00100095,0.001,660
0.066,0.00100095,0.001001,661
0.0661,0.00100095,0.001001,662
0.0662,0.00100095,0.001,663
0.0663,0.00100095,0.001001,664
0.0664,0.00100095,0.001,665
0.0665,0.00100095,0.001001,666
0.0666,0.00100095,0.001,667
0.0667,0.00100095,0.001,668
0.0668,0.00100095,0.001001,669
0.0669,0.00100095,0.001,670
0.067,0.00100095,0.001,671
0.0671,0.00100095,0.001001,672
0.0672,0.00100095,0.001001,673
0.0673,0.00100095,0.001001,674
0.0674,0.00100095,0.001001,675
0.0675,0.00100095,0.001001,676
0.0676,0.00100095,0.001,677
0.0677,0.00100095,0.001,678
0.0678,0.00100095,0.001,679
0.0679,0.00100095,0.001,680
0.068,0.00100095,0.001001,681
0.0681,0.00100095,0.001001,682
0.0682,0.00100095,0.001001,683
0.0683,0.00100095,0.001,684
0.0684,0.00100095,0.001001,685
0.0685,0.00100095,0.001001,686
0.0686,0.00100095,0.001,687
0.0687,0.00100095,0.001,688
0.0688,0.00100095,0.001001,689
0.0689,0.00100095,0.001,690
0.069,0.00100095,0.001,691
0.0691,0.00100095,0.001001,692
0.0692,0.00100095,0.001,693
0.0693,0.00100095,0.001,694
0.0694,0.00100095,0.001,695
0.0695,0.00100095,0.001001,696
0.0696,0.00100095,0.001001,697
0.0697,0.00100095,0.001,698
0.0698,0.00100095,0.001,699
0.0699,0.00100095,0.001001,700
0.07,0.00100095,0.001001,701
0.0701,0.00100095,0.001,702
0.0702,0.00100095,0.001001,703
0.0703,0.00100095,0.001001,704
0.0704,0.00100095,0.001,705
0.0705,0.00100095,0.001,706
0.0706,0.00100095,0.001001,707
0.0707,0.00100095,0.001001,708
0.0708,0.00100095,0.001,709
0.0709,0.00100095,0.001,710
0.071,0.00100095,0.001,711
0.0711,0.00100095,0.001,712
0.0712,0.00100095,0.001,713
0.0713,0.00100095,0.001,714
0.0714,0.00100095,0.001001,715
0.0715,0.00100095,0.001,716
0.0716,0.00100095,0.001,717
0.0717,0.00100095,0.001,718
0.0718,0.00100095,0.001001,719
0.0719,0.00100095,0.001,720
0.072,0.00100095,0.001,721
0.0721,0.00100095,0.001,722
0.0722,0.00100095,0.001001,723
0.0723,0.00100095,0.001001,724
0.0724,0.00100095,0.001,725
0.0725,0.00100095,0.001,726
0.0726,0.00100095,0.001,727
0.0727,0.00100095,0.001,728
0.0728,0.00100095,0.001,729
0.0729,0.00100095,0.001001,730
0.073,0.00100095,0.001,731
0.0731,0.00100095,0.001001,732
0.0732,0.00100095,0.001,733
0.0733,0.00100095,0.001001,734
0.0734,0.00100095,0.001001,735
0.0735,0.00100095,0.001001,736
0.0736,0.00100095,0.001,737
0.0737,0.00100095,0.001001,738
0.0738,0.00100095,0.001001,739
0.0739,0.00100095,0.001,740
0.074,0.00100095,0.001,741
0.0741,0.00100095,0.001001,742
0.0742,0.00100095,0.001,743
0.0743,0.00100095,0.001,744
0.0744,0.00100095,0.001,745
0.0745,0.00100095,0.001001,746
0.0746,0.00100095,0.001001,747
0.0747,0.00100095,0.001,748
0.0748,0.00100095,0.001,749
0.0749,0.00100095,0.001,750
0.075,0.00100095,0.001001,751
0.0751,0.00100095,0.001001,752
0.0752,0.00100095,0.001,753
0.0753,0.00100095,0.001001,754
0.0754,0.00100095,0.001,755
0.0755,0.00100095,0.001,756
0.0756,0.00100095,0.001,757
0.0757,0.00100095,0.001,758
0.0758,0.00100095,0.001001,759
0.0759,0.00100095,0.001001,760
0.076,0.00100095,0.001,761
0.0761,0.00100095,0.001,762
0.0762,0.00100095,0.001,763
0.0763,0.00100095,0.001,764
0.0764,0.00100095,0.001,765
0.0765,0.00100095,0.001001,766
0.0766,0.00100095,0.001001,767
0.0767,0.00100095,0.001,768
0.0768,0.00100095,0.001001,769
0.0769,0.00100095,0.001,770
0.077,0.00100095,0.001001,771
0.0771,0.00100095,0.001001,772
0.0772,0.00100095,0.001,773
0.0773,0.00100095,0.001,774
0.0774,0.00100095,0.001,775
0.0775,0.00100095,0.001,776
0.0776,0.00100095,0.001,777
0.0777,0.00100095,0.001001,778
0.0778,0.00100095,0.001001,779
0.0779,0.00100095,0.001,780
0.078,0.00100095,0.001,781
0.0781,0.00100095,0.001,782
0.0782,0.00100095,0.001001,783
0.0783,0.00100095,0.001,784
0.0784,0.00100095,0.001001,785
0.0785,0.00100095,0.001,786
0.0786,0.00100095,0.001,787
0.0787,0.00100095,0.001001,788
0.0788,0.00100095,0.001,789
0.0789,0.00100095,0.001001,790
0.079,0.00100095,0.001,791
0.0791,0.00100095,0.001001,792
0.0792,0.00100095,0.001,793
0.0793,0.00100095,0.001001,794
0.0794,0.00100095,0.001,795
0.0795,0.00100095,0.001001,796
0.0796,0.00100095,0.001001,797
0.0797,0.00100095,0.001,798
0.0798,0.00100095,0.001001,799
0.0799,0.00100095,0.001,800
0.08,0.00100095,0.001,801
0.0801,0.00100095,0.001,802
0.0802,0.00100095,0.001,803
0.0803,0.00100095,0.001001,804
0.0804,0.00100095,0.001001,805
0.0805,0.00100095,0.001,806
0.0806,0.00100095,0.001,807
0.0807,0.00100095,0.001,808
0.0808,0.00100095,0.001001,809
0.0809,0.00100095,0.001001,810
0.081,0.00100095,0.001001,811
0.0811,0.00100095,0.001,812
0.0812,0.00100095,0.001,813
0.0813,0.00100095,0.001001,814
0.0814,0.00100095,0.001,815
0.0815,0.00100095,0.001,816
0.0816,0.00100095,0.001,817
0.0817,0.00100095,0.001001,818
0.0818,0.00100095,0.001,819
0.0819,0.00100095,0.001,820
0.082,0.00100095,0.001001,821
0.0821,0.00100095,0.001001,822
0.0822,0.00100095,0.001,823
0.0823,0.00100095,0.001,824
0.0824,0.00100095,0.001,825
0.0825,0.00100095,0.001001,826
0.0826,0.00100095,0.001001,827
0.0827,0.00100095,0.001001,828
0.0828,0.00100095,0.001001,829
0.0829,0.00100095,0.001001,830
0.083,0.00100095,0.001,831
0.0831,0.00100095,0.001001,832
0.0832,0.00100095,0.001,833
0.0833,0.00100095,0.001,834
0.0834,0.00100095,0.001001,835
0.0835,0.00100095,0.001,836
0.0836,0.00100095,0.001,837
0.0837,0.00100095,0.001,838
0.0838,0.00100095,0.001,839
0.0839,0.00100095,0.001,840
0.084,0.00100095,0.001,841
0.0841,0.00100095,0.001001,842
0.0842,0.00100095,0.001,843
0.0843,0.00100095,0.001001,844
0.0844,0.00100095,0.001001,845
0.0845,0.00100095,0.001,846
0.0846,0.00100095,0.001,847
0.0847,0.00100095,0.001,848
0.0848,0.00100095,0.001,849
0.0849,0.00100095,0.001001,850
0.085,0.00100095,0.001001,851
0.0851,0.00100095,0.001,852
0.0852,0.00100095,0.001,853
0.0853,0.00100095,0.001,854
0.0854,0.00100095,0.001,855
0.0855,0.00100095,0.001,856
0.0856,0.00100095,0.001001,857
0.0857,0.00100095,0.001,858
0.0858,0.00100095,0.001,859
0.0859,0.00100095,0.001,860
0.086,0.00100095,0.001001,861
0.0861,0.00100095,0.001,862
0.0862,0.00100095,0.001001,863
0.0863,0.00100095,0.001001,864
0.0864,0.00100095,0.001001,865
0.0865,0.00100095,0.001,866
0.0866,0.00100095,0.001,867
0.0867,0.00100095,0.001001,868
0.0868,0.00100095,0.001001,869
0.0869,0.00100095,0.001,870
0.087,0.00100095,0.001001,871
0.0871,0.00100095,0.001001,872
0.0872,0.00100095,0.001,873
0.0873,0.00100095,0.001001,874
0.0874,0.00100095,0.001,875
0.0875,0.00100095,0.001001,876
0.0876,0.00100095,0.001,877
0.0877,0.00100095,0.001001,878
0.0878,0.00100095,0.001001,879
0.0879,0.00100095,0.001,880
0.088,0.00100095,0.001001,881
0.0881,0.00100095,0.001,882
0.0882,0.00100095,0.001001,883
0.0883,0.00100095,0.001001,884
0.0884,0.00100095,0.001,885
0.0885,0.00100095,0.001,886
0.0886,0.00100095,0.001001,887
0.0887,0.00100095,0.001001,888
0.0888,0.00100095,0.001,889
0.0889,0.00100095,0.001,890
0.089,0.00100095,0.001,891
0.0891,0.00100095,0.001,892
0.0892,0.00100095,0.001,893
0.0893,0.00100095,0.001001,894
0.0894,0.00100095,0.001001,895
0.0895,0.00100095,0.001,896
0.0896,0.00100095,0.001001,897
0.0897,0.00100095,0.001,898
0.0898,0.00100095,0.001,899
0.0899,0.00100095,0.001,900
0.09,0.00100095,0.001001,901
0.0901,0.00100095,0.001001,902
0.0902,0.00100095,0.001001,903
0.0903,0.00100095,0.001001,904
0.0904,0.00100095,0.001,905
0.0905,0.00100095,0.001001,906
0.0906,0.00100095,0.001001,907
0.0907,0.00100095,0.001,908
0.0908,0.00100095,0.001001,909
0.0909,0.00100095,0.001001,910
0.091,0.00100095,0.001001,911
0.0911,0.00100095,0.001001,912
0.0912,0.00100095,0.001,913
0.0913,0.00100095,0.001,914
0.0914,0.00100095,0.001,915
0.0915,0.00100095,0.001001,916
0.0916,0.00100095,0.001001,917
0.0917,0.00100095,0.001,918
0.0918,0.00100095,0.001001,919
0.0919,0.00100095,0.001001,920
0.092,0.00100095,0.001,921
0.0921,0.00100095,0.001001,922
0.0922,0.00100095,0.001001,923
0.0923,0.00100095,0.001,924
0.0924,0.00100095,0.001,925
0.0925,0.00100095,0.001,926
0.0926,0.00100095,0.001001,927
0.0927,0.00100095,0.001001,928
0.0928,0.00100095,0.001,929
0.0929,0.00100095,0.001,930
0.093,0.00100095,0.001001,931
0.0931,0.00100095,0.001,932
0.0932,0.00100095,0.001,933
0.0933,0.00100095,0.001,934
0.0934,0.00100095,0.001001,935
0.0935,0.00100095,0.001,936
0.0936,0.00100095,0.001,937
0.0937,0.00100095,0.001,938
0.0938,0.00100095,0.001,939
0.0939,0.00100095,0.001,940
0.094,0.00100095,0.001001,941
0.0941,0.00100095,0.001,942
0.0942,0.00100095,0.001,943
0.0943,0.00100095,0.001,944
0.0944,0.00100095,0.001,945
0.0945,0.00100095,0.001001,946
0.0946,0.00100095,0.001,947
0.0947,0.00100095,0.001001,948
0.0948,0.00100095,0.001,949
0.0949,0.00100095,0.001,950
0.095,0.00100095,0.001,951
0.0951,0.00100095,0.001,952
0.0952,0.00100095,0.001,953
0.0953,0.00100095,0.001001,954
0.0954,0.00100095,0.001001,955
0.0955,0.00100095,0.001001,956
0.0956,0.00100095,0.001,957
0.0957,0.00100095,0.001001,958
0.0958,0.00100095,0.001,959
0.0959,0.00100095,0.001001,960
0.096,0.00100095,0.001001,961
0.0961,0.00100095,0.001,962
0.0962,0.00100095,0.001001,963
0.0963,0.00100095,0.001001,964
0.0964,0.00100095,0.001,965
0.0965,0.00100095,0.001001,966
0.0966,0.00100095,0.001001,967
0.0967,0.00100095,0.001001,968
0.0968,0.00100095,0.001,969
0.0969,0.00100095,0.001001,970
0.097,0.00100095,0.001,971
0.0971,0.00100095,0.001001,972
0.0972,0.00100095,0.001,973
0.0973,0.00100095,0.001001,974
0.0974,0.00100095,0.001001,975
0.0975,0.00100095,0.001001,976
0.0976,0.00100095,0.001001,977
0.0977,0.00100095,0.001001,978
0.0978,0.00100095,0.001001,979
0.0979,0.00100095,0.001,980
0.098,0.00100095,0.001001,981
0.0981,0.00100095,0.001,982
0.0982,0.00100095,0.001,983
0.0983,0.00100095,0.001,984
0.0984,0.00100095,0.001,985
0.0985,0.00100095,0.001,986
0.0986,0.00100095,0.001,987
0.0987,0.00100095,0.001001,988
0.0988,0.00100095,0.001001,989
0.0989,0.00100095,0.001,990
0.099,0.00100095,0.001001,991
0.0991,0.00100095,0.001,992
0.0992,0.00100095,0.001001,993
0.0993,0.00100095,0.001001,994
0.0994,0.00100095,0.001001,995
0.0995,0.00100095,0.001001,996
0.0996,0.00100095,0.001,997
0.0997,0.00100095,0.001,998
0.0998,0.00100095,0.001,999
0.0999,0.00100095,0.001001,1000
0.0,0.001001,0.001001,1
1e-04,0.001001,0.001001,2
0.0002,0.001001,0.001001,3
0.0003,0.001001,0.001,4
0.0004,0.001001,0.001001,5
0.0005,0.001001,0.001001,6
0.0006,0.001001,0.001,7
0.0007,0.001001,0.001,8
0.0008,0.001001,0.001,9
0.0009,0.001001,0.001,10
0.001,0.001001,0.001,11
0.0011,0.001001,0.001,12
0.0012,0.001001,0.001,13
0.0013,0.001001,0.001,14
0.0014,0.001001,0.001,15
0.0015,0.001001,0.001,16
0.0016,0.001001,0.001001,17
0.0017,0.001001,0.001,18
0.0018,0.001001,0.001,19
0.0019,0.001001,0.001001,20
0.002,0.001001,0.001001,21
0.0021,0.001001,0.001,22
0.0022,0.001001,0.001001,23
0.0023,0.001001,0.001001,24
0.0024,0.001001,0.001001,25
0.0025,0.001001,0.001,26
0.0026,0.001001,0.001001,27
0.0027,0.001001,0.001001,28
0.0028,0.001001,0.001001,29
0.0029,0.001001,0.001,30
0.003,0.001001,0.001,31
0.0031,0.001001,0.001,32
0.0032,0.001001,0.001001,33
0.0033,0.001001,0.001,34
0.0034,0.001001,0.001,35
0.0035,0.001001,0.001,36
0.0036,0.001001,0.001,37
0.0037,0.001001,0.001,38
0.0038,0.001001,0.001001,39
0.0039,0.001001,0.001001,40
0.004,0.001001,0.001001,41
0.0041,0.001001,0.001,42
0.0042,0.001001,0.001,43
0.0043,0.001001,0.001,44
0.0044,0.001001,0.001,45
0.0045,0.001001,0.001001,46
0.0046,0.001001,0.001,47
0.0047,0.001001,0.001001,48
0.0048,0.001001,0.001,49
0.0049,0.001001,0.001001,50
0.005,0.001001,0.001001,51
0.0051,0.001001,0.001,52
0.0052,0.001001,0.001,53
0.0053,0.001001,0.001001,54
0.0054,0.001001,0.001001,55
0.0055,0.001001,0.001,56
0.0056,0.001001,0.001001,57
0.0057,0.001001,0.001,58
0.0058,0.001001,0.001001,59
0.0059,0.001001,0.001,60
0.006,0.001001,0.001,61
0.0061,0.001001,0.001001,62
0.0062,0.001001,0.001,63
0.0063,0.001001,0.001,64
0.0064,0.001001,0.001,65
0.0065,0.001001,0.001,66
0.0066,0.001001,0.001001,67
0.0067,0.001001,0.001001,68
0.0068,0.001001,0.001,69
0.0069,0.001001,0.001,70
0.007,0.001001,0.001001,71
0.0071,0.001001,0.001001,72
0.0072,0.001001,0.001,73
0.0073,0.001001,0.001001,74
0.0074,0.001001,0.001,75
0.0075,0.001001,0.001,76
0.0076,0.001001,0.001001,77
0.0077,0.001001,0.001,78
0.0078,0.001001,0.001001,79
0.0079,0.001001,0.001,80
0.008,0.001001,0.001,81
0.0081,0.001001,0.001001,82
0.0082,0.001001,0.001001,83
0.0083,0.001001,0.001,84
0.0084,0.001001,0.001,85
0.0085,0.001001,0.001,86
0.0086,0.001001,0.001001,87
0.0087,0.001001,0.001001,88
0.0088,0.001001,0.001001,89
0.0089,0.001001,0.001,90
0.009,0.001001,0.001,91
0.0091,0.001001,0.001,92
0.0092,0.001001,0.001001,93
0.0093,0.001001,0.001001,94
0.0094,0.001001,0.001001,95
0.0095,0.001001,0.001001,96
0.0096,0.001001,0.001,97
0.0097,0.001001,0.001001,98
0.0098,0.001001,0.001,99
0.0099,0.001001,0.001,100
0.01,0.001001,0.001,101
0.0101,0.001001,0.001,102
0.0102,0.001001,0.001001,103
0.0103,0.001001,0.001,104
0.0104,0.001001,0.001001,105
0.0105,0.001001,0.001,106
0.0106,0.001001,0.001,107
0.0107,0.001001,0.001,108
0.0108,0.001001,0.001,109
0.0109,0.001001,0.001,110
0.011,0.001001,0.001,111
0.0111,0.001001,0.001,112
0.0112,0.001001,0.001,113
0.0113,0.001001,0.001001,114
0.0114,0.001001,0.001,115
0.0115,0.001001,0.001,116
0.0116,0.001001,0.001001,117
0.0117,0.001001,0.001001,118
0.0118,0.001001,0.001001,119
0.0119,0.001001,0.001001,120
0.012,0.001001,0.001001,121
0.0121,0.001001,0.001,122
0.0122,0.001001,0.001001,123
0.0123,0.001001,0.001,124
0.0124,0.001001,0.001001,125
0.0125,0.001001,0.001,126
0.0126,0.001001,0.001,127
0.0127,0.001001,0.001001,128
0.0128,0.001001,0.001001,129
0.0129,0.001001,0.001,130
0.013,0.001001,0.001001,131
0.0131,0.001001,0.001001,132
0.0132,0.001001,0.001,133
0.0133,0.001001,0.001,134
0.0134,0.001001,0.001,135
0.0135,0.001001,0.001001,136
0.0136,0.001001,0.001,137
0.0137,0.001001,0.001,138
0.0138,0.001001,0.001001,139
0.0139,0.001001,0.001,140
0.014,0.001001,0.001001,141
0.0141,0.001001,0.001,142
0.0142,0.001001,0.001,143
0.0143,0.001001,0.001,144
0.0144,0.001001,0.001001,145
0.0145,0.001001,0.001,146
0.0146,0.001001,0.001,147
0.0147,0.001001,0.001001,148
0.0148,0.001001,0.001001,149
0.0149,0.001001,0.001,150
0.015,0.001001,0.001001,151
0.0151,0.001001,0.001,152
0.0152,0.001001,0.001,153
0.0153,0.001001,0.001001,154
0.0154,0.001001,0.001001,155
0.0155,0.001001,0.001,156
0.0156,0.001001,0.001,157
0.0157,0.001001,0.001001,158
0.0158,0.001001,0.001001,159
0.0159,0.001001,0.001,160
0.016,0.001001,0.001,161
0.0161,0.001001,0.001,162
0.0162,0.001001,0.001,163
0.0163,0.001001,0.001,164
0.0164,0.001001,0.001001,165
0.0165,0.001001,0.001001,166
0.0166,0.001001,0.001,167
0.0167,0.001001,0.001001,168
0.0168,0.001001,0.001001,169
0.0169,0.001001,0.001001,170
0.017,0.001001,0.001,171
0.0171,0.001001,0.001001,172
0.0172,0.001001,0.001,173
0.0173,0.001001,0.001,174
0.0174,0.001001,0.001001,175
0.0175,0.001001,0.001,176
0.0176,0.001001,0.001001,177
0.0177,0.001001,0.001,178
0.0178,0.001001,0.001001,179
0.0179,0.001001,0.001,180
0.018,0.001001,0.001001,181
0.0181,0.001001,0.001001,182
0.0182,0.001001,0.001,183
0.0183,0.001001,0.001,184
0.0184,0.001001,0.001,185
0.0185,0.001001,0.001,186
0.0186,0.001001,0.001001,187
0.0187,0.001001,0.001001,188
0.0188,0.001001,0.001001,189
0.0189,0.001001,0.001,190
0.019,0.001001,0.001,191
0.0191,0.001001,0.001,192
0.0192,0.001001,0.001001,193
0.0193,0.001001,0.001,194
0.0194,0.001001,0.001001,195
0.0195,0.001001,0.001001,196
0.0196,0.001001,0.001,197
0.0197,0.001001,0.001001,198
0.0198,0.001001,0.001001,199
0.0199,0.001001,0.001001,200
0.02,0.001001,0.001001,201
0.0201,0.001001,0.001001,202
0.0202,0.001001,0.001,203
0.0203,0.001001,0.001001,204
0.0204,0.001001,0.001,205
0.0205,0.001001,0.001,206
0.0206,0.001001,0.001001,207
0.0207,0.001001,0.001,208
0.0208,0.001001,0.001001,209
0.0209,0.001001,0.001,210
0.021,0.001001,0.001001,211
0.0211,0.001001,0.001001,212
0.0212,0.001001,0.001,213
0.0213,0.001001,0.001,214
0.0214,0.001001,0.001,215
0.0215,0.001001,0.001001,216
0.0216,0.001001,0.001,217
0.0217,0.001001,0.001001,218
0.0218,0.001001,0.001001,219
0.0219,0.001001,0.001,220
0.022,0.001001,0.001001,221
0.0221,0.001001,0.001001,222
0.0222,0.001001,0.001,223
0.0223,0.001001,0.001001,224
0.0224,0.001001,0.001001,225
0.0225,0.001001,0.001001,226
0.0226,0.001001,0.001,227
0.0227,0.001001,0.001,228
0.0228,0.001001,0.001001,229
0.0229,0.001001,0.001001,230
0.023,0.001001,0.001001,231
0.0231,0.001001,0.001,232
0.0232,0.001001,0.001,233
0.0233,0.001001,0.001,234
0.0234,0.001001,0.001,235
0.0235,0.001001,0.001001,236
0.0236,0.001001,0.001,237
0.0237,0.001001,0.001001,238
0.0238,0.001001,0.001001,239
0.0239,0.001001,0.001001,240
0.024,0.001001,0.001001,241
0.0241,0.001001,0.001001,242
0.0242,0.001001,0.001,243
0.0243,0.001001,0.001001,244
0.0244,0.001001,0.001,245
0.0245,0.001001,0.001,246
0.0246,0.001001,0.001,247
0.0247,0.001001,0.001,248
0.0248,0.001001,0.001001,249
0.0249,0.001001,0.001001,250
0.025,0.001001,0.001,251
0.0251,0.001001,0.001,252
0.0252,0.001001,0.001001,253
0.0253,0.001001,0.001001,254
0.0254,0.001001,0.001001,255
0.0255,0.001001,0.001,256
0.0256,0.001001,0.001001,257
0.0257,0.001001,0.001001,258
0.0258,0.001001,0.001001,259
0.0259,0.001001,0.001001,260
0.026,0.001001,0.001,261
0.0261,0.001001,0.001,262
0.0262,0.001001,0.001,263
0.0263,0.001001,0.001001,264
0.0264,0.001001,0.001001,265
0.0265,0.001001,0.001001,266
0.0266,0.001001,0.001,267
0.0267,0.001001,0.001001,268
0.0268,0.001001,0.001,269
0.0269,0.001001,0.001,270
0.027,0.001001,0.001,271
0.0271,0.001001,0.001,272
0.0272,0.001001,0.001001,273
0.0273,0.001001,0.001001,274
0.0274,0.001001,0.001001,275
0.0275,0.001001,0.001,276
0.0276,0.001001,0.001,277
0.0277,0.001001,0.001,278
0.0278,0.001001,0.001,279
0.0279,0.001001,0.001,280
0.028,0.001001,0.001,281
0.0281,0.001001,0.001,282
0.0282,0.001001,0.001001,283
0.0283,0.001001,0.001001,284
0.0284,0.001001,0.001,285
0.0285,0.001001,0.001001,286
0.0286,0.001001,0.001001,287
0.0287,0.001001,0.001001,288
0.0288,0.001001,0.001,289
0.0289,0.001001,0.001001,290
0.029,0.001001,0.001001,291
0.0291,0.001001,0.001,292
0.0292,0.001001,0.001001,293
0.0293,0.001001,0.001,294
0.0294,0.001001,0.001001,295
0.0295,0.001001,0.001001,296
0.0296,0.001001,0.001001,297
0.0297,0.001001,0.001,298
0.0298,0.001001,0.001001,299
0.0299,0.001001,0.001,300
0.03,0.001001,0.001,301
0.0301,0.001001,0.001,302
0.0302,0.001001,0.001,303
0.0303,0.001001,0.001001,304
0.0304,0.001001,0.001,305
0.0305,0.001001,0.001,306
0.0306,0.001001,0.001001,307
0.0307,0.001001,0.001,308
0.0308,0.001001,0.001001,309
0.0309,0.001001,0.001001,310
0.031,0.001001,0.001001,311
0.0311,0.001001,0.001,312
0.0312,0.001001,0.001001,313
0.0313,0.001001,0.001,314
0.0314,0.001001,0.001,315
0.0315,0.001001,0.001001,316
0.0316,0.001001,0.001,317
0.0317,0.001001,0.001,318
0.0318,0.001001,0.001,319
0.0319,0.001001,0.001001,320
0.032,0.001001,0.001001,321
0.0321,0.001001,0.001,322
0.0322,0.001001,0.001,323
0.0323,0.001001,0.001,324
0.0324,0.001001,0.001001,325
0.0325,0.001001,0.001001,326
0.0326,0.001001,0.001,327
0.0327,0.001001,0.001,328
0.0328,0.001001,0.001,329
0.0329,0.001001,0.001001,330
0.033,0.001001,0.001,331
0.0331,0.001001,0.001,332
0.0332,0.001001,0.001,333
0.0333,0.001001,0.001,334
0.0334,0.001001,0.001001,335
0.0335,0.001001,0.001,336
0.0336,0.001001,0.001,337
0.0337,0.001001,0.001001,338
0.0338,0.001001,0.001,339
0.0339,0.001001,0.001001,340
0.034,0.001001,0.001,341
0.0341,0.001001,0.001,342
0.0342,0.001001,0.001001,343
0.0343,0.001001,0.001,344
0.0344,0.001001,0.001001,345
0.0345,0.001001,0.001001,346
0.0346,0.001001,0.001,347
0.0347,0.001001,0.001001,348
0.0348,0.001001,0.001001,349
0.0349,0.001001,0.001001,350
0.035,0.001001,0.001,351
0.0351,0.001001,0.001,352
0.0352,0.001001,0.001,353
0.0353,0.001001,0.001,354
0.0354,0.001001,0.001,355
0.0355,0.001001,0.001,356
0.0356,0.001001,0.001001,357
0.0357,0.001001,0.001,358
0.0358,0.001001,0.001001,359
0.0359,0.001001,0.001,360
0.036,0.001001,0.001001,361
0.0361,0.001001,0.001001,362
0.0362,0.001001,0.001001,363
0.0363,0.001001,0.001,364
0.0364,0.001001,0.001,365
0.0365,0.001001,0.001001,366
0.0366,0.001001,0.001001,367
0.0367,0.001001,0.001001,368
0.0368,0.001001,0.001,369
0.0369,0.001001,0.001001,370
0.037,0.001001,0.001001,371
0.0371,0.001001,0.001001,372
0.0372,0.001001,0.001,373
0.0373,0.001001,0.001001,374
0.0374,0.001001,0.001,375
0.0375,0.001001,0.001001,376
0.0376,0.001001,0.001,377
0.0377,0.001001,0.001,378
0.0378,0.001001,0.001001,379
0.0379,0.001001,0.001,380
0.038,0.001001,0.001,381
0.0381,0.001001,0.001001,382
0.0382,0.001001,0.001001,383
0.0383,0.001001,0.001001,384
0.0384,0.001001,0.001,385
0.0385,0.001001,0.001001,386
0.0386,0.001001,0.001,387
0.0387,0.001001,0.001001,388
0.0388,0.001001,0.001001,389
0.0389,0.001001,0.001001,390
0.039,0.001001,0.001,391
0.0391,0.001001,0.001001,392
0.0392,0.001001,0.001,393
0.0393,0.001001,0.001,394
0.0394,0.001001,0.001001,395
0.0395,0.001001,0.001,396
0.0396,0.001001,0.001,397
0.0397,0.001001,0.001,398
0.0398,0.001001,0.001001,399
0.0399,0.001001,0.001,400
0.04,0.001001,0.001001,401
0.0401,0.001001,0.001,402
0.0402,0.001001,0.001001,403
0.0403,0.001001,0.001,404
0.0404,0.001001,0.001,405
0.0405,0.001001,0.001001,406
0.0406,0.001001,0.001,407
0.0407,0.001001,0.001,408
0.0408,0.001001,0.001001,409
0.0409,0.001001,0.001,410
0.041,0.001001,0.001,411
0.0411,0.001001,0.001,412
0.0412,0.001001,0.001,413
0.0413,0.001001,0.001,414
0.0414,0.001001,0.001,415
0.0415,0.001001,0.001,416
0.0416,0.001001,0.001001,417
0.0417,0.001001,0.001,418
0.0418,0.001001,0.001001,419
0.0419,0.001001,0.001,420
0.042,0.001001,0.001,421
0.0421,0.001001,0.001,422
0.0422,0.001001,0.001,423
0.0423,0.001001,0.001,424
0.0424,0.001001,0.001001,425
0.0425,0.001001,0.001,426
0.0426,0.001001,0.001,427
0.0427,0.001001,0.001001,428
0.0428,0.001001,0.001001,429
0.0429,0.001001,0.001,430
0.043,0.001001,0.001,431
0.0431,0.001001,0.001001,432
0.0432,0.001001,0.001001,433
0.0433,0.001001,0.001001,434
0.0434,0.001001,0.001,435
0.0435,0.001001,0.001001,436
0.0436,0.001001,0.001001,437
0.0437,0.001001,0.001001,438
0.0438,0.001001,0.001,439
0.0439,0.001001,0.001,440
0.044,0.001001,0.001001,441
0.0441,0.001001,0.001001,442
0.0442,0.001001,0.001,443
0.0443,0.001001,0.001001,444
0.0444,0.001001,0.001001,445
0.0445,0.001001,0.001001,446
0.0446,0.001001,0.001001,447
0.0447,0.001001,0.001001,448
0.0448,0.001001,0.001001,449
0.0449,0.001001,0.001001,450
0.045,0.001001,0.001001,451
0.0451,0.001001,0.001,452
0.0452,0.001001,0.001001,453
0.0453,0.001001,0.001,454
0.0454,0.001001,0.001001,455
0.0455,0.001001,0.001001,456
0.0456,0.001001,0.001,457
0.0457,0.001001,0.001001,458
0.0458,0.001001,0.001,459
0.0459,0.001001,0.001001,460
0.046,0.001001,0.001,461
0.0461,0.001001,0.001001,462
0.0462,0.001001,0.001001,463
0.0463,0.001001,0.001,464
0.0464,0.001001,0.001,465
0.0465,0.001001,0.001,466
0.0466,0.001001,0.001,467
0.0467,0.001001,0.001001,468
0.0468,0.001001,0.001001,469
0.0469,0.001001,0.001,470
0.047,0.001001,0.001001,471
0.0471,0.001001,0.001001,472
0.0472,0.001001,0.001001,473
0.0473,0.001001,0.001,474
0.0474,0.001001,0.001001,475
0.0475,0.001001,0.001,476
0.0476,0.001001,0.001,477
0.0477,0.001001,0.001,478
0.0478,0.001001,0.001001,479
0.0479,0.001001,0.001001,480
0.048,0.001001,0.001,481
0.0481,0.001001,0.001,482
0.0482,0.001001,0.001,483
0.0483,0.001001,0.001001,484
0.0484,0.001001,0.001001,485
0.0485,0.001001,0.001001,486
0.0486,0.001001,0.001,487
0.0487,0.001001,0.001001,488
0.0488,0.001001,0.001001,489
0.0489,0.001001,0.001001,490
0.049,0.001001,0.001,491
0.0491,0.001001,0.001001,492
0.0492,0.001001,0.001,493
0.0493,0.001001,0.001,494
0.0494,0.001001,0.001,495
0.0495,0.001001,0.001001,496
0.0496,0.001001,0.001,497
0.0497,0.001001,0.001001,498
0.0498,0.001001,0.001,499
0.0499,0.001001,0.001001,500
0.05,0.001001,0.001,501
0.0501,0.001001,0.001,502
0.0502,0.001001,0.001001,503
0.0503,0.001001,0.001001,504
0.0504,0.001001,0.001,505
0.0505,0.001001,0.001001,506
0.0506,0.001001,0.001,507
0.0507,0.001001,0.001001,508
0.0508,0.001001,0.001,509
0.0509,0.001001,0.001,510
0.051,0.001001,0.001,511
0.0511,0.001001,0.001001,512
0.0512,0.001001,0.001001,513
0.0513,0.001001,0.001001,514
0.0514,0.001001,0.001,515
0.0515,0.001001,0.001001,516
0.0516,0.001001,0.001001,517
0.0517,0.001001,0.001,518
0.0518,0.001001,0.001,519
0.0519,0.001001,0.001,520
0.052,0.001001,0.001001,521
0.0521,0.001001,0.001,522
0.0522,0.001001,0.001,523
0.0523,0.001001,0.001001,524
0.0524,0.001001,0.001001,525
0.0525,0.001001,0.001,526
0.0526,0.001001,0.001,527
0.0527,0.001001,0.001,528
0.0528,0.001001,0.001001,529
0.0529,0.001001,0.001001,530
0.053,0.001001,0.001,531
0.0531,0.001001,0.001,532
0.0532,0.001001,0.001001,533
0.0533,0.001001,0.001001,534
0.0534,0.001001,0.001,535
0.0535,0.001001,0.001,536
0.0536,0.001001,0.001001,537
0.0537,0.001001,0.001,538
0.0538,0.001001,0.001001,539
0.0539,0.001001,0.001,540
0.054,0.001001,0.001001,541
0.0541,0.001001,0.001001,542
0.0542,0.001001,0.001,543
0.0543,0.001001,0.001001,544
0.0544,0.001001,0.001001,545
0.0545,0.001001,0.001,546
0.0546,0.001001,0.001,547
0.0547,0.001001,0.001001,548
0.0548,0.001001,0.001,549
0.0549,0.001001,0.001,550
0.055,0.001001,0.001,551
0.0551,0.001001,0.001,552
0.0552,0.001001,0.001001,553
0.0553,0.001001,0.001001,554
0.0554,0.001001,0.001001,555
0.0555,0.001001,0.001,556
0.0556,0.001001,0.001,557
0.0557,0.001001,0.001001,558
0.0558,0.001001,0.001001,559
0.0559,0.001001,0.001,560
0.056,0.001001,0.001,561
0.0561,0.001001,0.001,562
0.0562,0.001001,0.001001,563
0.0563,0.001001,0.001001,564
0.0564,0.001001,0.001001,565
0.0565,0.001001,0.001,566
0.0566,0.001001,0.001,567
0.0567,0.001001,0.001001,568
0.0568,0.001001,0.001,569
0.0569,0.001001,0.001,570
0.057,0.001001,0.001001,571
0.0571,0.001001,0.001,572
0.0572,0.001001,0.001,573
0.0573,0.001001,0.001,574
0.0574,0.001001,0.001001,575
0.0575,0.001001,0.001001,576
0.0576,0.001001,0.001001,577
0.0577,0.001001,0.001,578
0.0578,0.001001,0.001,579
0.0579,0.001001,0.001,580
0.058,0.001001,0.001001,581
0.0581,0.001001,0.001001,582
0.0582,0.001001,0.001,583
0.0583,0.001001,0.001,584
0.0584,0.001001,0.001,585
0.0585,0.001001,0.001,586
0.0586,0.001001,0.001001,587
0.0587,0.001001,0.001,588
0.0588,0.001001,0.001,589
0.0589,0.001001,0.001,590
0.059,0.001001,0.001,591
0.0591,0.001001,0.001,592
0.0592,0.001001,0.001,593
0.0593,0.001001,0.001,594
0.0594,0.001001,0.001,595
0.0595,0.001001,0.001001,596
0.0596,0.001001,0.001,597
0.0597,0.001001,0.001001,598
0.0598,0.001001,0.001001,599
0.0599,0.001001,0.001001,600
0.06,0.001001,0.001001,601
0.0601,0.001001,0.001001,602
0.0602,0.001001,0.001001,603
0.0603,0.001001,0.001001,604
0.0604,0.001001,0.001001,605
0.0605,0.001001,0.001001,606
0.0606,0.001001,0.001,607
0.0607,0.001001,0.001,608
0.0608,0.001001,0.001001,609
0.0609,0.001001,0.001001,610
0.061,0.001001,0.001001,611
0.0611,0.001001,0.001001,612
0.0612,0.001001,0.001001,613
0.0613,0.001001,0.001001,614
0.0614,0.001001,0.001001,615
0.0615,0.001001,0.001,616
0.0616,0.001001,0.001001,617
0.0617,0.001001,0.001001,618
0.0618,0.001001,0.001,619
0.0619,0.001001,0.001,620
0.062,0.001001,0.001,621
0.0621,0.001001,0.001,622
0.0622,0.001001,0.001,623
0.0623,0.001001,0.001,624
0.0624,0.001001,0.001,625
0.0625,0.001001,0.001,626
0.0626,0.001001,0.001001,627
0.0627,0.001001,0.001,628
0.0628,0.001001,0.001,629
0.0629,0.001001,0.001001,630
0.063,0.001001,0.001,631
0.0631,0.001001,0.001,632
0.0632,0.001001,0.001,633
0.0633,0.001001,0.001001,634
0.0634,0.001001,0.001,635
0.0635,0.001001,0.001,636
0.0636,0.001001,0.001,637
0.0637,0.001001,0.001001,638
0.0638,0.001001,0.001,639
0.0639,0.001001,0.001,640
0.064,0.001001,0.001001,641
0.0641,0.001001,0.001,642
0.0642,0.001001,0.001001,643
0.0643,0.001001,0.001,644
0.0644,0.001001,0.001,645
0.0645,0.001001,0.001,646
0.0646,0.001001,0.001001,647
0.0647,0.001001,0.001001,648
0.0648,0.001001,0.001,649
0.0649,0.001001,0.001,650
0.065,0.001001,0.001001,651
0.0651,0.001001,0.001,652
0.0652,0.001001,0.001,653
0.0653,0.001001,0.001,654
0.0654,0.001001,0.001001,655
0.0655,0.001001,0.001001,656
0.0656,0.001001,0.001001,657
0.0657,0.001001,0.001001,658
0.0658,0.001001,0.001001,659
0.0659,0.001001,0.001,660
0.066,0.001001,0.001001,661
0.0661,0.001001,0.001001,662
0.0662,0.001001,0.001001,663
0.0663,0.001001,0.001,664
0.0664,0.001001,0.001,665
0.0665,0.001001,0.001,666
0.0666,0.001001,0.001,667
0.0667,0.001001,0.001,668
0.0668,0.001001,0.001,669
0.0669,0.001001,0.001001,670
0.067,0.001001,0.001001,671
0.0671,0.001001,0.001,672
0.0672,0.001001,0.001001,673
0.0673,0.001001,0.001,674
0.0674,0.001001,0.001001,675
0.0675,0.001001,0.001,676
0.0676,0.001001,0.001001,677
0.0677,0.001001,0.001001,678
0.0678,0.001001,0.001,679
0.0679,0.001001,0.001001,680
0.068,0.001001,0.001,681
0.0681,0.001001,0.001,682
0.0682,0.001001,0.001001,683
0.0683,0.001001,0.001001,684
0.0684,0.001001,0.001001,685
0.0685,0.001001,0.001001,686
0.0686,0.001001,0.001,687
0.0687,0.001001,0.001,688
0.0688,0.001001,0.001,689
0.0689,0.001001,0.001,690
0.069,0.001001,0.001001,691
0.0691,0.001001,0.001,692
0.0692,0.001001,0.001,693
0.0693,0.001001,0.001,694
0.0694,0.001001,0.001,695
0.0695,0.001001,0.001001,696
0.0696,0.001001,0.001,697
0.0697,0.001001,0.001001,698
0.0698,0.001001,0.001,699
0.0699,0.001001,0.001,700
0.07,0.001001,0.001001,701
0.0701,0.001001,0.001001,702
0.0702,0.001001,0.001001,703
0.0703,0.001001,0.001,704
0.0704,0.001001,0.001001,705
0.0705,0.001001,0.001,706
0.0706,0.001001,0.001001,707
0.0707,0.001001,0.001,708
0.0708,0.001001,0.001,709
0.0709,0.001001,0.001,710
0.071,0.001001,0.001,711
0.0711,0.001001,0.001001,712
0.0712,0.001001,0.001,713
0.0713,0.001001,0.001001,714
0.0714,0.001001,0.001001,715
0.0715,0.001001,0.001001,716
0.0716,0.001001,0.001001,717
0.0717,0.001001,0.001001,718
0.0718,0.001001,0.001,719
0.0719,0.001001,0.001001,720
0.072,0.001001,0.001,721
0.0721,0.001001,0.001001,722
0.0722,0.001001,0.001,723
0.0723,0.001001,0.001,724
0.0724,0.001001,0.001,725
0.0725,0.001001,0.001001,726
0.0726,0.001001,0.001,727
0.0727,0.001001,0.001001,728
0.0728,0.001001,0.001001,729
0.0729,0.001001,0.001,730
0.073,0.001001,0.001,731
0.0731,0.001001,0.001001,732
0.0732,0.001001,0.001,733
0.0733,0.001001,0.001001,734
0.0734,0.001001,0.001,735
0.0735,0.001001,0.001001,736
0.0736,0.001001,0.001001,737
0.0737,0.001001,0.001,738
0.0738,0.001001,0.001001,739
0.0739,0.001001,0.001,740
0.074,0.001001,0.001,741
0.0741,0.001001,0.001,742
0.0742,0.001001,0.001,743
0.0743,0.001001,0.001,744
0.0744,0.001001,0.001,745
0.0745,0.001001,0.001001,746
0.0746,0.001001,0.001,747
0.0747,0.001001,0.001001,748
0.0748,0.001001,0.001,749
0.0749,0.001001,0.001001,750
0.075,0.001001,0.001001,751
0.0751,0.001001,0.001001,752
0.0752,0.001001,0.001001,753
0.0753,0.001001,0.001,754
0.0754,0.001001,0.001,755
0.0755,0.001001,0.001001,756
0.0756,0.001001,0.001001,757
0.0757,0.001001,0.001,758
0.0758,0.001001,0.001,759
0.0759,0.001001,0.001001,760
0.076,0.001001,0.001,761
0.0761,0.001001,0.001,762
0.0762,0.001001,0.001,763
0.0763,0.001001,0.001,764
0.0764,0.001001,0.001001,765
0.0765,0.001001,0.001001,766
0.0766,0.001001,0.001,767
0.0767,0.001001,0.001001,768
0.0768,0.001001,0.001001,769
0.0769,0.001001,0.001001,770
0.077,0.001001,0.001,771
0.0771,0.001001,0.001001,772
0.0772,0.001001,0.001001,773
0.0773,0.001001,0.001,774
0.0774,0.001001,0.001001,775
0.0775,0.001001,0.001,776
0.0776,0.001001,0.001001,777
0.0777,0.001001,0.001,778
0.0778,0.001001,0.001001,779
0.0779,0.001001,0.001001,780
0.078,0.001001,0.001001,781
0.0781,0.001001,0.001,782
0.0782,0.001001,0.001001,783
0.0783,0.001001,0.001001,784
0.0784,0.001001,0.001,785
0.0785,0.001001,0.001001,786
0.0786,0.001001,0.001001,787
0.0787,0.001001,0.001001,788
0.0788,0.001001,0.001,789
0.0789,0.001001,0.001,790
0.079,0.001001,0.001,791
0.0791,0.001001,0.001001,792
0.0792,0.001001,0.001,793
0.0793,0.001001,0.001001,794
0.0794,0.001001,0.001001,795
0.0795,0.001001,0.001001,796
0.0796,0.001001,0.001,797
0.0797,0.001001,0.001001,798
0.0798,0.001001,0.001001,799
0.0799,0.001001,0.001001,800
0.08,0.001001,0.001,801
0.0801,0.001001,0.001,802
0.0802,0.001001,0.001,803
0.0803,0.001001,0.001001,804
0.0804,0.001001,0.001,805
0.0805,0.001001,0.001,806
0.0806,0.001001,0.001001,807
0.0807,0.001001,0.001001,808
0.0808,0.001001,0.001001,809
0.0809,0.001001,0.001001,810
0.081,0.001001,0.001,811
0.0811,0.001001,0.001,812
0.0812,0.001001,0.001001,813
0.0813,0.001001,0.001001,814
0.0814,0.001001,0.001,815
0.0815,0.001001,0.001,816
0.0816,0.001001,0.001,817
0.0817,0.001001,0.001001,818
0.0818,0.001001,0.001,819
0.0819,0.001001,0.001,820
0.082,0.001001,0.001,821
0.0821,0.001001,0.001001,822
0.0822,0.001001,0.001001,823
0.0823,0.001001,0.001001,824
0.0824,0.001001,0.001,825
0.0825,0.001001,0.001,826
0.0826,0.001001,0.001001,827
0.0827,0.001001,0.001001,828
0.0828,0.001001,0.001,829
0.0829,0.001001,0.001,830
0.083,0.001001,0.001001,831
0.0831,0.001001,0.001,832
0.0832,0.001001,0.001001,833
0.0833,0.001001,0.001001,834
0.0834,0.001001,0.001001,835
0.0835,0.001001,0.001001,836
0.0836,0.001001,0.001,837
0.0837,0.001001,0.001001,838
0.0838,0.001001,0.001001,839
0.0839,0.001001,0.001001,840
0.084,0.001001,0.001001,841
0.0841,0.001001,0.001001,842
0.0842,0.001001,0.001001,843
0.0843,0.001001,0.001,844
0.0844,0.001001,0.001001,845
0.0845,0.001001,0.001001,846
0.0846,0.001001,0.001,847
0.0847,0.001001,0.001,848
0.0848,0.001001,0.001,849
0.0849,0.001001,0.001001,850
0.085,0.001001,0.001001,851
0.0851,0.001001,0.001,852
0.0852,0.001001,0.001001,853
0.0853,0.001001,0.001001,854
0.0854,0.001001,0.001,855
0.0855,0.001001,0.001001,856
0.0856,0.001001,0.001001,857
0.0857,0.001001,0.001,858
0.0858,0.001001,0.001001,859
0.0859,0.001001,0.001,860
0.086,0.001001,0.001001,861
0.0861,0.001001,0.001001,862
0.0862,0.001001,0.001,863
0.0863,0.001001,0.001001,864
0.0864,0.001001,0.001001,865
0.0865,0.001001,0.001001,866
0.0866,0.001001,0.001,867
0.0867,0.001001,0.001001,868
0.0868,0.001001,0.001001,869
0.0869,0.001001,0.001001,870
0.087,0.001001,0.001001,871
0.0871,0.001001,0.001,872
0.0872,0.001001,0.001,873
0.0873,0.001001,0.001,874
0.0874,0.001001,0.001,875
0.0875,0.001001,0.001,876
0.0876,0.001001,0.001,877
0.0877,0.001001,0.001001,878
0.0878,0.001001,0.001001,879
0.0879,0.001001,0.001,880
0.088,0.001001,0.001001,881
0.0881,0.001001,0.001,882
0.0882,0.001001,0.001,883
0.0883,0.001001,0.001,884
0.0884,0.001001,0.001001,885
0.0885,0.001001,0.001001,886
0.0886,0.001001,0.001001,887
0.0887,0.001001,0.001001,888
0.0888,0.001001,0.001,889
0.0889,0.001001,0.001,890
0.089,0.001001,0.001,891
0.0891,0.001001,0.001,892
0.0892,0.001001,0.001001,893
0.0893,0.001001,0.001,894
0.0894,0.001001,0.001001,895
0.0895,0.001001,0.001001,896
0.0896,0.001001,0.001001,897
0.0897,0.001001,0.001001,898
0.0898,0.001001,0.001,899
0.0899,0.001001,0.001,900
0.09,0.001001,0.001,901
0.0901,0.001001,0.001,902
0.0902,0.001001,0.001001,903
0.0903,0.001001,0.001,904
0.0904,0.001001,0.001,905
0.0905,0.001001,0.001,906
0.0906,0.001001,0.001001,907
0.0907,0.001001,0.001001,908
0.0908,0.001001,0.001001,909
0.0909,0.001001,0.001,910
0.091,0.001001,0.001001,911
0.0911,0.001001,0.001001,912
0.0912,0.001001,0.001,913
0.0913,0.001001,0.001001,914
0.0914,0.001001,0.001001,915
0.0915,0.001001,0.001,916
0.0916,0.001001,0.001001,917
0.0917,0.001001,0.001,918
0.0918,0.001001,0.001001,919
0.0919,0.001001,0.001,920
0.092,0.001001,0.001,921
0.0921,0.001001,0.001,922
0.0922,0.001001,0.001,923
0.0923,0.001001,0.001,924
0.0924,0.001001,0.001,925
0.0925,0.001001,0.001001,926
0.0926,0.001001,0.001001,927
0.0927,0.001001,0.001,928
0.0928,0.001001,0.001001,929
0.0929,0.001001,0.001001,930
0.093,0.001001,0.001,931
0.0931,0.001001,0.001,932
0.0932,0.001001,0.001001,933
0.0933,0.001001,0.001,934
0.0934,0.001001,0.001,935
0.0935,0.001001,0.001,936
0.0936,0.001001,0.001,937
0.0937,0.001001,0.001,938
0.0938,0.001001,0.001,939
0.0939,0.001001,0.001,940
0.094,0.001001,0.001001,941
0.0941,0.001001,0.001001,942
0.0942,0.001001,0.001001,943
0.0943,0.001001,0.001001,944
0.0944,0.001001,0.001,945
0.0945,0.001001,0.001,946
0.0946,0.001001,0.001,947
0.0947,0.001001,0.001001,948
0.0948,0.001001,0.001001,949
0.0949,0.001001,0.001001,950
0.095,0.001001,0.001001,951
0.0951,0.001001,0.001,952
0.0952,0.001001,0.001001,953
0.0953,0.001001,0.001001,954
0.0954,0.001001,0.001001,955
0.0955,0.001001,0.001,956
0.0956,0.001001,0.001,957
0.0957,0.001001,0.001,958
0.0958,0.001001,0.001,959
0.0959,0.001001,0.001,960
0.096,0.001001,0.001,961
0.0961,0.001001,0.001001,962
0.0962,0.001001,0.001,963
0.0963,0.001001,0.001,964
0.0964,0.001001,0.001001,965
0.0965,0.001001,0.001001,966
0.0966,0.001001,0.001001,967
0.0967,0.001001,0.001001,968
0.0968,0.001001,0.001001,969
0.0969,0.001001,0.001001,970
0.097,0.001001,0.001,971
0.0971,0.001001,0.001,972
0.0972,0.001001,0.001001,973
0.0973,0.001001,0.001001,974
0.0974,0.001001,0.001001,975
0.0975,0.001001,0.001001,976
0.0976,0.001001,0.001001,977
0.0977,0.001001,0.001001,978
0.0978,0.001001,0.001001,979
0.0979,0.001001,0.001001,980
0.098,0.001001,0.001,981
0.0981,0.001001,0.001,982
0.0982,0.001001,0.001,983
0.0983,0.001001,0.001001,984
0.0984,0.001001,0.001,985
0.0985,0.001001,0.001,986
0.0986,0.001001,0.001001,987
0.0987,0.001001,0.001,988
0.0988,0.001001,0.001,989
0.0989,0.001001,0.001,990
0.099,0.001001,0.001,991
0.0991,0.001001,0.001001,992
0.0992,0.001001,0.001,993
0.0993,0.001001,0.001,994
0.0994,0.001001,0.001,995
0.0995,0.001001,0.001001,996
0.0996,0.001001,0.001,997
0.0997,0.001001,0.001,998
0.0998,0.001001,0.001,999
0.0999,0.001001,0.001001,1000
0.0,0.001003,0.001003,1
1e-04,0.001003,0.001002,2
0.0002,0.001003,0.001002,3
0.0003,0.001003,0.001002,4
0.0004,0.001003,0.001002,5
0.0005,0.001003,0.001003,6
0.0006,0.001003,0.001003,7
0.0007,0.001003,0.001003,8
0.0008,0.001003,0.001003,9
0.0009,0.001003,0.001002,10
0.001,0.001003,0.001002,11
0.0011,0.001003,0.001002,12
0.0012,0.001003,0.001003,13
0.0013,0.001003,0.001002,14
0.0014,0.001003,0.001003,15
0.0015,0.001003,0.001003,16
0.0016,0.001003,0.001003,17
0.0017,0.001003,0.001002,18
0.0018,0.001003,0.001003,19
0.0019,0.001003,0.001003,20
0.002,0.001003,0.001003,21
0.0021,0.001003,0.001002,22
0.0022,0.001003,0.001003,23
0.0023,0.001003,0.001002,24
0.0024,0.001003,0.001003,25
0.0025,0.001003,0.001002,26
0.0026,0.001003,0.001002,27
0.0027,0.001003,0.001003,28
0.0028,0.001003,0.001003,29
0.0029,0.001003,0.001002,30
0.003,0.001003,0.001002,31
0.0031,0.001003,0.001003,32
0.0032,0.001003,0.001003,33
0.0033,0.001003,0.001003,34
0.0034,0.001003,0.001003,35
0.0035,0.001003,0.001002,36
0.0036,0.001003,0.001002,37
0.0037,0.001003,0.001003,38
0.0038,0.001003,0.001002,39
0.0039,0.001003,0.001003,40
0.004,0.001003,0.001003,41
0.0041,0.001003,0.001002,42
0.0042,0.001003,0.001002,43
0.0043,0.001003,0.001003,44
0.0044,0.001003,0.001003,45
0.0045,0.001003,0.001002,46
0.0046,0.001003,0.001002,47
0.0047,0.001003,0.001002,48
0.0048,0.001003,0.001002,49
0.0049,0.001003,0.001002,50
0.005,0.001003,0.001003,51
0.0051,0.001003,0.001003,52
0.0052,0.001003,0.001003,53
0.0053,0.001003,0.001003,54
0.0054,0.001003,0.001003,55
0.0055,0.001003,0.001003,56
0.0056,0.001003,0.001003,57
0.0057,0.001003,0.001003,58
0.0058,0.001003,0.001003,59
0.0059,0.001003,0.001003,60
0.006,0.001003,0.001003,61
0.0061,0.001003,0.001002,62
0.0062,0.001003,0.001002,63
0.0063,0.001003,0.001003,64
0.0064,0.001003,0.001002,65
0.0065,0.001003,0.001002,66
0.0066,0.001003,0.001003,67
0.0067,0.001003,0.001002,68
0.0068,0.001003,0.001002,69
0.0069,0.001003,0.001002,70
0.007,0.001003,0.001003,71
0.0071,0.001003,0.001002,72
0.0072,0.001003,0.001002,73
0.0073,0.001003,0.001002,74
0.0074,0.001003,0.001003,75
0.0075,0.001003,0.001002,76
0.0076,0.001003,0.001003,77
0.0077,0.001003,0.001003,78
0.0078,0.001003,0.001003,79
0.0079,0.001003,0.001002,80
0.008,0.001003,0.001003,81
0.0081,0.001003,0.001003,82
0.0082,0.001003,0.001002,83
0.0083,0.001003,0.001002,84
0.0084,0.001003,0.001003,85
0.0085,0.001003,0.001002,86
0.0086,0.001003,0.001002,87
0.0087,0.001003,0.001003,88
0.0088,0.001003,0.001002,89
0.0089,0.001003,0.001003,90
0.009,0.001003,0.001003,91
0.0091,0.001003,0.001002,92
0.0092,0.001003,0.001002,93
0.0093,0.001003,0.001003,94
0.0094,0.001003,0.001003,95
0.0095,0.001003,0.001003,96
0.0096,0.001003,0.001002,97
0.0097,0.001003,0.001002,98
0.0098,0.001003,0.001002,99
0.0099,0.001003,0.001003,100
0.01,0.001003,0.001002,101
0.0101,0.001003,0.001003,102
0.0102,0.001003,0.001002,103
0.0103,0.001003,0.001003,104
0.0104,0.001003,0.001003,105
0.0105,0.001003,0.001002,106
0.0106,0.001003,0.001003,107
0.0107,0.001003,0.001002,108
0.0108,0.001003,0.001002,109
0.0109,0.001003,0.001002,110
0.011,0.001003,0.001003,111
0.0111,0.001003,0.001002,112
0.0112,0.001003,0.001003,113
0.0113,0.001003,0.001002,114
0.0114,0.001003,0.001003,115
0.0115,0.001003,0.001003,116
0.0116,0.001003,0.001003,117
0.0117,0.001003,0.001002,118
0.0118,0.001003,0.001002,119
0.0119,0.001003,0.001003,120
0.012,0.001003,0.001002,121
0.0121,0.001003,0.001002,122
0.0122,0.001003,0.001003,123
0.0123,0.001003,0.001002,124
0.0124,0.001003,0.001003,125
0.0125,0.001003,0.001002,126
0.0126,0.001003,0.001002,127
0.0127,0.001003,0.001002,128
0.0128,0.001003,0.001003,129
0.0129,0.001003,0.001003,130
0.013,0.001003,0.001002,131
0.0131,0.001003,0.001002,132
0.0132,0.001003,0.001003,133
0.0133,0.001003,0.001003,134
0.0134,0.001003,0.001002,135
0.0135,0.001003,0.001003,136
0.0136,0.001003,0.001003,137
0.0137,0.001003,0.001002,138
0.0138,0.001003,0.001003,139
0.0139,0.001003,0.001002,140
0.014,0.001003,0.001002,141
0.0141,0.001003,0.001002,142
0.0142,0.001003,0.001003,143
0.0143,0.001003,0.001002,144
0.0144,0.001003,0.001003,145
0.0145,0.001003,0.001003,146
0.0146,0.001003,0.001003,147
0.0147,0.001003,0.001002,148
0.0148,0.001003,0.001002,149
0.0149,0.001003,0.001003,150
0.015,0.001003,0.001002,151
0.0151,0.001003,0.001002,152
0.0152,0.001003,0.001003,153
0.0153,0.001003,0.001003,154
0.0154,0.001003,0.001002,155
0.0155,0.001003,0.001002,156
0.0156,0.001003,0.001003,157
0.0157,0.001003,0.001002,158
0.0158,0.001003,0.001003,159
0.0159,0.001003,0.001003,160
0.016,0.001003,0.001002,161
0.0161,0.001003,0.001002,162
0.0162,0.001003,0.001002,163
0.0163,0.001003,0.001003,164
0.0164,0.001003,0.001003,165
0.0165,0.001003,0.001003,166
0.0166,0.001003,0.001002,167
0.0167,0.001003,0.001002,168
0.0168,0.001003,0.001003,169
0.0169,0.001003,0.001002,170
0.017,0.001003,0.001003,171
0.0171,0.001003,0.001003,172
0.0172,0.001003,0.001003,173
0.0173,0.001003,0.001003,174
0.0174,0.001003,0.001003,175
0.0175,0.001003,0.001002,176
0.0176,0.001003,0.001002,177
0.0177,0.001003,0.001003,178
0.0178,0.001003,0.001002,179
0.0179,0.001003,0.001002,180
0.018,0.001003,0.001002,181
0.0181,0.001003,0.001003,182
0.0182,0.001003,0.001003,183
0.0183,0.001003,0.001002,184
0.0184,0.001003,0.001003,185
0.0185,0.001003,0.001002,186
0.0186,0.001003,0.001002,187
0.0187,0.001003,0.001002,188
0.0188,0.001003,0.001002,189
0.0189,0.001003,0.001003,190
0.019,0.001003,0.001002,191
0.0191,0.001003,0.001002,192
0.0192,0.001003,0.001003,193
0.0193,0.001003,0.001002,194
0.0194,0.001003,0.001003,195
0.0195,0.001003,0.001003,196
0.0196,0.001003,0.001002,197
0.0197,0.001003,0.001003,198
0.0198,0.001003,0.001002,199
0.0199,0.001003,0.001003,200
0.02,0.001003,0.001002,201
0.0201,0.001003,0.001003,202
0.0202,0.001003,0.001003,203
0.0203,0.001003,0.001002,204
0.0204,0.001003,0.001003,205
0.0205,0.001003,0.001002,206
0.0206,0.001003,0.001003,207
0.0207,0.001003,0.001003,208
0.0208,0.001003,0.001003,209
0.0209,0.001003,0.001002,210
0.021,0.001003,0.001002,211
0.0211,0.001003,0.001002,212
0.0212,0.001003,0.001003,213
0.0213,0.001003,0.001003,214
0.0214,0.001003,0.001003,215
0.0215,0.001003,0.001002,216
0.0216,0.001003,0.001003,217
0.0217,0.001003,0.001002,218
0.0218,0.001003,0.001002,219
0.0219,0.001003,0.001002,220
0.022,0.001003,0.001002,221
0.0221,0.001003,0.001002,222
0.0222,0.001003,0.001003,223
0.0223,0.001003,0.001002,224
0.0224,0.001003,0.001003,225
0.0225,0.001003,0.001003,226
0.0226,0.001003,0.001003,227
0.0227,0.001003,0.001003,228
0.0228,0.001003,0.001003,229
0.0229,0.001003,0.001003,230
0.023,0.001003,0.001003,231
0.0231,0.001003,0.001002,232
0.0232,0.001003,0.001002,233
0.0233,0.001003,0.001002,234
0.0234,0.001003,0.001002,235
0.0235,0.001003,0.001003,236
0.0236,0.001003,0.001003,237
0.0237,0.001003,0.001003,238
0.0238,0.001003,0.001003,239
0.0239,0.001003,0.001003,240
0.024,0.001003,0.001003,241
0.0241,0.001003,0.001003,242
0.0242,0.001003,0.001003,243
0.0243,0.001003,0.001003,244
0.0244,0.001003,0.001003,245
0.0245,0.001003,0.001002,246
0.0246,0.001003,0.001003,247
0.0247,0.001003,0.001003,248
0.0248,0.001003,0.001002,249
0.0249,0.001003,0.001002,250
0.025,0.001003,0.001002,251
0.0251,0.001003,0.001003,252
0.0252,0.001003,0.001003,253
0.0253,0.001003,0.001002,254
0.0254,0.001003,0.001002,255
0.0255,0.001003,0.001003,256
0.0256,0.001003,0.001003,257
0.0257,0.001003,0.001002,258
0.0258,0.001003,0.001002,259
0.0259,0.001003,0.001002,260
0.026,0.001003,0.001003,261
0.0261,0.001003,0.001002,262
0.0262,0.001003,0.001003,263
0.0263,0.001003,0.001002,264
0.0264,0.001003,0.001002,265
0.0265,0.001003,0.001003,266
0.0266,0.001003,0.001003,267
0.0267,0.001003,0.001002,268
0.0268,0.001003,0.001002,269
0.0269,0.001003,0.001002,270
0.027,0.001003,0.001002,271
0.0271,0.001003,0.001003,272
0.0272,0.001003,0.001003,273
0.0273,0.001003,0.001002,274
0.0274,0.001003,0.001003,275
0.0275,0.001003,0.001002,276
0.0276,0.001003,0.001002,277
0.0277,0.001003,0.001003,278
0.0278,0.001003,0.001002,279
0.0279,0.001003,0.001003,280
0.028,0.001003,0.001002,281
0.0281,0.001003,0.001002,282
0.0282,0.001003,0.001003,283
0.0283,0.001003,0.001003,284
0.0284,0.001003,0.001002,285
0.0285,0.001003,0.001003,286
0.0286,0.001003,0.001003,287
0.0287,0.001003,0.001003,288
0.0288,0.001003,0.001003,289
0.0289,0.001003,0.001002,290
0.029,0.001003,0.001002,291
0.0291,0.001003,0.001002,292
0.0292,0.001003,0.001002,293
0.0293,0.001003,0.001002,294
0.0294,0.001003,0.001002,295
0.0295,0.001003,0.001003,296
0.0296,0.001003,0.001002,297
0.0297,0.001003,0.001003,298
0.0298,0.001003,0.001003,299
0.0299,0.001003,0.001002,300
0.03,0.001003,0.001002,301
0.0301,0.001003,0.001002,302
0.0302,0.001003,0.001003,303
0.0303,0.001003,0.001003,304
0.0304,0.001003,0.001003,305
0.0305,0.001003,0.001002,306
0.0306,0.001003,0.001002,307
0.0307,0.001003,0.001003,308
0.0308,0.001003,0.001002,309
0.0309,0.001003,0.001003,310
0.031,0.001003,0.001003,311
0.0311,0.001003,0.001002,312
0.0312,0.001003,0.001003,313
0.0313,0.001003,0.001003,314
0.0314,0.001003,0.001003,315
0.0315,0.001003,0.001002,316
0.0316,0.001003,0.001003,317
0.0317,0.001003,0.001002,318
0.0318,0.001003,0.001002,319
0.0319,0.001003,0.001002,320
0.032,0.001003,0.001002,321
0.0321,0.001003,0.001003,322
0.0322,0.001003,0.001002,323
0.0323,0.001003,0.001002,324
0.0324,0.001003,0.001003,325
0.0325,0.001003,0.001002,326
0.0326,0.001003,0.001002,327
0.0327,0.001003,0.001002,328
0.0328,0.001003,0.001002,329
0.0329,0.001003,0.001003,330
0.033,0.001003,0.001002,331
0.0331,0.001003,0.001003,332
0.0332,0.001003,0.001002,333
0.0333,0.001003,0.001003,334
0.0334,0.001003,0.001002,335
0.0335,0.001003,0.001002,336
0.0336,0.001003,0.001002,337
0.0337,0.001003,0.001002,338
0.0338,0.001003,0.001003,339
0.0339,0.001003,0.001003,340
0.034,0.001003,0.001003,341
0.0341,0.001003,0.001003,342
0.0342,0.001003,0.001002,343
0.0343,0.001003,0.001003,344
0.0344,0.001003,0.001003,345
0.0345,0.001003,0.001003,346
0.0346,0.001003,0.001002,347
0.0347,0.001003,0.001003,348
0.0348,0.001003,0.001003,349
0.0349,0.001003,0.001003,350
0.035,0.001003,0.001002,351
0.0351,0.001003,0.001003,352
0.0352,0.001003,0.001003,353
0.0353,0.001003,0.001002,354
0.0354,0.001003,0.001003,355
0.0355,0.001003,0.001002,356
0.0356,0.001003,0.001003,357
0.0357,0.001003,0.001003,358
0.0358,0.001003,0.001002,359
0.0359,0.001003,0.001003,360
0.036,0.001003,0.001002,361
0.0361,0.001003,0.001002,362
0.0362,0.001003,0.001002,363
0.0363,0.001003,0.001002,364
0.0364,0.001003,0.001002,365
0.0365,0.001003,0.001003,366
0.0366,0.001003,0.001002,367
0.0367,0.001003,0.001003,368
0.0368,0.001003,0.001002,369
0.0369,0.001003,0.001003,370
0.037,0.001003,0.001002,371
0.0371,0.001003,0.001002,372
0.0372,0.001003,0.001002,373
0.0373,0.001003,0.001002,374
0.0374,0.001003,0.001003,375
0.0375,0.001003,0.001002,376
0.0376,0.001003,0.001003,377
0.0377,0.001003,0.001003,378
0.0378,0.001003,0.001002,379
0.0379,0.001003,0.001003,380
0.038,0.001003,0.001002,381
0.0381,0.001003,0.001003,382
0.0382,0.001003,0.001002,383
0.0383,0.001003,0.001002,384
0.0384,0.001003,0.001002,385
0.0385,0.001003,0.001003,386
0.0386,0.001003,0.001002,387
0.0387,0.001003,0.001002,388
0.0388,0.001003,0.001003,389
0.0389,0.001003,0.001002,390
0.039,0.001003,0.001002,391
0.0391,0.001003,0.001002,392
0.0392,0.001003,0.001003,393
0.0393,0.001003,0.001002,394
0.0394,0.001003,0.001003,395
0.0395,0.001003,0.001002,396
0.0396,0.001003,0.001002,397
0.0397,0.001003,0.001003,398
0.0398,0.001003,0.001003,399
0.0399,0.001003,0.001003,400
0.04,0.001003,0.001003,401
0.0401,0.001003,0.001003,402
0.0402,0.001003,0.001002,403
0.0403,0.001003,0.001002,404
0.0404,0.001003,0.001003,405
0.0405,0.001003,0.001002,406
0.0406,0.001003,0.001002,407
0.0407,0.001003,0.001002,408
0.0408,0.001003,0.001002,409
0.0409,0.001003,0.001003,410
0.041,0.001003,0.001003,411
0.0411,0.001003,0.001003,412
0.0412,0.001003,0.001003,413
0.0413,0.001003,0.001003,414
0.0414,0.001003,0.001003,415
0.0415,0.001003,0.001003,416
0.0416,0.001003,0.001003,417
0.0417,0.001003,0.001003,418
0.0418,0.001003,0.001002,419
0.0419,0.001003,0.001003,420
0.042,0.001003,0.001002,421
0.0421,0.001003,0.001003,422
0.0422,0.001003,0.001003,423
0.0423,0.001003,0.001002,424
0.0424,0.001003,0.001003,425
0.0425,0.001003,0.001002,426
0.0426,0.001003,0.001002,427
0.0427,0.001003,0.001002,428
0.0428,0.001003,0.001002,429
0.0429,0.001003,0.001003,430
0.043,0.001003,0.001002,431
0.0431,0.001003,0.001002,432
0.0432,0.001003,0.001003,433
0.0433,0.001003,0.001003,434
0.0434,0.001003,0.001003,435
0.0435,0.001003,0.001002,436
0.0436,0.001003,0.001002,437
0.0437,0.001003,0.001002,438
0.0438,0.001003,0.001003,439
0.0439,0.001003,0.001002,440
0.044,0.001003,0.001003,441
0.0441,0.001003,0.001003,442
0.0442,0.001003,0.001003,443
0.0443,0.001003,0.001002,444
0.0444,0.001003,0.001003,445
0.0445,0.001003,0.001003,446
0.0446,0.001003,0.001003,447
0.0447,0.001003,0.001003,448
0.0448,0.001003,0.001003,449
0.0449,0.001003,0.001003,450
0.045,0.001003,0.001003,451
0.0451,0.001003,0.001002,452
0.0452,0.001003,0.001002,453
0.0453,0.001003,0.001003,454
0.0454,0.001003,0.001002,455
0.0455,0.001003,0.001003,456
0.0456,0.001003,0.001002,457
0.0457,0.001003,0.001002,458
0.0458,0.001003,0.001003,459
0.0459,0.001003,0.001002,460
0.046,0.001003,0.001003,461
0.0461,0.001003,0.001002,462
0.0462,0.001003,0.001002,463
0.0463,0.001003,0.001003,464
0.0464,0.001003,0.001003,465
0.0465,0.001003,0.001003,466
0.0466,0.001003,0.001002,467
0.0467,0.001003,0.001003,468
0.0468,0.001003,0.001003,469
0.0469,0.001003,0.001003,470
0.047,0.001003,0.001002,471
0.0471,0.001003,0.001002,472
0.0472,0.001003,0.001003,473
0.0473,0.001003,0.001002,474
0.0474,0.001003,0.001003,475
0.0475,0.001003,0.001002,476
0.0476,0.001003,0.001002,477
0.0477,0.001003,0.001002,478
0.0478,0.001003,0.001002,479
0.0479,0.001003,0.001003,480
0.048,0.001003,0.001003,481
0.0481,0.001003,0.001002,482
0.0482,0.001003,0.001002,483
0.0483,0.001003,0.001003,484
0.0484,0.001003,0.001003,485
0.0485,0.001003,0.001002,486
0.0486,0.001003,0.001003,487
0.0487,0.001003,0.001002,488
0.0488,0.001003,0.001003,489
0.0489,0.001003,0.001003,490
0.049,0.001003,0.001003,491
0.0491,0.001003,0.001002,492
0.0492,0.001003,0.001002,493
0.0493,0.001003,0.001003,494
0.0494,0.001003,0.001002,495
0.0495,0.001003,0.001002,496
0.0496,0.001003,0.001003,497
0.0497,0.001003,0.001003,498
0.0498,0.001003,0.001002,499
0.0499,0.001003,0.001003,500
0.05,0.001003,0.001002,501
0.0501,0.001003,0.001003,502
0.0502,0.001003,0.001003,503
0.0503,0.001003,0.001002,504
0.0504,0.001003,0.001003,505
0.0505,0.001003,0.001002,506
0.0506,0.001003,0.001002,507
0.0507,0.001003,0.001003,508
0.0508,0.001003,0.001002,509
0.0509,0.001003,0.001003,510
0.051,0.001003,0.001003,511
0.0511,0.001003,0.001002,512
0.0512,0.001003,0.001002,513
0.0513,0.001003,0.001003,514
0.0514,0.001003,0.001002,515
0.0515,0.001003,0.001003,516
0.0516,0.001003,0.001003,517
0.0517,0.001003,0.001002,518
0.0518,0.001003,0.001003,519
0.0519,0.001003,0.001002,520
0.052,0.001003,0.001003,521
0.0521,0.001003,0.001003,522
0.0522,0.001003,0.001002,523
0.0523,0.001003,0.001002,524
0.0524,0.001003,0.001002,525
0.0525,0.001003,0.001002,526
0.0526,0.001003,0.001003,527
0.0527,0.001003,0.001002,528
0.0528,0.001003,0.001002,529
0.0529,0.001003,0.001003,530
0.053,0.001003,0.001003,531
0.0531,0.001003,0.001002,532
0.0532,0.001003,0.001003,533
0.0533,0.001003,0.001002,534
0.0534,0.001003,0.001002,535
0.0535,0.001003,0.001002,536
0.0536,0.001003,0.001002,537
0.0537,0.001003,0.001003,538
0.0538,0.001003,0.001002,539
0.0539,0.001003,0.001003,540
0.054,0.001003,0.001002,541
0.0541,0.001003,0.001002,542
0.0542,0.001003,0.001002,543
0.0543,0.001003,0.001003,544
0.0544,0.001003,0.001002,545
0.0545,0.001003,0.001003,546
0.0546,0.001003,0.001002,547
0.0547,0.001003,0.001002,548
0.0548,0.001003,0.001003,549
0.0549,0.001003,0.001003,550
0.055,0.001003,0.001003,551
0.0551,0.001003,0.001003,552
0.0552,0.001003,0.001003,553
0.0553,0.001003,0.001003,554
0.0554,0.001003,0.001003,555
0.0555,0.001003,0.001002,556
0.0556,0.001003,0.001002,557
0.0557,0.001003,0.001002,558
0.0558,0.001003,0.001003,559
0.0559,0.001003,0.001002,560
0.056,0.001003,0.001002,561
0.0561,0.001003,0.001002,562
0.0562,0.001003,0.001002,563
0.0563,0.001003,0.001002,564
0.0564,0.001003,0.001002,565
0.0565,0.001003,0.001002,566
0.0566,0.001003,0.001003,567
0.0567,0.001003,0.001002,568
0.0568,0.001003,0.001002,569
0.0569,0.001003,0.001003,570
0.057,0.001003,0.001003,571
0.0571,0.001003,0.001002,572
0.0572,0.001003,0.001003,573
0.0573,0.001003,0.001003,574
0.0574,0.001003,0.001003,575
0.0575,0.001003,0.001002,576
0.0576,0.001003,0.001003,577
0.0577,0.001003,0.001003,578
0.0578,0.001003,0.001002,579
0.0579,0.001003,0.001002,580
0.058,0.001003,0.001002,581
0.0581,0.001003,0.001003,582
0.0582,0.001003,0.001002,583
0.0583,0.001003,0.001002,584
0.0584,0.001003,0.001003,585
0.0585,0.001003,0.001002,586
0.0586,0.001003,0.001002,587
0.0587,0.001003,0.001002,588
0.0588,0.001003,0.001003,589
0.0589,0.001003,0.001003,590
0.059,0.001003,0.001003,591
0.0591,0.001003,0.001002,592
0.0592,0.001003,0.001003,593
0.0593,0.001003,0.001003,594
0.0594,0.001003,0.001002,595
0.0595,0.001003,0.001002,596
0.0596,0.001003,0.001003,597
0.0597,0.001003,0.001003,598
0.0598,0.001003,0.001002,599
0.0599,0.001003,0.001002,600
0.06,0.001003,0.001003,601
0.0601,0.001003,0.001003,602
0.0602,0.001003,0.001003,603
0.0603,0.001003,0.001003,604
0.0604,0.001003,0.001002,605
0.0605,0.001003,0.001002,606
0.0606,0.001003,0.001002,607
0.0607,0.001003,0.001002,608
0.0608,0.001003,0.001002,609
0.0609,0.001003,0.001002,610
0.061,0.001003,0.001003,611
0.0611,0.001003,0.001003,612
0.0612,0.001003,0.001003,613
0.0613,0.001003,0.001002,614
0.0614,0.001003,0.001003,615
0.0615,0.001003,0.001002,616
0.0616,0.001003,0.001002,617
0.0617,0.001003,0.001002,618
0.0618,0.001003,0.001002,619
0.0619,0.001003,0.001002,620
0.062,0.001003,0.001003,621
0.0621,0.001003,0.001003,622
0.0622,0.001003,0.001003,623
0.0623,0.001003,0.001003,624
0.0624,0.001003,0.001003,625
0.0625,0.001003,0.001003,626
0.0626,0.001003,0.001003,627
0.0627,0.001003,0.001003,628
0.0628,0.001003,0.001002,629
0.0629,0.001003,0.001003,630
0.063,0.001003,0.001003,631
0.0631,0.001003,0.001002,632
0.0632,0.001003,0.001002,633
0.0633,0.001003,0.001002,634
0.0634,0.001003,0.001002,635
0.0635,0.001003,0.001003,636
0.0636,0.001003,0.001002,637
0.0637,0.001003,0.001002,638
0.0638,0.001003,0.001002,639
0.0639,0.001003,0.001002,640
0.064,0.001003,0.001002,641
0.0641,0.001003,0.001002,642
0.0642,0.001003,0.001003,643
0.0643,0.001003,0.001003,644
0.0644,0.001003,0.001003,645
0.0645,0.001003,0.001003,646
0.0646,0.001003,0.001003,647
0.0647,0.001003,0.001002,648
0.0648,0.001003,0.001002,649
0.0649,0.001003,0.001003,650
0.065,0.001003,0.001003,651
0.0651,0.001003,0.001002,652
0.0652,0.001003,0.001003,653
0.0653,0.001003,0.001003,654
0.0654,0.001003,0.001003,655
0.0655,0.001003,0.001002,656
0.0656,0.001003,0.001003,657
0.0657,0.001003,0.001002,658
0.0658,0.001003,0.001003,659
0.0659,0.001003,0.001002,660
0.066,0.001003,0.001002,661
0.0661,0.001003,0.001002,662
0.0662,0.001003,0.001002,663
0.0663,0.001003,0.001002,664
0.0664,0.001003,0.001002,665
0.0665,0.001003,0.001002,666
0.0666,0.001003,0.001003,667
0.0667,0.001003,0.001002,668
0.0668,0.001003,0.001003,669
0.0669,0.001003,0.001002,670
0.067,0.001003,0.001002,671
0.0671,0.001003,0.001002,672
0.0672,0.001003,0.001003,673
0.0673,0.001003,0.001002,674
0.0674,0.001003,0.001002,675
0.0675,0.001003,0.001003,676
0.0676,0.001003,0.001002,677
0.0677,0.001003,0.001003,678
0.0678,0.001003,0.001003,679
0.0679,0.001003,0.001002,680
0.068,0.001003,0.001003,681
0.0681,0.001003,0.001003,682
0.0682,0.001003,0.001003,683
0.0683,0.001003,0.001002,684
0.0684,0.001003,0.001002,685
0.0685,0.001003,0.001003,686
0.0686,0.001003,0.001002,687
0.0687,0.001003,0.001002,688
0.0688,0.001003,0.001002,689
0.0689,0.001003,0.001002,690
0.069,0.001003,0.001002,691
0.0691,0.001003,0.001002,692
0.0692,0.001003,0.001002,693
0.0693,0.001003,0.001002,694
0.0694,0.001003,0.001002,695
0.0695,0.001003,0.001002,696
0.0696,0.001003,0.001003,697
0.0697,0.001003,0.001003,698
0.0698,0.001003,0.001003,699
0.0699,0.001003,0.001002,700
0.07,0.001003,0.001002,701
0.0701,0.001003,0.001003,702
0.0702,0.001003,0.001003,703
0.0703,0.001003,0.001002,704
0.0704,0.001003,0.001002,705
0.0705,0.001003,0.001003,706
0.0706,0.001003,0.001003,707
0.0707,0.001003,0.001002,708
0.0708,0.001003,0.001002,709
0.0709,0.001003,0.001003,710
0.071,0.001003,0.001003,711
0.0711,0.001003,0.001002,712
0.0712,0.001003,0.001002,713
0.0713,0.001003,0.001002,714
0.0714,0.001003,0.001002,715
0.0715,0.001003,0.001002,716
0.0716,0.001003,0.001002,717
0.0717,0.001003,0.001003,718
0.0718,0.001003,0.001003,719
0.0719,0.001003,0.001002,720
0.072,0.001003,0.001003,721
0.0721,0.001003,0.001002,722
0.0722,0.001003,0.001002,723
0.0723,0.001003,0.001003,724
0.0724,0.001003,0.001002,725
0.0725,0.001003,0.001002,726
0.0726,0.001003,0.001002,727
0.0727,0.001003,0.001003,728
0.0728,0.001003,0.001002,729
0.0729,0.001003,0.001003,730
0.073,0.001003,0.001003,731
0.0731,0.001003,0.001003,732
0.0732,0.001003,0.001002,733
0.0733,0.001003,0.001003,734
0.0734,0.001003,0.001002,735
0.0735,0.001003,0.001003,736
0.0736,0.001003,0.001002,737
0.0737,0.001003,0.001002,738
0.0738,0.001003,0.001002,739
0.0739,0.001003,0.001002,740
0.074,0.001003,0.001003,741
0.0741,0.001003,0.001002,742
0.0742,0.001003,0.001002,743
0.0743,0.001003,0.001003,744
0.0744,0.001003,0.001003,745
0.0745,0.001003,0.001002,746
0.0746,0.001003,0.001003,747
0.0747,0.001003,0.001002,748
0.0748,0.001003,0.001003,749
0.0749,0.001003,0.001002,750
0.075,0.001003,0.001002,751
0.0751,0.001003,0.001003,752
0.0752,0.001003,0.001003,753
0.0753,0.001003,0.001003,754
0.0754,0.001003,0.001003,755
0.0755,0.001003,0.001003,756
0.0756,0.001003,0.001003,757
0.0757,0.001003,0.001002,758
0.0758,0.001003,0.001003,759
0.0759,0.001003,0.001003,760
0.076,0.001003,0.001003,761
0.0761,0.001003,0.001003,762
0.0762,0.001003,0.001003,763
0.0763,0.001003,0.001003,764
0.0764,0.001003,0.001003,765
0.0765,0.001003,0.001003,766
0.0766,0.001003,0.001002,767
0.0767,0.001003,0.001003,768
0.0768,0.001003,0.001003,769
0.0769,0.001003,0.001002,770
0.077,0.001003,0.001002,771
0.0771,0.001003,0.001002,772
0.0772,0.001003,0.001003,773
0.0773,0.001003,0.001002,774
0.0774,0.001003,0.001002,775
0.0775,0.001003,0.001002,776
0.0776,0.001003,0.001003,777
0.0777,0.001003,0.001003,778
0.0778,0.001003,0.001003,779
0.0779,0.001003,0.001003,780
0.078,0.001003,0.001002,781
0.0781,0.001003,0.001002,782
0.0782,0.001003,0.001003,783
0.0783,0.001003,0.001003,784
0.0784,0.001003,0.001002,785
0.0785,0.001003,0.001003,786
0.0786,0.001003,0.001002,787
0.0787,0.001003,0.001003,788
0.0788,0.001003,0.001002,789
0.0789,0.001003,0.001002,790
0.079,0.001003,0.001003,791
0.0791,0.001003,0.001003,792
0.0792,0.001003,0.001003,793
0.0793,0.001003,0.001003,794
0.0794,0.001003,0.001003,795
0.0795,0.001003,0.001002,796
0.0796,0.001003,0.001003,797
0.0797,0.001003,0.001003,798
0.0798,0.001003,0.001002,799
0.0799,0.001003,0.001003,800
0.08,0.001003,0.001002,801
0.0801,0.001003,0.001003,802
0.0802,0.001003,0.001002,803
0.0803,0.001003,0.001003,804
0.0804,0.001003,0.001002,805
0.0805,0.001003,0.001003,806
0.0806,0.001003,0.001002,807
0.0807,0.001003,0.001003,808
0.0808,0.001003,0.001002,809
0.0809,0.001003,0.001003,810
0.081,0.001003,0.001002,811
0.0811,0.001003,0.001003,812
0.0812,0.001003,0.001003,813
0.0813,0.001003,0.001002,814
0.0814,0.001003,0.001002,815
0.0815,0.001003,0.001002,816
0.0816,0.001003,0.001002,817
0.0817,0.001003,0.001002,818
0.0818,0.001003,0.001002,819
0.0819,0.001003,0.001002,820
0.082,0.001003,0.001003,821
0.0821,0.001003,0.001002,822
0.0822,0.001003,0.001003,823
0.0823,0.001003,0.001002,824
0.0824,0.001003,0.001002,825
0.0825,0.001003,0.001002,826
0.0826,0.001003,0.001003,827
0.0827,0.001003,0.001003,828
0.0828,0.001003,0.001002,829
0.0829,0.001003,0.001002,830
0.083,0.001003,0.001003,831
0.0831,0.001003,0.001002,832
0.0832,0.001003,0.001003,833
0.0833,0.001003,0.001002,834
0.0834,0.001003,0.001002,835
0.0835,0.001003,0.001002,836
0.0836,0.001003,0.001002,837
0.0837,0.001003,0.001002,838
0.0838,0.001003,0.001003,839
0.0839,0.001003,0.001002,840
0.084,0.001003,0.001003,841
0.0841,0.001003,0.001002,842
0.0842,0.001003,0.001003,843
0.0843,0.001003,0.001003,844
0.0844,0.001003,0.001003,845
0.0845,0.001003,0.001003,846
0.0846,0.001003,0.001002,847
0.0847,0.001003,0.001002,848
0.0848,0.001003,0.001003,849
0.0849,0.001003,0.001002,850
0.085,0.001003,0.001003,851
0.0851,0.001003,0.001003,852
0.0852,0.001003,0.001003,853
0.0853,0.001003,0.001002,854
0.0854,0.001003,0.001002,855
0.0855,0.001003,0.001002,856
0.0856,0.001003,0.001003,857
0.0857,0.001003,0.001003,858
0.0858,0.001003,0.001003,859
0.0859,0.001003,0.001002,860
0.086,0.001003,0.001002,861
0.0861,0.001003,0.001002,862
0.0862,0.001003,0.001003,863
0.0863,0.001003,0.001003,864
0.0864,0.001003,0.001002,865
0.0865,0.001003,0.001002,866
0.0866,0.001003,0.001003,867
0.0867,0.001003,0.001002,868
0.0868,0.001003,0.001003,869
0.0869,0.001003,0.001003,870
0.087,0.001003,0.001003,871
0.0871,0.001003,0.001003,872
0.0872,0.001003,0.001002,873
0.0873,0.001003,0.001003,874
0.0874,0.001003,0.001003,875
0.0875,0.001003,0.001003,876
0.0876,0.001003,0.001003,877
0.0877,0.001003,0.001003,878
0.0878,0.001003,0.001003,879
0.0879,0.001003,0.001002,880
0.088,0.001003,0.001003,881
0.0881,0.001003,0.001003,882
0.0882,0.001003,0.001002,883
0.0883,0.001003,0.001002,884
0.0884,0.001003,0.001002,885
0.0885,0.001003,0.001003,886
0.0886,0.001003,0.001003,887
0.0887,0.001003,0.001003,888
0.0888,0.001003,0.001002,889
0.0889,0.001003,0.001003,890
0.089,0.001003,0.001002,891
0.0891,0.001003,0.001003,892
0.0892,0.001003,0.001002,893
0.0893,0.001003,0.001002,894
0.0894,0.001003,0.001003,895
0.0895,0.001003,0.001003,896
0.0896,0.001003,0.001003,897
0.0897,0.001003,0.001002,898
0.0898,0.001003,0.001002,899
0.0899,0.001003,0.001002,900
0.09,0.001003,0.001003,901
0.0901,0.001003,0.001003,902
0.0902,0.001003,0.001003,903
0.0903,0.001003,0.001002,904
0.0904,0.001003,0.001003,905
0.0905,0.001003,0.001003,906
0.0906,0.001003,0.001003,907
0.0907,0.001003,0.001002,908
0.0908,0.001003,0.001003,909
0.0909,0.001003,0.001003,910
0.091,0.001003,0.001002,911
0.0911,0.001003,0.001002,912
0.0912,0.001003,0.001003,913
0.0913,0.001003,0.001002,914
0.0914,0.001003,0.001002,915
0.0915,0.001003,0.001003,916
0.0916,0.001003,0.001002,917
0.0917,0.001003,0.001003,918
0.0918,0.001003,0.001003,919
0.0919,0.001003,0.001002,920
0.092,0.001003,0.001003,921
0.0921,0.001003,0.001003,922
0.0922,0.001003,0.001002,923
0.0923,0.001003,0.001002,924
0.0924,0.001003,0.001003,925
0.0925,0.001003,0.001003,926
0.0926,0.001003,0.001003,927
0.0927,0.001003,0.001003,928
0.0928,0.001003,0.001003,929
0.0929,0.001003,0.001002,930
0.093,0.001003,0.001002,931
0.0931,0.001003,0.001002,932
0.0932,0.001003,0.001003,933
0.0933,0.001003,0.001003,934
0.0934,0.001003,0.001002,935
0.0935,0.001003,0.001003,936
0.0936,0.001003,0.001002,937
0.0937,0.001003,0.001002,938
0.0938,0.001003,0.001002,939
0.0939,0.001003,0.001002,940
0.094,0.001003,0.001003,941
0.0941,0.001003,0.001003,942
0.0942,0.001003,0.001002,943
0.0943,0.001003,0.001003,944
0.0944,0.001003,0.001003,945
0.0945,0.001003,0.001002,946
0.0946,0.001003,0.001003,947
0.0947,0.001003,0.001003,948
0.0948,0.001003,0.001002,949
0.0949,0.001003,0.001003,950
0.095,0.001003,0.001002,951
0.0951,0.001003,0.001003,952
0.0952,0.001003,0.001002,953
0.0953,0.001003,0.001002,954
0.0954,0.001003,0.001003,955
0.0955,0.001003,0.001003,956
0.0956,0.001003,0.001003,957
0.0957,0.001003,0.001002,958
0.0958,0.001003,0.001002,959
0.0959,0.001003,0.001002,960
0.096,0.001003,0.001002,961
0.0961,0.001003,0.001002,962
0.0962,0.001003,0.001003,963
0.0963,0.001003,0.001003,964
0.0964,0.001003,0.001002,965
0.0965,0.001003,0.001002,966
0.0966,0.001003,0.001002,967
0.0967,0.001003,0.001003,968
0.0968,0.001003,0.001003,969
0.0969,0.001003,0.001003,970
0.097,0.001003,0.001002,971
0.0971,0.001003,0.001002,972
0.0972,0.001003,0.001003,973
0.0973,0.001003,0.001003,974
0.0974,0.001003,0.001003,975
0.0975,0.001003,0.001003,976
0.0976,0.001003,0.001003,977
0.0977,0.001003,0.001002,978
0.0978,0.001003,0.001002,979
0.0979,0.001003,0.001002,980
0.098,0.001003,0.001002,981
0.0981,0.001003,0.001002,982
0.0982,0.001003,0.001002,983
0.0983,0.001003,0.001002,984
0.0984,0.001003,0.001002,985
0.0985,0.001003,0.001002,986
0.0986,0.001003,0.001002,987
0.0987,0.001003,0.001002,988
0.0988,0.001003,0.001002,989
0.0989,0.001003,0.001003,990
0.099,0.001003,0.001003,991
0.0991,0.001003,0.001003,992
0.0992,0.001003,0.001003,993
0.0993,0.001003,0.001002,994
0.0994,0.001003,0.001003,995
0.0995,0.001003,0.001002,996
0.0996,0.001003,0.001002,997
0.0997,0.001003,0.001003,998
0.0998,0.001003,0.001002,999
0.0999,0.001003,0.001003,1000
