tempo,x_referencia,y_instrumento
0.0,0.0,-0.087890625
0.016666666666666666,0.0087890625,0.0
0.03333333333333333,0.017578125,0.0
0.05,0.0263671875,0.0
0.06666666666666667,0.03515625,0.0
0.08333333333333333,0.0439453125,0.0
0.1,0.052734375,0.0
0.11666666666666667,0.0615234375,0.0
0.13333333333333333,0.0703125,0.0
0.15,0.0791015625,0.087890625
0.16666666666666666,0.087890625,0.0
0.18333333333333332,0.0966796875,0.087890625
0.2,0.10546875,0.087890625
0.21666666666666667,0.1142578125,0.087890625
0.23333333333333334,0.123046875,0.087890625
0.25,0.1318359375,0.087890625
0.26666666666666666,0.140625,0.087890625
0.2833333333333333,0.1494140625,0.087890625
0.3,0.158203125,0.087890625
0.31666666666666665,0.1669921875,0.17578125
0.3333333333333333,0.17578125,0.17578125
0.35,0.1845703125,0.17578125
0.36666666666666664,0.193359375,0.087890625
0.38333333333333336,0.2021484375,0.17578125
0.4,0.2109375,0.17578125
0.4166666666666667,0.2197265625,0.17578125
0.43333333333333335,0.228515625,0.17578125
0.45,0.2373046875,0.17578125
0.4666666666666667,0.24609375,0.17578125
0.48333333333333334,0.2548828125,0.17578125
0.5,0.263671875,0.17578125
0.5166666666666667,0.2724609375,0.263671875
0.5333333333333333,0.28125,0.263671875
0.55,0.2900390625,0.263671875
0.5666666666666667,0.298828125,0.263671875
0.5833333333333334,0.3076171875,0.263671875
0.6,0.31640625,0.263671875
0.6166666666666667,0.3251953125,0.263671875
0.6333333333333333,0.333984375,0.263671875
0.65,0.3427734375,0.263671875
0.6666666666666666,0.3515625,0.3515625
0.6833333333333333,0.3603515625,0.3515625
0.7,0.369140625,0.3515625
0.7166666666666667,0.3779296875,0.3515625
0.7333333333333333,0.38671875,0.3515625
0.75,0.3955078125,0.3515625
0.7666666666666667,0.404296875,0.3515625
0.7833333333333333,0.4130859375,0.3515625
0.8,0.421875,0.3515625
0.8166666666666667,0.4306640625,0.439453125
0.8333333333333334,0.439453125,0.439453125
0.85,0.4482421875,0.439453125
0.8666666666666667,0.45703125,0.439453125
0.8833333333333333,0.4658203125,0.439453125
0.9,0.474609375,0.439453125
0.9166666666666666,0.4833984375,0.439453125
0.9333333333333333,0.4921875,0.439453125
0.95,0.5009765625,0.439453125
0.9666666666666667,0.509765625,0.52734375
0.9833333333333333,0.5185546875,0.439453125
1.0,0.52734375,0.52734375
1.0166666666666666,0.5361328125,0.52734375
1.0333333333333334,0.544921875,0.52734375
1.05,0.5537109375,0.52734375
1.0666666666666667,0.5625,0.52734375
1.0833333333333333,0.5712890625,0.52734375
1.1,0.580078125,0.52734375
1.1166666666666667,0.5888671875,0.52734375
1.1333333333333333,0.59765625,0.615234375
1.15,0.6064453125,0.52734375
1.1666666666666667,0.615234375,0.52734375
1.1833333333333333,0.6240234375,0.52734375
1.2,0.6328125,0.615234375
1.2166666666666666,0.6416015625,0.615234375
1.2333333333333334,0.650390625,0.615234375
1.25,0.6591796875,0.615234375
1.2666666666666666,0.66796875,0.615234375
1.2833333333333334,0.6767578125,0.615234375
1.3,0.685546875,0.703125
1.3166666666666667,0.6943359375,0.703125
1.3333333333333333,0.703125,0.703125
1.35,0.7119140625,0.615234375
1.3666666666666667,0.720703125,0.615234375
1.3833333333333333,0.7294921875,0.703125
1.4,0.73828125,0.703125
1.4166666666666667,0.7470703125,0.703125
1.4333333333333333,0.755859375,0.703125
1.45,0.7646484375,0.703125
1.4666666666666666,0.7734375,0.703125
1.4833333333333334,0.7822265625,0.791015625
1.5,0.791015625,0.703125
1.5166666666666666,0.7998046875,0.703125
1.5333333333333334,0.80859375,0.791015625
1.55,0.8173828125,0.791015625
1.5666666666666667,0.826171875,0.791015625
1.5833333333333333,0.8349609375,0.791015625
1.6,0.84375,0.791015625
1.6166666666666667,0.8525390625,0.791015625
1.6333333333333333,0.861328125,0.791015625
1.65,0.8701171875,0.791015625
1.6666666666666667,0.87890625,0.87890625
1.6833333333333333,0.0,0.0
1.7,0.0087890625,-0.087890625
1.7166666666666666,0.017578125,0.0
1.7333333333333334,0.0263671875,0.0
1.75,0.03515625,0.0
1.7666666666666666,0.0439453125,0.0
1.7833333333333334,0.052734375,0.0
1.8,0.0615234375,0.0
1.8166666666666667,0.0703125,0.0
1.8333333333333333,0.0791015625,0.0
1.85,0.087890625,0.0
1.8666666666666667,0.0966796875,0.087890625
1.8833333333333333,0.10546875,0.0
1.9,0.1142578125,0.087890625
1.9166666666666667,0.123046875,0.087890625
1.9333333333333333,0.1318359375,0.087890625
1.95,0.140625,0.087890625
1.9666666666666666,0.1494140625,0.087890625
1.9833333333333334,0.158203125,0.087890625
2.0,0.1669921875,0.087890625
2.0166666666666666,0.17578125,0.17578125
2.033333333333333,0.1845703125,0.087890625
2.05,0.193359375,0.17578125
2.066666666666667,0.2021484375,0.17578125
2.0833333333333335,0.2109375,0.17578125
2.1,0.2197265625,0.17578125
2.1166666666666667,0.228515625,0.17578125
2.1333333333333333,0.2373046875,0.17578125
2.15,0.24609375,0.17578125
2.1666666666666665,0.2548828125,0.263671875
2.183333333333333,0.263671875,0.263671875
2.2,0.2724609375,0.17578125
2.216666666666667,0.28125,0.263671875
2.2333333333333334,0.2900390625,0.263671875
2.25,0.298828125,0.263671875
2.2666666666666666,0.3076171875,0.263671875
2.283333333333333,0.31640625,0.263671875
2.3,0.3251953125,0.263671875
2.316666666666667,0.333984375,0.263671875
2.3333333333333335,0.3427734375,0.3515625
2.35,0.3515625,0.3515625
2.3666666666666667,0.3603515625,0.3515625
2.3833333333333333,0.369140625,0.3515625
2.4,0.3779296875,0.3515625
2.4166666666666665,0.38671875,0.3515625
2.433333333333333,0.3955078125,0.3515625
2.45,0.404296875,0.3515625
2.466666666666667,0.4130859375,0.3515625
2.4833333333333334,0.421875,0.3515625
2.5,0.4306640625,0.439453125
2.5166666666666666,0.439453125,0.439453125
2.533333333333333,0.4482421875,0.439453125
2.55,0.45703125,0.3515625
2.566666666666667,0.4658203125,0.439453125
2.5833333333333335,0.474609375,0.439453125
2.6,0.4833984375,0.439453125
2.6166666666666667,0.4921875,0.439453125
2.6333333333333333,0.5009765625,0.439453125
2.65,0.509765625,0.439453125
2.6666666666666665,0.5185546875,0.439453125
2.683333333333333,0.52734375,0.439453125
2.7,0.5361328125,0.439453125
2.716666666666667,0.544921875,0.52734375
2.7333333333333334,0.5537109375,0.52734375
2.75,0.5625,0.52734375
2.7666666666666666,0.5712890625,0.52734375
2.783333333333333,0.580078125,0.52734375
2.8,0.5888671875,0.52734375
2.816666666666667,0.59765625,0.52734375
2.8333333333333335,0.6064453125,0.615234375
2.85,0.615234375,0.615234375
2.8666666666666667,0.6240234375,0.615234375
2.8833333333333333,0.6328125,0.52734375
2.9,0.6416015625,0.615234375
2.9166666666666665,0.650390625,0.615234375
2.933333333333333,0.6591796875,0.615234375
2.95,0.66796875,0.703125
2.966666666666667,0.6767578125,0.615234375
2.9833333333333334,0.685546875,0.615234375
3.0,0.6943359375,0.615234375
3.0166666666666666,0.703125,0.615234375
3.033333333333333,0.7119140625,0.615234375
3.05,0.720703125,0.703125
3.066666666666667,0.7294921875,0.703125
3.0833333333333335,0.73828125,0.703125
3.1,0.7470703125,0.703125
3.1166666666666667,0.755859375,0.703125
3.1333333333333333,0.7646484375,0.703125
3.15,0.7734375,0.703125
3.1666666666666665,0.7822265625,0.703125
3.183333333333333,0.791015625,0.791015625
3.2,0.7998046875,0.791015625
3.216666666666667,0.80859375,0.791015625
3.2333333333333334,0.8173828125,0.791015625
3.25,0.826171875,0.791015625
3.2666666666666666,0.8349609375,0.791015625
3.283333333333333,0.84375,0.791015625
3.3,0.8525390625,0.791015625
3.316666666666667,0.861328125,0.791015625
3.3333333333333335,0.8701171875,0.87890625
3.35,0.87890625,0.791015625
3.3666666666666667,0.0,0.0
3.3833333333333333,0.0087890625,0.0
3.4,0.017578125,0.0
3.4166666666666665,0.0263671875,0.0
3.433333333333333,0.03515625,0.0
3.45,0.0439453125,0.0
3.466666666666667,0.052734375,0.0
3.4833333333333334,0.0615234375,0.087890625
3.5,0.0703125,0.0
3.5166666666666666,0.0791015625,0.0
3.533333333333333,0.087890625,0.0
3.55,0.0966796875,0.087890625
3.566666666666667,0.10546875,0.087890625
3.5833333333333335,0.1142578125,0.087890625
3.6,0.123046875,0.0
3.6166666666666667,0.1318359375,0.087890625
3.6333333333333333,0.140625,0.087890625
3.65,0.1494140625,0.087890625
3.6666666666666665,0.158203125,0.087890625
3.683333333333333,0.1669921875,0.17578125
3.7,0.17578125,0.17578125
3.716666666666667,0.1845703125,0.17578125
3.7333333333333334,0.193359375,0.087890625
3.75,0.2021484375,0.17578125
3.7666666666666666,0.2109375,0.17578125
3.783333333333333,0.2197265625,0.17578125
3.8,0.228515625,0.17578125
3.816666666666667,0.2373046875,0.17578125
3.8333333333333335,0.24609375,0.17578125
3.85,0.2548828125,0.17578125
3.8666666666666667,0.263671875,0.263671875
3.8833333333333333,0.2724609375,0.17578125
3.9,0.28125,0.263671875
3.9166666666666665,0.2900390625,0.263671875
3.933333333333333,0.298828125,0.263671875
3.95,0.3076171875,0.263671875
3.966666666666667,0.31640625,0.263671875
3.9833333333333334,0.3251953125,0.263671875
4.0,0.333984375,0.263671875
4.016666666666667,0.3427734375,0.263671875
4.033333333333333,0.3515625,0.263671875
4.05,0.3603515625,0.263671875
4.066666666666666,0.369140625,0.3515625
4.083333333333333,0.3779296875,0.3515625
4.1,0.38671875,0.3515625
4.116666666666666,0.3955078125,0.3515625
4.133333333333334,0.404296875,0.3515625
4.15,0.4130859375,0.3515625
4.166666666666667,0.421875,0.3515625
4.183333333333334,0.4306640625,0.3515625
4.2,0.439453125,0.439453125
4.216666666666667,0.4482421875,0.439453125
4.233333333333333,0.45703125,0.3515625
4.25,0.4658203125,0.439453125
4.266666666666667,0.474609375,0.439453125
4.283333333333333,0.4833984375,0.439453125
4.3,0.4921875,0.439453125
4.316666666666666,0.5009765625,0.439453125
4.333333333333333,0.509765625,0.439453125
4.35,0.5185546875,0.439453125
4.366666666666666,0.52734375,0.52734375
4.383333333333334,0.5361328125,0.52734375
4.4,0.544921875,0.52734375
4.416666666666667,0.5537109375,0.52734375
4.433333333333334,0.5625,0.439453125
4.45,0.5712890625,0.52734375
4.466666666666667,0.580078125,0.52734375
4.483333333333333,0.5888671875,0.52734375
4.5,0.59765625,0.52734375
4.516666666666667,0.6064453125,0.615234375
4.533333333333333,0.615234375,0.52734375
4.55,0.6240234375,0.615234375
4.566666666666666,0.6328125,0.615234375
4.583333333333333,0.6416015625,0.52734375
4.6,0.650390625,0.615234375
4.616666666666666,0.6591796875,0.615234375
4.633333333333334,0.66796875,0.615234375
4.65,0.6767578125,0.615234375
4.666666666666667,0.685546875,0.615234375
4.683333333333334,0.6943359375,0.703125
4.7,0.703125,0.615234375
4.716666666666667,0.7119140625,0.703125
4.733333333333333,0.720703125,0.703125
4.75,0.7294921875,0.703125
4.766666666666667,0.73828125,0.703125
4.783333333333333,0.7470703125,0.703125
4.8,0.755859375,0.703125
4.816666666666666,0.7646484375,0.703125
4.833333333333333,0.7734375,0.791015625
4.85,0.7822265625,0.703125
4.866666666666666,0.791015625,0.703125
4.883333333333334,0.7998046875,0.703125
4.9,0.80859375,0.791015625
4.916666666666667,0.8173828125,0.791015625
4.933333333333334,0.826171875,0.791015625
4.95,0.8349609375,0.791015625
4.966666666666667,0.84375,0.791015625
4.983333333333333,0.8525390625,0.791015625
5.0,0.861328125,0.791015625
5.016666666666667,0.8701171875,0.87890625
5.033333333333333,0.87890625,0.87890625
5.05,0.0,0.0
5.066666666666666,0.0087890625,-0.087890625
5.083333333333333,0.017578125,0.0
5.1,0.0263671875,-0.087890625
5.116666666666666,0.03515625,0.0
5.133333333333334,0.0439453125,0.0
5.15,0.052734375,0.0
5.166666666666667,0.0615234375,0.0
5.183333333333334,0.0703125,0.0
5.2,0.0791015625,0.0
5.216666666666667,0.087890625,0.0
5.233333333333333,0.0966796875,0.0
5.25,0.10546875,0.087890625
5.266666666666667,0.1142578125,0.087890625
5.283333333333333,0.123046875,0.087890625
5.3,0.1318359375,0.087890625
5.316666666666666,0.140625,0.087890625
5.333333333333333,0.1494140625,0.087890625
5.35,0.158203125,0.087890625
5.366666666666666,0.1669921875,0.17578125
5.383333333333334,0.17578125,0.17578125
5.4,0.1845703125,0.17578125
5.416666666666667,0.193359375,0.17578125
5.433333333333334,0.2021484375,0.17578125
5.45,0.2109375,0.17578125
5.466666666666667,0.2197265625,0.17578125
5.483333333333333,0.228515625,0.17578125
5.5,0.2373046875,0.17578125
5.516666666666667,0.24609375,0.17578125
5.533333333333333,0.2548828125,0.17578125
5.55,0.263671875,0.263671875
5.566666666666666,0.2724609375,0.263671875
5.583333333333333,0.28125,0.263671875
5.6,0.2900390625,0.263671875
5.616666666666666,0.298828125,0.263671875
5.633333333333334,0.3076171875,0.263671875
5.65,0.31640625,0.263671875
5.666666666666667,0.3251953125,0.3515625
5.683333333333334,0.333984375,0.263671875
5.7,0.3427734375,0.263671875
5.716666666666667,0.3515625,0.3515625
5.733333333333333,0.3603515625,0.3515625
5.75,0.369140625,0.3515625
5.766666666666667,0.3779296875,0.3515625
5.783333333333333,0.38671875,0.3515625
5.8,0.3955078125,0.3515625
5.816666666666666,0.404296875,0.3515625
5.833333333333333,0.4130859375,0.3515625
5.85,0.421875,0.3515625
5.866666666666666,0.4306640625,0.3515625
5.883333333333334,0.439453125,0.3515625
5.9,0.4482421875,0.3515625
5.916666666666667,0.45703125,0.439453125
5.933333333333334,0.4658203125,0.439453125
5.95,0.474609375,0.439453125
5.966666666666667,0.4833984375,0.439453125
5.983333333333333,0.4921875,0.439453125
6.0,0.5009765625,0.439453125
6.016666666666667,0.509765625,0.439453125
6.033333333333333,0.5185546875,0.439453125
6.05,0.52734375,0.439453125
6.066666666666666,0.5361328125,0.52734375
6.083333333333333,0.544921875,0.439453125
6.1,0.5537109375,0.52734375
6.116666666666666,0.5625,0.52734375
6.133333333333334,0.5712890625,0.52734375
6.15,0.580078125,0.52734375
6.166666666666667,0.5888671875,0.52734375
6.183333333333334,0.59765625,0.52734375
6.2,0.6064453125,0.52734375
6.216666666666667,0.615234375,0.52734375
6.233333333333333,0.6240234375,0.615234375
6.25,0.6328125,0.52734375
6.266666666666667,0.6416015625,0.615234375
6.283333333333333,0.650390625,0.615234375
6.3,0.6591796875,0.615234375
6.316666666666666,0.66796875,0.615234375
6.333333333333333,0.6767578125,0.615234375
6.35,0.685546875,0.615234375
6.366666666666666,0.6943359375,0.703125
6.383333333333334,0.703125,0.703125
6.4,0.7119140625,0.703125
6.416666666666667,0.720703125,0.703125
6.433333333333334,0.7294921875,0.703125
6.45,0.73828125,0.703125
6.466666666666667,0.7470703125,0.703125
6.483333333333333,0.755859375,0.703125
6.5,0.7646484375,0.703125
6.516666666666667,0.7734375,0.703125
6.533333333333333,0.7822265625,0.703125
6.55,0.791015625,0.791015625
6.566666666666666,0.7998046875,0.791015625
6.583333333333333,0.80859375,0.791015625
6.6,0.8173828125,0.703125
6.616666666666666,0.826171875,0.703125
6.633333333333334,0.8349609375,0.791015625
6.65,0.84375,0.791015625
6.666666666666667,0.8525390625,0.791015625
6.683333333333334,0.861328125,0.791015625
6.7,0.8701171875,0.791015625
6.716666666666667,0.87890625,0.87890625
6.733333333333333,0.0,-0.087890625
6.75,0.0087890625,-0.087890625
6.766666666666667,0.017578125,0.0
6.783333333333333,0.0263671875,0.0
6.8,0.03515625,0.0
6.816666666666666,0.0439453125,0.0
6.833333333333333,0.052734375,0.0
6.85,0.0615234375,0.0
6.866666666666666,0.0703125,0.0
6.883333333333334,0.0791015625,0.0
6.9,0.087890625,0.0
6.916666666666667,0.0966796875,0.087890625
6.933333333333334,0.10546875,0.0
6.95,0.1142578125,0.087890625
6.966666666666667,0.123046875,0.087890625
6.983333333333333,0.1318359375,0.087890625
7.0,0.140625,0.087890625
7.016666666666667,0.1494140625,0.087890625
7.033333333333333,0.158203125,0.087890625
7.05,0.1669921875,0.17578125
7.066666666666666,0.17578125,0.17578125
7.083333333333333,0.1845703125,0.17578125
7.1,0.193359375,0.17578125
7.116666666666666,0.2021484375,0.17578125
7.133333333333334,0.2109375,0.17578125
7.15,0.2197265625,0.17578125
7.166666666666667,0.228515625,0.17578125
7.183333333333334,0.2373046875,0.17578125
7.2,0.24609375,0.17578125
7.216666666666667,0.2548828125,0.17578125
7.233333333333333,0.263671875,0.263671875
7.25,0.2724609375,0.263671875
7.266666666666667,0.28125,0.263671875
7.283333333333333,0.2900390625,0.263671875
7.3,0.298828125,0.263671875
7.316666666666666,0.3076171875,0.263671875
7.333333333333333,0.31640625,0.263671875
7.35,0.3251953125,0.263671875
7.366666666666666,0.333984375,0.3515625
7.383333333333334,0.3427734375,0.3515625
7.4,0.3515625,0.263671875
7.416666666666667,0.3603515625,0.3515625
7.433333333333334,0.369140625,0.3515625
7.45,0.3779296875,0.3515625
7.466666666666667,0.38671875,0.3515625
7.483333333333333,0.3955078125,0.3515625
7.5,0.404296875,0.3515625
7.516666666666667,0.4130859375,0.3515625
7.533333333333333,0.421875,0.3515625
7.55,0.4306640625,0.439453125
7.566666666666666,0.439453125,0.439453125
7.583333333333333,0.4482421875,0.3515625
7.6,0.45703125,0.439453125
7.616666666666666,0.4658203125,0.439453125
7.633333333333334,0.474609375,0.439453125
7.65,0.4833984375,0.439453125
7.666666666666667,0.4921875,0.439453125
7.683333333333334,0.5009765625,0.439453125
7.7,0.509765625,0.439453125
7.716666666666667,0.5185546875,0.52734375
7.733333333333333,0.52734375,0.439453125
7.75,0.5361328125,0.439453125
7.766666666666667,0.544921875,0.439453125
7.783333333333333,0.5537109375,0.52734375
7.8,0.5625,0.52734375
7.816666666666666,0.5712890625,0.52734375
7.833333333333333,0.580078125,0.52734375
7.85,0.5888671875,0.52734375
7.866666666666666,0.59765625,0.52734375
7.883333333333334,0.6064453125,0.52734375
7.9,0.615234375,0.615234375
7.916666666666667,0.6240234375,0.615234375
7.933333333333334,0.6328125,0.615234375
7.95,0.6416015625,0.615234375
7.966666666666667,0.650390625,0.615234375
7.983333333333333,0.6591796875,0.615234375
8.0,0.66796875,0.615234375
8.016666666666667,0.6767578125,0.615234375
8.033333333333333,0.685546875,0.615234375
8.05,0.6943359375,0.703125
8.066666666666666,0.703125,0.703125
8.083333333333334,0.7119140625,0.703125
8.1,0.720703125,0.615234375
8.116666666666667,0.7294921875,0.703125
8.133333333333333,0.73828125,0.703125
8.15,0.7470703125,0.703125
8.166666666666666,0.755859375,0.703125
8.183333333333334,0.7646484375,0.703125
8.2,0.7734375,0.791015625
8.216666666666667,0.7822265625,0.703125
8.233333333333333,0.791015625,0.703125
8.25,0.7998046875,0.791015625
8.266666666666667,0.80859375,0.791015625
8.283333333333333,0.8173828125,0.791015625
8.3,0.826171875,0.791015625
8.316666666666666,0.8349609375,0.791015625
8.333333333333334,0.84375,0.791015625
8.35,0.8525390625,0.791015625
8.366666666666667,0.861328125,0.791015625
8.383333333333333,0.8701171875,0.791015625
8.4,0.87890625,0.87890625
8.416666666666666,0.0,0.0
8.433333333333334,0.0087890625,-0.087890625
8.45,0.017578125,0.0
8.466666666666667,0.0263671875,0.0
8.483333333333333,0.03515625,0.0
8.5,0.0439453125,0.0
8.516666666666667,0.052734375,0.0
8.533333333333333,0.0615234375,0.0
8.55,0.0703125,0.0
8.566666666666666,0.0791015625,0.0
8.583333333333334,0.087890625,0.0
8.6,0.0966796875,0.087890625
8.616666666666667,0.10546875,0.087890625
8.633333333333333,0.1142578125,0.087890625
8.65,0.123046875,0.087890625
8.666666666666666,0.1318359375,0.087890625
8.683333333333334,0.140625,0.087890625
8.7,0.1494140625,0.087890625
8.716666666666667,0.158203125,0.087890625
8.733333333333333,0.1669921875,0.087890625
8.75,0.17578125,0.17578125
8.766666666666667,0.1845703125,0.17578125
8.783333333333333,0.193359375,0.17578125
8.8,0.2021484375,0.17578125
8.816666666666666,0.2109375,0.17578125
8.833333333333334,0.2197265625,0.17578125
8.85,0.228515625,0.17578125
8.866666666666667,0.2373046875,0.17578125
8.883333333333333,0.24609375,0.17578125
8.9,0.2548828125,0.17578125
8.916666666666666,0.263671875,0.17578125
8.933333333333334,0.2724609375,0.263671875
8.95,0.28125,0.17578125
8.966666666666667,0.2900390625,0.263671875
8.983333333333333,0.298828125,0.263671875
9.0,0.3076171875,0.263671875
9.016666666666667,0.31640625,0.263671875
9.033333333333333,0.3251953125,0.263671875
9.05,0.333984375,0.263671875
9.066666666666666,0.3427734375,0.263671875
9.083333333333334,0.3515625,0.263671875
9.1,0.3603515625,0.263671875
9.116666666666667,0.369140625,0.3515625
9.133333333333333,0.3779296875,0.3515625
9.15,0.38671875,0.3515625
9.166666666666666,0.3955078125,0.3515625
9.183333333333334,0.404296875,0.3515625
9.2,0.4130859375,0.439453125
9.216666666666667,0.421875,0.3515625
9.233333333333333,0.4306640625,0.3515625
9.25,0.439453125,0.3515625
9.266666666666667,0.4482421875,0.439453125
9.283333333333333,0.45703125,0.439453125
9.3,0.4658203125,0.439453125
9.316666666666666,0.474609375,0.439453125
9.333333333333334,0.4833984375,0.439453125
9.35,0.4921875,0.439453125
9.366666666666667,0.5009765625,0.439453125
9.383333333333333,0.509765625,0.52734375
9.4,0.5185546875,0.439453125
9.416666666666666,0.52734375,0.52734375
9.433333333333334,0.5361328125,0.52734375
9.45,0.544921875,0.52734375
9.466666666666667,0.5537109375,0.52734375
9.483333333333333,0.5625,0.52734375
9.5,0.5712890625,0.52734375
9.516666666666667,0.580078125,0.52734375
9.533333333333333,0.5888671875,0.52734375
9.55,0.59765625,0.615234375
9.566666666666666,0.6064453125,0.52734375
9.583333333333334,0.615234375,0.615234375
9.6,0.6240234375,0.615234375
9.616666666666667,0.6328125,0.615234375
9.633333333333333,0.6416015625,0.615234375
9.65,0.650390625,0.615234375
9.666666666666666,0.6591796875,0.615234375
9.683333333333334,0.66796875,0.615234375
9.7,0.6767578125,0.615234375
9.716666666666667,0.685546875,0.615234375
9.733333333333333,0.6943359375,0.615234375
9.75,0.703125,0.703125
9.766666666666667,0.7119140625,0.703125
9.783333333333333,0.720703125,0.615234375
9.8,0.7294921875,0.703125
9.816666666666666,0.73828125,0.703125
9.833333333333334,0.7470703125,0.703125
9.85,0.755859375,0.703125
9.866666666666667,0.7646484375,0.791015625
9.883333333333333,0.7734375,0.703125
9.9,0.7822265625,0.791015625
9.916666666666666,0.791015625,0.791015625
9.933333333333334,0.7998046875,0.791015625
9.95,0.80859375,0.791015625
9.966666666666667,0.8173828125,0.791015625
9.983333333333333,0.826171875,0.791015625
10.0,0.8349609375,0.791015625
10.016666666666667,0.84375,0.791015625
10.033333333333333,0.8525390625,0.87890625
10.05,0.861328125,0.87890625
10.066666666666666,0.8701171875,0.791015625
10.083333333333334,0.87890625,0.791015625
10.1,0.0,-0.087890625
10.116666666666667,0.0087890625,0.0
10.133333333333333,0.017578125,0.0
10.15,0.0263671875,0.0
10.166666666666666,0.03515625,0.0
10.183333333333334,0.0439453125,-0.087890625
10.2,0.052734375,0.0
10.216666666666667,0.0615234375,0.0
10.233333333333333,0.0703125,0.0
10.25,0.0791015625,0.0
10.266666666666667,0.087890625,0.087890625
10.283333333333333,0.0966796875,0.0
10.3,0.10546875,0.087890625
10.316666666666666,0.1142578125,0.087890625
10.333333333333334,0.123046875,0.087890625
10.35,0.1318359375,0.087890625
10.366666666666667,0.140625,0.087890625
10.383333333333333,0.1494140625,0.087890625
10.4,0.158203125,0.087890625
10.416666666666666,0.1669921875,0.087890625
10.433333333333334,0.17578125,0.17578125
10.45,0.1845703125,0.087890625
10.466666666666667,0.193359375,0.17578125
10.483333333333333,0.2021484375,0.17578125
10.5,0.2109375,0.17578125
10.516666666666667,0.2197265625,0.17578125
10.533333333333333,0.228515625,0.17578125
10.55,0.2373046875,0.17578125
10.566666666666666,0.24609375,0.17578125
10.583333333333334,0.2548828125,0.17578125
10.6,0.263671875,0.263671875
10.616666666666667,0.2724609375,0.263671875
10.633333333333333,0.28125,0.263671875
10.65,0.2900390625,0.263671875
10.666666666666666,0.298828125,0.263671875
10.683333333333334,0.3076171875,0.263671875
10.7,0.31640625,0.263671875
10.716666666666667,0.3251953125,0.263671875
10.733333333333333,0.333984375,0.3515625
10.75,0.3427734375,0.263671875
10.766666666666667,0.3515625,0.263671875
10.783333333333333,0.3603515625,0.3515625
10.8,0.369140625,0.3515625
10.816666666666666,0.3779296875,0.3515625
10.833333333333334,0.38671875,0.3515625
10.85,0.3955078125,0.3515625
10.866666666666667,0.404296875,0.3515625
10.883333333333333,0.4130859375,0.3515625
10.9,0.421875,0.3515625
10.916666666666666,0.4306640625,0.3515625
10.933333333333334,0.439453125,0.3515625
10.95,0.4482421875,0.3515625
10.966666666666667,0.45703125,0.3515625
10.983333333333333,0.4658203125,0.439453125
11.0,0.474609375,0.439453125
11.016666666666667,0.4833984375,0.439453125
11.033333333333333,0.4921875,0.439453125
11.05,0.5009765625,0.439453125
11.066666666666666,0.509765625,0.439453125
11.083333333333334,0.5185546875,0.439453125
11.1,0.52734375,0.52734375
11.116666666666667,0.5361328125,0.52734375
11.133333333333333,0.544921875,0.52734375
11.15,0.5537109375,0.52734375
11.166666666666666,0.5625,0.439453125
11.183333333333334,0.5712890625,0.52734375
11.2,0.580078125,0.52734375
11.216666666666667,0.5888671875,0.615234375
11.233333333333333,0.59765625,0.615234375
11.25,0.6064453125,0.52734375
11.266666666666667,0.615234375,0.615234375
11.283333333333333,0.6240234375,0.615234375
11.3,0.6328125,0.615234375
11.316666666666666,0.6416015625,0.52734375
11.333333333333334,0.650390625,0.615234375
11.35,0.6591796875,0.615234375
11.366666666666667,0.66796875,0.615234375
11.383333333333333,0.6767578125,0.615234375
11.4,0.685546875,0.615234375
11.416666666666666,0.6943359375,0.615234375
11.433333333333334,0.703125,0.615234375
11.45,0.7119140625,0.615234375
11.466666666666667,0.720703125,0.703125
11.483333333333333,0.7294921875,0.703125
11.5,0.73828125,0.703125
11.516666666666667,0.7470703125,0.703125
11.533333333333333,0.755859375,0.703125
11.55,0.7646484375,0.703125
11.566666666666666,0.7734375,0.703125
11.583333333333334,0.7822265625,0.703125
11.6,0.791015625,0.791015625
11.616666666666667,0.7998046875,0.703125
11.633333333333333,0.80859375,0.791015625
11.65,0.8173828125,0.791015625
11.666666666666666,0.826171875,0.791015625
11.683333333333334,0.8349609375,0.791015625
11.7,0.84375,0.791015625
11.716666666666667,0.8525390625,0.791015625
11.733333333333333,0.861328125,0.791015625
11.75,0.8701171875,0.791015625
11.766666666666667,0.87890625,0.791015625
11.783333333333333,0.0,0.0
11.8,0.0087890625,0.0
11.816666666666666,0.017578125,-0.087890625
11.833333333333334,0.0263671875,0.0
11.85,0.03515625,0.0
11.866666666666667,0.0439453125,0.0
11.883333333333333,0.052734375,0.0
11.9,0.0615234375,0.0
11.916666666666666,0.0703125,0.0
11.933333333333334,0.0791015625,0.0
11.95,0.087890625,0.087890625
11.966666666666667,0.0966796875,0.087890625
11.983333333333333,0.10546875,0.087890625
12.0,0.1142578125,0.087890625
12.016666666666667,0.123046875,0.087890625
12.033333333333333,0.1318359375,0.087890625
12.05,0.140625,0.087890625
12.066666666666666,0.1494140625,0.087890625
12.083333333333334,0.158203125,0.087890625
12.1,0.1669921875,0.17578125
12.116666666666667,0.17578125,0.087890625
12.133333333333333,0.1845703125,0.17578125
12.15,0.193359375,0.087890625
12.166666666666666,0.2021484375,0.17578125
12.183333333333334,0.2109375,0.17578125
12.2,0.2197265625,0.17578125
12.216666666666667,0.228515625,0.17578125
12.233333333333333,0.2373046875,0.17578125
12.25,0.24609375,0.17578125
12.266666666666667,0.2548828125,0.263671875
12.283333333333333,0.263671875,0.263671875
12.3,0.2724609375,0.263671875
12.316666666666666,0.28125,0.17578125
12.333333333333334,0.2900390625,0.263671875
12.35,0.298828125,0.263671875
12.366666666666667,0.3076171875,0.263671875
12.383333333333333,0.31640625,0.263671875
12.4,0.3251953125,0.263671875
12.416666666666666,0.333984375,0.263671875
12.433333333333334,0.3427734375,0.263671875
12.45,0.3515625,0.3515625
12.466666666666667,0.3603515625,0.263671875
12.483333333333333,0.369140625,0.263671875
12.5,0.3779296875,0.3515625
12.516666666666667,0.38671875,0.3515625
12.533333333333333,0.3955078125,0.3515625
12.55,0.404296875,0.3515625
12.566666666666666,0.4130859375,0.3515625
12.583333333333334,0.421875,0.3515625
12.6,0.4306640625,0.439453125
12.616666666666667,0.439453125,0.3515625
12.633333333333333,0.4482421875,0.439453125
12.65,0.45703125,0.3515625
12.666666666666666,0.4658203125,0.439453125
12.683333333333334,0.474609375,0.439453125
12.7,0.4833984375,0.439453125
12.716666666666667,0.4921875,0.439453125
12.733333333333333,0.5009765625,0.52734375
12.75,0.509765625,0.439453125
12.766666666666667,0.5185546875,0.52734375
12.783333333333333,0.52734375,0.52734375
12.8,0.5361328125,0.52734375
12.816666666666666,0.544921875,0.52734375
12.833333333333334,0.5537109375,0.52734375
12.85,0.5625,0.52734375
12.866666666666667,0.5712890625,0.52734375
12.883333333333333,0.580078125,0.52734375
12.9,0.5888671875,0.52734375
12.916666666666666,0.59765625,0.52734375
12.933333333333334,0.6064453125,0.52734375
12.95,0.615234375,0.615234375
12.966666666666667,0.6240234375,0.615234375
12.983333333333333,0.6328125,0.615234375
13.0,0.6416015625,0.615234375
13.016666666666667,0.650390625,0.615234375
13.033333333333333,0.6591796875,0.615234375
13.05,0.66796875,0.615234375
13.066666666666666,0.6767578125,0.615234375
13.083333333333334,0.685546875,0.615234375
13.1,0.6943359375,0.615234375
13.116666666666667,0.703125,0.615234375
13.133333333333333,0.7119140625,0.615234375
13.15,0.720703125,0.615234375
13.166666666666666,0.7294921875,0.703125
13.183333333333334,0.73828125,0.703125
13.2,0.7470703125,0.703125
13.216666666666667,0.755859375,0.703125
13.233333333333333,0.7646484375,0.703125
13.25,0.7734375,0.703125
13.266666666666667,0.7822265625,0.703125
13.283333333333333,0.791015625,0.703125
13.3,0.7998046875,0.791015625
13.316666666666666,0.80859375,0.703125
13.333333333333334,0.8173828125,0.791015625
13.35,0.826171875,0.791015625
13.366666666666667,0.8349609375,0.791015625
13.383333333333333,0.84375,0.791015625
13.4,0.8525390625,0.791015625
13.416666666666666,0.861328125,0.791015625
13.433333333333334,0.8701171875,0.791015625
13.45,0.87890625,0.791015625
13.466666666666667,0.0,-0.087890625
13.483333333333333,0.0087890625,0.0
13.5,0.017578125,0.0
13.516666666666667,0.0263671875,-0.087890625
13.533333333333333,0.03515625,0.0
13.55,0.0439453125,0.0
13.566666666666666,0.052734375,0.0
13.583333333333334,0.0615234375,0.0
13.6,0.0703125,0.0
13.616666666666667,0.0791015625,0.087890625
13.633333333333333,0.087890625,0.0
13.65,0.0966796875,0.087890625
13.666666666666666,0.10546875,0.087890625
13.683333333333334,0.1142578125,0.087890625
13.7,0.123046875,0.087890625
13.716666666666667,0.1318359375,0.087890625
13.733333333333333,0.140625,0.087890625
13.75,0.1494140625,0.087890625
13.766666666666667,0.158203125,0.087890625
13.783333333333333,0.1669921875,0.17578125
13.8,0.17578125,0.17578125
13.816666666666666,0.1845703125,0.087890625
13.833333333333334,0.193359375,0.17578125
13.85,0.2021484375,0.17578125
13.866666666666667,0.2109375,0.17578125
13.883333333333333,0.2197265625,0.087890625
13.9,0.228515625,0.17578125
13.916666666666666,0.2373046875,0.17578125
13.933333333333334,0.24609375,0.17578125
13.95,0.2548828125,0.17578125
13.966666666666667,0.263671875,0.263671875
13.983333333333333,0.2724609375,0.263671875
14.0,0.28125,0.263671875
14.016666666666667,0.2900390625,0.263671875
14.033333333333333,0.298828125,0.263671875
14.05,0.3076171875,0.263671875
14.066666666666666,0.31640625,0.263671875
14.083333333333334,0.3251953125,0.263671875
14.1,0.333984375,0.263671875
14.116666666666667,0.3427734375,0.3515625
14.133333333333333,0.3515625,0.3515625
14.15,0.3603515625,0.3515625
14.166666666666666,0.369140625,0.263671875
14.183333333333334,0.3779296875,0.3515625
14.2,0.38671875,0.3515625
14.216666666666667,0.3955078125,0.263671875
14.233333333333333,0.404296875,0.3515625
14.25,0.4130859375,0.3515625
14.266666666666667,0.421875,0.439453125
14.283333333333333,0.4306640625,0.439453125
14.3,0.439453125,0.439453125
14.316666666666666,0.4482421875,0.439453125
14.333333333333334,0.45703125,0.439453125
14.35,0.4658203125,0.439453125
14.366666666666667,0.474609375,0.439453125
14.383333333333333,0.4833984375,0.439453125
14.4,0.4921875,0.52734375
14.416666666666666,0.5009765625,0.439453125
14.433333333333334,0.509765625,0.439453125
14.45,0.5185546875,0.439453125
14.466666666666667,0.52734375,0.439453125
14.483333333333333,0.5361328125,0.52734375
14.5,0.544921875,0.439453125
14.516666666666667,0.5537109375,0.52734375
14.533333333333333,0.5625,0.52734375
14.55,0.5712890625,0.52734375
14.566666666666666,0.580078125,0.52734375
14.583333333333334,0.5888671875,0.52734375
14.6,0.59765625,0.52734375
14.616666666666667,0.6064453125,0.615234375
14.633333333333333,0.615234375,0.52734375
14.65,0.6240234375,0.615234375
14.666666666666666,0.6328125,0.615234375
14.683333333333334,0.6416015625,0.52734375
14.7,0.650390625,0.52734375
14.716666666666667,0.6591796875,0.615234375
14.733333333333333,0.66796875,0.615234375
14.75,0.6767578125,0.615234375
14.766666666666667,0.685546875,0.615234375
14.783333333333333,0.6943359375,0.615234375
14.8,0.703125,0.703125
14.816666666666666,0.7119140625,0.703125
14.833333333333334,0.720703125,0.703125
14.85,0.7294921875,0.703125
14.866666666666667,0.73828125,0.703125
14.883333333333333,0.7470703125,0.703125
14.9,0.755859375,0.703125
14.916666666666666,0.7646484375,0.703125
14.933333333333334,0.7734375,0.703125
14.95,0.7822265625,0.703125
14.966666666666667,0.791015625,0.703125
14.983333333333333,0.7998046875,0.703125
15.0,0.80859375,0.791015625
15.016666666666667,0.8173828125,0.791015625
15.033333333333333,0.826171875,0.791015625
15.05,0.8349609375,0.703125
15.066666666666666,0.84375,0.791015625
15.083333333333334,0.8525390625,0.791015625
15.1,0.861328125,0.791015625
15.116666666666667,0.8701171875,0.791015625
15.133333333333333,0.87890625,0.87890625
15.15,0.0,0.0
15.166666666666666,0.0087890625,0.0
15.183333333333334,0.017578125,-0.087890625
15.2,0.0263671875,-0.087890625
15.216666666666667,0.03515625,0.0
15.233333333333333,0.0439453125,0.0
15.25,0.052734375,0.0
15.266666666666667,0.0615234375,0.0
15.283333333333333,0.0703125,0.0
15.3,0.0791015625,0.087890625
15.316666666666666,0.087890625,0.087890625
15.333333333333334,0.0966796875,0.087890625
15.35,0.10546875,0.087890625
15.366666666666667,0.1142578125,0.087890625
15.383333333333333,0.123046875,0.087890625
15.4,0.1318359375,0.087890625
15.416666666666666,0.140625,0.087890625
15.433333333333334,0.1494140625,0.087890625
15.45,0.158203125,0.087890625
15.466666666666667,0.1669921875,0.17578125
15.483333333333333,0.17578125,0.17578125
15.5,0.1845703125,0.17578125
15.516666666666667,0.193359375,0.087890625
15.533333333333333,0.2021484375,0.17578125
15.55,0.2109375,0.17578125
15.566666666666666,0.2197265625,0.17578125
15.583333333333334,0.228515625,0.17578125
15.6,0.2373046875,0.17578125
15.616666666666667,0.24609375,0.17578125
15.633333333333333,0.2548828125,0.263671875
15.65,0.263671875,0.263671875
15.666666666666666,0.2724609375,0.263671875
15.683333333333334,0.28125,0.263671875
15.7,0.2900390625,0.263671875
15.716666666666667,0.298828125,0.263671875
15.733333333333333,0.3076171875,0.263671875
15.75,0.31640625,0.263671875
15.766666666666667,0.3251953125,0.263671875
15.783333333333333,0.333984375,0.263671875
15.8,0.3427734375,0.3515625
15.816666666666666,0.3515625,0.263671875
15.833333333333334,0.3603515625,0.263671875
15.85,0.369140625,0.263671875
15.866666666666667,0.3779296875,0.263671875
15.883333333333333,0.38671875,0.3515625
15.9,0.3955078125,0.3515625
15.916666666666666,0.404296875,0.3515625
15.933333333333334,0.4130859375,0.3515625
15.95,0.421875,0.3515625
15.966666666666667,0.4306640625,0.3515625
15.983333333333333,0.439453125,0.439453125
16.0,0.4482421875,0.439453125
16.016666666666666,0.45703125,0.439453125
16.033333333333335,0.4658203125,0.439453125
16.05,0.474609375,0.439453125
16.066666666666666,0.4833984375,0.439453125
16.083333333333332,0.4921875,0.439453125
16.1,0.5009765625,0.439453125
16.116666666666667,0.509765625,0.439453125
16.133333333333333,0.5185546875,0.439453125
16.15,0.52734375,0.439453125
16.166666666666668,0.5361328125,0.52734375
16.183333333333334,0.544921875,0.52734375
16.2,0.5537109375,0.52734375
16.216666666666665,0.5625,0.52734375
16.233333333333334,0.5712890625,0.52734375
16.25,0.580078125,0.52734375
16.266666666666666,0.5888671875,0.52734375
16.283333333333335,0.59765625,0.52734375
16.3,0.6064453125,0.52734375
16.316666666666666,0.615234375,0.615234375
16.333333333333332,0.6240234375,0.52734375
16.35,0.6328125,0.615234375
16.366666666666667,0.6416015625,0.615234375
16.383333333333333,0.650390625,0.615234375
16.4,0.6591796875,0.615234375
16.416666666666668,0.66796875,0.615234375
16.433333333333334,0.6767578125,0.615234375
16.45,0.685546875,0.703125
16.466666666666665,0.6943359375,0.703125
16.483333333333334,0.703125,0.703125
16.5,0.7119140625,0.703125
16.516666666666666,0.720703125,0.703125
16.533333333333335,0.7294921875,0.703125
16.55,0.73828125,0.703125
16.566666666666666,0.7470703125,0.703125
16.583333333333332,0.755859375,0.703125
16.6,0.7646484375,0.703125
16.616666666666667,0.7734375,0.703125
16.633333333333333,0.7822265625,0.703125
16.65,0.791015625,0.703125
16.666666666666668,0.7998046875,0.703125
16.683333333333334,0.80859375,0.791015625
16.7,0.8173828125,0.791015625
16.716666666666665,0.826171875,0.791015625
16.733333333333334,0.8349609375,0.791015625
16.75,0.84375,0.791015625
16.766666666666666,0.8525390625,0.791015625
16.783333333333335,0.861328125,0.791015625
16.8,0.8701171875,0.791015625
16.816666666666666,0.87890625,0.791015625
16.833333333333332,0.0,0.0
16.85,0.0087890625,0.0
16.866666666666667,0.017578125,0.0
16.883333333333333,0.0263671875,0.0
16.9,0.03515625,0.0
16.916666666666668,0.0439453125,0.0
16.933333333333334,0.052734375,0.0
16.95,0.0615234375,0.0
16.966666666666665,0.0703125,0.0
16.983333333333334,0.0791015625,0.087890625
17.0,0.087890625,0.087890625
17.016666666666666,0.0966796875,0.0
17.033333333333335,0.10546875,0.087890625
17.05,0.1142578125,0.087890625
17.066666666666666,0.123046875,0.087890625
17.083333333333332,0.1318359375,0.087890625
17.1,0.140625,0.087890625
17.116666666666667,0.1494140625,0.087890625
17.133333333333333,0.158203125,0.087890625
17.15,0.1669921875,0.087890625
17.166666666666668,0.17578125,0.087890625
17.183333333333334,0.1845703125,0.087890625
17.2,0.193359375,0.17578125
17.216666666666665,0.2021484375,0.17578125
17.233333333333334,0.2109375,0.17578125
17.25,0.2197265625,0.17578125
17.266666666666666,0.228515625,0.17578125
17.283333333333335,0.2373046875,0.17578125
17.3,0.24609375,0.17578125
17.316666666666666,0.2548828125,0.263671875
17.333333333333332,0.263671875,0.263671875
17.35,0.2724609375,0.263671875
17.366666666666667,0.28125,0.263671875
17.383333333333333,0.2900390625,0.263671875
17.4,0.298828125,0.263671875
17.416666666666668,0.3076171875,0.263671875
17.433333333333334,0.31640625,0.263671875
17.45,0.3251953125,0.263671875
17.466666666666665,0.333984375,0.263671875
17.483333333333334,0.3427734375,0.3515625
17.5,0.3515625,0.263671875
17.516666666666666,0.3603515625,0.263671875
17.533333333333335,0.369140625,0.3515625
17.55,0.3779296875,0.3515625
17.566666666666666,0.38671875,0.3515625
17.583333333333332,0.3955078125,0.3515625
17.6,0.404296875,0.3515625
17.616666666666667,0.4130859375,0.3515625
17.633333333333333,0.421875,0.3515625
17.65,0.4306640625,0.3515625
17.666666666666668,0.439453125,0.3515625
17.683333333333334,0.4482421875,0.439453125
17.7,0.45703125,0.439453125
17.716666666666665,0.4658203125,0.439453125
17.733333333333334,0.474609375,0.439453125
17.75,0.4833984375,0.439453125
17.766666666666666,0.4921875,0.439453125
17.783333333333335,0.5009765625,0.439453125
17.8,0.509765625,0.439453125
17.816666666666666,0.5185546875,0.439453125
17.833333333333332,0.52734375,0.439453125
17.85,0.5361328125,0.52734375
17.866666666666667,0.544921875,0.439453125
17.883333333333333,0.5537109375,0.52734375
17.9,0.5625,0.52734375
17.916666666666668,0.5712890625,0.52734375
17.933333333333334,0.580078125,0.52734375
17.95,0.5888671875,0.52734375
17.966666666666665,0.59765625,0.52734375
17.983333333333334,0.6064453125,0.52734375
18.0,0.615234375,0.52734375
18.016666666666666,0.6240234375,0.615234375
18.033333333333335,0.6328125,0.615234375
18.05,0.6416015625,0.615234375
18.066666666666666,0.650390625,0.615234375
18.083333333333332,0.6591796875,0.615234375
18.1,0.66796875,0.615234375
18.116666666666667,0.6767578125,0.615234375
18.133333333333333,0.685546875,0.615234375
18.15,0.6943359375,0.703125
18.166666666666668,0.703125,0.703125
18.183333333333334,0.7119140625,0.615234375
18.2,0.720703125,0.703125
18.216666666666665,0.7294921875,0.615234375
18.233333333333334,0.73828125,0.703125
18.25,0.7470703125,0.703125
18.266666666666666,0.755859375,0.703125
18.283333333333335,0.7646484375,0.703125
18.3,0.7734375,0.791015625
18.316666666666666,0.7822265625,0.703125
18.333333333333332,0.791015625,0.791015625
18.35,0.7998046875,0.791015625
18.366666666666667,0.80859375,0.791015625
18.383333333333333,0.8173828125,0.791015625
18.4,0.826171875,0.791015625
18.416666666666668,0.8349609375,0.791015625
18.433333333333334,0.84375,0.791015625
18.45,0.8525390625,0.791015625
18.466666666666665,0.861328125,0.791015625
18.483333333333334,0.8701171875,0.791015625
18.5,0.87890625,0.87890625
18.516666666666666,0.0,-0.087890625
18.533333333333335,0.0087890625,0.0
18.55,0.017578125,0.0
18.566666666666666,0.0263671875,0.0
18.583333333333332,0.03515625,-0.087890625
18.6,0.0439453125,0.0
18.616666666666667,0.052734375,0.0
18.633333333333333,0.0615234375,0.087890625
18.65,0.0703125,0.0
18.666666666666668,0.0791015625,0.0
18.683333333333334,0.087890625,0.087890625
18.7,0.0966796875,0.087890625
18.716666666666665,0.10546875,0.087890625
18.733333333333334,0.1142578125,0.087890625
18.75,0.123046875,0.087890625
18.766666666666666,0.1318359375,0.087890625
18.783333333333335,0.140625,0.087890625
18.8,0.1494140625,0.087890625
18.816666666666666,0.158203125,0.087890625
18.833333333333332,0.1669921875,0.087890625
18.85,0.17578125,0.17578125
18.866666666666667,0.1845703125,0.17578125
18.883333333333333,0.193359375,0.087890625
18.9,0.2021484375,0.17578125
18.916666666666668,0.2109375,0.17578125
18.933333333333334,0.2197265625,0.17578125
18.95,0.228515625,0.17578125
18.966666666666665,0.2373046875,0.17578125
18.983333333333334,0.24609375,0.263671875
19.0,0.2548828125,0.17578125
19.016666666666666,0.263671875,0.17578125
19.033333333333335,0.2724609375,0.263671875
19.05,0.28125,0.263671875
19.066666666666666,0.2900390625,0.263671875
19.083333333333332,0.298828125,0.263671875
19.1,0.3076171875,0.263671875
19.116666666666667,0.31640625,0.263671875
19.133333333333333,0.3251953125,0.263671875
19.15,0.333984375,0.3515625
19.166666666666668,0.3427734375,0.3515625
19.183333333333334,0.3515625,0.3515625
19.2,0.3603515625,0.263671875
19.216666666666665,0.369140625,0.3515625
19.233333333333334,0.3779296875,0.3515625
19.25,0.38671875,0.3515625
19.266666666666666,0.3955078125,0.3515625
19.283333333333335,0.404296875,0.3515625
19.3,0.4130859375,0.3515625
19.316666666666666,0.421875,0.439453125
19.333333333333332,0.4306640625,0.3515625
19.35,0.439453125,0.439453125
19.366666666666667,0.4482421875,0.3515625
19.383333333333333,0.45703125,0.439453125
19.4,0.4658203125,0.439453125
19.416666666666668,0.474609375,0.439453125
19.433333333333334,0.4833984375,0.439453125
19.45,0.4921875,0.439453125
19.466666666666665,0.5009765625,0.52734375
19.483333333333334,0.509765625,0.439453125
19.5,0.5185546875,0.439453125
19.516666666666666,0.52734375,0.439453125
19.533333333333335,0.5361328125,0.52734375
19.55,0.544921875,0.52734375
19.566666666666666,0.5537109375,0.52734375
19.583333333333332,0.5625,0.52734375
19.6,0.5712890625,0.52734375
19.616666666666667,0.580078125,0.52734375
19.633333333333333,0.5888671875,0.52734375
19.65,0.59765625,0.615234375
19.666666666666668,0.6064453125,0.52734375
19.683333333333334,0.615234375,0.615234375
19.7,0.6240234375,0.52734375
19.716666666666665,0.6328125,0.615234375
19.733333333333334,0.6416015625,0.615234375
19.75,0.650390625,0.615234375
19.766666666666666,0.6591796875,0.615234375
19.783333333333335,0.66796875,0.615234375
19.8,0.6767578125,0.615234375
19.816666666666666,0.685546875,0.615234375
19.833333333333332,0.6943359375,0.703125
19.85,0.703125,0.703125
19.866666666666667,0.7119140625,0.703125
19.883333333333333,0.720703125,0.703125
19.9,0.7294921875,0.703125
19.916666666666668,0.73828125,0.703125
19.933333333333334,0.7470703125,0.703125
19.95,0.755859375,0.703125
19.966666666666665,0.7646484375,0.703125
19.983333333333334,0.7734375,0.703125
20.0,0.7822265625,0.703125
20.016666666666666,0.791015625,0.791015625
20.033333333333335,0.7998046875,0.791015625
20.05,0.80859375,0.703125
20.066666666666666,0.8173828125,0.791015625
20.083333333333332,0.826171875,0.791015625
20.1,0.8349609375,0.791015625
20.116666666666667,0.84375,0.791015625
20.133333333333333,0.8525390625,0.791015625
20.15,0.861328125,0.791015625
20.166666666666668,0.8701171875,0.87890625
20.183333333333334,0.87890625,0.87890625
20.2,0.0,-0.087890625
20.216666666666665,0.0087890625,0.0
20.233333333333334,0.017578125,0.0
20.25,0.0263671875,0.0
20.266666666666666,0.03515625,0.0
20.283333333333335,0.0439453125,0.0
20.3,0.052734375,0.087890625
20.316666666666666,0.0615234375,0.0
20.333333333333332,0.0703125,0.0
20.35,0.0791015625,0.0
20.366666666666667,0.087890625,0.087890625
20.383333333333333,0.0966796875,0.087890625
20.4,0.10546875,0.087890625
20.416666666666668,0.1142578125,0.087890625
20.433333333333334,0.123046875,0.087890625
20.45,0.1318359375,0.087890625
20.466666666666665,0.140625,0.087890625
20.483333333333334,0.1494140625,0.087890625
20.5,0.158203125,0.087890625
20.516666666666666,0.1669921875,0.087890625
20.533333333333335,0.17578125,0.17578125
20.55,0.1845703125,0.17578125
20.566666666666666,0.193359375,0.17578125
20.583333333333332,0.2021484375,0.17578125
20.6,0.2109375,0.17578125
20.616666666666667,0.2197265625,0.17578125
20.633333333333333,0.228515625,0.17578125
20.65,0.2373046875,0.17578125
20.666666666666668,0.24609375,0.263671875
20.683333333333334,0.2548828125,0.17578125
20.7,0.263671875,0.263671875
20.716666666666665,0.2724609375,0.17578125
20.733333333333334,0.28125,0.263671875
20.75,0.2900390625,0.263671875
20.766666666666666,0.298828125,0.263671875
20.783333333333335,0.3076171875,0.263671875
20.8,0.31640625,0.263671875
20.816666666666666,0.3251953125,0.263671875
20.833333333333332,0.333984375,0.263671875
20.85,0.3427734375,0.3515625
20.866666666666667,0.3515625,0.3515625
20.883333333333333,0.3603515625,0.3515625
20.9,0.369140625,0.3515625
20.916666666666668,0.3779296875,0.3515625
20.933333333333334,0.38671875,0.3515625
20.95,0.3955078125,0.439453125
20.966666666666665,0.404296875,0.3515625
20.983333333333334,0.4130859375,0.3515625
21.0,0.421875,0.3515625
21.016666666666666,0.4306640625,0.439453125
21.033333333333335,0.439453125,0.3515625
21.05,0.4482421875,0.439453125
21.066666666666666,0.45703125,0.439453125
21.083333333333332,0.4658203125,0.439453125
21.1,0.474609375,0.439453125
21.116666666666667,0.4833984375,0.52734375
21.133333333333333,0.4921875,0.439453125
21.15,0.5009765625,0.439453125
21.166666666666668,0.509765625,0.439453125
21.183333333333334,0.5185546875,0.439453125
21.2,0.52734375,0.439453125
21.216666666666665,0.5361328125,0.52734375
21.233333333333334,0.544921875,0.52734375
21.25,0.5537109375,0.52734375
21.266666666666666,0.5625,0.52734375
21.283333333333335,0.5712890625,0.52734375
21.3,0.580078125,0.52734375
21.316666666666666,0.5888671875,0.52734375
21.333333333333332,0.59765625,0.615234375
21.35,0.6064453125,0.52734375
21.366666666666667,0.615234375,0.52734375
21.383333333333333,0.6240234375,0.52734375
21.4,0.6328125,0.615234375
21.416666666666668,0.6416015625,0.615234375
21.433333333333334,0.650390625,0.615234375
21.45,0.6591796875,0.615234375
21.466666666666665,0.66796875,0.615234375
21.483333333333334,0.6767578125,0.615234375
21.5,0.685546875,0.703125
21.516666666666666,0.6943359375,0.703125
21.533333333333335,0.703125,0.703125
21.55,0.7119140625,0.703125
21.566666666666666,0.720703125,0.615234375
21.583333333333332,0.7294921875,0.703125
21.6,0.73828125,0.703125
21.616666666666667,0.7470703125,0.703125
21.633333333333333,0.755859375,0.703125
21.65,0.7646484375,0.703125
21.666666666666668,0.7734375,0.703125
21.683333333333334,0.7822265625,0.703125
21.7,0.791015625,0.791015625
21.716666666666665,0.7998046875,0.791015625
21.733333333333334,0.80859375,0.791015625
21.75,0.8173828125,0.791015625
21.766666666666666,0.826171875,0.791015625
21.783333333333335,0.8349609375,0.791015625
21.8,0.84375,0.791015625
21.816666666666666,0.8525390625,0.791015625
21.833333333333332,0.861328125,0.791015625
21.85,0.8701171875,0.87890625
21.866666666666667,0.87890625,0.791015625
21.883333333333333,0.0,-0.087890625
21.9,0.0087890625,-0.087890625
21.916666666666668,0.017578125,0.0
21.933333333333334,0.0263671875,0.0
21.95,0.03515625,0.0
21.966666666666665,0.0439453125,0.0
21.983333333333334,0.052734375,0.0
22.0,0.0615234375,0.0
22.016666666666666,0.0703125,0.0
22.033333333333335,0.0791015625,0.0
22.05,0.087890625,0.0
22.066666666666666,0.0966796875,0.087890625
22.083333333333332,0.10546875,0.0
22.1,0.1142578125,0.087890625
22.116666666666667,0.123046875,0.087890625
22.133333333333333,0.1318359375,0.087890625
22.15,0.140625,0.087890625
22.166666666666668,0.1494140625,0.087890625
22.183333333333334,0.158203125,0.087890625
22.2,0.1669921875,0.087890625
22.216666666666665,0.17578125,0.087890625
22.233333333333334,0.1845703125,0.17578125
22.25,0.193359375,0.17578125
22.266666666666666,0.2021484375,0.17578125
22.283333333333335,0.2109375,0.17578125
22.3,0.2197265625,0.17578125
22.316666666666666,0.228515625,0.17578125
22.333333333333332,0.2373046875,0.17578125
22.35,0.24609375,0.17578125
22.366666666666667,0.2548828125,0.17578125
22.383333333333333,0.263671875,0.263671875
22.4,0.2724609375,0.263671875
22.416666666666668,0.28125,0.263671875
22.433333333333334,0.2900390625,0.263671875
22.45,0.298828125,0.263671875
22.466666666666665,0.3076171875,0.263671875
22.483333333333334,0.31640625,0.263671875
22.5,0.3251953125,0.263671875
22.516666666666666,0.333984375,0.263671875
22.533333333333335,0.3427734375,0.263671875
22.55,0.3515625,0.263671875
22.566666666666666,0.3603515625,0.263671875
22.583333333333332,0.369140625,0.263671875
22.6,0.3779296875,0.3515625
22.616666666666667,0.38671875,0.3515625
22.633333333333333,0.3955078125,0.3515625
22.65,0.404296875,0.3515625
22.666666666666668,0.4130859375,0.3515625
22.683333333333334,0.421875,0.3515625
22.7,0.4306640625,0.439453125
22.716666666666665,0.439453125,0.3515625
22.733333333333334,0.4482421875,0.439453125
22.75,0.45703125,0.439453125
22.766666666666666,0.4658203125,0.439453125
22.783333333333335,0.474609375,0.439453125
22.8,0.4833984375,0.439453125
22.816666666666666,0.4921875,0.439453125
22.833333333333332,0.5009765625,0.439453125
22.85,0.509765625,0.439453125
22.866666666666667,0.5185546875,0.439453125
22.883333333333333,0.52734375,0.52734375
22.9,0.5361328125,0.439453125
22.916666666666668,0.544921875,0.439453125
22.933333333333334,0.5537109375,0.52734375
22.95,0.5625,0.52734375
22.966666666666665,0.5712890625,0.52734375
22.983333333333334,0.580078125,0.52734375
23.0,0.5888671875,0.52734375
23.016666666666666,0.59765625,0.52734375
23.033333333333335,0.6064453125,0.52734375
23.05,0.615234375,0.615234375
23.066666666666666,0.6240234375,0.615234375
23.083333333333332,0.6328125,0.615234375
23.1,0.6416015625,0.615234375
23.116666666666667,0.650390625,0.615234375
23.133333333333333,0.6591796875,0.615234375
23.15,0.66796875,0.615234375
23.166666666666668,0.6767578125,0.615234375
23.183333333333334,0.685546875,0.615234375
23.2,0.6943359375,0.615234375
23.216666666666665,0.703125,0.615234375
23.233333333333334,0.7119140625,0.703125
23.25,0.720703125,0.703125
23.266666666666666,0.7294921875,0.703125
23.283333333333335,0.73828125,0.703125
23.3,0.7470703125,0.703125
23.316666666666666,0.755859375,0.703125
23.333333333333332,0.7646484375,0.703125
23.35,0.7734375,0.791015625
23.366666666666667,0.7822265625,0.791015625
23.383333333333333,0.791015625,0.703125
23.4,0.7998046875,0.791015625
23.416666666666668,0.80859375,0.791015625
23.433333333333334,0.8173828125,0.791015625
23.45,0.826171875,0.791015625
23.466666666666665,0.8349609375,0.791015625
23.483333333333334,0.84375,0.87890625
23.5,0.8525390625,0.791015625
23.516666666666666,0.861328125,0.791015625
23.533333333333335,0.8701171875,0.791015625
23.55,0.87890625,0.791015625
23.566666666666666,0.0,0.0
23.583333333333332,0.0087890625,-0.087890625
23.6,0.017578125,0.0
23.616666666666667,0.0263671875,0.0
23.633333333333333,0.03515625,0.0
23.65,0.0439453125,0.0
23.666666666666668,0.052734375,0.0
23.683333333333334,0.0615234375,0.0
23.7,0.0703125,0.0
23.716666666666665,0.0791015625,0.0
23.733333333333334,0.087890625,0.0
23.75,0.0966796875,0.0
23.766666666666666,0.10546875,0.087890625
23.783333333333335,0.1142578125,0.087890625
23.8,0.123046875,0.087890625
23.816666666666666,0.1318359375,0.17578125
23.833333333333332,0.140625,0.087890625
23.85,0.1494140625,0.087890625
23.866666666666667,0.158203125,0.087890625
23.883333333333333,0.1669921875,0.17578125
23.9,0.17578125,0.17578125
23.916666666666668,0.1845703125,0.087890625
23.933333333333334,0.193359375,0.17578125
23.95,0.2021484375,0.17578125
23.966666666666665,0.2109375,0.17578125
23.983333333333334,0.2197265625,0.17578125
24.0,0.228515625,0.17578125
24.016666666666666,0.2373046875,0.17578125
24.033333333333335,0.24609375,0.17578125
24.05,0.2548828125,0.17578125
24.066666666666666,0.263671875,0.17578125
24.083333333333332,0.2724609375,0.17578125
24.1,0.28125,0.263671875
24.116666666666667,0.2900390625,0.263671875
24.133333333333333,0.298828125,0.263671875
24.15,0.3076171875,0.263671875
24.166666666666668,0.31640625,0.263671875
24.183333333333334,0.3251953125,0.263671875
24.2,0.333984375,0.263671875
24.216666666666665,0.3427734375,0.263671875
24.233333333333334,0.3515625,0.3515625
24.25,0.3603515625,0.3515625
24.266666666666666,0.369140625,0.3515625
24.283333333333335,0.3779296875,0.3515625
24.3,0.38671875,0.3515625
24.316666666666666,0.3955078125,0.3515625
24.333333333333332,0.404296875,0.3515625
24.35,0.4130859375,0.3515625
24.366666666666667,0.421875,0.439453125
24.383333333333333,0.4306640625,0.3515625
24.4,0.439453125,0.3515625
24.416666666666668,0.4482421875,0.3515625
24.433333333333334,0.45703125,0.439453125
24.45,0.4658203125,0.439453125
24.466666666666665,0.474609375,0.439453125
24.483333333333334,0.4833984375,0.439453125
24.5,0.4921875,0.52734375
24.516666666666666,0.5009765625,0.439453125
24.533333333333335,0.509765625,0.52734375
24.55,0.5185546875,0.439453125
24.566666666666666,0.52734375,0.52734375
24.583333333333332,0.5361328125,0.52734375
24.6,0.544921875,0.52734375
24.616666666666667,0.5537109375,0.52734375
24.633333333333333,0.5625,0.52734375
24.65,0.5712890625,0.52734375
24.666666666666668,0.580078125,0.52734375
24.683333333333334,0.5888671875,0.52734375
24.7,0.59765625,0.52734375
24.716666666666665,0.6064453125,0.615234375
24.733333333333334,0.615234375,0.615234375
24.75,0.6240234375,0.615234375
24.766666666666666,0.6328125,0.615234375
24.783333333333335,0.6416015625,0.615234375
24.8,0.650390625,0.615234375
24.816666666666666,0.6591796875,0.615234375
24.833333333333332,0.66796875,0.615234375
24.85,0.6767578125,0.615234375
24.866666666666667,0.685546875,0.615234375
24.883333333333333,0.6943359375,0.615234375
24.9,0.703125,0.703125
24.916666666666668,0.7119140625,0.703125
24.933333333333334,0.720703125,0.703125
24.95,0.7294921875,0.703125
24.966666666666665,0.73828125,0.703125
24.983333333333334,0.7470703125,0.703125
25.0,0.755859375,0.703125
25.016666666666666,0.7646484375,0.791015625
25.033333333333335,0.7734375,0.791015625
25.05,0.7822265625,0.791015625
25.066666666666666,0.791015625,0.703125
25.083333333333332,0.7998046875,0.703125
25.1,0.80859375,0.703125
25.116666666666667,0.8173828125,0.703125
25.133333333333333,0.826171875,0.791015625
25.15,0.8349609375,0.791015625
25.166666666666668,0.84375,0.791015625
25.183333333333334,0.8525390625,0.791015625
25.2,0.861328125,0.87890625
25.216666666666665,0.8701171875,0.791015625
25.233333333333334,0.87890625,0.87890625
25.25,0.0,-0.087890625
25.266666666666666,0.0087890625,0.0
25.283333333333335,0.017578125,-0.087890625
25.3,0.0263671875,0.0
25.316666666666666,0.03515625,0.0
25.333333333333332,0.0439453125,0.0
25.35,0.052734375,0.0
25.366666666666667,0.0615234375,0.0
25.383333333333333,0.0703125,0.0
25.4,0.0791015625,0.0
25.416666666666668,0.087890625,0.0
25.433333333333334,0.0966796875,0.0
25.45,0.10546875,0.087890625
25.466666666666665,0.1142578125,0.087890625
25.483333333333334,0.123046875,0.087890625
25.5,0.1318359375,0.087890625
25.516666666666666,0.140625,0.087890625
25.533333333333335,0.1494140625,0.087890625
25.55,0.158203125,0.087890625
25.566666666666666,0.1669921875,0.087890625
25.583333333333332,0.17578125,0.17578125
25.6,0.1845703125,0.17578125
25.616666666666667,0.193359375,0.17578125
25.633333333333333,0.2021484375,0.17578125
25.65,0.2109375,0.17578125
25.666666666666668,0.2197265625,0.17578125
25.683333333333334,0.228515625,0.17578125
25.7,0.2373046875,0.17578125
25.716666666666665,0.24609375,0.17578125
25.733333333333334,0.2548828125,0.263671875
25.75,0.263671875,0.263671875
25.766666666666666,0.2724609375,0.17578125
25.783333333333335,0.28125,0.263671875
25.8,0.2900390625,0.263671875
25.816666666666666,0.298828125,0.263671875
25.833333333333332,0.3076171875,0.263671875
25.85,0.31640625,0.263671875
25.866666666666667,0.3251953125,0.263671875
25.883333333333333,0.333984375,0.263671875
25.9,0.3427734375,0.263671875
25.916666666666668,0.3515625,0.263671875
25.933333333333334,0.3603515625,0.3515625
25.95,0.369140625,0.3515625
25.966666666666665,0.3779296875,0.263671875
25.983333333333334,0.38671875,0.3515625
26.0,0.3955078125,0.3515625
26.016666666666666,0.404296875,0.3515625
26.033333333333335,0.4130859375,0.3515625
26.05,0.421875,0.3515625
26.066666666666666,0.4306640625,0.439453125
26.083333333333332,0.439453125,0.439453125
26.1,0.4482421875,0.3515625
26.116666666666667,0.45703125,0.439453125
26.133333333333333,0.4658203125,0.439453125
26.15,0.474609375,0.439453125
26.166666666666668,0.4833984375,0.439453125
26.183333333333334,0.4921875,0.439453125
26.2,0.5009765625,0.52734375
26.216666666666665,0.509765625,0.439453125
26.233333333333334,0.5185546875,0.439453125
26.25,0.52734375,0.439453125
26.266666666666666,0.5361328125,0.439453125
26.283333333333335,0.544921875,0.52734375
26.3,0.5537109375,0.52734375
26.316666666666666,0.5625,0.52734375
26.333333333333332,0.5712890625,0.52734375
26.35,0.580078125,0.52734375
26.366666666666667,0.5888671875,0.52734375
26.383333333333333,0.59765625,0.52734375
26.4,0.6064453125,0.52734375
26.416666666666668,0.615234375,0.52734375
26.433333333333334,0.6240234375,0.52734375
26.45,0.6328125,0.615234375
26.466666666666665,0.6416015625,0.615234375
26.483333333333334,0.650390625,0.615234375
26.5,0.6591796875,0.615234375
26.516666666666666,0.66796875,0.615234375
26.533333333333335,0.6767578125,0.615234375
26.55,0.685546875,0.703125
26.566666666666666,0.6943359375,0.615234375
26.583333333333332,0.703125,0.703125
26.6,0.7119140625,0.703125
26.616666666666667,0.720703125,0.703125
26.633333333333333,0.7294921875,0.703125
26.65,0.73828125,0.703125
26.666666666666668,0.7470703125,0.703125
26.683333333333334,0.755859375,0.703125
26.7,0.7646484375,0.703125
26.716666666666665,0.7734375,0.703125
26.733333333333334,0.7822265625,0.791015625
26.75,0.791015625,0.703125
26.766666666666666,0.7998046875,0.791015625
26.783333333333335,0.80859375,0.791015625
26.8,0.8173828125,0.791015625
26.816666666666666,0.826171875,0.791015625
26.833333333333332,0.8349609375,0.791015625
26.85,0.84375,0.87890625
26.866666666666667,0.8525390625,0.703125
26.883333333333333,0.861328125,0.791015625
26.9,0.8701171875,0.791015625
26.916666666666668,0.87890625,0.87890625
26.933333333333334,0.0,-0.087890625
26.95,0.0087890625,0.0
26.966666666666665,0.017578125,0.0
26.983333333333334,0.0263671875,0.0
27.0,0.03515625,0.0
27.016666666666666,0.0439453125,0.0
27.033333333333335,0.052734375,0.0
27.05,0.0615234375,0.0
27.066666666666666,0.0703125,0.087890625
27.083333333333332,0.0791015625,0.0
27.1,0.087890625,0.087890625
27.116666666666667,0.0966796875,0.087890625
27.133333333333333,0.10546875,0.087890625
27.15,0.1142578125,0.087890625
27.166666666666668,0.123046875,0.087890625
27.183333333333334,0.1318359375,0.087890625
27.2,0.140625,0.17578125
27.216666666666665,0.1494140625,0.087890625
27.233333333333334,0.158203125,0.087890625
27.25,0.1669921875,0.087890625
27.266666666666666,0.17578125,0.087890625
27.283333333333335,0.1845703125,0.087890625
27.3,0.193359375,0.17578125
27.316666666666666,0.2021484375,0.087890625
27.333333333333332,0.2109375,0.17578125
27.35,0.2197265625,0.17578125
27.366666666666667,0.228515625,0.17578125
27.383333333333333,0.2373046875,0.17578125
27.4,0.24609375,0.17578125
27.416666666666668,0.2548828125,0.17578125
27.433333333333334,0.263671875,0.263671875
27.45,0.2724609375,0.17578125
27.466666666666665,0.28125,0.263671875
27.483333333333334,0.2900390625,0.17578125
27.5,0.298828125,0.263671875
27.516666666666666,0.3076171875,0.263671875
27.533333333333335,0.31640625,0.263671875
27.55,0.3251953125,0.263671875
27.566666666666666,0.333984375,0.263671875
27.583333333333332,0.3427734375,0.3515625
27.6,0.3515625,0.263671875
27.616666666666667,0.3603515625,0.3515625
27.633333333333333,0.369140625,0.263671875
27.65,0.3779296875,0.263671875
27.666666666666668,0.38671875,0.3515625
27.683333333333334,0.3955078125,0.3515625
27.7,0.404296875,0.3515625
27.716666666666665,0.4130859375,0.3515625
27.733333333333334,0.421875,0.3515625
27.75,0.4306640625,0.439453125
27.766666666666666,0.439453125,0.3515625
27.783333333333335,0.4482421875,0.3515625
27.8,0.45703125,0.3515625
27.816666666666666,0.4658203125,0.439453125
27.833333333333332,0.474609375,0.439453125
27.85,0.4833984375,0.439453125
27.866666666666667,0.4921875,0.439453125
27.883333333333333,0.5009765625,0.439453125
27.9,0.509765625,0.52734375
27.916666666666668,0.5185546875,0.439453125
27.933333333333334,0.52734375,0.52734375
27.95,0.5361328125,0.52734375
27.966666666666665,0.544921875,0.52734375
27.983333333333334,0.5537109375,0.52734375
28.0,0.5625,0.52734375
28.016666666666666,0.5712890625,0.52734375
28.033333333333335,0.580078125,0.52734375
28.05,0.5888671875,0.52734375
28.066666666666666,0.59765625,0.52734375
28.083333333333332,0.6064453125,0.615234375
28.1,0.615234375,0.615234375
28.116666666666667,0.6240234375,0.52734375
28.133333333333333,0.6328125,0.615234375
28.15,0.6416015625,0.615234375
28.166666666666668,0.650390625,0.615234375
28.183333333333334,0.6591796875,0.615234375
28.2,0.66796875,0.615234375
28.216666666666665,0.6767578125,0.615234375
28.233333333333334,0.685546875,0.615234375
28.25,0.6943359375,0.615234375
28.266666666666666,0.703125,0.703125
28.283333333333335,0.7119140625,0.615234375
28.3,0.720703125,0.703125
28.316666666666666,0.7294921875,0.703125
28.333333333333332,0.73828125,0.703125
28.35,0.7470703125,0.703125
28.366666666666667,0.755859375,0.703125
28.383333333333333,0.7646484375,0.703125
28.4,0.7734375,0.703125
28.416666666666668,0.7822265625,0.703125
28.433333333333334,0.791015625,0.703125
28.45,0.7998046875,0.703125
28.466666666666665,0.80859375,0.791015625
28.483333333333334,0.8173828125,0.791015625
28.5,0.826171875,0.791015625
28.516666666666666,0.8349609375,0.791015625
28.533333333333335,0.84375,0.791015625
28.55,0.8525390625,0.791015625
28.566666666666666,0.861328125,0.791015625
28.583333333333332,0.8701171875,0.791015625
28.6,0.87890625,0.791015625
28.616666666666667,0.0,-0.087890625
28.633333333333333,0.0087890625,-0.087890625
28.65,0.017578125,-0.087890625
28.666666666666668,0.0263671875,0.0
28.683333333333334,0.03515625,0.0
28.7,0.0439453125,0.0
28.716666666666665,0.052734375,0.0
28.733333333333334,0.0615234375,0.0
28.75,0.0703125,0.087890625
28.766666666666666,0.0791015625,0.0
28.783333333333335,0.087890625,0.0
28.8,0.0966796875,0.0
28.816666666666666,0.10546875,0.0
28.833333333333332,0.1142578125,0.087890625
28.85,0.123046875,0.087890625
28.866666666666667,0.1318359375,0.087890625
28.883333333333333,0.140625,0.087890625
28.9,0.1494140625,0.087890625
28.916666666666668,0.158203125,0.087890625
28.933333333333334,0.1669921875,0.087890625
28.95,0.17578125,0.087890625
28.966666666666665,0.1845703125,0.087890625
28.983333333333334,0.193359375,0.087890625
29.0,0.2021484375,0.17578125
29.016666666666666,0.2109375,0.17578125
29.033333333333335,0.2197265625,0.17578125
29.05,0.228515625,0.17578125
29.066666666666666,0.2373046875,0.263671875
29.083333333333332,0.24609375,0.263671875
29.1,0.2548828125,0.17578125
29.116666666666667,0.263671875,0.17578125
29.133333333333333,0.2724609375,0.263671875
29.15,0.28125,0.17578125
29.166666666666668,0.2900390625,0.263671875
29.183333333333334,0.298828125,0.263671875
29.2,0.3076171875,0.263671875
29.216666666666665,0.31640625,0.263671875
29.233333333333334,0.3251953125,0.263671875
29.25,0.333984375,0.263671875
29.266666666666666,0.3427734375,0.263671875
29.283333333333335,0.3515625,0.3515625
29.3,0.3603515625,0.263671875
29.316666666666666,0.369140625,0.3515625
29.333333333333332,0.3779296875,0.3515625
29.35,0.38671875,0.3515625
29.366666666666667,0.3955078125,0.3515625
29.383333333333333,0.404296875,0.3515625
29.4,0.4130859375,0.3515625
29.416666666666668,0.421875,0.3515625
29.433333333333334,0.4306640625,0.3515625
29.45,0.439453125,0.3515625
29.466666666666665,0.4482421875,0.439453125
29.483333333333334,0.45703125,0.3515625
29.5,0.4658203125,0.439453125
29.516666666666666,0.474609375,0.439453125
29.533333333333335,0.4833984375,0.439453125
29.55,0.4921875,0.439453125
29.566666666666666,0.5009765625,0.439453125
29.583333333333332,0.509765625,0.439453125
29.6,0.5185546875,0.52734375
29.616666666666667,0.52734375,0.52734375
29.633333333333333,0.5361328125,0.52734375
29.65,0.544921875,0.52734375
29.666666666666668,0.5537109375,0.52734375
29.683333333333334,0.5625,0.52734375
29.7,0.5712890625,0.52734375
29.716666666666665,0.580078125,0.52734375
29.733333333333334,0.5888671875,0.52734375
29.75,0.59765625,0.52734375
29.766666666666666,0.6064453125,0.615234375
29.783333333333335,0.615234375,0.615234375
29.8,0.6240234375,0.52734375
29.816666666666666,0.6328125,0.615234375
29.833333333333332,0.6416015625,0.52734375
29.85,0.650390625,0.615234375
29.866666666666667,0.6591796875,0.615234375
29.883333333333333,0.66796875,0.615234375
29.9,0.6767578125,0.615234375
29.916666666666668,0.685546875,0.615234375
29.933333333333334,0.6943359375,0.615234375
29.95,0.703125,0.703125
29.966666666666665,0.7119140625,0.703125
29.983333333333334,0.720703125,0.703125
30.0,0.7294921875,0.703125
30.016666666666666,0.73828125,0.703125
30.033333333333335,0.7470703125,0.703125
30.05,0.755859375,0.703125
30.066666666666666,0.7646484375,0.703125
30.083333333333332,0.7734375,0.791015625
30.1,0.7822265625,0.703125
30.116666666666667,0.791015625,0.791015625
30.133333333333333,0.7998046875,0.791015625
30.15,0.80859375,0.791015625
30.166666666666668,0.8173828125,0.791015625
30.183333333333334,0.826171875,0.791015625
30.2,0.8349609375,0.791015625
30.216666666666665,0.84375,0.791015625
30.233333333333334,0.8525390625,0.791015625
30.25,0.861328125,0.87890625
30.266666666666666,0.8701171875,0.87890625
30.283333333333335,0.87890625,0.791015625
30.3,0.0,-0.087890625
30.316666666666666,0.0087890625,0.0
30.333333333333332,0.017578125,0.0
30.35,0.0263671875,0.0
30.366666666666667,0.03515625,0.0
30.383333333333333,0.0439453125,0.0
30.4,0.052734375,0.0
30.416666666666668,0.0615234375,0.087890625
30.433333333333334,0.0703125,0.0
30.45,0.0791015625,0.0
30.466666666666665,0.087890625,0.0
30.483333333333334,0.0966796875,0.087890625
30.5,0.10546875,0.087890625
30.516666666666666,0.1142578125,0.087890625
30.533333333333335,0.123046875,0.087890625
30.55,0.1318359375,0.087890625
30.566666666666666,0.140625,0.087890625
30.583333333333332,0.1494140625,0.087890625
30.6,0.158203125,0.17578125
30.616666666666667,0.1669921875,0.17578125
30.633333333333333,0.17578125,0.17578125
30.65,0.1845703125,0.17578125
30.666666666666668,0.193359375,0.17578125
30.683333333333334,0.2021484375,0.17578125
30.7,0.2109375,0.17578125
30.716666666666665,0.2197265625,0.17578125
30.733333333333334,0.228515625,0.17578125
30.75,0.2373046875,0.17578125
30.766666666666666,0.24609375,0.263671875
30.783333333333335,0.2548828125,0.17578125
30.8,0.263671875,0.17578125
30.816666666666666,0.2724609375,0.263671875
30.833333333333332,0.28125,0.17578125
30.85,0.2900390625,0.263671875
30.866666666666667,0.298828125,0.263671875
30.883333333333333,0.3076171875,0.263671875
30.9,0.31640625,0.263671875
30.916666666666668,0.3251953125,0.263671875
30.933333333333334,0.333984375,0.263671875
30.95,0.3427734375,0.263671875
30.966666666666665,0.3515625,0.263671875
30.983333333333334,0.3603515625,0.3515625
31.0,0.369140625,0.263671875
31.016666666666666,0.3779296875,0.3515625
31.033333333333335,0.38671875,0.3515625
31.05,0.3955078125,0.3515625
31.066666666666666,0.404296875,0.3515625
31.083333333333332,0.4130859375,0.3515625
31.1,0.421875,0.3515625
31.116666666666667,0.4306640625,0.3515625
31.133333333333333,0.439453125,0.3515625
31.15,0.4482421875,0.439453125
31.166666666666668,0.45703125,0.439453125
31.183333333333334,0.4658203125,0.439453125
31.2,0.474609375,0.439453125
31.216666666666665,0.4833984375,0.439453125
31.233333333333334,0.4921875,0.439453125
31.25,0.5009765625,0.439453125
31.266666666666666,0.509765625,0.439453125
31.283333333333335,0.5185546875,0.52734375
31.3,0.52734375,0.52734375
31.316666666666666,0.5361328125,0.52734375
31.333333333333332,0.544921875,0.52734375
31.35,0.5537109375,0.52734375
31.366666666666667,0.5625,0.52734375
31.383333333333333,0.5712890625,0.52734375
31.4,0.580078125,0.52734375
31.416666666666668,0.5888671875,0.615234375
31.433333333333334,0.59765625,0.615234375
31.45,0.6064453125,0.615234375
31.466666666666665,0.615234375,0.52734375
31.483333333333334,0.6240234375,0.615234375
31.5,0.6328125,0.615234375
31.516666666666666,0.6416015625,0.615234375
31.533333333333335,0.650390625,0.615234375
31.55,0.6591796875,0.615234375
31.566666666666666,0.66796875,0.615234375
31.583333333333332,0.6767578125,0.615234375
31.6,0.685546875,0.615234375
31.616666666666667,0.6943359375,0.703125
31.633333333333333,0.703125,0.703125
31.65,0.7119140625,0.703125
31.666666666666668,0.720703125,0.703125
31.683333333333334,0.7294921875,0.703125
31.7,0.73828125,0.615234375
31.716666666666665,0.7470703125,0.703125
31.733333333333334,0.755859375,0.703125
31.75,0.7646484375,0.703125
31.766666666666666,0.7734375,0.791015625
31.783333333333335,0.7822265625,0.703125
31.8,0.791015625,0.703125
31.816666666666666,0.7998046875,0.703125
31.833333333333332,0.80859375,0.791015625
31.85,0.8173828125,0.791015625
31.866666666666667,0.826171875,0.791015625
31.883333333333333,0.8349609375,0.791015625
31.9,0.84375,0.791015625
31.916666666666668,0.8525390625,0.791015625
31.933333333333334,0.861328125,0.791015625
31.95,0.8701171875,0.791015625
31.966666666666665,0.87890625,0.87890625
31.983333333333334,0.0,-0.087890625
32.0,0.0087890625,0.0
32.016666666666666,0.017578125,0.0
32.03333333333333,0.0263671875,0.0
32.05,0.03515625,0.0
32.06666666666667,0.0439453125,0.0
32.083333333333336,0.052734375,0.0
32.1,0.0615234375,0.0
32.11666666666667,0.0703125,0.0
32.13333333333333,0.0791015625,0.0
32.15,0.087890625,0.087890625
32.166666666666664,0.0966796875,0.0
32.18333333333333,0.10546875,0.0
32.2,0.1142578125,0.0
32.21666666666667,0.123046875,0.087890625
32.233333333333334,0.1318359375,0.17578125
32.25,0.140625,0.087890625
32.266666666666666,0.1494140625,0.087890625
32.28333333333333,0.158203125,0.087890625
32.3,0.1669921875,0.087890625
32.31666666666667,0.17578125,0.087890625
32.333333333333336,0.1845703125,0.087890625
32.35,0.193359375,0.087890625
32.36666666666667,0.2021484375,0.17578125
32.38333333333333,0.2109375,0.17578125
32.4,0.2197265625,0.17578125
32.416666666666664,0.228515625,0.17578125
32.43333333333333,0.2373046875,0.263671875
32.45,0.24609375,0.17578125
32.46666666666667,0.2548828125,0.17578125
32.483333333333334,0.263671875,0.263671875
32.5,0.2724609375,0.263671875
32.516666666666666,0.28125,0.17578125
32.53333333333333,0.2900390625,0.263671875
32.55,0.298828125,0.263671875
32.56666666666667,0.3076171875,0.263671875
32.583333333333336,0.31640625,0.263671875
32.6,0.3251953125,0.263671875
32.61666666666667,0.333984375,0.3515625
32.63333333333333,0.3427734375,0.263671875
32.65,0.3515625,0.3515625
32.666666666666664,0.3603515625,0.3515625
32.68333333333333,0.369140625,0.3515625
32.7,0.3779296875,0.3515625
32.71666666666667,0.38671875,0.3515625
32.733333333333334,0.3955078125,0.3515625
32.75,0.404296875,0.3515625
32.766666666666666,0.4130859375,0.3515625
32.78333333333333,0.421875,0.3515625
32.8,0.4306640625,0.3515625
32.81666666666667,0.439453125,0.439453125
32.833333333333336,0.4482421875,0.3515625
32.85,0.45703125,0.439453125
32.86666666666667,0.4658203125,0.439453125
32.88333333333333,0.474609375,0.439453125
32.9,0.4833984375,0.439453125
32.916666666666664,0.4921875,0.439453125
32.93333333333333,0.5009765625,0.439453125
32.95,0.509765625,0.439453125
32.96666666666667,0.5185546875,0.52734375
32.983333333333334,0.52734375,0.52734375
33.0,0.5361328125,0.52734375
33.016666666666666,0.544921875,0.52734375
33.03333333333333,0.5537109375,0.52734375
33.05,0.5625,0.52734375
33.06666666666667,0.5712890625,0.52734375
33.083333333333336,0.580078125,0.52734375
33.1,0.5888671875,0.52734375
33.11666666666667,0.59765625,0.615234375
33.13333333333333,0.6064453125,0.52734375
33.15,0.615234375,0.615234375
33.166666666666664,0.6240234375,0.615234375
33.18333333333333,0.6328125,0.615234375
33.2,0.6416015625,0.615234375
33.21666666666667,0.650390625,0.615234375
33.233333333333334,0.6591796875,0.615234375
33.25,0.66796875,0.615234375
33.266666666666666,0.6767578125,0.615234375
33.28333333333333,0.685546875,0.615234375
33.3,0.6943359375,0.615234375
33.31666666666667,0.703125,0.703125
33.333333333333336,0.7119140625,0.615234375
33.35,0.720703125,0.615234375
33.36666666666667,0.7294921875,0.703125
33.38333333333333,0.73828125,0.703125
33.4,0.7470703125,0.703125
33.416666666666664,0.755859375,0.703125
33.43333333333333,0.7646484375,0.703125
33.45,0.7734375,0.703125
33.46666666666667,0.7822265625,0.703125
33.483333333333334,0.791015625,0.791015625
33.5,0.7998046875,0.791015625
33.516666666666666,0.80859375,0.791015625
33.53333333333333,0.8173828125,0.703125
33.55,0.826171875,0.791015625
33.56666666666667,0.8349609375,0.791015625
33.583333333333336,0.84375,0.791015625
33.6,0.8525390625,0.791015625
33.61666666666667,0.861328125,0.791015625
33.63333333333333,0.8701171875,0.87890625
33.65,0.87890625,0.791015625
33.666666666666664,0.0,-0.087890625
33.68333333333333,0.0087890625,-0.087890625
33.7,0.017578125,0.0
33.71666666666667,0.0263671875,0.0
33.733333333333334,0.03515625,0.0
33.75,0.0439453125,0.0
33.766666666666666,0.052734375,0.0
33.78333333333333,0.0615234375,0.0
33.8,0.0703125,0.0
33.81666666666667,0.0791015625,0.087890625
33.833333333333336,0.087890625,0.087890625
33.85,0.0966796875,0.087890625
33.86666666666667,0.10546875,0.087890625
33.88333333333333,0.1142578125,0.087890625
33.9,0.123046875,0.087890625
33.916666666666664,0.1318359375,0.087890625
33.93333333333333,0.140625,0.087890625
33.95,0.1494140625,0.087890625
33.96666666666667,0.158203125,0.087890625
33.983333333333334,0.1669921875,0.087890625
34.0,0.17578125,0.087890625
34.016666666666666,0.1845703125,0.17578125
34.03333333333333,0.193359375,0.17578125
34.05,0.2021484375,0.17578125
34.06666666666667,0.2109375,0.17578125
34.083333333333336,0.2197265625,0.17578125
34.1,0.228515625,0.17578125
34.11666666666667,0.2373046875,0.263671875
34.13333333333333,0.24609375,0.17578125
34.15,0.2548828125,0.17578125
34.166666666666664,0.263671875,0.263671875
34.18333333333333,0.2724609375,0.263671875
34.2,0.28125,0.263671875
34.21666666666667,0.2900390625,0.263671875
34.233333333333334,0.298828125,0.263671875
34.25,0.3076171875,0.263671875
34.266666666666666,0.31640625,0.263671875
34.28333333333333,0.3251953125,0.263671875
34.3,0.333984375,0.263671875
34.31666666666667,0.3427734375,0.263671875
34.333333333333336,0.3515625,0.3515625
34.35,0.3603515625,0.3515625
34.36666666666667,0.369140625,0.3515625
34.38333333333333,0.3779296875,0.3515625
34.4,0.38671875,0.3515625
34.416666666666664,0.3955078125,0.3515625
34.43333333333333,0.404296875,0.3515625
34.45,0.4130859375,0.3515625
34.46666666666667,0.421875,0.3515625
34.483333333333334,0.4306640625,0.3515625
34.5,0.439453125,0.3515625
34.516666666666666,0.4482421875,0.3515625
34.53333333333333,0.45703125,0.439453125
34.55,0.4658203125,0.439453125
34.56666666666667,0.474609375,0.439453125
34.583333333333336,0.4833984375,0.439453125
34.6,0.4921875,0.439453125
34.61666666666667,0.5009765625,0.439453125
34.63333333333333,0.509765625,0.439453125
34.65,0.5185546875,0.439453125
34.666666666666664,0.52734375,0.439453125
34.68333333333333,0.5361328125,0.439453125
34.7,0.544921875,0.439453125
34.71666666666667,0.5537109375,0.439453125
34.733333333333334,0.5625,0.52734375
34.75,0.5712890625,0.52734375
34.766666666666666,0.580078125,0.52734375
34.78333333333333,0.5888671875,0.615234375
34.8,0.59765625,0.52734375
34.81666666666667,0.6064453125,0.52734375
34.833333333333336,0.615234375,0.52734375
34.85,0.6240234375,0.615234375
34.86666666666667,0.6328125,0.52734375
34.88333333333333,0.6416015625,0.615234375
34.9,0.650390625,0.615234375
34.916666666666664,0.6591796875,0.615234375
34.93333333333333,0.66796875,0.615234375
34.95,0.6767578125,0.615234375
34.96666666666667,0.685546875,0.615234375
34.983333333333334,0.6943359375,0.703125
35.0,0.703125,0.703125
35.016666666666666,0.7119140625,0.615234375
35.03333333333333,0.720703125,0.703125
35.05,0.7294921875,0.703125
35.06666666666667,0.73828125,0.703125
35.083333333333336,0.7470703125,0.703125
35.1,0.755859375,0.703125
35.11666666666667,0.7646484375,0.703125
35.13333333333333,0.7734375,0.703125
35.15,0.7822265625,0.703125
35.166666666666664,0.791015625,0.791015625
35.18333333333333,0.7998046875,0.791015625
35.2,0.80859375,0.791015625
35.21666666666667,0.8173828125,0.791015625
35.233333333333334,0.826171875,0.791015625
35.25,0.8349609375,0.791015625
35.266666666666666,0.84375,0.791015625
35.28333333333333,0.8525390625,0.87890625
35.3,0.861328125,0.87890625
35.31666666666667,0.8701171875,0.791015625
35.333333333333336,0.87890625,0.791015625
35.35,0.0,0.0
35.36666666666667,0.0087890625,0.0
35.38333333333333,0.017578125,0.0
35.4,0.0263671875,0.0
35.416666666666664,0.03515625,0.0
35.43333333333333,0.0439453125,0.0
35.45,0.052734375,0.0
35.46666666666667,0.0615234375,0.0
35.483333333333334,0.0703125,0.087890625
35.5,0.0791015625,0.087890625
35.516666666666666,0.087890625,0.0
35.53333333333333,0.0966796875,0.087890625
35.55,0.10546875,0.087890625
35.56666666666667,0.1142578125,0.0
35.583333333333336,0.123046875,0.087890625
35.6,0.1318359375,0.087890625
35.61666666666667,0.140625,0.087890625
35.63333333333333,0.1494140625,0.087890625
35.65,0.158203125,0.17578125
35.666666666666664,0.1669921875,0.17578125
35.68333333333333,0.17578125,0.17578125
35.7,0.1845703125,0.17578125
35.71666666666667,0.193359375,0.17578125
35.733333333333334,0.2021484375,0.17578125
35.75,0.2109375,0.17578125
35.766666666666666,0.2197265625,0.17578125
35.78333333333333,0.228515625,0.17578125
35.8,0.2373046875,0.17578125
35.81666666666667,0.24609375,0.17578125
35.833333333333336,0.2548828125,0.17578125
35.85,0.263671875,0.17578125
35.86666666666667,0.2724609375,0.263671875
35.88333333333333,0.28125,0.263671875
35.9,0.2900390625,0.263671875
35.916666666666664,0.298828125,0.263671875
35.93333333333333,0.3076171875,0.263671875
35.95,0.31640625,0.263671875
35.96666666666667,0.3251953125,0.3515625
35.983333333333334,0.333984375,0.263671875
36.0,0.3427734375,0.3515625
36.016666666666666,0.3515625,0.263671875
36.03333333333333,0.3603515625,0.263671875
36.05,0.369140625,0.263671875
36.06666666666667,0.3779296875,0.3515625
36.083333333333336,0.38671875,0.3515625
36.1,0.3955078125,0.3515625
36.11666666666667,0.404296875,0.3515625
36.13333333333333,0.4130859375,0.439453125
36.15,0.421875,0.3515625
36.166666666666664,0.4306640625,0.3515625
36.18333333333333,0.439453125,0.3515625
36.2,0.4482421875,0.439453125
36.21666666666667,0.45703125,0.439453125
36.233333333333334,0.4658203125,0.439453125
36.25,0.474609375,0.439453125
36.266666666666666,0.4833984375,0.439453125
36.28333333333333,0.4921875,0.439453125
36.3,0.5009765625,0.439453125
36.31666666666667,0.509765625,0.439453125
36.333333333333336,0.5185546875,0.439453125
36.35,0.52734375,0.439453125
36.36666666666667,0.5361328125,0.52734375
36.38333333333333,0.544921875,0.52734375
36.4,0.5537109375,0.52734375
36.416666666666664,0.5625,0.52734375
36.43333333333333,0.5712890625,0.52734375
36.45,0.580078125,0.52734375
36.46666666666667,0.5888671875,0.52734375
36.483333333333334,0.59765625,0.52734375
36.5,0.6064453125,0.615234375
36.516666666666666,0.615234375,0.52734375
36.53333333333333,0.6240234375,0.52734375
36.55,0.6328125,0.615234375
36.56666666666667,0.6416015625,0.615234375
36.583333333333336,0.650390625,0.615234375
36.6,0.6591796875,0.615234375
36.61666666666667,0.66796875,0.615234375
36.63333333333333,0.6767578125,0.615234375
36.65,0.685546875,0.703125
36.666666666666664,0.6943359375,0.615234375
36.68333333333333,0.703125,0.615234375
36.7,0.7119140625,0.703125
36.71666666666667,0.720703125,0.703125
36.733333333333334,0.7294921875,0.703125
36.75,0.73828125,0.703125
36.766666666666666,0.7470703125,0.703125
36.78333333333333,0.755859375,0.703125
36.8,0.7646484375,0.703125
36.81666666666667,0.7734375,0.703125
36.833333333333336,0.7822265625,0.703125
36.85,0.791015625,0.791015625
36.86666666666667,0.7998046875,0.791015625
36.88333333333333,0.80859375,0.791015625
36.9,0.8173828125,0.791015625
36.916666666666664,0.826171875,0.703125
36.93333333333333,0.8349609375,0.791015625
36.95,0.84375,0.791015625
36.96666666666667,0.8525390625,0.791015625
36.983333333333334,0.861328125,0.791015625
37.0,0.8701171875,0.791015625
37.016666666666666,0.87890625,0.791015625
37.03333333333333,0.0,0.0
37.05,0.0087890625,0.0
37.06666666666667,0.017578125,-0.087890625
37.083333333333336,0.0263671875,0.0
37.1,0.03515625,0.0
37.11666666666667,0.0439453125,0.0
37.13333333333333,0.052734375,0.087890625
37.15,0.0615234375,0.0
37.166666666666664,0.0703125,0.087890625
37.18333333333333,0.0791015625,0.087890625
37.2,0.087890625,0.087890625
37.21666666666667,0.0966796875,0.087890625
37.233333333333334,0.10546875,0.087890625
37.25,0.1142578125,0.0
37.266666666666666,0.123046875,0.087890625
37.28333333333333,0.1318359375,0.087890625
37.3,0.140625,0.087890625
37.31666666666667,0.1494140625,0.087890625
37.333333333333336,0.158203125,0.087890625
37.35,0.1669921875,0.087890625
37.36666666666667,0.17578125,0.087890625
37.38333333333333,0.1845703125,0.17578125
37.4,0.193359375,0.17578125
37.416666666666664,0.2021484375,0.17578125
37.43333333333333,0.2109375,0.17578125
37.45,0.2197265625,0.17578125
37.46666666666667,0.228515625,0.17578125
37.483333333333334,0.2373046875,0.17578125
37.5,0.24609375,0.17578125
37.516666666666666,0.2548828125,0.17578125
37.53333333333333,0.263671875,0.263671875
37.55,0.2724609375,0.263671875
37.56666666666667,0.28125,0.263671875
37.583333333333336,0.2900390625,0.263671875
37.6,0.298828125,0.263671875
37.61666666666667,0.3076171875,0.263671875
37.63333333333333,0.31640625,0.263671875
37.65,0.3251953125,0.263671875
37.666666666666664,0.333984375,0.263671875
37.68333333333333,0.3427734375,0.3515625
37.7,0.3515625,0.263671875
37.71666666666667,0.3603515625,0.263671875
37.733333333333334,0.369140625,0.3515625
37.75,0.3779296875,0.3515625
37.766666666666666,0.38671875,0.3515625
37.78333333333333,0.3955078125,0.3515625
37.8,0.404296875,0.3515625
37.81666666666667,0.4130859375,0.3515625
37.833333333333336,0.421875,0.3515625
37.85,0.4306640625,0.439453125
37.86666666666667,0.439453125,0.3515625
37.88333333333333,0.4482421875,0.439453125
37.9,0.45703125,0.3515625
37.916666666666664,0.4658203125,0.439453125
37.93333333333333,0.474609375,0.439453125
37.95,0.4833984375,0.439453125
37.96666666666667,0.4921875,0.439453125
37.983333333333334,0.5009765625,0.439453125
38.0,0.509765625,0.439453125
38.016666666666666,0.5185546875,0.439453125
38.03333333333333,0.52734375,0.439453125
38.05,0.5361328125,0.52734375
38.06666666666667,0.544921875,0.52734375
38.083333333333336,0.5537109375,0.52734375
38.1,0.5625,0.52734375
38.11666666666667,0.5712890625,0.52734375
38.13333333333333,0.580078125,0.52734375
38.15,0.5888671875,0.52734375
38.166666666666664,0.59765625,0.52734375
38.18333333333333,0.6064453125,0.615234375
38.2,0.615234375,0.615234375
38.21666666666667,0.6240234375,0.615234375
38.233333333333334,0.6328125,0.615234375
38.25,0.6416015625,0.615234375
38.266666666666666,0.650390625,0.615234375
38.28333333333333,0.6591796875,0.615234375
38.3,0.66796875,0.615234375
38.31666666666667,0.6767578125,0.615234375
38.333333333333336,0.685546875,0.703125
38.35,0.6943359375,0.703125
38.36666666666667,0.703125,0.615234375
38.38333333333333,0.7119140625,0.703125
38.4,0.720703125,0.703125
38.416666666666664,0.7294921875,0.703125
38.43333333333333,0.73828125,0.791015625
38.45,0.7470703125,0.703125
38.46666666666667,0.755859375,0.703125
38.483333333333334,0.7646484375,0.703125
38.5,0.7734375,0.703125
38.516666666666666,0.7822265625,0.791015625
38.53333333333333,0.791015625,0.703125
38.55,0.7998046875,0.791015625
38.56666666666667,0.80859375,0.791015625
38.583333333333336,0.8173828125,0.791015625
38.6,0.826171875,0.791015625
38.61666666666667,0.8349609375,0.791015625
38.63333333333333,0.84375,0.791015625
38.65,0.8525390625,0.791015625
38.666666666666664,0.861328125,0.791015625
38.68333333333333,0.8701171875,0.791015625
38.7,0.87890625,0.791015625
38.71666666666667,0.0,0.0
38.733333333333334,0.0087890625,0.0
38.75,0.017578125,0.0
38.766666666666666,0.0263671875,0.0
38.78333333333333,0.03515625,0.0
38.8,0.0439453125,0.0
38.81666666666667,0.052734375,0.0
38.833333333333336,0.0615234375,0.0
38.85,0.0703125,0.0
38.86666666666667,0.0791015625,0.0
38.88333333333333,0.087890625,0.0
38.9,0.0966796875,0.0
38.916666666666664,0.10546875,0.087890625
38.93333333333333,0.1142578125,0.087890625
38.95,0.123046875,0.0
38.96666666666667,0.1318359375,0.087890625
38.983333333333334,0.140625,0.087890625
39.0,0.1494140625,0.087890625
39.016666666666666,0.158203125,0.17578125
39.03333333333333,0.1669921875,0.087890625
39.05,0.17578125,0.087890625
39.06666666666667,0.1845703125,0.17578125
39.083333333333336,0.193359375,0.17578125
39.1,0.2021484375,0.17578125
39.11666666666667,0.2109375,0.17578125
39.13333333333333,0.2197265625,0.17578125
39.15,0.228515625,0.263671875
39.166666666666664,0.2373046875,0.17578125
39.18333333333333,0.24609375,0.263671875
39.2,0.2548828125,0.17578125
39.21666666666667,0.263671875,0.17578125
39.233333333333334,0.2724609375,0.17578125
39.25,0.28125,0.263671875
39.266666666666666,0.2900390625,0.263671875
39.28333333333333,0.298828125,0.263671875
39.3,0.3076171875,0.263671875
39.31666666666667,0.31640625,0.263671875
39.333333333333336,0.3251953125,0.3515625
39.35,0.333984375,0.263671875
39.36666666666667,0.3427734375,0.3515625
39.38333333333333,0.3515625,0.3515625
39.4,0.3603515625,0.3515625
39.416666666666664,0.369140625,0.3515625
39.43333333333333,0.3779296875,0.3515625
39.45,0.38671875,0.3515625
39.46666666666667,0.3955078125,0.3515625
39.483333333333334,0.404296875,0.3515625
39.5,0.4130859375,0.439453125
39.516666666666666,0.421875,0.3515625
39.53333333333333,0.4306640625,0.3515625
39.55,0.439453125,0.3515625
39.56666666666667,0.4482421875,0.439453125
39.583333333333336,0.45703125,0.439453125
39.6,0.4658203125,0.439453125
39.61666666666667,0.474609375,0.439453125
39.63333333333333,0.4833984375,0.439453125
39.65,0.4921875,0.439453125
39.666666666666664,0.5009765625,0.439453125
39.68333333333333,0.509765625,0.439453125
39.7,0.5185546875,0.439453125
39.71666666666667,0.52734375,0.439453125
39.733333333333334,0.5361328125,0.52734375
39.75,0.544921875,0.52734375
39.766666666666666,0.5537109375,0.52734375
39.78333333333333,0.5625,0.52734375
39.8,0.5712890625,0.52734375
39.81666666666667,0.580078125,0.52734375
39.833333333333336,0.5888671875,0.52734375
39.85,0.59765625,0.52734375
39.86666666666667,0.6064453125,0.615234375
39.88333333333333,0.615234375,0.615234375
39.9,0.6240234375,0.615234375
39.916666666666664,0.6328125,0.52734375
39.93333333333333,0.6416015625,0.52734375
39.95,0.650390625,0.615234375
39.96666666666667,0.6591796875,0.615234375
39.983333333333334,0.66796875,0.615234375
40.0,0.6767578125,0.615234375
40.016666666666666,0.685546875,0.703125
40.03333333333333,0.6943359375,0.703125
40.05,0.703125,0.703125
40.06666666666667,0.7119140625,0.703125
40.083333333333336,0.720703125,0.615234375
40.1,0.7294921875,0.703125
40.11666666666667,0.73828125,0.703125
40.13333333333333,0.7470703125,0.703125
40.15,0.755859375,0.703125
40.166666666666664,0.7646484375,0.703125
40.18333333333333,0.7734375,0.703125
40.2,0.7822265625,0.703125
40.21666666666667,0.791015625,0.703125
40.233333333333334,0.7998046875,0.791015625
40.25,0.80859375,0.791015625
40.266666666666666,0.8173828125,0.791015625
40.28333333333333,0.826171875,0.791015625
40.3,0.8349609375,0.791015625
40.31666666666667,0.84375,0.791015625
40.333333333333336,0.8525390625,0.791015625
40.35,0.861328125,0.791015625
40.36666666666667,0.8701171875,0.791015625
40.38333333333333,0.87890625,0.87890625
40.4,0.0,0.0
40.416666666666664,0.0087890625,-0.087890625
40.43333333333333,0.017578125,0.0
40.45,0.0263671875,0.0
40.46666666666667,0.03515625,0.0
40.483333333333334,0.0439453125,0.0
40.5,0.052734375,0.0
40.516666666666666,0.0615234375,0.0
40.53333333333333,0.0703125,0.0
40.55,0.0791015625,0.0
40.56666666666667,0.087890625,0.0
40.583333333333336,0.0966796875,0.087890625
40.6,0.10546875,0.087890625
40.61666666666667,0.1142578125,0.087890625
40.63333333333333,0.123046875,0.087890625
40.65,0.1318359375,0.087890625
40.666666666666664,0.140625,0.087890625
40.68333333333333,0.1494140625,0.087890625
40.7,0.158203125,0.087890625
40.71666666666667,0.1669921875,0.087890625
40.733333333333334,0.17578125,0.087890625
40.75,0.1845703125,0.087890625
40.766666666666666,0.193359375,0.17578125
40.78333333333333,0.2021484375,0.17578125
40.8,0.2109375,0.087890625
40.81666666666667,0.2197265625,0.17578125
40.833333333333336,0.228515625,0.17578125
40.85,0.2373046875,0.17578125
40.86666666666667,0.24609375,0.263671875
40.88333333333333,0.2548828125,0.17578125
40.9,0.263671875,0.263671875
40.916666666666664,0.2724609375,0.263671875
40.93333333333333,0.28125,0.263671875
40.95,0.2900390625,0.263671875
40.96666666666667,0.298828125,0.263671875
40.983333333333334,0.3076171875,0.263671875
41.0,0.31640625,0.3515625
41.016666666666666,0.3251953125,0.263671875
41.03333333333333,0.333984375,0.263671875
41.05,0.3427734375,0.3515625
41.06666666666667,0.3515625,0.263671875
41.083333333333336,0.3603515625,0.3515625
41.1,0.369140625,0.263671875
41.11666666666667,0.3779296875,0.3515625
41.13333333333333,0.38671875,0.263671875
41.15,0.3955078125,0.3515625
41.166666666666664,0.404296875,0.3515625
41.18333333333333,0.4130859375,0.3515625
41.2,0.421875,0.3515625
41.21666666666667,0.4306640625,0.3515625
41.233333333333334,0.439453125,0.3515625
41.25,0.4482421875,0.3515625
41.266666666666666,0.45703125,0.439453125
41.28333333333333,0.4658203125,0.439453125
41.3,0.474609375,0.439453125
41.31666666666667,0.4833984375,0.439453125
41.333333333333336,0.4921875,0.439453125
41.35,0.5009765625,0.439453125
41.36666666666667,0.509765625,0.52734375
41.38333333333333,0.5185546875,0.52734375
41.4,0.52734375,0.52734375
41.416666666666664,0.5361328125,0.439453125
41.43333333333333,0.544921875,0.52734375
41.45,0.5537109375,0.52734375
41.46666666666667,0.5625,0.52734375
41.483333333333334,0.5712890625,0.52734375
41.5,0.580078125,0.52734375
41.516666666666666,0.5888671875,0.52734375
41.53333333333333,0.59765625,0.52734375
41.55,0.6064453125,0.615234375
41.56666666666667,0.615234375,0.52734375
41.583333333333336,0.6240234375,0.615234375
41.6,0.6328125,0.615234375
41.61666666666667,0.6416015625,0.615234375
41.63333333333333,0.650390625,0.615234375
41.65,0.6591796875,0.615234375
41.666666666666664,0.66796875,0.615234375
41.68333333333333,0.6767578125,0.703125
41.7,0.685546875,0.703125
41.71666666666667,0.6943359375,0.703125
41.733333333333334,0.703125,0.615234375
41.75,0.7119140625,0.703125
41.766666666666666,0.720703125,0.703125
41.78333333333333,0.7294921875,0.703125
41.8,0.73828125,0.703125
41.81666666666667,0.7470703125,0.703125
41.833333333333336,0.755859375,0.703125
41.85,0.7646484375,0.703125
41.86666666666667,0.7734375,0.703125
41.88333333333333,0.7822265625,0.703125
41.9,0.791015625,0.703125
41.916666666666664,0.7998046875,0.791015625
41.93333333333333,0.80859375,0.791015625
41.95,0.8173828125,0.791015625
41.96666666666667,0.826171875,0.791015625
41.983333333333334,0.8349609375,0.791015625
42.0,0.84375,0.791015625
42.016666666666666,0.8525390625,0.791015625
42.03333333333333,0.861328125,0.791015625
42.05,0.8701171875,0.791015625
42.06666666666667,0.87890625,0.791015625
42.083333333333336,0.0,-0.087890625
42.1,0.0087890625,0.0
42.11666666666667,0.017578125,0.0
42.13333333333333,0.0263671875,-0.087890625
42.15,0.03515625,0.0
42.166666666666664,0.0439453125,0.087890625
42.18333333333333,0.052734375,0.0
42.2,0.0615234375,0.0
42.21666666666667,0.0703125,0.087890625
42.233333333333334,0.0791015625,0.087890625
42.25,0.087890625,0.087890625
42.266666666666666,0.0966796875,0.087890625
42.28333333333333,0.10546875,0.0
42.3,0.1142578125,0.087890625
42.31666666666667,0.123046875,0.087890625
42.333333333333336,0.1318359375,0.087890625
42.35,0.140625,0.087890625
42.36666666666667,0.1494140625,0.087890625
42.38333333333333,0.158203125,0.087890625
42.4,0.1669921875,0.17578125
42.416666666666664,0.17578125,0.087890625
42.43333333333333,0.1845703125,0.087890625
42.45,0.193359375,0.17578125
42.46666666666667,0.2021484375,0.17578125
42.483333333333334,0.2109375,0.17578125
42.5,0.2197265625,0.17578125
42.516666666666666,0.228515625,0.17578125
42.53333333333333,0.2373046875,0.17578125
42.55,0.24609375,0.17578125
42.56666666666667,0.2548828125,0.17578125
42.583333333333336,0.263671875,0.17578125
42.6,0.2724609375,0.263671875
42.61666666666667,0.28125,0.263671875
42.63333333333333,0.2900390625,0.263671875
42.65,0.298828125,0.263671875
42.666666666666664,0.3076171875,0.263671875
42.68333333333333,0.31640625,0.263671875
42.7,0.3251953125,0.263671875
42.71666666666667,0.333984375,0.263671875
42.733333333333334,0.3427734375,0.263671875
42.75,0.3515625,0.3515625
42.766666666666666,0.3603515625,0.263671875
42.78333333333333,0.369140625,0.3515625
42.8,0.3779296875,0.3515625
42.81666666666667,0.38671875,0.3515625
42.833333333333336,0.3955078125,0.3515625
42.85,0.404296875,0.3515625
42.86666666666667,0.4130859375,0.3515625
42.88333333333333,0.421875,0.439453125
42.9,0.4306640625,0.3515625
42.916666666666664,0.439453125,0.439453125
42.93333333333333,0.4482421875,0.439453125
42.95,0.45703125,0.439453125
42.96666666666667,0.4658203125,0.439453125
42.983333333333334,0.474609375,0.439453125
43.0,0.4833984375,0.439453125
43.016666666666666,0.4921875,0.439453125
43.03333333333333,0.5009765625,0.439453125
43.05,0.509765625,0.439453125
43.06666666666667,0.5185546875,0.52734375
43.083333333333336,0.52734375,0.439453125
43.1,0.5361328125,0.52734375
43.11666666666667,0.544921875,0.52734375
43.13333333333333,0.5537109375,0.52734375
43.15,0.5625,0.52734375
43.166666666666664,0.5712890625,0.52734375
43.18333333333333,0.580078125,0.52734375
43.2,0.5888671875,0.52734375
43.21666666666667,0.59765625,0.615234375
43.233333333333334,0.6064453125,0.52734375
43.25,0.615234375,0.52734375
43.266666666666666,0.6240234375,0.615234375
43.28333333333333,0.6328125,0.52734375
43.3,0.6416015625,0.615234375
43.31666666666667,0.650390625,0.615234375
43.333333333333336,0.6591796875,0.615234375
43.35,0.66796875,0.615234375
43.36666666666667,0.6767578125,0.615234375
43.38333333333333,0.685546875,0.703125
43.4,0.6943359375,0.615234375
43.416666666666664,0.703125,0.615234375
43.43333333333333,0.7119140625,0.703125
43.45,0.720703125,0.703125
43.46666666666667,0.7294921875,0.703125
43.483333333333334,0.73828125,0.703125
43.5,0.7470703125,0.703125
43.516666666666666,0.755859375,0.703125
43.53333333333333,0.7646484375,0.703125
43.55,0.7734375,0.791015625
43.56666666666667,0.7822265625,0.791015625
43.583333333333336,0.791015625,0.703125
43.6,0.7998046875,0.791015625
43.61666666666667,0.80859375,0.791015625
43.63333333333333,0.8173828125,0.791015625
43.65,0.826171875,0.791015625
43.666666666666664,0.8349609375,0.791015625
43.68333333333333,0.84375,0.791015625
43.7,0.8525390625,0.791015625
43.71666666666667,0.861328125,0.791015625
43.733333333333334,0.8701171875,0.791015625
43.75,0.87890625,0.87890625
43.766666666666666,0.0,-0.087890625
43.78333333333333,0.0087890625,-0.087890625
43.8,0.017578125,0.0
43.81666666666667,0.0263671875,-0.087890625
43.833333333333336,0.03515625,0.0
43.85,0.0439453125,0.0
43.86666666666667,0.052734375,0.0
43.88333333333333,0.0615234375,0.0
43.9,0.0703125,0.0
43.916666666666664,0.0791015625,0.0
43.93333333333333,0.087890625,0.087890625
43.95,0.0966796875,0.087890625
43.96666666666667,0.10546875,0.087890625
43.983333333333334,0.1142578125,0.087890625
44.0,0.123046875,0.087890625
44.016666666666666,0.1318359375,0.087890625
44.03333333333333,0.140625,0.087890625
44.05,0.1494140625,0.17578125
44.06666666666667,0.158203125,0.17578125
44.083333333333336,0.1669921875,0.17578125
44.1,0.17578125,0.17578125
44.11666666666667,0.1845703125,0.17578125
44.13333333333333,0.193359375,0.17578125
44.15,0.2021484375,0.17578125
44.166666666666664,0.2109375,0.17578125
44.18333333333333,0.2197265625,0.17578125
44.2,0.228515625,0.17578125
44.21666666666667,0.2373046875,0.17578125
44.233333333333334,0.24609375,0.17578125
44.25,0.2548828125,0.17578125
44.266666666666666,0.263671875,0.17578125
44.28333333333333,0.2724609375,0.17578125
44.3,0.28125,0.17578125
44.31666666666667,0.2900390625,0.263671875
44.333333333333336,0.298828125,0.263671875
44.35,0.3076171875,0.263671875
44.36666666666667,0.31640625,0.263671875
44.38333333333333,0.3251953125,0.3515625
44.4,0.333984375,0.263671875
44.416666666666664,0.3427734375,0.263671875
44.43333333333333,0.3515625,0.3515625
44.45,0.3603515625,0.3515625
44.46666666666667,0.369140625,0.3515625
44.483333333333334,0.3779296875,0.3515625
44.5,0.38671875,0.3515625
44.516666666666666,0.3955078125,0.3515625
44.53333333333333,0.404296875,0.3515625
44.55,0.4130859375,0.3515625
44.56666666666667,0.421875,0.3515625
44.583333333333336,0.4306640625,0.3515625
44.6,0.439453125,0.3515625
44.61666666666667,0.4482421875,0.439453125
44.63333333333333,0.45703125,0.3515625
44.65,0.4658203125,0.439453125
44.666666666666664,0.474609375,0.439453125
44.68333333333333,0.4833984375,0.439453125
44.7,0.4921875,0.439453125
44.71666666666667,0.5009765625,0.439453125
44.733333333333334,0.509765625,0.52734375
44.75,0.5185546875,0.52734375
44.766666666666666,0.52734375,0.52734375
44.78333333333333,0.5361328125,0.52734375
44.8,0.544921875,0.52734375
44.81666666666667,0.5537109375,0.52734375
44.833333333333336,0.5625,0.439453125
44.85,0.5712890625,0.52734375
44.86666666666667,0.580078125,0.52734375
44.88333333333333,0.5888671875,0.615234375
44.9,0.59765625,0.52734375
44.916666666666664,0.6064453125,0.615234375
44.93333333333333,0.615234375,0.615234375
44.95,0.6240234375,0.615234375
44.96666666666667,0.6328125,0.615234375
44.983333333333334,0.6416015625,0.615234375
45.0,0.650390625,0.615234375
45.016666666666666,0.6591796875,0.615234375
45.03333333333333,0.66796875,0.615234375
45.05,0.6767578125,0.615234375
45.06666666666667,0.685546875,0.615234375
45.083333333333336,0.6943359375,0.615234375
45.1,0.703125,0.615234375
45.11666666666667,0.7119140625,0.703125
45.13333333333333,0.720703125,0.703125
45.15,0.7294921875,0.703125
45.166666666666664,0.73828125,0.703125
45.18333333333333,0.7470703125,0.703125
45.2,0.755859375,0.703125
45.21666666666667,0.7646484375,0.703125
45.233333333333334,0.7734375,0.703125
45.25,0.7822265625,0.703125
45.266666666666666,0.791015625,0.703125
45.28333333333333,0.7998046875,0.791015625
45.3,0.80859375,0.791015625
45.31666666666667,0.8173828125,0.791015625
45.333333333333336,0.826171875,0.791015625
45.35,0.8349609375,0.791015625
45.36666666666667,0.84375,0.791015625
45.38333333333333,0.8525390625,0.791015625
45.4,0.861328125,0.791015625
45.416666666666664,0.8701171875,0.791015625
45.43333333333333,0.87890625,0.87890625
45.45,0.0,0.0
45.46666666666667,0.0087890625,0.0
45.483333333333334,0.017578125,-0.087890625
45.5,0.0263671875,-0.087890625
45.516666666666666,0.03515625,0.0
45.53333333333333,0.0439453125,0.0
45.55,0.052734375,0.0
45.56666666666667,0.0615234375,0.0
45.583333333333336,0.0703125,0.0
45.6,0.0791015625,0.0
45.61666666666667,0.087890625,0.087890625
45.63333333333333,0.0966796875,0.087890625
45.65,0.10546875,0.087890625
45.666666666666664,0.1142578125,0.087890625
45.68333333333333,0.123046875,0.087890625
45.7,0.1318359375,0.087890625
45.71666666666667,0.140625,0.087890625
45.733333333333334,0.1494140625,0.17578125
45.75,0.158203125,0.17578125
45.766666666666666,0.1669921875,0.17578125
45.78333333333333,0.17578125,0.087890625
45.8,0.1845703125,0.17578125
45.81666666666667,0.193359375,0.087890625
45.833333333333336,0.2021484375,0.17578125
45.85,0.2109375,0.17578125
45.86666666666667,0.2197265625,0.17578125
45.88333333333333,0.228515625,0.17578125
45.9,0.2373046875,0.17578125
45.916666666666664,0.24609375,0.17578125
45.93333333333333,0.2548828125,0.263671875
45.95,0.263671875,0.263671875
45.96666666666667,0.2724609375,0.263671875
45.983333333333334,0.28125,0.263671875
46.0,0.2900390625,0.263671875
46.016666666666666,0.298828125,0.263671875
46.03333333333333,0.3076171875,0.263671875
46.05,0.31640625,0.263671875
46.06666666666667,0.3251953125,0.3515625
46.083333333333336,0.333984375,0.263671875
46.1,0.3427734375,0.3515625
46.11666666666667,0.3515625,0.3515625
46.13333333333333,0.3603515625,0.3515625
46.15,0.369140625,0.3515625
46.166666666666664,0.3779296875,0.3515625
46.18333333333333,0.38671875,0.3515625
46.2,0.3955078125,0.3515625
46.21666666666667,0.404296875,0.3515625
46.233333333333334,0.4130859375,0.3515625
46.25,0.421875,0.3515625
46.266666666666666,0.4306640625,0.439453125
46.28333333333333,0.439453125,0.3515625
46.3,0.4482421875,0.3515625
46.31666666666667,0.45703125,0.439453125
46.333333333333336,0.4658203125,0.439453125
46.35,0.474609375,0.439453125
46.36666666666667,0.4833984375,0.439453125
46.38333333333333,0.4921875,0.439453125
46.4,0.5009765625,0.439453125
46.416666666666664,0.509765625,0.439453125
46.43333333333333,0.5185546875,0.439453125
46.45,0.52734375,0.439453125
46.46666666666667,0.5361328125,0.52734375
46.483333333333334,0.544921875,0.52734375
46.5,0.5537109375,0.52734375
46.516666666666666,0.5625,0.52734375
46.53333333333333,0.5712890625,0.52734375
46.55,0.580078125,0.52734375
46.56666666666667,0.5888671875,0.52734375
46.583333333333336,0.59765625,0.52734375
46.6,0.6064453125,0.52734375
46.61666666666667,0.615234375,0.52734375
46.63333333333333,0.6240234375,0.52734375
46.65,0.6328125,0.615234375
46.666666666666664,0.6416015625,0.52734375
46.68333333333333,0.650390625,0.615234375
46.7,0.6591796875,0.615234375
46.71666666666667,0.66796875,0.615234375
46.733333333333334,0.6767578125,0.615234375
46.75,0.685546875,0.615234375
46.766666666666666,0.6943359375,0.615234375
46.78333333333333,0.703125,0.703125
46.8,0.7119140625,0.703125
46.81666666666667,0.720703125,0.703125
46.833333333333336,0.7294921875,0.615234375
46.85,0.73828125,0.703125
46.86666666666667,0.7470703125,0.703125
46.88333333333333,0.755859375,0.703125
46.9,0.7646484375,0.703125
46.916666666666664,0.7734375,0.703125
46.93333333333333,0.7822265625,0.791015625
46.95,0.791015625,0.703125
46.96666666666667,0.7998046875,0.791015625
46.983333333333334,0.80859375,0.791015625
47.0,0.8173828125,0.791015625
47.016666666666666,0.826171875,0.791015625
47.03333333333333,0.8349609375,0.791015625
47.05,0.84375,0.791015625
47.06666666666667,0.8525390625,0.791015625
47.083333333333336,0.861328125,0.791015625
47.1,0.8701171875,0.791015625
47.11666666666667,0.87890625,0.87890625
47.13333333333333,0.0,-0.087890625
47.15,0.0087890625,0.0
47.166666666666664,0.017578125,0.0
47.18333333333333,0.0263671875,0.0
47.2,0.03515625,0.0
47.21666666666667,0.0439453125,0.0
47.233333333333334,0.052734375,0.0
47.25,0.0615234375,0.0
47.266666666666666,0.0703125,0.087890625
47.28333333333333,0.0791015625,0.0
47.3,0.087890625,0.0
47.31666666666667,0.0966796875,0.087890625
47.333333333333336,0.10546875,0.087890625
47.35,0.1142578125,0.087890625
47.36666666666667,0.123046875,0.087890625
47.38333333333333,0.1318359375,0.087890625
47.4,0.140625,0.087890625
47.416666666666664,0.1494140625,0.087890625
47.43333333333333,0.158203125,0.087890625
47.45,0.1669921875,0.087890625
47.46666666666667,0.17578125,0.17578125
47.483333333333334,0.1845703125,0.17578125
47.5,0.193359375,0.17578125
47.516666666666666,0.2021484375,0.17578125
47.53333333333333,0.2109375,0.17578125
47.55,0.2197265625,0.17578125
47.56666666666667,0.228515625,0.17578125
47.583333333333336,0.2373046875,0.17578125
47.6,0.24609375,0.263671875
47.61666666666667,0.2548828125,0.17578125
47.63333333333333,0.263671875,0.263671875
47.65,0.2724609375,0.263671875
47.666666666666664,0.28125,0.263671875
47.68333333333333,0.2900390625,0.263671875
47.7,0.298828125,0.263671875
47.71666666666667,0.3076171875,0.263671875
47.733333333333334,0.31640625,0.263671875
47.75,0.3251953125,0.3515625
47.766666666666666,0.333984375,0.3515625
47.78333333333333,0.3427734375,0.3515625
47.8,0.3515625,0.263671875
47.81666666666667,0.3603515625,0.263671875
47.833333333333336,0.369140625,0.3515625
47.85,0.3779296875,0.3515625
47.86666666666667,0.38671875,0.3515625
47.88333333333333,0.3955078125,0.3515625
47.9,0.404296875,0.3515625
47.916666666666664,0.4130859375,0.3515625
47.93333333333333,0.421875,0.3515625
47.95,0.4306640625,0.3515625
47.96666666666667,0.439453125,0.439453125
47.983333333333334,0.4482421875,0.439453125
48.0,0.45703125,0.439453125
48.016666666666666,0.4658203125,0.439453125
48.03333333333333,0.474609375,0.3515625
48.05,0.4833984375,0.439453125
48.06666666666667,0.4921875,0.439453125
48.083333333333336,0.5009765625,0.439453125
48.1,0.509765625,0.439453125
48.11666666666667,0.5185546875,0.439453125
48.13333333333333,0.52734375,0.439453125
48.15,0.5361328125,0.439453125
48.166666666666664,0.544921875,0.52734375
48.18333333333333,0.5537109375,0.52734375
48.2,0.5625,0.52734375
48.21666666666667,0.5712890625,0.52734375
48.233333333333334,0.580078125,0.52734375
48.25,0.5888671875,0.52734375
48.266666666666666,0.59765625,0.52734375
48.28333333333333,0.6064453125,0.615234375
48.3,0.615234375,0.52734375
48.31666666666667,0.6240234375,0.52734375
48.333333333333336,0.6328125,0.52734375
48.35,0.6416015625,0.615234375
48.36666666666667,0.650390625,0.615234375
48.38333333333333,0.6591796875,0.615234375
48.4,0.66796875,0.615234375
48.416666666666664,0.6767578125,0.615234375
48.43333333333333,0.685546875,0.703125
48.45,0.6943359375,0.615234375
48.46666666666667,0.703125,0.703125
48.483333333333334,0.7119140625,0.615234375
48.5,0.720703125,0.703125
48.516666666666666,0.7294921875,0.703125
48.53333333333333,0.73828125,0.703125
48.55,0.7470703125,0.703125
48.56666666666667,0.755859375,0.703125
48.583333333333336,0.7646484375,0.703125
48.6,0.7734375,0.791015625
48.61666666666667,0.7822265625,0.703125
48.63333333333333,0.791015625,0.791015625
48.65,0.7998046875,0.791015625
48.666666666666664,0.80859375,0.791015625
48.68333333333333,0.8173828125,0.791015625
48.7,0.826171875,0.791015625
48.71666666666667,0.8349609375,0.791015625
48.733333333333334,0.84375,0.791015625
48.75,0.8525390625,0.791015625
48.766666666666666,0.861328125,0.791015625
48.78333333333333,0.8701171875,0.791015625
48.8,0.87890625,0.791015625
48.81666666666667,0.0,0.0
48.833333333333336,0.0087890625,0.0
48.85,0.017578125,0.0
48.86666666666667,0.0263671875,0.0
48.88333333333333,0.03515625,0.0
48.9,0.0439453125,0.0
48.916666666666664,0.052734375,0.0
48.93333333333333,0.0615234375,0.0
48.95,0.0703125,0.0
48.96666666666667,0.0791015625,0.087890625
48.983333333333334,0.087890625,0.0
49.0,0.0966796875,0.0
49.016666666666666,0.10546875,0.087890625
49.03333333333333,0.1142578125,0.087890625
49.05,0.123046875,0.087890625
49.06666666666667,0.1318359375,0.087890625
49.083333333333336,0.140625,0.087890625
49.1,0.1494140625,0.087890625
49.11666666666667,0.158203125,0.087890625
49.13333333333333,0.1669921875,0.17578125
49.15,0.17578125,0.087890625
49.166666666666664,0.1845703125,0.17578125
49.18333333333333,0.193359375,0.17578125
49.2,0.2021484375,0.17578125
49.21666666666667,0.2109375,0.17578125
49.233333333333334,0.2197265625,0.17578125
49.25,0.228515625,0.17578125
49.266666666666666,0.2373046875,0.17578125
49.28333333333333,0.24609375,0.263671875
49.3,0.2548828125,0.17578125
49.31666666666667,0.263671875,0.263671875
49.333333333333336,0.2724609375,0.263671875
49.35,0.28125,0.263671875
49.36666666666667,0.2900390625,0.263671875
49.38333333333333,0.298828125,0.263671875
49.4,0.3076171875,0.263671875
49.416666666666664,0.31640625,0.263671875
49.43333333333333,0.3251953125,0.263671875
49.45,0.333984375,0.263671875
49.46666666666667,0.3427734375,0.3515625
49.483333333333334,0.3515625,0.263671875
49.5,0.3603515625,0.3515625
49.516666666666666,0.369140625,0.3515625
49.53333333333333,0.3779296875,0.3515625
49.55,0.38671875,0.3515625
49.56666666666667,0.3955078125,0.3515625
49.583333333333336,0.404296875,0.3515625
49.6,0.4130859375,0.439453125
49.61666666666667,0.421875,0.3515625
49.63333333333333,0.4306640625,0.3515625
49.65,0.439453125,0.439453125
49.666666666666664,0.4482421875,0.439453125
49.68333333333333,0.45703125,0.3515625
49.7,0.4658203125,0.439453125
49.71666666666667,0.474609375,0.439453125
49.733333333333334,0.4833984375,0.439453125
49.75,0.4921875,0.439453125
49.766666666666666,0.5009765625,0.439453125
49.78333333333333,0.509765625,0.439453125
49.8,0.5185546875,0.52734375
49.81666666666667,0.52734375,0.52734375
49.833333333333336,0.5361328125,0.439453125
49.85,0.544921875,0.52734375
49.86666666666667,0.5537109375,0.52734375
49.88333333333333,0.5625,0.52734375
49.9,0.5712890625,0.52734375
49.916666666666664,0.580078125,0.52734375
49.93333333333333,0.5888671875,0.52734375
49.95,0.59765625,0.52734375
49.96666666666667,0.6064453125,0.52734375
49.983333333333334,0.615234375,0.52734375
50.0,0.6240234375,0.615234375
50.016666666666666,0.6328125,0.615234375
50.03333333333333,0.6416015625,0.615234375
50.05,0.650390625,0.615234375
50.06666666666667,0.6591796875,0.615234375
50.083333333333336,0.66796875,0.615234375
50.1,0.6767578125,0.703125
50.11666666666667,0.685546875,0.615234375
50.13333333333333,0.6943359375,0.615234375
50.15,0.703125,0.615234375
50.166666666666664,0.7119140625,0.703125
50.18333333333333,0.720703125,0.703125
50.2,0.7294921875,0.703125
50.21666666666667,0.73828125,0.703125
50.233333333333334,0.7470703125,0.703125
50.25,0.755859375,0.703125
50.266666666666666,0.7646484375,0.703125
50.28333333333333,0.7734375,0.703125
50.3,0.7822265625,0.703125
50.31666666666667,0.791015625,0.703125
50.333333333333336,0.7998046875,0.791015625
50.35,0.80859375,0.791015625
50.36666666666667,0.8173828125,0.791015625
50.38333333333333,0.826171875,0.791015625
50.4,0.8349609375,0.791015625
50.416666666666664,0.84375,0.791015625
50.43333333333333,0.8525390625,0.791015625
50.45,0.861328125,0.791015625
50.46666666666667,0.8701171875,0.791015625
50.483333333333334,0.87890625,0.87890625
