Time,Probe_T,V_in,v_out
0.0,0.0,0.0,0.0
0.001,0.0,0.0,0.0
0.002,0.0,0.0,0.0
0.003,0.0,0.0,0.0
0.004,0.0,0.0,0.0
0.005,0.0,0.0,0.0
0.006,0.0,0.0,0.0
0.007,0.0,0.0,0.0
0.008,0.0,0.0,0.0
0.009,0.0,0.0,0.0
0.01,0.0,0.0,0.0
0.011,0.0,0.0,0.0
0.012,0.0,0.0,0.0
0.013,0.0,0.0,0.0
0.014,0.0,0.0,0.0
0.015,0.0,0.0,0.0
0.016,0.0,0.0,0.0
0.017,0.0,0.0,0.0
0.018,0.0,0.0,0.0
0.019,0.0,0.0,0.0
0.02,0.0,0.0,0.0
0.021,0.0,0.0,0.0
0.022,0.0,0.0,0.0
0.023,0.0,0.0,0.0
0.024,0.0,0.0,0.0
0.025,0.0,0.0,0.0
0.026,0.0,0.0,0.0
0.027,0.0,0.0,0.0
0.028,0.0,0.0,0.0
0.029,0.0,0.0,0.0
0.03,0.0,0.0,0.0
0.031,0.0,0.0,0.0
0.032,0.0,0.0,0.0
0.033,0.0,0.0,0.0
0.034,0.0,0.0,0.0
0.035,0.0,0.0,0.0
0.036,0.0,0.0,0.0
0.037,0.0,0.0,0.0
0.038,0.0,0.0,0.0
0.039,0.0,0.0,0.0
0.04,0.0,0.0,0.0
0.041,0.0,0.0,0.0
0.042,0.0,0.0,0.0
0.043,0.0,0.0,0.0
0.044,0.0,0.0,0.0
0.045,0.0,0.0,0.0
0.046,0.0,0.0,0.0
0.047,0.0,0.0,0.0
0.048,0.0,0.0,0.0
0.049,0.0,0.0,0.0
0.05,0.0,0.0,0.0
0.051,0.0,0.0,0.0
0.052,0.0,0.0,0.0
0.053,0.0,0.0,0.0
0.054,0.0,0.0,0.0
0.055,0.0,0.0,0.0
0.056,0.0,0.0,0.0
0.057,0.0,0.0,0.0
0.058,0.0,0.0,0.0
0.059,0.0,0.0,0.0
0.06,0.0,0.0,0.0
0.061,0.0,0.0,0.0
0.062,0.0,0.0,0.0
0.063,0.0,0.0,0.0
0.064,0.0,0.0,0.0
0.065,0.0,0.0,0.0
0.066,0.0,0.0,0.0
0.067,0.0,0.0,0.0
0.068,0.0,0.0,0.0
0.069,0.0,0.0,0.0
0.07,0.0,0.0,0.0
0.071,0.0,0.0,0.0
0.072,0.0,0.0,0.0
0.073,0.0,0.0,0.0
0.074,0.0,0.0,0.0
0.075,0.0,0.0,0.0
0.076,0.0,0.0,0.0
0.077,0.0,0.0,0.0
0.078,0.0,0.0,0.0
0.079,0.0,0.0,0.0
0.08,0.0,0.0,0.0
0.081,0.0,0.0,0.0
0.082,0.0,0.0,0.0
0.083,0.0,0.0,0.0
0.084,0.0,0.0,0.0
0.085,0.0,0.0,0.0
0.086,0.0,0.0,0.0
0.087,0.0,0.0,0.0
0.088,0.0,0.0,0.0
0.089,0.0,0.0,0.0
0.09,0.0,0.0,0.0
0.091,0.0,0.0,0.0
0.092,0.0,0.0,0.0
0.093,0.0,0.0,0.0
0.094,0.0,0.0,0.0
0.095,0.0,0.0,0.0
0.096,0.0,0.0,0.0
0.097,0.0,0.0,0.0
0.098,0.0,0.0,0.0
0.099,0.0,0.0,0.0
0.1,0.0,0.0,0.0
0.101,0.0,0.0,0.0
0.102,0.0,0.0,0.0
0.103,0.0,0.0,0.0
0.104,0.0,0.0,0.0
0.105,0.0,0.0,0.0
0.106,0.0,0.0,0.0
0.107,0.0,0.0,0.0
0.108,0.0,0.0,0.0
0.109,0.0,0.0,0.0
0.11,0.0,0.0,0.0
0.111,0.0,0.0,0.0
0.112,0.0,0.0,0.0
0.113,0.0,0.0,0.0
0.114,0.0,0.0,0.0
0.115,0.0,0.0,0.0
0.116,0.0,0.0,0.0
0.117,0.0,0.0,0.0
0.118,0.0,0.0,0.0
0.119,0.0,0.0,0.0
0.12,0.0,0.0,0.0
0.121,0.0,0.0,0.0
0.122,0.0,0.0,0.0
0.123,0.0,0.0,0.0
0.124,0.0,0.0,0.0
0.125,0.0,0.0,0.0
0.126,0.0,0.0,0.0
0.127,0.0,0.0,0.0
0.128,0.0,0.0,0.0
0.129,0.0,0.0,0.0
0.13,0.0,0.0,0.0
0.131,0.0,0.0,0.0
0.132,0.0,0.0,0.0
0.133,0.0,0.0,0.0
0.134,0.0,0.0,0.0
0.135,0.0,0.0,0.0
0.136,0.0,0.0,0.0
0.137,0.0,0.0,0.0
0.138,0.0,0.0,0.0
0.139,0.0,0.0,0.0
0.14,0.0,0.0,0.0
0.141,0.0,0.0,0.0
0.142,0.0,0.0,0.0
0.143,0.0,0.0,0.0
0.144,0.0,0.0,0.0
0.145,0.0,0.0,0.0
0.146,0.0,0.0,0.0
0.147,0.0,0.0,0.0
0.148,0.0,0.0,0.0
0.149,0.0,0.0,0.0
0.15,0.0,0.0,0.0
0.151,0.0,0.0,0.0
0.152,0.0,0.0,0.0
0.153,0.0,0.0,0.0
0.154,0.0,0.0,0.0
0.155,0.0,0.0,0.0
0.156,0.0,0.0,0.0
0.157,0.0,0.0,0.0
0.158,0.0,0.0,0.0
0.159,0.0,0.0,0.0
0.16,0.0,0.0,0.0
0.161,0.0,0.0,0.0
0.162,0.0,0.0,0.0
0.163,0.0,0.0,0.0
0.164,0.0,0.0,0.0
0.165,0.0,0.0,0.0
0.166,0.0,0.0,0.0
0.167,0.0,0.0,0.0
0.168,0.0,0.0,0.0
0.169,0.0,0.0,0.0
0.17,0.0,0.0,0.0
0.171,0.0,0.0,0.0
0.172,0.0,0.0,0.0
0.173,0.0,0.0,0.0
0.174,0.0,0.0,0.0
0.175,0.0,0.0,0.0
0.176,0.0,0.0,0.0
0.177,0.0,0.0,0.0
0.178,0.0,0.0,0.0
0.179,0.0,0.0,0.0
0.18,0.0,0.0,0.0
0.181,0.0,0.0,0.0
0.182,0.0,0.0,0.0
0.183,0.0,0.0,0.0
0.184,0.0,0.0,0.0
0.185,0.0,0.0,0.0
0.186,0.0,0.0,0.0
0.187,0.0,0.0,0.0
0.188,0.0,0.0,0.0
0.189,0.0,0.0,0.0
0.19,0.0,0.0,0.0
0.191,0.0,0.0,0.0
0.192,0.0,0.0,0.0
0.193,0.0,0.0,0.0
0.194,0.0,0.0,0.0
0.195,0.0,0.0,0.0
0.196,0.0,0.0,0.0
0.197,0.0,0.0,0.0
0.198,0.0,0.0,0.0
0.199,0.0,0.0,0.0
0.2,0.0,0.0,0.0
0.201,0.0,0.0,0.0
0.202,0.0,0.0,0.0
0.203,0.0,0.0,0.0
0.204,0.0,0.0,0.0
0.205,0.0,0.0,0.0
0.206,0.0,0.0,0.0
0.207,0.0,0.0,0.0
0.208,0.0,0.0,0.0
0.209,0.0,0.0,0.0
0.21,0.0,0.0,0.0
0.211,0.0,0.0,0.0
0.212,0.0,0.0,0.0
0.213,0.0,0.0,0.0
0.214,0.0,0.0,0.0
0.215,0.0,0.0,0.0
0.216,0.0,0.0,0.0
0.217,0.0,0.0,0.0
0.218,0.0,0.0,0.0
0.219,0.0,0.0,0.0
0.22,0.0,0.0,0.0
0.221,0.0,0.0,0.0
0.222,0.0,0.0,0.0
0.223,0.0,0.0,0.0
0.224,0.0,0.0,0.0
0.225,0.0,0.0,0.0
0.226,0.0,0.0,0.0
0.227,0.0,0.0,0.0
0.228,0.0,0.0,0.0
0.229,0.0,0.0,0.0
0.23,0.0,0.0,0.0
0.231,0.0,0.0,0.0
0.232,0.0,0.0,0.0
0.233,0.0,0.0,0.0
0.234,0.0,0.0,0.0
0.235,0.0,0.0,0.0
0.236,0.0,0.0,0.0
0.237,0.0,0.0,0.0
0.238,0.0,0.0,0.0
0.239,0.0,0.0,0.0
0.24,0.0,0.0,0.0
0.241,0.0,0.0,0.0
0.242,0.0,0.0,0.0
0.243,0.0,0.0,0.0
0.244,0.0,0.0,0.0
0.245,0.0,0.0,0.0
0.246,0.0,0.0,0.0
0.247,0.0,0.0,0.0
0.248,0.0,0.0,0.0
0.249,0.0,0.0,0.0
0.25,0.0,0.0,0.0
0.251,0.0,0.0,0.0
0.252,0.0,0.0,0.0
0.253,0.0,0.0,0.0
0.254,0.0,0.0,0.0
0.255,0.0,0.0,0.0
0.256,0.0,0.0,0.0
0.257,0.0,0.0,0.0
0.258,0.0,0.0,0.0
0.259,0.0,0.0,0.0
0.26,0.0,0.0,0.0
0.261,0.0,0.0,0.0
0.262,0.0,0.0,0.0
0.263,0.0,0.0,0.0
0.264,0.0,0.0,0.0
0.265,0.0,0.0,0.0
0.266,0.0,0.0,0.0
0.267,0.0,0.0,0.0
0.268,0.0,0.0,0.0
0.269,0.0,0.0,0.0
0.27,0.0,0.0,0.0
0.271,0.0,0.0,0.0
0.272,0.0,0.0,0.0
0.273,0.0,0.0,0.0
0.274,0.0,0.0,0.0
0.275,0.0,0.0,0.0
0.276,0.0,0.0,0.0
0.277,0.0,0.0,0.0
0.278,0.0,0.0,0.0
0.279,0.0,0.0,0.0
0.28,0.0,0.0,0.0
0.281,0.0,0.0,0.0
0.282,0.0,0.0,0.0
0.283,0.0,0.0,0.0
0.284,0.0,0.0,0.0
0.285,0.0,0.0,0.0
0.286,0.0,0.0,0.0
0.287,0.0,0.0,0.0
0.288,0.0,0.0,0.0
0.289,0.0,0.0,0.0
0.29,0.0,0.0,0.0
0.291,0.0,0.0,0.0
0.292,0.0,0.0,0.0
0.293,0.0,0.0,0.0
0.294,0.0,0.0,0.0
0.295,0.0,0.0,0.0
0.296,0.0,0.0,0.0
0.297,0.0,0.0,0.0
0.298,0.0,0.0,0.0
0.299,0.0,0.0,0.0
0.3,0.0,0.0,0.0
0.301,0.0,0.0,0.0
0.302,0.0,0.0,0.0
0.303,0.0,0.0,0.0
0.304,0.0,0.0,0.0
0.305,0.0,0.0,0.0
0.306,0.0,0.0,0.0
0.307,0.0,0.0,0.0
0.308,0.0,0.0,0.0
0.309,0.0,0.0,0.0
0.31,0.0,0.0,0.0
0.311,0.0,0.0,0.0
0.312,0.0,0.0,0.0
0.313,0.0,0.0,0.0
0.314,0.0,0.0,0.0
0.315,0.0,0.0,0.0
0.316,0.0,0.0,0.0
0.317,0.0,0.0,0.0
0.318,0.0,0.0,0.0
0.319,0.0,0.0,0.0
0.32,0.0,0.0,0.0
0.321,0.0,0.0,0.0
0.322,0.0,0.0,0.0
0.323,0.0,0.0,0.0
0.324,0.0,0.0,0.0
0.325,0.0,0.0,0.0
0.326,0.0,0.0,0.0
0.327,0.0,0.0,0.0
0.328,0.0,0.0,0.0
0.329,0.0,0.0,0.0
0.33,0.0,0.0,0.0
0.331,0.0,0.0,0.0
0.332,0.0,0.0,0.0
0.333,0.0,0.0,0.0
0.334,0.0,0.0,0.0
0.335,0.0,0.0,0.0
0.336,0.0,0.0,0.0
0.337,0.0,0.0,0.0
0.338,0.0,0.0,0.0
0.339,0.0,0.0,0.0
0.34,0.0,0.0,0.0
0.341,0.0,0.0,0.0
0.342,0.0,0.0,0.0
0.343,0.0,0.0,0.0
0.344,0.0,0.0,0.0
0.345,0.0,0.0,0.0
0.346,0.0,0.0,0.0
0.347,0.0,0.0,0.0
0.348,0.0,0.0,0.0
0.349,0.0,0.0,0.0
0.35,0.0,0.0,0.0
0.351,0.0,0.0,0.0
0.352,0.0,0.0,0.0
0.353,0.0,0.0,0.0
0.354,0.0,0.0,0.0
0.355,0.0,0.0,0.0
0.356,0.0,0.0,0.0
0.357,0.0,0.0,0.0
0.358,0.0,0.0,0.0
0.359,0.0,0.0,0.0
0.36,0.0,0.0,0.0
0.361,0.0,0.0,0.0
0.362,0.0,0.0,0.0
0.363,0.0,0.0,0.0
0.364,0.0,0.0,0.0
0.365,0.0,0.0,0.0
0.366,0.0,0.0,0.0
0.367,0.0,0.0,0.0
0.368,0.0,0.0,0.0
0.369,0.0,0.0,0.0
0.37,0.0,0.0,0.0
0.371,0.0,0.0,0.0
0.372,0.0,0.0,0.0
0.373,0.0,0.0,0.0
0.374,0.0,0.0,0.0
0.375,0.0,0.0,0.0
0.376,0.0,0.0,0.0
0.377,0.0,0.0,0.0
0.378,0.0,0.0,0.0
0.379,0.0,0.0,0.0
0.38,0.0,0.0,0.0
0.381,0.0,0.0,0.0
0.382,0.0,0.0,0.0
0.383,0.0,0.0,0.0
0.384,0.0,0.0,0.0
0.385,0.0,0.0,0.0
0.386,0.0,0.0,0.0
0.387,0.0,0.0,0.0
0.388,0.0,0.0,0.0
0.389,0.0,0.0,0.0
0.39,0.0,0.0,0.0
0.391,0.0,0.0,0.0
0.392,0.0,0.0,0.0
0.393,0.0,0.0,0.0
0.394,0.0,0.0,0.0
0.395,0.0,0.0,0.0
0.396,0.0,0.0,0.0
0.397,0.0,0.0,0.0
0.398,0.0,0.0,0.0
0.399,0.0,0.0,0.0
0.4,0.0,0.0,0.0
0.401,0.0,0.0,0.0
0.402,0.0,0.0,0.0
0.403,0.0,0.0,0.0
0.404,0.0,0.0,0.0
0.405,0.0,0.0,0.0
0.406,0.0,0.0,0.0
0.407,0.0,0.0,0.0
0.408,0.0,0.0,0.0
0.409,0.0,0.0,0.0
0.41,0.0,0.0,0.0
0.411,0.0,0.0,0.0
0.412,0.0,0.0,0.0
0.413,0.0,0.0,0.0
0.414,0.0,0.0,0.0
0.415,0.0,0.0,0.0
0.416,0.0,0.0,0.0
0.417,0.0,0.0,0.0
0.418,0.0,0.0,0.0
0.419,0.0,0.0,0.0
0.42,0.0,0.0,0.0
0.421,0.0,0.0,0.0
0.422,0.0,0.0,0.0
0.423,0.0,0.0,0.0
0.424,0.0,0.0,0.0
0.425,0.0,0.0,0.0
0.426,0.0,0.0,0.0
0.427,0.0,0.0,0.0
0.428,0.0,0.0,0.0
0.429,0.0,0.0,0.0
0.43,0.0,0.0,0.0
0.431,0.0,0.0,0.0
0.432,0.0,0.0,0.0
0.433,0.0,0.0,0.0
0.434,0.0,0.0,0.0
0.435,0.0,0.0,0.0
0.436,0.0,0.0,0.0
0.437,0.0,0.0,0.0
0.438,0.0,0.0,0.0
0.439,0.0,0.0,0.0
0.44,0.0,0.0,0.0
0.441,0.0,0.0,0.0
0.442,0.0,0.0,0.0
0.443,0.0,0.0,0.0
0.444,0.0,0.0,0.0
0.445,0.0,0.0,0.0
0.446,0.0,0.0,0.0
0.447,0.0,0.0,0.0
0.448,0.0,0.0,0.0
0.449,0.0,0.0,0.0
0.45,0.0,0.0,0.0
0.451,0.0,0.0,0.0
0.452,0.0,0.0,0.0
0.453,0.0,0.0,0.0
0.454,0.0,0.0,0.0
0.455,0.0,0.0,0.0
0.456,0.0,0.0,0.0
0.457,0.0,0.0,0.0
0.458,0.0,0.0,0.0
0.459,0.0,0.0,0.0
0.46,0.0,0.0,0.0
0.461,0.0,0.0,0.0
0.462,0.0,0.0,0.0
0.463,0.0,0.0,0.0
0.464,0.0,0.0,0.0
0.465,0.0,0.0,0.0
0.466,0.0,0.0,0.0
0.467,0.0,0.0,0.0
0.468,0.0,0.0,0.0
0.469,0.0,0.0,0.0
0.47,0.0,0.0,0.0
0.471,0.0,0.0,0.0
0.472,0.0,0.0,0.0
0.473,0.0,0.0,0.0
0.474,0.0,0.0,0.0
0.475,0.0,0.0,0.0
0.476,0.0,0.0,0.0
0.477,0.0,0.0,0.0
0.478,0.0,0.0,0.0
0.479,0.0,0.0,0.0
0.48,0.0,0.0,0.0
0.481,0.0,0.0,0.0
0.482,0.0,0.0,0.0
0.483,0.0,0.0,0.0
0.484,0.0,0.0,0.0
0.485,0.0,0.0,0.0
0.486,0.0,0.0,0.0
0.487,0.0,0.0,0.0
0.488,0.0,0.0,0.0
0.489,0.0,0.0,0.0
0.49,0.0,0.0,0.0
0.491,0.0,0.0,0.0
0.492,0.0,0.0,0.0
0.493,0.0,0.0,0.0
0.494,0.0,0.0,0.0
0.495,0.0,0.0,0.0
0.496,0.0,0.0,0.0
0.497,0.0,0.0,0.0
0.498,0.0,0.0,0.0
0.499,0.0,0.0,0.0
0.5,0.0,0.0,0.0
0.501,0.0,0.0,0.0
0.502,0.0,0.0,0.0
0.503,0.0,0.0,0.0
0.504,0.0,0.0,0.0
0.505,0.0,0.0,0.0
0.506,0.0,0.0,0.0
0.507,0.0,0.0,0.0
0.508,0.0,0.0,0.0
0.509,0.0,0.0,0.0
0.51,0.0,0.0,0.0
0.511,0.0,0.0,0.0
0.512,0.0,0.0,0.0
0.513,0.0,0.0,0.0
0.514,0.0,0.0,0.0
0.515,0.0,0.0,0.0
0.516,0.0,0.0,0.0
0.517,0.0,0.0,0.0
0.518,0.0,0.0,0.0
0.519,0.0,0.0,0.0
0.52,0.0,0.0,0.0
0.521,0.0,0.0,0.0
0.522,0.0,0.0,0.0
0.523,0.0,0.0,0.0
0.524,0.0,0.0,0.0
0.525,0.0,0.0,0.0
0.526,0.0,0.0,0.0
0.527,0.0,0.0,0.0
0.528,0.0,0.0,0.0
0.529,0.0,0.0,0.0
0.53,0.0,0.0,0.0
0.531,0.0,0.0,0.0
0.532,0.0,0.0,0.0
0.533,0.0,0.0,0.0
0.534,0.0,0.0,0.0
0.535,0.0,0.0,0.0
0.536,0.0,0.0,0.0
0.537,0.0,0.0,0.0
0.538,0.0,0.0,0.0
0.539,0.0,0.0,0.0
0.54,0.0,0.0,0.0
0.541,0.0,0.0,0.0
0.542,0.0,0.0,0.0
0.543,0.0,0.0,0.0
0.544,0.0,0.0,0.0
0.545,0.0,0.0,0.0
0.546,0.0,0.0,0.0
0.547,0.0,0.0,0.0
0.548,0.0,0.0,0.0
0.549,0.0,0.0,0.0
0.55,0.0,0.0,0.0
0.551,0.0,0.0,0.0
0.552,0.0,0.0,0.0
0.553,0.0,0.0,0.0
0.554,0.0,0.0,0.0
0.555,0.0,0.0,0.0
0.556,0.0,0.0,0.0
0.557,0.0,0.0,0.0
0.558,0.0,0.0,0.0
0.559,0.0,0.0,0.0
0.56,0.0,0.0,0.0
0.561,0.0,0.0,0.0
0.562,0.0,0.0,0.0
0.563,0.0,0.0,0.0
0.564,0.0,0.0,0.0
0.565,0.0,0.0,0.0
0.566,0.0,0.0,0.0
0.567,0.0,0.0,0.0
0.568,0.0,0.0,0.0
0.569,0.0,0.0,0.0
0.57,0.0,0.0,0.0
0.571,0.0,0.0,0.0
0.572,0.0,0.0,0.0
0.573,0.0,0.0,0.0
0.574,0.0,0.0,0.0
0.575,0.0,0.0,0.0
0.576,0.0,0.0,0.0
0.577,0.0,0.0,0.0
0.578,0.0,0.0,0.0
0.579,0.0,0.0,0.0
0.58,0.0,0.0,0.0
0.581,0.0,0.0,0.0
0.582,0.0,0.0,0.0
0.583,0.0,0.0,0.0
0.584,0.0,0.0,0.0
0.585,0.0,0.0,0.0
0.586,0.0,0.0,0.0
0.587,0.0,0.0,0.0
0.588,0.0,0.0,0.0
0.589,0.0,0.0,0.0
0.59,0.0,0.0,0.0
0.591,0.0,0.0,0.0
0.592,0.0,0.0,0.0
0.593,0.0,0.0,0.0
0.594,0.0,0.0,0.0
0.595,0.0,0.0,0.0
0.596,0.0,0.0,0.0
0.597,0.0,0.0,0.0
0.598,0.0,0.0,0.0
0.599,0.0,0.0,0.0
0.6,0.0,0.0,0.0
0.601,0.0,0.0,0.0
0.602,0.0,0.0,0.0
0.603,0.0,0.0,0.0
0.604,0.0,0.0,0.0
0.605,0.0,0.0,0.0
0.606,0.0,0.0,0.0
0.607,0.0,0.0,0.0
0.608,0.0,0.0,0.0
0.609,0.0,0.0,0.0
0.61,0.0,0.0,0.0
0.611,0.0,0.0,0.0
0.612,0.0,0.0,0.0
0.613,0.0,0.0,0.0
0.614,0.0,0.0,0.0
0.615,0.0,0.0,0.0
0.616,0.0,0.0,0.0
0.617,0.0,0.0,0.0
0.618,0.0,0.0,0.0
0.619,0.0,0.0,0.0
0.62,0.0,0.0,0.0
0.621,0.0,0.0,0.0
0.622,0.0,0.0,0.0
0.623,0.0,0.0,0.0
0.624,0.0,0.0,0.0
0.625,0.0,0.0,0.0
0.626,0.0,0.0,0.0
0.627,0.0,0.0,0.0
0.628,0.0,0.0,0.0
0.629,0.0,0.0,0.0
0.63,0.0,0.0,0.0
0.631,0.0,0.0,0.0
0.632,0.0,0.0,0.0
0.633,0.0,0.0,0.0
0.634,0.0,0.0,0.0
0.635,0.0,0.0,0.0
0.636,0.0,0.0,0.0
0.637,0.0,0.0,0.0
0.638,0.0,0.0,0.0
0.639,0.0,0.0,0.0
0.64,0.0,0.0,0.0
0.641,0.0,0.0,0.0
0.642,0.0,0.0,0.0
0.643,0.0,0.0,0.0
0.644,0.0,0.0,0.0
0.645,0.0,0.0,0.0
0.646,0.0,0.0,0.0
0.647,0.0,0.0,0.0
0.648,0.0,0.0,0.0
0.649,0.0,0.0,0.0
0.65,0.0,0.0,0.0
0.651,0.0,0.0,0.0
0.652,0.0,0.0,0.0
0.653,0.0,0.0,0.0
0.654,0.0,0.0,0.0
0.655,0.0,0.0,0.0
0.656,0.0,0.0,0.0
0.657,0.0,0.0,0.0
0.658,0.0,0.0,0.0
0.659,0.0,0.0,0.0
0.66,0.0,0.0,0.0
0.661,0.0,0.0,0.0
0.662,0.0,0.0,0.0
0.663,0.0,0.0,0.0
0.664,0.0,0.0,0.0
0.665,0.0,0.0,0.0
0.666,0.0,0.0,0.0
0.667,0.0,0.0,0.0
0.668,0.0,0.0,0.0
0.669,0.0,0.0,0.0
0.67,0.0,0.0,0.0
0.671,0.0,0.0,0.0
0.672,0.0,0.0,0.0
0.673,0.0,0.0,0.0
0.674,0.0,0.0,0.0
0.675,0.0,0.0,0.0
0.676,0.0,0.0,0.0
0.677,0.0,0.0,0.0
0.678,0.0,0.0,0.0
0.679,0.0,0.0,0.0
0.68,0.0,0.0,0.0
0.681,0.0,0.0,0.0
0.682,0.0,0.0,0.0
0.683,0.0,0.0,0.0
0.684,0.0,0.0,0.0
0.685,0.0,0.0,0.0
0.686,0.0,0.0,0.0
0.687,0.0,0.0,0.0
0.688,0.0,0.0,0.0
0.689,0.0,0.0,0.0
0.69,0.0,0.0,0.0
0.691,0.0,0.0,0.0
0.692,0.0,0.0,0.0
0.693,0.0,0.0,0.0
0.694,0.0,0.0,0.0
0.695,0.0,0.0,0.0
0.696,0.0,0.0,0.0
0.697,0.0,0.0,0.0
0.698,0.0,0.0,0.0
0.699,0.0,0.0,0.0
0.7,0.0,0.0,0.0
0.701,0.0,0.0,0.0
0.702,0.0,0.0,0.0
0.703,0.0,0.0,0.0
0.704,0.0,0.0,0.0
0.705,0.0,0.0,0.0
0.706,0.0,0.0,0.0
0.707,0.0,0.0,0.0
0.708,0.0,0.0,0.0
0.709,0.0,0.0,0.0
0.71,0.0,0.0,0.0
0.711,0.0,0.0,0.0
0.712,0.0,0.0,0.0
0.713,0.0,0.0,0.0
0.714,0.0,0.0,0.0
0.715,0.0,0.0,0.0
0.716,0.0,0.0,0.0
0.717,0.0,0.0,0.0
0.718,0.0,0.0,0.0
0.719,0.0,0.0,0.0
0.72,0.0,0.0,0.0
0.721,0.0,0.0,0.0
0.722,0.0,0.0,0.0
0.723,0.0,0.0,0.0
0.724,0.0,0.0,0.0
0.725,0.0,0.0,0.0
0.726,0.0,0.0,0.0
0.727,0.0,0.0,0.0
0.728,0.0,0.0,0.0
0.729,0.0,0.0,0.0
0.73,0.0,0.0,0.0
0.731,0.0,0.0,0.0
0.732,0.0,0.0,0.0
0.733,0.0,0.0,0.0
0.734,0.0,0.0,0.0
0.735,0.0,0.0,0.0
0.736,0.0,0.0,0.0
0.737,0.0,0.0,0.0
0.738,0.0,0.0,0.0
0.739,0.0,0.0,0.0
0.74,0.0,0.0,0.0
0.741,0.0,0.0,0.0
0.742,0.0,0.0,0.0
0.743,0.0,0.0,0.0
0.744,0.0,0.0,0.0
0.745,0.0,0.0,0.0
0.746,0.0,0.0,0.0
0.747,0.0,0.0,0.0
0.748,0.0,0.0,0.0
0.749,0.0,0.0,0.0
0.75,0.0,0.0,0.0
0.751,0.0,0.0,0.0
0.752,0.0,0.0,0.0
0.753,0.0,0.0,0.0
0.754,0.0,0.0,0.0
0.755,0.0,0.0,0.0
0.756,0.0,0.0,0.0
0.757,0.0,0.0,0.0
0.758,0.0,0.0,0.0
0.759,0.0,0.0,0.0
0.76,0.0,0.0,0.0
0.761,0.0,0.0,0.0
0.762,0.0,0.0,0.0
0.763,0.0,0.0,0.0
0.764,0.0,0.0,0.0
0.765,0.0,0.0,0.0
0.766,0.0,0.0,0.0
0.767,0.0,0.0,0.0
0.768,0.0,0.0,0.0
0.769,0.0,0.0,0.0
0.77,0.0,0.0,0.0
0.771,0.0,0.0,0.0
0.772,0.0,0.0,0.0
0.773,0.0,0.0,0.0
0.774,0.0,0.0,0.0
0.775,0.0,0.0,0.0
0.776,0.0,0.0,0.0
0.777,0.0,0.0,0.0
0.778,0.0,0.0,0.0
0.779,0.0,0.0,0.0
0.78,0.0,0.0,0.0
0.781,0.0,0.0,0.0
0.782,0.0,0.0,0.0
0.783,0.0,0.0,0.0
0.784,0.0,0.0,0.0
0.785,0.0,0.0,0.0
0.786,0.0,0.0,0.0
0.787,0.0,0.0,0.0
0.788,0.0,0.0,0.0
0.789,0.0,0.0,0.0
0.79,0.0,0.0,0.0
0.791,0.0,0.0,0.0
0.792,0.0,0.0,0.0
0.793,0.0,0.0,0.0
0.794,0.0,0.0,0.0
0.795,0.0,0.0,0.0
0.796,0.0,0.0,0.0
0.797,0.0,0.0,0.0
0.798,0.0,0.0,0.0
0.799,0.0,0.0,0.0
0.8,0.0,0.0,0.0
0.801,0.0,0.0,0.0
0.802,0.0,0.0,0.0
0.803,0.0,0.0,0.0
0.804,0.0,0.0,0.0
0.805,0.0,0.0,0.0
0.806,0.0,0.0,0.0
0.807,0.0,0.0,0.0
0.808,0.0,0.0,0.0
0.809,0.0,0.0,0.0
0.81,0.0,0.0,0.0
0.811,0.0,0.0,0.0
0.812,0.0,0.0,0.0
0.813,0.0,0.0,0.0
0.814,0.0,0.0,0.0
0.815,0.0,0.0,0.0
0.816,0.0,0.0,0.0
0.817,0.0,0.0,0.0
0.818,0.0,0.0,0.0
0.819,0.0,0.0,0.0
0.82,0.0,0.0,0.0
0.821,0.0,0.0,0.0
0.822,0.0,0.0,0.0
0.823,0.0,0.0,0.0
0.824,0.0,0.0,0.0
0.825,0.0,0.0,0.0
0.826,0.0,0.0,0.0
0.827,0.0,0.0,0.0
0.828,0.0,0.0,0.0
0.829,0.0,0.0,0.0
0.83,0.0,0.0,0.0
0.831,0.0,0.0,0.0
0.832,0.0,0.0,0.0
0.833,0.0,0.0,0.0
0.834,0.0,0.0,0.0
0.835,0.0,0.0,0.0
0.836,0.0,0.0,0.0
0.837,0.0,0.0,0.0
0.838,0.0,0.0,0.0
0.839,0.0,0.0,0.0
0.84,0.0,0.0,0.0
0.841,0.0,0.0,0.0
0.842,0.0,0.0,0.0
0.843,0.0,0.0,0.0
0.844,0.0,0.0,0.0
0.845,0.0,0.0,0.0
0.846,0.0,0.0,0.0
0.847,0.0,0.0,0.0
0.848,0.0,0.0,0.0
0.849,0.0,0.0,0.0
0.85,0.0,0.0,0.0
0.851,0.0,0.0,0.0
0.852,0.0,0.0,0.0
0.853,0.0,0.0,0.0
0.854,0.0,0.0,0.0
0.855,0.0,0.0,0.0
0.856,0.0,0.0,0.0
0.857,0.0,0.0,0.0
0.858,0.0,0.0,0.0
0.859,0.0,0.0,0.0
0.86,0.0,0.0,0.0
0.861,0.0,0.0,0.0
0.862,0.0,0.0,0.0
0.863,0.0,0.0,0.0
0.864,0.0,0.0,0.0
0.865,0.0,0.0,0.0
0.866,0.0,0.0,0.0
0.867,0.0,0.0,0.0
0.868,0.0,0.0,0.0
0.869,0.0,0.0,0.0
0.87,0.0,0.0,0.0
0.871,0.0,0.0,0.0
0.872,0.0,0.0,0.0
0.873,0.0,0.0,0.0
0.874,0.0,0.0,0.0
0.875,0.0,0.0,0.0
0.876,0.0,0.0,0.0
0.877,0.0,0.0,0.0
0.878,0.0,0.0,0.0
0.879,0.0,0.0,0.0
0.88,0.0,0.0,0.0
0.881,0.0,0.0,0.0
0.882,0.0,0.0,0.0
0.883,0.0,0.0,0.0
0.884,0.0,0.0,0.0
0.885,0.0,0.0,0.0
0.886,0.0,0.0,0.0
0.887,0.0,0.0,0.0
0.888,0.0,0.0,0.0
0.889,0.0,0.0,0.0
0.89,0.0,0.0,0.0
0.891,0.0,0.0,0.0
0.892,0.0,0.0,0.0
0.893,0.0,0.0,0.0
0.894,0.0,0.0,0.0
0.895,0.0,0.0,0.0
0.896,0.0,0.0,0.0
0.897,0.0,0.0,0.0
0.898,0.0,0.0,0.0
0.899,0.0,0.0,0.0
0.9,0.0,0.0,0.0
0.901,0.0,0.0,0.0
0.902,0.0,0.0,0.0
0.903,0.0,0.0,0.0
0.904,0.0,0.0,0.0
0.905,0.0,0.0,0.0
0.906,0.0,0.0,0.0
0.907,0.0,0.0,0.0
0.908,0.0,0.0,0.0
0.909,0.0,0.0,0.0
0.91,0.0,0.0,0.0
0.911,0.0,0.0,0.0
0.912,0.0,0.0,0.0
0.913,0.0,0.0,0.0
0.914,0.0,0.0,0.0
0.915,0.0,0.0,0.0
0.916,0.0,0.0,0.0
0.917,0.0,0.0,0.0
0.918,0.0,0.0,0.0
0.919,0.0,0.0,0.0
0.92,0.0,0.0,0.0
0.921,0.0,0.0,0.0
0.922,0.0,0.0,0.0
0.923,0.0,0.0,0.0
0.924,0.0,0.0,0.0
0.925,0.0,0.0,0.0
0.926,0.0,0.0,0.0
0.927,0.0,0.0,0.0
0.928,0.0,0.0,0.0
0.929,0.0,0.0,0.0
0.93,0.0,0.0,0.0
0.931,0.0,0.0,0.0
0.932,0.0,0.0,0.0
0.933,0.0,0.0,0.0
0.934,0.0,0.0,0.0
0.935,0.0,0.0,0.0
0.936,0.0,0.0,0.0
0.937,0.0,0.0,0.0
0.938,0.0,0.0,0.0
0.939,0.0,0.0,0.0
0.94,0.0,0.0,0.0
0.941,0.0,0.0,0.0
0.942,0.0,0.0,0.0
0.943,0.0,0.0,0.0
0.944,0.0,0.0,0.0
0.945,0.0,0.0,0.0
0.946,0.0,0.0,0.0
0.947,0.0,0.0,0.0
0.948,0.0,0.0,0.0
0.949,0.0,0.0,0.0
0.95,0.0,0.0,0.0
0.951,0.0,0.0,0.0
0.952,0.0,0.0,0.0
0.953,0.0,0.0,0.0
0.954,0.0,0.0,0.0
0.955,0.0,0.0,0.0
0.956,0.0,0.0,0.0
0.957,0.0,0.0,0.0
0.958,0.0,0.0,0.0
0.959,0.0,0.0,0.0
0.96,0.0,0.0,0.0
0.961,0.0,0.0,0.0
0.962,0.0,0.0,0.0
0.963,0.0,0.0,0.0
0.964,0.0,0.0,0.0
0.965,0.0,0.0,0.0
0.966,0.0,0.0,0.0
0.967,0.0,0.0,0.0
0.968,0.0,0.0,0.0
0.969,0.0,0.0,0.0
0.97,0.0,0.0,0.0
0.971,0.0,0.0,0.0
0.972,0.0,0.0,0.0
0.973,0.0,0.0,0.0
0.974,0.0,0.0,0.0
0.975,0.0,0.0,0.0
0.976,0.0,0.0,0.0
0.977,0.0,0.0,0.0
0.978,0.0,0.0,0.0
0.979,0.0,0.0,0.0
0.98,0.0,0.0,0.0
0.981,0.0,0.0,0.0
0.982,0.0,0.0,0.0
0.983,0.0,0.0,0.0
0.984,0.0,0.0,0.0
0.985,0.0,0.0,0.0
0.986,0.0,0.0,0.0
0.987,0.0,0.0,0.0
0.988,0.0,0.0,0.0
0.989,0.0,0.0,0.0
0.99,0.0,0.0,0.0
0.991,0.0,0.0,0.0
0.992,0.0,0.0,0.0
0.993,0.0,0.0,0.0
0.994,0.0,0.0,0.0
0.995,0.0,0.0,0.0
0.996,0.0,0.0,0.0
0.997,0.0,0.0,0.0
0.998,0.0,0.0,0.0
0.999,0.0,0.0,0.0
1.0,0.0,0.0,0.0
1.001,0.0,0.0,0.0
1.002,0.0,0.0,0.0
1.003,0.0,0.0,0.0
1.004,0.0,0.0,0.0
1.005,0.0,0.0,0.0
1.006,0.0,0.0,0.0
1.007,0.0,0.0,0.0
1.008,0.0,0.0,0.0
1.009,0.0,0.0,0.0
1.01,0.0,0.0,0.0
1.011,0.0,0.0,0.0
1.012,0.0,0.0,0.0
1.013,0.0,0.0,0.0
1.014,0.0,0.0,0.0
1.015,0.0,0.0,0.0
1.016,0.0,0.0,0.0
1.017,0.0,0.0,0.0
1.018,0.0,0.0,0.0
1.019,0.0,0.0,0.0
1.02,0.0,0.0,0.0
1.021,0.0,0.0,0.0
1.022,0.0,0.0,0.0
1.023,0.0,0.0,0.0
1.024,0.0,0.0,0.0
1.025,0.0,0.0,0.0
1.026,0.0,0.0,0.0
1.027,0.0,0.0,0.0
1.028,0.0,0.0,0.0
1.029,0.0,0.0,0.0
1.03,0.0,0.0,0.0
1.031,0.0,0.0,0.0
1.032,0.0,0.0,0.0
1.033,0.0,0.0,0.0
1.034,0.0,0.0,0.0
1.035,0.0,0.0,0.0
1.036,0.0,0.0,0.0
1.037,0.0,0.0,0.0
1.038,0.0,0.0,0.0
1.039,0.0,0.0,0.0
1.04,0.0,0.0,0.0
1.041,0.0,0.0,0.0
1.042,0.0,0.0,0.0
1.043,0.0,0.0,0.0
1.044,0.0,0.0,0.0
1.045,0.0,0.0,0.0
1.046,0.0,0.0,0.0
1.047,0.0,0.0,0.0
1.048,0.0,0.0,0.0
1.049,0.0,0.0,0.0
1.05,0.0,0.0,0.0
1.051,0.0,0.0,0.0
1.052,0.0,0.0,0.0
1.053,0.0,0.0,0.0
1.054,0.0,0.0,0.0
1.055,0.0,0.0,0.0
1.056,0.0,0.0,0.0
1.057,0.0,0.0,0.0
1.058,0.0,0.0,0.0
1.059,0.0,0.0,0.0
1.06,0.0,0.0,0.0
1.061,0.0,0.0,0.0
1.062,0.0,0.0,0.0
1.063,0.0,0.0,0.0
1.064,0.0,0.0,0.0
1.065,0.0,0.0,0.0
1.066,0.0,0.0,0.0
1.067,0.0,0.0,0.0
1.068,0.0,0.0,0.0
1.069,0.0,0.0,0.0
1.07,0.0,0.0,0.0
1.071,0.0,0.0,0.0
1.072,0.0,0.0,0.0
1.073,0.0,0.0,0.0
1.074,0.0,0.0,0.0
1.075,0.0,0.0,0.0
1.076,0.0,0.0,0.0
1.077,0.0,0.0,0.0
1.078,0.0,0.0,0.0
1.079,0.0,0.0,0.0
1.08,0.0,0.0,0.0
1.081,0.0,0.0,0.0
1.082,0.0,0.0,0.0
1.083,0.0,0.0,0.0
1.084,0.0,0.0,0.0
1.085,0.0,0.0,0.0
1.086,0.0,0.0,0.0
1.087,0.0,0.0,0.0
1.088,0.0,0.0,0.0
1.089,0.0,0.0,0.0
1.09,0.0,0.0,0.0
1.091,0.0,0.0,0.0
1.092,0.0,0.0,0.0
1.093,0.0,0.0,0.0
1.094,0.0,0.0,0.0
1.095,0.0,0.0,0.0
1.096,0.0,0.0,0.0
1.097,0.0,0.0,0.0
1.098,0.0,0.0,0.0
1.099,0.0,0.0,0.0
1.1,0.0,0.0,0.0
1.101,0.0,0.0,0.0
1.102,0.0,0.0,0.0
1.103,0.0,0.0,0.0
1.104,0.0,0.0,0.0
1.105,0.0,0.0,0.0
1.106,0.0,0.0,0.0
1.107,0.0,0.0,0.0
1.108,0.0,0.0,0.0
1.109,0.0,0.0,0.0
1.11,0.0,0.0,0.0
1.111,0.0,0.0,0.0
1.112,0.0,0.0,0.0
1.113,0.0,0.0,0.0
1.114,0.0,0.0,0.0
1.115,0.0,0.0,0.0
1.116,0.0,0.0,0.0
1.117,0.0,0.0,0.0
1.118,0.0,0.0,0.0
1.119,0.0,0.0,0.0
1.12,0.0,0.0,0.0
1.121,0.0,0.0,0.0
1.122,0.0,0.0,0.0
1.123,0.0,0.0,0.0
1.124,0.0,0.0,0.0
1.125,0.0,0.0,0.0
1.126,0.0,0.0,0.0
1.127,0.0,0.0,0.0
1.128,0.0,0.0,0.0
1.129,0.0,0.0,0.0
1.13,0.0,0.0,0.0
1.131,0.0,0.0,0.0
1.132,0.0,0.0,0.0
1.133,0.0,0.0,0.0
1.134,0.0,0.0,0.0
1.135,0.0,0.0,0.0
1.136,0.0,0.0,0.0
1.137,0.0,0.0,0.0
1.138,0.0,0.0,0.0
1.139,0.0,0.0,0.0
1.14,0.0,0.0,0.0
1.141,0.0,0.0,0.0
1.142,0.0,0.0,0.0
1.143,0.0,0.0,0.0
1.144,0.0,0.0,0.0
1.145,0.0,0.0,0.0
1.146,0.0,0.0,0.0
1.147,0.0,0.0,0.0
1.148,0.0,0.0,0.0
1.149,0.0,0.0,0.0
1.15,0.0,0.0,0.0
1.151,0.0,0.0,0.0
1.152,0.0,0.0,0.0
1.153,0.0,0.0,0.0
1.154,0.0,0.0,0.0
1.155,0.0,0.0,0.0
1.156,0.0,0.0,0.0
1.157,0.0,0.0,0.0
1.158,0.0,0.0,0.0
1.159,0.0,0.0,0.0
1.16,0.0,0.0,0.0
1.161,0.0,0.0,0.0
1.162,0.0,0.0,0.0
1.163,0.0,0.0,0.0
1.164,0.0,0.0,0.0
1.165,0.0,0.0,0.0
1.166,0.0,0.0,0.0
1.167,0.0,0.0,0.0
1.168,0.0,0.0,0.0
1.169,0.0,0.0,0.0
1.17,0.0,0.0,0.0
1.171,0.0,0.0,0.0
1.172,0.0,0.0,0.0
1.173,0.0,0.0,0.0
1.174,0.0,0.0,0.0
1.175,0.0,0.0,0.0
1.176,0.0,0.0,0.0
1.177,0.0,0.0,0.0
1.178,0.0,0.0,0.0
1.179,0.0,0.0,0.0
1.18,0.0,0.0,0.0
1.181,0.0,0.0,0.0
1.182,0.0,0.0,0.0
1.183,0.0,0.0,0.0
1.184,0.0,0.0,0.0
1.185,0.0,0.0,0.0
1.186,0.0,0.0,0.0
1.187,0.0,0.0,0.0
1.188,0.0,0.0,0.0
1.189,0.0,0.0,0.0
1.19,0.0,0.0,0.0
1.191,0.0,0.0,0.0
1.192,0.0,0.0,0.0
1.193,0.0,0.0,0.0
1.194,0.0,0.0,0.0
1.195,0.0,0.0,0.0
1.196,0.0,0.0,0.0
1.197,0.0,0.0,0.0
1.198,0.0,0.0,0.0
1.199,0.0,0.0,0.0
1.2,0.0,0.0,0.0
1.201,0.0,0.0,0.0
1.202,0.0,0.0,0.0
1.203,0.0,0.0,0.0
1.204,0.0,0.0,0.0
1.205,0.0,0.0,0.0
1.206,0.0,0.0,0.0
1.207,0.0,0.0,0.0
1.208,0.0,0.0,0.0
1.209,0.0,0.0,0.0
1.21,0.0,0.0,0.0
1.211,0.0,0.0,0.0
1.212,0.0,0.0,0.0
1.213,0.0,0.0,0.0
1.214,0.0,0.0,0.0
1.215,0.0,0.0,0.0
1.216,0.0,0.0,0.0
1.217,0.0,0.0,0.0
1.218,0.0,0.0,0.0
1.219,0.0,0.0,0.0
1.22,0.0,0.0,0.0
1.221,0.0,0.0,0.0
1.222,0.0,0.0,0.0
1.223,0.0,0.0,0.0
1.224,0.0,0.0,0.0
1.225,0.0,0.0,0.0
1.226,0.0,0.0,0.0
1.227,0.0,0.0,0.0
1.228,0.0,0.0,0.0
1.229,0.0,0.0,0.0
1.23,0.0,0.0,0.0
1.231,0.0,0.0,0.0
1.232,0.0,0.0,0.0
1.233,0.0,0.0,0.0
1.234,0.0,0.0,0.0
1.235,0.0,0.0,0.0
1.236,0.0,0.0,0.0
1.237,0.0,0.0,0.0
1.238,0.0,0.0,0.0
1.239,0.0,0.0,0.0
1.24,0.0,0.0,0.0
1.241,0.0,0.0,0.0
1.242,0.0,0.0,0.0
1.243,0.0,0.0,0.0
1.244,0.0,0.0,0.0
1.245,0.0,0.0,0.0
1.246,0.0,0.0,0.0
1.247,0.0,0.0,0.0
1.248,0.0,0.0,0.0
1.249,0.0,0.0,0.0
1.25,0.0,0.0,0.0
1.251,0.0,0.0,0.0
1.252,0.0,0.0,0.0
1.253,0.0,0.0,0.0
1.254,0.0,0.0,0.0
1.255,0.0,0.0,0.0
1.256,0.0,0.0,0.0
1.257,0.0,0.0,0.0
1.258,0.0,0.0,0.0
1.259,0.0,0.0,0.0
1.26,0.0,0.0,0.0
1.261,0.0,0.0,0.0
1.262,0.0,0.0,0.0
1.263,0.0,0.0,0.0
1.264,0.0,0.0,0.0
1.265,0.0,0.0,0.0
1.266,0.0,0.0,0.0
1.267,0.0,0.0,0.0
1.268,0.0,0.0,0.0
1.269,0.0,0.0,0.0
1.27,0.0,0.0,0.0
1.271,0.0,0.0,0.0
1.272,0.0,0.0,0.0
1.273,0.0,0.0,0.0
1.274,0.0,0.0,0.0
1.275,0.0,0.0,0.0
1.276,0.0,0.0,0.0
1.277,0.0,0.0,0.0
1.278,0.0,0.0,0.0
1.279,0.0,0.0,0.0
1.28,0.0,0.0,0.0
1.281,0.0,0.0,0.0
1.282,0.0,0.0,0.0
1.283,0.0,0.0,0.0
1.284,0.0,0.0,0.0
1.285,0.0,0.0,0.0
1.286,0.0,0.0,0.0
1.287,0.0,0.0,0.0
1.288,0.0,0.0,0.0
1.289,0.0,0.0,0.0
1.29,0.0,0.0,0.0
1.291,0.0,0.0,0.0
1.292,0.0,0.0,0.0
1.293,0.0,0.0,0.0
1.294,0.0,0.0,0.0
1.295,0.0,0.0,0.0
1.296,0.0,0.0,0.0
1.297,0.0,0.0,0.0
1.298,0.0,0.0,0.0
1.299,0.0,0.0,0.0
1.3,0.0,0.0,0.0
1.301,0.0,0.0,0.0
1.302,0.0,0.0,0.0
1.303,0.0,0.0,0.0
1.304,0.0,0.0,0.0
1.305,0.0,0.0,0.0
1.306,0.0,0.0,0.0
1.307,0.0,0.0,0.0
1.308,0.0,0.0,0.0
1.309,0.0,0.0,0.0
1.31,0.0,0.0,0.0
1.311,0.0,0.0,0.0
1.312,0.0,0.0,0.0
1.313,0.0,0.0,0.0
1.314,0.0,0.0,0.0
1.315,0.0,0.0,0.0
1.316,0.0,0.0,0.0
1.317,0.0,0.0,0.0
1.318,0.0,0.0,0.0
1.319,0.0,0.0,0.0
1.32,0.0,0.0,0.0
1.321,0.0,0.0,0.0
1.322,0.0,0.0,0.0
1.323,0.0,0.0,0.0
1.324,0.0,0.0,0.0
1.325,0.0,0.0,0.0
1.326,0.0,0.0,0.0
1.327,0.0,0.0,0.0
1.328,0.0,0.0,0.0
1.329,0.0,0.0,0.0
1.33,0.0,0.0,0.0
1.331,0.0,0.0,0.0
1.332,0.0,0.0,0.0
1.333,0.0,0.0,0.0
1.334,0.0,0.0,0.0
1.335,0.0,0.0,0.0
1.336,0.0,0.0,0.0
1.337,0.0,0.0,0.0
1.338,0.0,0.0,0.0
1.339,0.0,0.0,0.0
1.34,0.0,0.0,0.0
1.341,0.0,0.0,0.0
1.342,0.0,0.0,0.0
1.343,0.0,0.0,0.0
1.344,0.0,0.0,0.0
1.345,0.0,0.0,0.0
1.346,0.0,0.0,0.0
1.347,0.0,0.0,0.0
1.348,0.0,0.0,0.0
1.349,0.0,0.0,0.0
1.35,0.0,0.0,0.0
1.351,0.0,0.0,0.0
1.352,0.0,0.0,0.0
1.353,0.0,0.0,0.0
1.354,0.0,0.0,0.0
1.355,0.0,0.0,0.0
1.356,0.0,0.0,0.0
1.357,0.0,0.0,0.0
1.358,0.0,0.0,0.0
1.359,0.0,0.0,0.0
1.36,0.0,0.0,0.0
1.361,0.0,0.0,0.0
1.362,0.0,0.0,0.0
1.363,0.0,0.0,0.0
1.364,0.0,0.0,0.0
1.365,0.0,0.0,0.0
1.366,0.0,0.0,0.0
1.367,0.0,0.0,0.0
1.368,0.0,0.0,0.0
1.369,0.0,0.0,0.0
1.37,0.0,0.0,0.0
1.371,0.0,0.0,0.0
1.372,0.0,0.0,0.0
1.373,0.0,0.0,0.0
1.374,0.0,0.0,0.0
1.375,0.0,0.0,0.0
1.376,0.0,0.0,0.0
1.377,0.0,0.0,0.0
1.378,0.0,0.0,0.0
1.379,0.0,0.0,0.0
1.38,0.0,0.0,0.0
1.381,0.0,0.0,0.0
1.382,0.0,0.0,0.0
1.383,0.0,0.0,0.0
1.384,0.0,0.0,0.0
1.385,0.0,0.0,0.0
1.386,0.0,0.0,0.0
1.387,0.0,0.0,0.0
1.388,0.0,0.0,0.0
1.389,0.0,0.0,0.0
1.39,0.0,0.0,0.0
1.391,0.0,0.0,0.0
1.392,0.0,0.0,0.0
1.393,0.0,0.0,0.0
1.394,0.0,0.0,0.0
1.395,0.0,0.0,0.0
1.396,0.0,0.0,0.0
1.397,0.0,0.0,0.0
1.398,0.0,0.0,0.0
1.399,0.0,0.0,0.0
1.4,0.0,0.0,0.0
1.401,0.0,0.0,0.0
1.402,0.0,0.0,0.0
1.403,0.0,0.0,0.0
1.404,0.0,0.0,0.0
1.405,0.0,0.0,0.0
1.406,0.0,0.0,0.0
1.407,0.0,0.0,0.0
1.408,0.0,0.0,0.0
1.409,0.0,0.0,0.0
1.41,0.03,1.218e-06,0.0006017773
1.411,0.06,2.436e-06,0.0012035546
1.412,0.09,3.654e-06,0.0018053318
1.413,0.12,4.872e-06,0.0024071091
1.414,0.15,6.09e-06,0.0030088862
1.415,0.18,7.308e-06,0.0036106636
1.416,0.21,8.526e-06,0.004212441
1.417,0.24,9.744e-06,0.0048142183
1.418,0.27,1.0962e-05,0.005415995
1.419,0.3,1.218e-05,0.0060177725
1.42,0.33,1.3398e-05,0.00661955
1.421,0.36,1.4616e-05,0.007221327
1.422,0.39,1.5834e-05,0.007823104
1.423,0.42,1.7052e-05,0.008424882
1.424,0.45,1.827e-05,0.009026659
1.425,0.48,1.9488e-05,0.0096284365
1.426,0.51,2.0706e-05,0.010230213
1.427,0.54,2.1924e-05,0.01083199
1.428,0.57,2.3142e-05,0.011433768
1.429,0.6,2.436e-05,0.012035545
1.43,0.63,2.5578e-05,0.012637323
1.431,0.66,2.6796e-05,0.0132391
1.432,0.69,2.8014e-05,0.0138408765
1.433,0.72,2.9232e-05,0.014442654
1.434,0.75,3.045e-05,0.015044431
1.435,0.78,3.1668e-05,0.015646208
1.436,0.81,3.2886e-05,0.016247986
1.437,0.84,3.4104e-05,0.016849764
1.438,0.87,3.5322e-05,0.01745154
1.439,0.9,3.654e-05,0.018053317
1.44,0.93,3.7758e-05,0.018655095
1.441,0.96,3.8976e-05,0.019256873
1.442,0.99,4.0194e-05,0.019858649
1.443,1.02,4.1412e-05,0.020460427
1.444,1.05,4.263e-05,0.021062205
1.445,1.08,4.3848e-05,0.02166398
1.446,1.11,4.5066e-05,0.022265758
1.447,1.14,4.6284e-05,0.022867536
1.448,1.17,4.7502e-05,0.023469314
1.449,1.2,4.872e-05,0.02407109
1.45,1.23,4.9938e-05,0.024672868
1.451,1.26,5.1156e-05,0.025274646
1.452,1.29,5.2374e-05,0.025876421
1.453,1.32,5.3592e-05,0.0264782
1.454,1.35,5.481e-05,0.027079977
1.455,1.38,5.6028e-05,0.027681753
1.456,1.41,5.7246e-05,0.02828353
1.457,1.44,5.8464e-05,0.028885309
1.458,1.47,5.9682e-05,0.029487086
1.459,1.5,6.09e-05,0.030088862
1.46,1.53,6.2118e-05,0.03069064
1.461,1.56,6.3336e-05,0.031292416
1.462,1.59,6.4554e-05,0.031894196
1.463,1.62,6.5772e-05,0.03249597
1.464,1.65,6.699e-05,0.033097748
1.465,1.68,6.8208e-05,0.033699527
1.466,1.71,6.9426e-05,0.034301303
1.467,1.74,7.0644e-05,0.03490308
1.468,1.77,7.1862e-05,0.03550486
1.469,1.8,7.308e-05,0.036106635
1.47,1.83,7.4298e-05,0.036708415
1.471,1.86,7.5516e-05,0.03731019
1.472,1.89,7.6734e-05,0.037911966
1.473,1.92,7.7952e-05,0.038513746
1.474,1.95,7.917e-05,0.039115522
1.475,1.98,8.0388e-05,0.039717298
1.476,2.01,8.1606e-05,0.040319078
1.477,2.04,8.2824e-05,0.040920854
1.478,2.07,8.4042e-05,0.04152263
1.479,2.1,8.526e-05,0.04212441
1.48,2.13,8.6478e-05,0.042726185
1.481,2.16,8.7696e-05,0.04332796
1.482,2.19,8.8914e-05,0.04392974
1.483,2.22,9.0132e-05,0.044531517
1.484,2.25,9.135e-05,0.045133293
1.485,2.28,9.2568e-05,0.045735072
1.486,2.31,9.3786e-05,0.04633685
1.487,2.34,9.5004e-05,0.046938628
1.488,2.37,9.6222e-05,0.047540404
1.489,2.4,9.744e-05,0.04814218
1.49,2.43,9.8658e-05,0.04874396
1.491,2.46,9.9876e-05,0.049345735
1.492,2.49,0.000101094,0.04994751
1.493,2.52,0.000102312,0.05054929
1.494,2.55,0.00010353,0.051151067
1.495,2.58,0.000104748,0.051752843
1.496,2.61,0.000105966,0.052354623
1.497,2.64,0.000107184,0.0529564
1.498,2.67,0.000108402,0.053558175
1.499,2.7,0.00010962,0.054159954
1.5,2.73,0.000110838,0.05476173
1.501,2.76,0.000112056,0.055363506
1.502,2.79,0.000113274,0.055965286
1.503,2.82,0.000114492,0.05656706
1.504,2.85,0.00011571,0.05716884
1.505,2.88,0.000116928,0.057770617
1.506,2.91,0.000118146,0.058372393
1.507,2.94,0.000119364,0.058974173
1.508,2.97,0.000120582,0.05957595
1.509,3.0,0.0001218,0.060177725
1.51,3.03,0.000123018,0.060779504
1.511,3.06,0.000124236,0.06138128
1.512,3.09,0.000125454,0.061983056
1.513,3.12,0.000126672,0.06258483
1.514,3.15,0.00012789,0.063186616
1.515,3.18,0.000129108,0.06378839
1.516,3.21,0.000130326,0.06439017
1.517,3.24,0.000131544,0.06499194
1.518,3.27,0.000132762,0.06559372
1.519,3.3,0.00013398,0.066195495
1.52,3.33,0.000135198,0.06679728
1.521,3.36,0.000136416,0.067399055
1.522,3.39,0.000137634,0.06800083
1.523,3.42,0.000138852,0.06860261
1.524,3.45,0.00014007,0.06920438
1.525,3.48,0.000141288,0.06980616
1.526,3.51,0.000142506,0.07040794
1.527,3.54,0.000143724,0.07100972
1.528,3.57,0.000144942,0.071611494
1.529,3.6,0.00014616,0.07221327
1.53,3.63,0.000147378,0.072815046
1.531,3.66,0.000148596,0.07341683
1.532,3.69,0.000149814,0.074018605
1.533,3.72,0.000151032,0.07462038
1.534,3.75,0.00015225,0.07522216
1.535,3.78,0.000153468,0.07582393
1.536,3.81,0.000154686,0.07642571
1.537,3.84,0.000155904,0.07702749
1.538,3.87,0.000157122,0.07762927
1.539,3.9,0.00015834,0.078231044
1.54,3.93,0.000159558,0.07883282
1.541,3.96,0.000160776,0.079434596
1.542,3.99,0.000161994,0.08003637
1.543,4.02,0.000163212,0.080638155
1.544,4.05,0.00016443,0.08123993
1.545,4.08,0.000165648,0.08184171
1.546,4.11,0.000166866,0.08244348
1.547,4.14,0.000168084,0.08304526
1.548,4.17,0.000169302,0.08364704
1.549,4.2,0.00017052,0.08424882
1.55,4.23,0.000171738,0.084850594
1.551,4.26,0.000172956,0.08545237
1.552,4.29,0.000174174,0.08605415
1.553,4.32,0.000175392,0.08665592
1.554,4.35,0.00017661,0.087257706
1.555,4.38,0.000177828,0.08785948
1.556,4.41,0.000179046,0.08846126
1.557,4.44,0.000180264,0.08906303
1.558,4.47,0.000181482,0.08966481
1.559,4.5,0.0001827,0.090266585
1.56,4.53,0.000183918,0.09086837
1.561,4.56,0.000185136,0.091470145
1.562,4.59,0.000186354,0.09207192
1.563,4.62,0.000187572,0.0926737
1.564,4.65,0.00018879,0.09327547
1.565,4.68,0.000190008,0.093877256
1.566,4.71,0.000191226,0.09447903
1.567,4.74,0.000192444,0.09508081
1.568,4.77,0.000193662,0.095682584
1.569,4.8,0.00019488,0.09628436
1.57,4.83,0.000196098,0.096886136
1.571,4.86,0.000197316,0.09748792
1.572,4.89,0.000198534,0.098089695
1.573,4.92,0.000199752,0.09869147
1.574,4.95,0.00020097,0.09929325
1.575,4.98,0.000202188,0.09989502
1.576,5.01,0.000203406,0.1004968
1.577,5.04,0.000204624,0.10109858
1.578,5.07,0.000205842,0.10170036
1.579,5.1,0.00020706,0.102302134
1.58,5.13,0.000208278,0.10290391
1.581,5.16,0.000209496,0.103505686
1.582,5.19,0.000210714,0.10410747
1.583,5.22,0.000211932,0.104709245
1.584,5.25,0.00021315,0.10531102
1.585,5.28,0.000214368,0.1059128
1.586,5.31,0.000215586,0.10651457
1.587,5.34,0.000216804,0.10711635
1.588,5.37,0.000218022,0.10771813
1.589,5.4,0.00021924,0.10831991
1.59,5.43,0.000220458,0.108921684
1.591,5.46,0.000221676,0.10952346
1.592,5.49,0.000222894,0.110125236
1.593,5.52,0.000224112,0.11072701
1.594,5.55,0.00022533,0.111328796
1.595,5.58,0.000226548,0.11193057
1.596,5.61,0.000227766,0.11253235
1.597,5.64,0.000228984,0.11313412
1.598,5.67,0.000230202,0.1137359
1.599,5.7,0.00023142,0.11433768
1.6,5.73,0.000232638,0.11493946
1.601,5.76,0.000233856,0.115541235
1.602,5.79,0.000235074,0.11614301
1.603,5.82,0.000236292,0.11674479
1.604,5.85,0.00023751,0.11734656
1.605,5.88,0.000238728,0.117948346
1.606,5.91,0.000239946,0.11855012
1.607,5.94,0.000241164,0.1191519
1.608,5.97,0.000242382,0.11975367
1.609,6.0,0.0002436,0.12035545
1.61,6.03,0.000244818,0.120957226
1.611,6.06,0.000246036,0.12155901
1.612,6.09,0.000247254,0.122160785
1.613,6.12,0.000248472,0.12276256
1.614,6.15,0.00024969,0.12336434
1.615,6.18,0.000250908,0.12396611
1.616,6.21,0.000252126,0.124567896
1.617,6.24,0.000253344,0.12516966
1.618,6.27,0.000254562,0.12577145
1.619,6.3,0.00025578,0.12637323
1.62,6.33,0.000256998,0.126975
1.621,6.36,0.000258216,0.12757678
1.622,6.39,0.000259434,0.12817855
1.623,6.42,0.000260652,0.12878034
1.624,6.45,0.00026187,0.1293821
1.625,6.48,0.000263088,0.12998389
1.626,6.51,0.000264306,0.13058567
1.627,6.54,0.000265524,0.13118744
1.628,6.57,0.000266742,0.13178922
1.629,6.6,0.00026796,0.13239099
1.63,6.63,0.000269178,0.13299277
1.631,6.66,0.000270396,0.13359456
1.632,6.69,0.000271614,0.13419633
1.633,6.72,0.000272832,0.13479811
1.634,6.75,0.00027405,0.13539988
1.635,6.78,0.000275268,0.13600166
1.636,6.81,0.000276486,0.13660344
1.637,6.84,0.000277704,0.13720521
1.638,6.87,0.000278922,0.137807
1.639,6.9,0.00028014,0.13840877
1.64,6.93,0.000281358,0.13901055
1.641,6.96,0.000282576,0.13961232
1.642,6.99,0.000283794,0.1402141
1.643,7.02,0.000285012,0.14081588
1.644,7.05,0.00028623,0.14141765
1.645,7.08,0.000287448,0.14201944
1.646,7.11,0.000288666,0.1426212
1.647,7.14,0.000289884,0.14322299
1.648,7.17,0.000291102,0.14382477
1.649,7.2,0.00029232,0.14442654
1.65,7.23,0.000293538,0.14502832
1.651,7.26,0.000294756,0.14563009
1.652,7.29,0.000295974,0.14623187
1.653,7.32,0.000297192,0.14683366
1.654,7.35,0.00029841,0.14743543
1.655,7.38,0.000299628,0.14803721
1.656,7.41,0.000300846,0.14863898
1.657,7.44,0.000302064,0.14924076
1.658,7.47,0.000303282,0.14984253
1.659,7.5,0.0003045,0.15044431
1.66,7.53,0.000305718,0.1510461
1.661,7.56,0.000306936,0.15164787
1.662,7.59,0.000308154,0.15224965
1.663,7.62,0.000309372,0.15285142
1.664,7.65,0.00031059,0.1534532
1.665,7.68,0.000311808,0.15405498
1.666,7.71,0.000313026,0.15465675
1.667,7.74,0.000314244,0.15525854
1.668,7.77,0.000315462,0.1558603
1.669,7.8,0.00031668,0.15646209
1.67,7.83,0.000317898,0.15706387
1.671,7.86,0.000319116,0.15766564
1.672,7.89,0.000320334,0.15826742
1.673,7.92,0.000321552,0.15886919
1.674,7.95,0.00032277,0.15947098
1.675,7.98,0.000323988,0.16007274
1.676,8.01,0.000325206,0.16067453
1.677,8.04,0.000326424,0.16127631
1.678,8.07,0.000327642,0.16187808
1.679,8.1,0.00032886,0.16247986
1.68,8.13,0.000330078,0.16308163
1.681,8.16,0.000331296,0.16368341
1.682,8.19,0.000332514,0.1642852
1.683,8.22,0.000333732,0.16488697
1.684,8.25,0.00033495,0.16548875
1.685,8.28,0.000336168,0.16609052
1.686,8.31,0.000337386,0.1666923
1.687,8.34,0.000338604,0.16729409
1.688,8.37,0.000339822,0.16789585
1.689,8.4,0.00034104,0.16849764
1.69,8.43,0.000342258,0.1690994
1.691,8.46,0.000343476,0.16970119
1.692,8.49,0.000344694,0.17030296
1.693,8.52,0.000345912,0.17090474
1.694,8.55,0.00034713,0.17150652
1.695,8.58,0.000348348,0.1721083
1.696,8.61,0.000349566,0.17271008
1.697,8.64,0.000350784,0.17331184
1.698,8.67,0.000352002,0.17391363
1.699,8.7,0.00035322,0.17451541
1.7,8.73,0.000354438,0.17511718
1.701,8.76,0.000355656,0.17571896
1.702,8.79,0.000356874,0.17632073
1.703,8.82,0.000358092,0.17692252
1.704,8.85,0.00035931,0.1775243
1.705,8.88,0.000360528,0.17812607
1.706,8.91,0.000361746,0.17872785
1.707,8.94,0.000362964,0.17932962
1.708,8.97,0.000364182,0.1799314
1.709,9.0,0.0003654,0.18053317
1.71,9.03,0.000366618,0.18113495
1.711,9.06,0.000367836,0.18173674
1.712,9.09,0.000369054,0.1823385
1.713,9.12,0.000370272,0.18294029
1.714,9.15,0.00037149,0.18354206
1.715,9.18,0.000372708,0.18414384
1.716,9.21,0.000373926,0.18474562
1.717,9.24,0.000375144,0.1853474
1.718,9.27,0.000376362,0.18594918
1.719,9.3,0.00037758,0.18655095
1.72,9.33,0.000378798,0.18715273
1.721,9.36,0.000380016,0.18775451
1.722,9.39,0.000381234,0.18835628
1.723,9.42,0.000382452,0.18895806
1.724,9.45,0.00038367,0.18955983
1.725,9.48,0.000384888,0.19016162
1.726,9.51,0.000386106,0.19076338
1.727,9.54,0.000387324,0.19136517
1.728,9.57,0.000388542,0.19196695
1.729,9.6,0.00038976,0.19256872
1.73,9.63,0.000390978,0.1931705
1.731,9.66,0.000392196,0.19377227
1.732,9.69,0.000393414,0.19437405
1.733,9.72,0.000394632,0.19497584
1.734,9.75,0.00039585,0.1955776
1.735,9.78,0.000397068,0.19617939
1.736,9.81,0.000398286,0.19678116
1.737,9.84,0.000399504,0.19738294
1.738,9.87,0.000400722,0.19798473
1.739,9.9,0.00040194,0.1985865
1.74,9.93,0.000403158,0.19918828
1.741,9.96,0.000404376,0.19979005
1.742,9.99,0.000405594,0.20039183
1.743,10.02,0.000406812,0.2009936
1.744,10.05,0.00040803,0.20159538
1.745,10.08,0.000409248,0.20219716
1.746,10.11,0.000410466,0.20279893
1.747,10.14,0.000411684,0.20340072
1.748,10.17,0.000412902,0.20400248
1.749,10.2,0.00041412,0.20460427
1.75,10.23,0.000415338,0.20520605
1.751,10.26,0.000416556,0.20580782
1.752,10.29,0.000417774,0.2064096
1.753,10.32,0.000418992,0.20701137
1.754,10.35,0.00042021,0.20761316
1.755,10.38,0.000421428,0.20821494
1.756,10.41,0.000422646,0.2088167
1.757,10.44,0.000423864,0.20941849
1.758,10.47,0.000425082,0.21002026
1.759,10.5,0.0004263,0.21062204
1.76,10.53,0.000427518,0.21122381
1.761,10.56,0.000428736,0.2118256
1.762,10.59,0.000429954,0.21242738
1.763,10.62,0.000431172,0.21302915
1.764,10.65,0.00043239,0.21363093
1.765,10.68,0.000433608,0.2142327
1.766,10.71,0.000434826,0.21483448
1.767,10.74,0.000436044,0.21543626
1.768,10.77,0.000437262,0.21603803
1.769,10.8,0.00043848,0.21663982
1.77,10.83,0.000439698,0.21724159
1.771,10.86,0.000440916,0.21784337
1.772,10.89,0.000442134,0.21844515
1.773,10.92,0.000443352,0.21904692
1.774,10.95,0.00044457,0.2196487
1.775,10.98,0.000445788,0.22025047
1.776,11.01,0.000447006,0.22085226
1.777,11.04,0.000448224,0.22145402
1.778,11.07,0.000449442,0.22205581
1.779,11.1,0.00045066,0.22265759
1.78,11.13,0.000451878,0.22325936
1.781,11.16,0.000453096,0.22386114
1.782,11.19,0.000454314,0.22446291
1.783,11.22,0.000455532,0.2250647
1.784,11.25,0.00045675,0.22566648
1.785,11.28,0.000457968,0.22626825
1.786,11.31,0.000459186,0.22687003
1.787,11.34,0.000460404,0.2274718
1.788,11.37,0.000461622,0.22807358
1.789,11.4,0.00046284,0.22867537
1.79,11.43,0.000464058,0.22927713
1.791,11.46,0.000465276,0.22987892
1.792,11.49,0.000466494,0.23048069
1.793,11.52,0.000467712,0.23108247
1.794,11.55,0.00046893,0.23168424
1.795,11.58,0.000470148,0.23228602
1.796,11.61,0.000471366,0.2328878
1.797,11.64,0.000472584,0.23348957
1.798,11.67,0.000473802,0.23409136
1.799,11.7,0.00047502,0.23469312
1.8,11.73,0.000476238,0.23529491
1.801,11.76,0.000477456,0.23589669
1.802,11.79,0.000478674,0.23649846
1.803,11.82,0.000479892,0.23710024
1.804,11.85,0.00048111,0.23770201
1.805,11.88,0.000482328,0.2383038
1.806,11.91,0.000483546,0.23890558
1.807,11.94,0.000484764,0.23950735
1.808,11.97,0.000485982,0.24010913
1.809,12.0,0.0004872,0.2407109
1.81,12.03,0.000488418,0.24131268
1.811,12.06,0.000489636,0.24191445
1.812,12.09,0.000490854,0.24251623
1.813,12.12,0.000492072,0.24311802
1.814,12.15,0.00049329,0.24371979
1.815,12.18,0.000494508,0.24432157
1.816,12.21,0.000495726,0.24492334
1.817,12.24,0.000496944,0.24552512
1.818,12.27,0.000498162,0.2461269
1.819,12.3,0.00049938,0.24672867
1.82,12.33,0.000500598,0.24733046
1.821,12.36,0.000501816,0.24793223
1.822,12.39,0.000503034,0.24853401
1.823,12.42,0.000504252,0.24913579
1.824,12.45,0.00050547,0.24973756
1.825,12.48,0.000506688,0.25033933
1.826,12.51,0.000507906,0.25094113
1.827,12.54,0.000509124,0.2515429
1.828,12.57,0.000510342,0.25214466
1.829,12.6,0.00051156,0.25274646
1.83,12.63,0.000512778,0.25334823
1.831,12.66,0.000513996,0.25395
1.832,12.69,0.000515214,0.25455177
1.833,12.72,0.000516432,0.25515357
1.834,12.75,0.00051765,0.25575534
1.835,12.78,0.000518868,0.2563571
1.836,12.81,0.000520086,0.2569589
1.837,12.84,0.000521304,0.25756067
1.838,12.87,0.000522522,0.25816244
1.839,12.9,0.00052374,0.2587642
1.84,12.93,0.000524958,0.259366
1.841,12.96,0.000526176,0.25996777
1.842,12.99,0.000527394,0.26056954
1.843,13.02,0.000528612,0.26117134
1.844,13.05,0.00052983,0.2617731
1.845,13.08,0.000531048,0.26237488
1.846,13.11,0.000532266,0.26297668
1.847,13.14,0.000533484,0.26357844
1.848,13.17,0.000534702,0.2641802
1.849,13.2,0.00053592,0.26478198
1.85,13.23,0.000537138,0.26538378
1.851,13.26,0.000538356,0.26598555
1.852,13.29,0.000539574,0.26658732
1.853,13.32,0.000540792,0.26718912
1.854,13.35,0.00054201,0.26779088
1.855,13.38,0.000543228,0.26839265
1.856,13.41,0.000544446,0.26899442
1.857,13.44,0.000545664,0.26959622
1.858,13.47,0.000546882,0.270198
1.859,13.5,0.0005481,0.27079976
1.86,13.53,0.000549318,0.27140155
1.861,13.56,0.000550536,0.27200332
1.862,13.59,0.000551754,0.2726051
1.863,13.62,0.000552972,0.2732069
1.864,13.65,0.00055419,0.27380866
1.865,13.68,0.000555408,0.27441043
1.866,13.71,0.000556626,0.2750122
1.867,13.74,0.000557844,0.275614
1.868,13.77,0.000559062,0.27621576
1.869,13.8,0.00056028,0.27681753
1.87,13.83,0.000561498,0.27741933
1.871,13.86,0.000562716,0.2780211
1.872,13.89,0.000563934,0.27862287
1.873,13.92,0.000565152,0.27922463
1.874,13.95,0.00056637,0.27982643
1.875,13.98,0.000567588,0.2804282
1.876,14.01,0.000568806,0.28102997
1.877,14.04,0.000570024,0.28163177
1.878,14.07,0.000571242,0.28223354
1.879,14.1,0.00057246,0.2828353
1.88,14.13,0.000573678,0.2834371
1.881,14.16,0.000574896,0.28403887
1.882,14.19,0.000576114,0.28464064
1.883,14.22,0.000577332,0.2852424
1.884,14.25,0.00057855,0.2858442
1.885,14.28,0.000579768,0.28644598
1.886,14.31,0.000580986,0.28704774
1.887,14.34,0.000582204,0.28764954
1.888,14.37,0.000583422,0.2882513
1.889,14.4,0.00058464,0.28885308
1.89,14.43,0.000585858,0.28945485
1.891,14.46,0.000587076,0.29005665
1.892,14.49,0.000588294,0.2906584
1.893,14.52,0.000589512,0.29126018
1.894,14.55,0.00059073,0.29186198
1.895,14.58,0.000591948,0.29246375
1.896,14.61,0.000593166,0.29306552
1.897,14.64,0.000594384,0.29366732
1.898,14.67,0.000595602,0.29426908
1.899,14.7,0.00059682,0.29487085
1.9,14.73,0.000598038,0.29547262
1.901,14.76,0.000599256,0.29607442
1.902,14.79,0.000600474,0.2966762
1.903,14.82,0.000601692,0.29727796
1.904,14.85,0.00060291,0.29787976
1.905,14.88,0.000604128,0.29848152
1.906,14.91,0.000605346,0.2990833
1.907,14.94,0.000606564,0.29968506
1.908,14.97,0.000607782,0.30028686
1.909,15.0,0.000609,0.30088863
1.91,15.03,0.000610218,0.3014904
1.911,15.06,0.000611436,0.3020922
1.912,15.09,0.000612654,0.30269396
1.913,15.12,0.000613872,0.30329573
1.914,15.15,0.00061509,0.30389753
1.915,15.18,0.000616308,0.3044993
1.916,15.21,0.000617526,0.30510107
1.917,15.24,0.000618744,0.30570284
1.918,15.27,0.000619962,0.30630463
1.919,15.3,0.00062118,0.3069064
1.92,15.33,0.000622398,0.30750817
1.921,15.36,0.000623616,0.30810997
1.922,15.39,0.000624834,0.30871174
1.923,15.42,0.000626052,0.3093135
1.924,15.45,0.00062727,0.30991527
1.925,15.48,0.000628488,0.31051707
1.926,15.51,0.000629706,0.31111884
1.927,15.54,0.000630924,0.3117206
1.928,15.57,0.000632142,0.3123224
1.929,15.6,0.00063336,0.31292418
1.93,15.63,0.000634578,0.31352594
1.931,15.66,0.000635796,0.31412774
1.932,15.69,0.000637014,0.3147295
1.933,15.72,0.000638232,0.31533128
1.934,15.75,0.00063945,0.31593305
1.935,15.78,0.000640668,0.31653485
1.936,15.81,0.000641886,0.31713662
1.937,15.84,0.000643104,0.31773838
1.938,15.87,0.000644322,0.31834018
1.939,15.9,0.00064554,0.31894195
1.94,15.93,0.000646758,0.31954372
1.941,15.96,0.000647976,0.3201455
1.942,15.99,0.000649194,0.3207473
1.943,16.02,0.000650412,0.32134905
1.944,16.05,0.00065163,0.32195082
1.945,16.08,0.000652848,0.32255262
1.946,16.11,0.000654066,0.3231544
1.947,16.14,0.000655284,0.32375616
1.948,16.17,0.000656502,0.32435796
1.949,16.2,0.00065772,0.32495973
1.95,16.23,0.000658938,0.3255615
1.951,16.26,0.000660156,0.32616326
1.952,16.29,0.000661374,0.32676506
1.953,16.32,0.000662592,0.32736683
1.954,16.35,0.00066381,0.3279686
1.955,16.38,0.000665028,0.3285704
1.956,16.41,0.000666246,0.32917216
1.957,16.44,0.000667464,0.32977393
1.958,16.47,0.000668682,0.3303757
1.959,16.5,0.0006699,0.3309775
1.96,16.53,0.000671118,0.33157927
1.961,16.56,0.000672336,0.33218104
1.962,16.59,0.000673554,0.33278283
1.963,16.62,0.000674772,0.3333846
1.964,16.65,0.00067599,0.33398637
1.965,16.68,0.000677208,0.33458817
1.966,16.71,0.000678426,0.33518994
1.967,16.74,0.000679644,0.3357917
1.968,16.77,0.000680862,0.33639348
1.969,16.8,0.00068208,0.33699527
1.97,16.83,0.000683298,0.33759704
1.971,16.86,0.000684516,0.3381988
1.972,16.89,0.000685734,0.3388006
1.973,16.92,0.000686952,0.33940238
1.974,16.95,0.00068817,0.34000415
1.975,16.98,0.000689388,0.3406059
1.976,17.01,0.000690606,0.3412077
1.977,17.04,0.000691824,0.34180948
1.978,17.07,0.000693042,0.34241125
1.979,17.1,0.00069426,0.34301305
1.98,17.13,0.000695478,0.34361482
1.981,17.16,0.000696696,0.3442166
1.982,17.19,0.000697914,0.34481838
1.983,17.22,0.000699132,0.34542015
1.984,17.25,0.00070035,0.34602192
1.985,17.28,0.000701568,0.3466237
1.986,17.31,0.000702786,0.3472255
1.987,17.34,0.000704004,0.34782726
1.988,17.37,0.000705222,0.34842902
1.989,17.4,0.00070644,0.34903082
1.99,17.43,0.000707658,0.3496326
1.991,17.46,0.000708876,0.35023436
1.992,17.49,0.000710094,0.35083613
1.993,17.52,0.000711312,0.35143793
1.994,17.55,0.00071253,0.3520397
1.995,17.58,0.000713748,0.35264146
1.996,17.61,0.000714966,0.35324326
1.997,17.64,0.000716184,0.35384503
1.998,17.67,0.000717402,0.3544468
1.999,17.7,0.00071862,0.3550486
2.0,17.73,0.000719838,0.35565037
2.001,17.76,0.000721056,0.35625213
2.002,17.79,0.000722274,0.3568539
2.003,17.82,0.000723492,0.3574557
2.004,17.85,0.00072471,0.35805747
2.005,17.88,0.000725928,0.35865924
2.006,17.91,0.000727146,0.35926104
2.007,17.94,0.000728364,0.3598628
2.008,17.97,0.000729582,0.36046457
2.009,18.0,0.0007308,0.36106634
2.01,18.03,0.000732018,0.36166814
2.011,18.06,0.000733236,0.3622699
2.012,18.09,0.000734454,0.36287168
2.013,18.12,0.000735672,0.36347347
2.014,18.15,0.00073689,0.36407524
2.015,18.18,0.000738108,0.364677
2.016,18.21,0.000739326,0.3652788
2.017,18.24,0.000740544,0.36588058
2.018,18.27,0.000741762,0.36648235
2.019,18.3,0.00074298,0.36708412
2.02,18.33,0.000744198,0.3676859
2.021,18.36,0.000745416,0.36828768
2.022,18.39,0.000746634,0.36888945
2.023,18.42,0.000747852,0.36949125
2.024,18.45,0.00074907,0.37009302
2.025,18.48,0.000750288,0.3706948
2.026,18.51,0.000751506,0.37129655
2.027,18.54,0.000752724,0.37189835
2.028,18.57,0.000753942,0.37250012
2.029,18.6,0.00075516,0.3731019
2.03,18.63,0.000756378,0.3737037
2.031,18.66,0.000757596,0.37430546
2.032,18.69,0.000758814,0.37490723
2.033,18.72,0.000760032,0.37550902
2.034,18.75,0.00076125,0.3761108
2.035,18.78,0.000762468,0.37671256
2.036,18.81,0.000763686,0.37731433
2.037,18.84,0.000764904,0.37791613
2.038,18.87,0.000766122,0.3785179
2.039,18.9,0.00076734,0.37911966
2.04,18.93,0.000768558,0.37972146
2.041,18.96,0.000769776,0.38032323
2.042,18.99,0.000770994,0.380925
2.043,19.02,0.000772212,0.38152677
2.044,19.05,0.00077343,0.38212857
2.045,19.08,0.000774648,0.38273033
2.046,19.11,0.000775866,0.3833321
2.047,19.14,0.000777084,0.3839339
2.048,19.17,0.000778302,0.38453567
2.049,19.2,0.00077952,0.38513744
2.05,19.23,0.000780738,0.38573924
2.051,19.26,0.000781956,0.386341
2.052,19.29,0.000783174,0.38694277
2.053,19.32,0.000784392,0.38754454
2.054,19.35,0.00078561,0.38814634
2.055,19.38,0.000786828,0.3887481
2.056,19.41,0.000788046,0.38934988
2.057,19.44,0.000789264,0.38995168
2.058,19.47,0.000790482,0.39055344
2.059,19.5,0.0007917,0.3911552
2.06,19.53,0.000792918,0.39175698
2.061,19.56,0.000794136,0.39235878
2.062,19.59,0.000795354,0.39296055
2.063,19.62,0.000796572,0.39356232
2.064,19.65,0.00079779,0.39416412
2.065,19.68,0.000799008,0.39476588
2.066,19.71,0.000800226,0.39536765
2.067,19.74,0.000801444,0.39596945
2.068,19.77,0.000802662,0.39657122
2.069,19.8,0.00080388,0.397173
2.07,19.83,0.000805098,0.39777476
2.071,19.86,0.000806316,0.39837655
2.072,19.89,0.000807534,0.39897832
2.073,19.92,0.000808752,0.3995801
2.074,19.95,0.00080997,0.4001819
2.075,19.98,0.000811188,0.40078366
2.076,20.01,0.000812406,0.40138543
2.077,20.04,0.000813624,0.4019872
2.078,20.07,0.000814842,0.402589
2.079,20.1,0.00081606,0.40319076
2.08,20.13,0.000817278,0.40379253
2.081,20.16,0.000818496,0.40439433
2.082,20.19,0.000819714,0.4049961
2.083,20.22,0.000820932,0.40559787
2.084,20.25,0.00082215,0.40619966
2.085,20.28,0.000823368,0.40680143
2.086,20.31,0.000824586,0.4074032
2.087,20.34,0.000825804,0.40800497
2.088,20.37,0.000827022,0.40860677
2.089,20.4,0.00082824,0.40920854
2.09,20.43,0.000829458,0.4098103
2.091,20.46,0.000830676,0.4104121
2.092,20.49,0.000831894,0.41101387
2.093,20.52,0.000833112,0.41161564
2.094,20.55,0.00083433,0.4122174
2.095,20.58,0.000835548,0.4128192
2.096,20.61,0.000836766,0.41342098
2.097,20.64,0.000837984,0.41402274
2.098,20.67,0.000839202,0.41462454
2.099,20.7,0.00084042,0.4152263
2.1,20.73,0.000841638,0.41582808
2.101,20.76,0.000842856,0.41642988
2.102,20.79,0.000844074,0.41703165
2.103,20.82,0.000845292,0.4176334
2.104,20.85,0.00084651,0.41823518
2.105,20.88,0.000847728,0.41883698
2.106,20.91,0.000848946,0.41943875
2.107,20.94,0.000850164,0.42004052
2.108,20.97,0.000851382,0.42064232
2.109,21.0,0.0008526,0.42124408
2.11,21.03,0.000853818,0.42184585
2.111,21.06,0.000855036,0.42244762
2.112,21.09,0.000856254,0.42304942
2.113,21.12,0.000857472,0.4236512
2.114,21.15,0.00085869,0.42425296
2.115,21.18,0.000859908,0.42485476
2.116,21.21,0.000861126,0.42545652
2.117,21.24,0.000862344,0.4260583
2.118,21.27,0.000863562,0.4266601
2.119,21.3,0.00086478,0.42726186
2.12,21.33,0.000865998,0.42786363
2.121,21.36,0.000867216,0.4284654
2.122,21.39,0.000868434,0.4290672
2.123,21.42,0.000869652,0.42966896
2.124,21.45,0.00087087,0.43027073
2.125,21.48,0.000872088,0.43087253
2.126,21.51,0.000873306,0.4314743
2.127,21.54,0.000874524,0.43207607
2.128,21.57,0.000875742,0.43267784
2.129,21.6,0.00087696,0.43327963
2.13,21.63,0.000878178,0.4338814
2.131,21.66,0.000879396,0.43448317
2.132,21.69,0.000880614,0.43508497
2.133,21.72,0.000881832,0.43568674
2.134,21.75,0.00088305,0.4362885
2.135,21.78,0.000884268,0.4368903
2.136,21.81,0.000885486,0.43749207
2.137,21.84,0.000886704,0.43809384
2.138,21.87,0.000887922,0.4386956
2.139,21.9,0.00088914,0.4392974
2.14,21.93,0.000890358,0.43989918
2.141,21.96,0.000891576,0.44050094
2.142,21.99,0.000892794,0.44110274
2.143,22.02,0.000894012,0.4417045
2.144,22.05,0.00089523,0.44230628
2.145,22.08,0.000896448,0.44290805
2.146,22.11,0.000897666,0.44350985
2.147,22.14,0.000898884,0.44411162
2.148,22.17,0.000900102,0.44471338
2.149,22.2,0.00090132,0.44531518
2.15,22.23,0.000902538,0.44591695
2.151,22.26,0.000903756,0.44651872
2.152,22.29,0.000904974,0.44712052
2.153,22.32,0.000906192,0.4477223
2.154,22.35,0.00090741,0.44832405
2.155,22.38,0.000908628,0.44892582
2.156,22.41,0.000909846,0.44952762
2.157,22.44,0.000911064,0.4501294
2.158,22.47,0.000912282,0.45073116
2.159,22.5,0.0009135,0.45133296
2.16,22.53,0.000914718,0.45193473
2.161,22.56,0.000915936,0.4525365
2.162,22.59,0.000917154,0.45313826
2.163,22.62,0.000918372,0.45374006
2.164,22.65,0.00091959,0.45434183
2.165,22.68,0.000920808,0.4549436
2.166,22.71,0.000922026,0.4555454
2.167,22.74,0.000923244,0.45614716
2.168,22.77,0.000924462,0.45674893
2.169,22.8,0.00092568,0.45735073
2.17,22.83,0.000926898,0.4579525
2.171,22.86,0.000928116,0.45855427
2.172,22.89,0.000929334,0.45915604
2.173,22.92,0.000930552,0.45975783
2.174,22.95,0.00093177,0.4603596
2.175,22.98,0.000932988,0.46096137
2.176,23.01,0.000934206,0.46156317
2.177,23.04,0.000935424,0.46216494
2.178,23.07,0.000936642,0.4627667
2.179,23.1,0.00093786,0.46336848
2.18,23.13,0.000939078,0.46397027
2.181,23.16,0.000940296,0.46457204
2.182,23.19,0.000941514,0.4651738
2.183,23.22,0.000942732,0.4657756
2.184,23.25,0.00094395,0.46637738
2.185,23.28,0.000945168,0.46697915
2.186,23.31,0.000946386,0.46758094
2.187,23.34,0.000947604,0.4681827
2.188,23.37,0.000948822,0.46878448
2.189,23.4,0.00095004,0.46938625
2.19,23.43,0.000951258,0.46998805
2.191,23.46,0.000952476,0.47058982
2.192,23.49,0.000953694,0.47119159
2.193,23.52,0.000954912,0.47179338
2.194,23.55,0.00095613,0.47239515
2.195,23.58,0.000957348,0.47299692
2.196,23.61,0.000958566,0.4735987
2.197,23.64,0.000959784,0.4742005
2.198,23.67,0.000961002,0.47480226
2.199,23.7,0.00096222,0.47540402
2.2,23.73,0.000963438,0.47600582
2.201,23.76,0.000964656,0.4766076
2.202,23.79,0.000965874,0.47720936
2.203,23.82,0.000967092,0.47781116
2.204,23.85,0.00096831,0.47841293
2.205,23.88,0.000969528,0.4790147
2.206,23.91,0.000970746,0.47961646
2.207,23.94,0.000971964,0.48021826
2.208,23.97,0.000973182,0.48082003
2.209,24.0,0.0009744,0.4814218
2.21,24.03,0.000975618,0.4820236
2.211,24.06,0.000976836,0.48262537
2.212,24.09,0.000978054,0.48322713
2.213,24.12,0.000979272,0.4838289
2.214,24.15,0.00098049,0.4844307
2.215,24.18,0.000981708,0.48503247
2.216,24.21,0.000982926,0.48563424
2.217,24.24,0.000984144,0.48623604
2.218,24.27,0.000985362,0.4868378
2.219,24.3,0.00098658,0.48743957
2.22,24.33,0.000987798,0.48804137
2.221,24.36,0.000989016,0.48864314
2.222,24.39,0.000990234,0.4892449
2.223,24.42,0.000991452,0.48984668
2.224,24.45,0.00099267,0.49044847
2.225,24.48,0.000993888,0.49105024
2.226,24.51,0.000995106,0.491652
2.227,24.54,0.000996324,0.4922538
2.228,24.57,0.000997542,0.49285558
2.229,24.6,0.00099876,0.49345735
2.23,24.63,0.000999978,0.49405912
2.231,24.66,0.001001196,0.4946609
2.232,24.69,0.001002414,0.49526268
2.233,24.72,0.001003632,0.49586445
2.234,24.75,0.00100485,0.49646625
2.235,24.78,0.001006068,0.49706802
2.236,24.81,0.001007286,0.4976698
2.237,24.84,0.001008504,0.49827158
2.238,24.87,0.001009722,0.49887335
2.239,24.9,0.00101094,0.49947512
2.24,24.93,0.001012158,0.5000769
2.241,24.96,0.001013376,0.50067866
2.242,24.99,0.001014594,0.5012805
2.243,25.02,0.001015812,0.50188226
2.244,25.05,0.00101703,0.502484
2.245,25.08,0.001018248,0.5030858
2.246,25.11,0.001019466,0.50368756
2.247,25.14,0.001020684,0.5042893
2.248,25.17,0.001021902,0.5048911
2.249,25.2,0.00102312,0.5054929
2.25,25.23,0.001024338,0.5060947
2.251,25.26,0.001025556,0.50669646
2.252,25.29,0.001026774,0.50729823
2.253,25.32,0.001027992,0.5079
2.254,25.35,0.00102921,0.50850177
2.255,25.38,0.001030428,0.50910354
2.256,25.41,0.001031646,0.50970536
2.257,25.44,0.001032864,0.51030713
2.258,25.47,0.001034082,0.5109089
2.259,25.5,0.0010353,0.51151067
2.26,25.53,0.001036518,0.51211244
2.261,25.56,0.001037736,0.5127142
2.262,25.59,0.001038954,0.513316
2.263,25.62,0.001040172,0.5139178
2.264,25.65,0.00104139,0.5145196
2.265,25.68,0.001042608,0.51512134
2.266,25.71,0.001043826,0.5157231
2.267,25.74,0.001045044,0.5163249
2.268,25.77,0.001046262,0.51692665
2.269,25.8,0.00104748,0.5175284
2.27,25.83,0.001048698,0.51813024
2.271,25.86,0.001049916,0.518732
2.272,25.89,0.001051134,0.5193338
2.273,25.92,0.001052352,0.51993555
2.274,25.95,0.00105357,0.5205373
2.275,25.98,0.001054788,0.5211391
2.276,26.01,0.001056006,0.5217409
2.277,26.04,0.001057224,0.5223427
2.278,26.07,0.001058442,0.52294445
2.279,26.1,0.00105966,0.5235462
2.28,26.13,0.001060878,0.524148
2.281,26.16,0.001062096,0.52474976
2.282,26.19,0.001063314,0.5253515
2.283,26.22,0.001064532,0.52595335
2.284,26.25,0.00106575,0.5265551
2.285,26.28,0.001066968,0.5271569
2.286,26.31,0.001068186,0.52775866
2.287,26.34,0.001069404,0.5283604
2.288,26.37,0.001070622,0.5289622
2.289,26.4,0.00107184,0.52956396
2.29,26.43,0.001073058,0.5301658
2.291,26.46,0.001074276,0.53076756
2.292,26.49,0.001075494,0.5313693
2.293,26.52,0.001076712,0.5319711
2.294,26.55,0.00107793,0.53257287
2.295,26.58,0.001079148,0.53317463
2.296,26.61,0.001080366,0.5337764
2.297,26.64,0.001081584,0.53437823
2.298,26.67,0.001082802,0.53498
2.299,26.7,0.00108402,0.53558177
2.3,26.73,0.001085238,0.53618354
2.301,26.76,0.001086456,0.5367853
2.302,26.79,0.001087674,0.5373871
2.303,26.82,0.001088892,0.53798884
2.304,26.85,0.00109011,0.53859067
2.305,26.88,0.001091328,0.53919244
2.306,26.91,0.001092546,0.5397942
2.307,26.94,0.001093764,0.540396
2.308,26.97,0.001094982,0.54099774
2.309,27.0,0.0010962,0.5415995
2.31,27.03,0.001097418,0.54220134
2.311,27.06,0.001098636,0.5428031
2.312,27.09,0.001099854,0.5434049
2.313,27.12,0.001101072,0.54400665
2.314,27.15,0.00110229,0.5446084
2.315,27.18,0.001103508,0.5452102
2.316,27.21,0.001104726,0.54581195
2.317,27.24,0.001105944,0.5464138
2.318,27.27,0.001107162,0.54701555
2.319,27.3,0.00110838,0.5476173
2.32,27.33,0.001109598,0.5482191
2.321,27.36,0.001110816,0.54882085
2.322,27.39,0.001112034,0.5494226
2.323,27.42,0.001113252,0.5500244
2.324,27.45,0.00111447,0.5506262
2.325,27.48,0.001115688,0.551228
2.326,27.51,0.001116906,0.55182976
2.327,27.54,0.001118124,0.5524315
2.328,27.57,0.001119342,0.5530333
2.329,27.6,0.00112056,0.55363506
2.33,27.63,0.001121778,0.5542368
2.331,27.66,0.001122996,0.55483866
2.332,27.69,0.001124214,0.5554404
2.333,27.72,0.001125432,0.5560422
2.334,27.75,0.00112665,0.55664396
2.335,27.78,0.001127868,0.55724573
2.336,27.81,0.001129086,0.5578475
2.337,27.84,0.001130304,0.55844927
2.338,27.87,0.001131522,0.5590511
2.339,27.9,0.00113274,0.55965286
2.34,27.93,0.001133958,0.56025463
2.341,27.96,0.001135176,0.5608564
2.342,27.99,0.001136394,0.5614582
2.343,28.02,0.001137612,0.56205994
2.344,28.05,0.00113883,0.56266177
2.345,28.08,0.001140048,0.56326354
2.346,28.11,0.001141266,0.5638653
2.347,28.14,0.001142484,0.5644671
2.348,28.17,0.001143702,0.56506884
2.349,28.2,0.00114492,0.5656706
2.35,28.23,0.001146138,0.5662724
2.351,28.26,0.001147356,0.5668742
2.352,28.29,0.001148574,0.567476
2.353,28.32,0.001149792,0.56807774
2.354,28.35,0.00115101,0.5686795
2.355,28.38,0.001152228,0.5692813
2.356,28.41,0.001153446,0.56988305
2.357,28.44,0.001154664,0.5704848
2.358,28.47,0.001155882,0.57108665
2.359,28.5,0.0011571,0.5716884
2.36,28.53,0.001158318,0.5722902
2.361,28.56,0.001159536,0.57289195
2.362,28.59,0.001160754,0.5734937
2.363,28.62,0.001161972,0.5740955
2.364,28.65,0.00116319,0.57469726
2.365,28.68,0.001164408,0.5752991
2.366,28.71,0.001165626,0.57590085
2.367,28.74,0.001166844,0.5765026
2.368,28.77,0.001168062,0.5771044
2.369,28.8,0.00116928,0.57770616
2.37,28.83,0.001170498,0.5783079
2.371,28.86,0.001171716,0.5789097
2.372,28.89,0.001172934,0.5795115
2.373,28.92,0.001174152,0.5801133
2.374,28.95,0.00117537,0.58071506
2.375,28.98,0.001176588,0.5813168
2.376,29.01,0.001177806,0.5819186
2.377,29.04,0.001179024,0.58252037
2.378,29.07,0.001180242,0.5831222
2.379,29.1,0.00118146,0.58372396
2.38,29.13,0.001182678,0.58432573
2.381,29.16,0.001183896,0.5849275
2.382,29.19,0.001185114,0.58552927
2.383,29.22,0.001186332,0.58613104
2.384,29.25,0.00118755,0.5867328
2.385,29.28,0.001188768,0.58733463
2.386,29.31,0.001189986,0.5879364
2.387,29.34,0.001191204,0.58853817
2.388,29.37,0.001192422,0.58913994
2.389,29.4,0.00119364,0.5897417
2.39,29.43,0.001194858,0.5903435
2.391,29.46,0.001196076,0.59094524
2.392,29.49,0.001197294,0.5915471
2.393,29.52,0.001198512,0.59214884
2.394,29.55,0.00119973,0.5927506
2.395,29.58,0.001200948,0.5933524
2.396,29.61,0.001202166,0.59395415
2.397,29.64,0.001203384,0.5945559
2.398,29.67,0.001204602,0.5951577
2.399,29.7,0.00120582,0.5957595
2.4,29.73,0.001207038,0.5963613
2.401,29.76,0.001208256,0.59696305
2.402,29.79,0.001209474,0.5975648
2.403,29.82,0.001210692,0.5981666
2.404,29.85,0.00121191,0.59876835
2.405,29.88,0.001213128,0.5993701
2.406,29.91,0.001214346,0.59997195
2.407,29.94,0.001215564,0.6005737
2.408,29.97,0.001216782,0.6011755
2.409,30.0,0.001218,0.60177726
2.41,30.03,0.001219218,0.602379
2.411,30.06,0.001220436,0.6029808
2.412,30.09,0.001221654,0.6035826
2.413,30.12,0.001222872,0.6041844
2.414,30.15,0.00122409,0.60478616
2.415,30.18,0.001225308,0.6053879
2.416,30.21,0.001226526,0.6059897
2.417,30.24,0.001227744,0.60659146
2.418,30.27,0.001228962,0.60719323
2.419,30.3,0.00123018,0.60779506
2.42,30.33,0.001231398,0.6083968
2.421,30.36,0.001232616,0.6089986
2.422,30.39,0.001233834,0.60960037
2.423,30.42,0.001235052,0.61020213
2.424,30.45,0.00123627,0.6108039
2.425,30.48,0.001237488,0.6114057
2.426,30.51,0.001238706,0.6120075
2.427,30.54,0.001239924,0.61260927
2.428,30.57,0.001241142,0.61321104
2.429,30.6,0.00124236,0.6138128
2.43,30.63,0.001243578,0.6144146
2.431,30.66,0.001244796,0.61501634
2.432,30.69,0.001246014,0.6156181
2.433,30.72,0.001247232,0.61621994
2.434,30.75,0.00124845,0.6168217
2.435,30.78,0.001249668,0.6174235
2.436,30.81,0.001250886,0.61802524
2.437,30.84,0.001252104,0.618627
2.438,30.87,0.001253322,0.6192288
2.439,30.9,0.00125454,0.61983055
2.44,30.93,0.001255758,0.6204324
2.441,30.96,0.001256976,0.62103415
2.442,30.99,0.001258194,0.6216359
2.443,31.02,0.001259412,0.6222377
2.444,31.05,0.00126063,0.62283945
2.445,31.08,0.001261848,0.6234412
2.446,31.11,0.001263066,0.62404305
2.447,31.14,0.001264284,0.6246448
2.448,31.17,0.001265502,0.6252466
2.449,31.2,0.00126672,0.62584835
2.45,31.23,0.001267938,0.6264501
2.451,31.26,0.001269156,0.6270519
2.452,31.29,0.001270374,0.62765366
2.453,31.32,0.001271592,0.6282555
2.454,31.35,0.00127281,0.62885725
2.455,31.38,0.001274028,0.629459
2.456,31.41,0.001275246,0.6300608
2.457,31.44,0.001276464,0.63066256
2.458,31.47,0.001277682,0.6312643
2.459,31.5,0.0012789,0.6318661
2.46,31.53,0.001280118,0.6324679
2.461,31.56,0.001281336,0.6330697
2.462,31.59,0.001282554,0.63367146
2.463,31.62,0.001283772,0.63427323
2.464,31.65,0.00128499,0.634875
2.465,31.68,0.001286208,0.63547677
2.466,31.71,0.001287426,0.63607854
2.467,31.74,0.001288644,0.63668036
2.468,31.77,0.001289862,0.63728213
2.469,31.8,0.00129108,0.6378839
2.47,31.83,0.001292298,0.63848567
2.471,31.86,0.001293516,0.63908744
2.472,31.89,0.001294734,0.6396892
2.473,31.92,0.001295952,0.640291
2.474,31.95,0.00129717,0.6408928
2.475,31.98,0.001298388,0.6414946
2.476,32.01,0.001299606,0.64209634
2.477,32.04,0.001300824,0.6426981
2.478,32.07,0.001302042,0.6432999
2.479,32.1,0.00130326,0.64390165
2.48,32.13,0.001304478,0.6445035
2.481,32.16,0.001305696,0.64510524
2.482,32.19,0.001306914,0.645707
2.483,32.22,0.001308132,0.6463088
2.484,32.25,0.00130935,0.64691055
2.485,32.28,0.001310568,0.6475123
2.486,32.31,0.001311786,0.6481141
2.487,32.34,0.001313004,0.6487159
2.488,32.37,0.001314222,0.6493177
2.489,32.4,0.00131544,0.64991945
2.49,32.43,0.001316658,0.6505212
2.491,32.46,0.001317876,0.651123
2.492,32.49,0.001319094,0.65172476
2.493,32.52,0.001320312,0.6523265
2.494,32.55,0.00132153,0.65292835
2.495,32.58,0.001322748,0.6535301
2.496,32.61,0.001323966,0.6541319
2.497,32.64,0.001325184,0.65473366
2.498,32.67,0.001326402,0.6553354
2.499,32.7,0.00132762,0.6559372
2.5,32.73,0.001328838,0.65653896
2.501,32.76,0.001330056,0.6571408
2.502,32.79,0.001331274,0.65774256
2.503,32.82,0.001332492,0.6583443
2.504,32.85,0.00133371,0.6589461
2.505,32.88,0.001334928,0.65954787
2.506,32.91,0.001336146,0.66014963
2.507,32.94,0.001337364,0.6607514
2.508,32.97,0.001338582,0.66135323
2.509,33.0,0.0013398,0.661955
2.51,33.03,0.001341018,0.66255677
2.511,33.06,0.001342236,0.66315854
2.512,33.09,0.001343454,0.6637603
2.513,33.12,0.001344672,0.6643621
2.514,33.15,0.00134589,0.6649639
2.515,33.18,0.001347108,0.66556567
2.516,33.21,0.001348326,0.66616744
2.517,33.24,0.001349544,0.6667692
2.518,33.27,0.001350762,0.667371
2.519,33.3,0.00135198,0.66797274
2.52,33.33,0.001353198,0.6685745
2.521,33.36,0.001354416,0.66917634
2.522,33.39,0.001355634,0.6697781
2.523,33.42,0.001356852,0.6703799
2.524,33.45,0.00135807,0.67098165
2.525,33.48,0.001359288,0.6715834
2.526,33.51,0.001360506,0.6721852
2.527,33.54,0.001361724,0.67278695
2.528,33.57,0.001362942,0.6733888
2.529,33.6,0.00136416,0.67399055
2.53,33.63,0.001365378,0.6745923
2.531,33.66,0.001366596,0.6751941
2.532,33.69,0.001367814,0.67579585
2.533,33.72,0.001369032,0.6763976
2.534,33.75,0.00137025,0.6769994
2.535,33.78,0.001371468,0.6776012
2.536,33.81,0.001372686,0.678203
2.537,33.84,0.001373904,0.67880476
2.538,33.87,0.001375122,0.6794065
2.539,33.9,0.00137634,0.6800083
2.54,33.93,0.001377558,0.68061006
2.541,33.96,0.001378776,0.6812118
2.542,33.99,0.001379994,0.68181366
2.543,34.02,0.001381212,0.6824154
2.544,34.05,0.00138243,0.6830172
2.545,34.08,0.001383648,0.68361896
2.546,34.11,0.001384866,0.68422073
2.547,34.14,0.001386084,0.6848225
2.548,34.17,0.001387302,0.6854243
2.549,34.2,0.00138852,0.6860261
2.55,34.23,0.001389738,0.68662786
2.551,34.26,0.001390956,0.68722963
2.552,34.29,0.001392174,0.6878314
2.553,34.32,0.001393392,0.6884332
2.554,34.35,0.00139461,0.68903494
2.555,34.38,0.001395828,0.68963677
2.556,34.41,0.001397046,0.69023854
2.557,34.44,0.001398264,0.6908403
2.558,34.47,0.001399482,0.6914421
2.559,34.5,0.0014007,0.69204384
2.56,34.53,0.001401918,0.6926456
2.561,34.56,0.001403136,0.6932474
2.562,34.59,0.001404354,0.6938492
2.563,34.62,0.001405572,0.694451
2.564,34.65,0.00140679,0.69505274
2.565,34.68,0.001408008,0.6956545
2.566,34.71,0.001409226,0.6962563
2.567,34.74,0.001410444,0.69685805
2.568,34.77,0.001411662,0.6974598
2.569,34.8,0.00141288,0.69806165
2.57,34.83,0.001414098,0.6986634
2.571,34.86,0.001415316,0.6992652
2.572,34.89,0.001416534,0.69986695
2.573,34.92,0.001417752,0.7004687
2.574,34.95,0.00141897,0.7010705
2.575,34.98,0.001420188,0.70167226
2.576,35.01,0.001421406,0.7022741
2.577,35.04,0.001422624,0.70287585
2.578,35.07,0.001423842,0.7034776
2.579,35.1,0.00142506,0.7040794
2.58,35.13,0.001426278,0.70468116
2.581,35.16,0.001427496,0.7052829
2.582,35.19,0.001428714,0.70588475
2.583,35.22,0.001429932,0.7064865
2.584,35.25,0.00143115,0.7070883
2.585,35.28,0.001432368,0.70769006
2.586,35.31,0.001433586,0.7082918
2.587,35.34,0.001434804,0.7088936
2.588,35.37,0.001436022,0.70949537
2.589,35.4,0.00143724,0.7100972
2.59,35.43,0.001438458,0.71069896
2.591,35.46,0.001439676,0.71130073
2.592,35.49,0.001440894,0.7119025
2.593,35.52,0.001442112,0.71250427
2.594,35.55,0.00144333,0.71310604
2.595,35.58,0.001444548,0.7137078
2.596,35.61,0.001445766,0.71430963
2.597,35.64,0.001446984,0.7149114
2.598,35.67,0.001448202,0.71551317
2.599,35.7,0.00144942,0.71611494
2.6,35.73,0.001450638,0.7167167
2.601,35.76,0.001451856,0.7173185
2.602,35.79,0.001453074,0.71792024
2.603,35.82,0.001454292,0.7185221
2.604,35.85,0.00145551,0.71912384
2.605,35.88,0.001456728,0.7197256
2.606,35.91,0.001457946,0.7203274
2.607,35.94,0.001459164,0.72092915
2.608,35.97,0.001460382,0.7215309
2.609,36.0,0.0014616,0.7221327
2.61,36.03,0.001462818,0.7227345
2.611,36.06,0.001464036,0.7233363
2.612,36.09,0.001465254,0.72393805
2.613,36.12,0.001466472,0.7245398
2.614,36.15,0.00146769,0.7251416
2.615,36.18,0.001468908,0.72574335
2.616,36.21,0.001470126,0.7263452
2.617,36.24,0.001471344,0.72694695
2.618,36.27,0.001472562,0.7275487
2.619,36.3,0.00147378,0.7281505
2.62,36.33,0.001474998,0.72875226
2.621,36.36,0.001476216,0.729354
2.622,36.39,0.001477434,0.7299558
2.623,36.42,0.001478652,0.7305576
2.624,36.45,0.00147987,0.7311594
2.625,36.48,0.001481088,0.73176116
2.626,36.51,0.001482306,0.7323629
2.627,36.54,0.001483524,0.7329647
2.628,36.57,0.001484742,0.73356646
2.629,36.6,0.00148596,0.73416823
2.63,36.63,0.001487178,0.73477006
2.631,36.66,0.001488396,0.7353718
2.632,36.69,0.001489614,0.7359736
2.633,36.72,0.001490832,0.73657537
2.634,36.75,0.00149205,0.73717713
2.635,36.78,0.001493268,0.7377789
2.636,36.81,0.001494486,0.7383807
2.637,36.84,0.001495704,0.7389825
2.638,36.87,0.001496922,0.73958427
2.639,36.9,0.00149814,0.74018604
2.64,36.93,0.001499358,0.7407878
2.641,36.96,0.001500576,0.7413896
2.642,36.99,0.001501794,0.74199134
2.643,37.02,0.001503012,0.7425931
2.644,37.05,0.00150423,0.74319494
2.645,37.08,0.001505448,0.7437967
2.646,37.11,0.001506666,0.7443985
2.647,37.14,0.001507884,0.74500024
2.648,37.17,0.001509102,0.745602
2.649,37.2,0.00151032,0.7462038
2.65,37.23,0.001511538,0.7468056
2.651,37.26,0.001512756,0.7474074
2.652,37.29,0.001513974,0.74800915
2.653,37.32,0.001515192,0.7486109
2.654,37.35,0.00151641,0.7492127
2.655,37.38,0.001517628,0.74981445
2.656,37.41,0.001518846,0.7504162
2.657,37.44,0.001520064,0.75101805
2.658,37.47,0.001521282,0.7516198
2.659,37.5,0.0015225,0.7522216
2.66,37.53,0.001523718,0.75282335
2.661,37.56,0.001524936,0.7534251
2.662,37.59,0.001526154,0.7540269
2.663,37.62,0.001527372,0.75462866
2.664,37.65,0.00152859,0.7552305
2.665,37.68,0.001529808,0.75583225
2.666,37.71,0.001531026,0.756434
2.667,37.74,0.001532244,0.7570358
2.668,37.77,0.001533462,0.75763756
2.669,37.8,0.00153468,0.7582393
2.67,37.83,0.001535898,0.7588411
2.671,37.86,0.001537116,0.7594429
2.672,37.89,0.001538334,0.7600447
2.673,37.92,0.001539552,0.76064646
2.674,37.95,0.00154077,0.76124823
2.675,37.98,0.001541988,0.76185
2.676,38.01,0.001543206,0.76245177
2.677,38.04,0.001544424,0.76305354
2.678,38.07,0.001545642,0.76365536
2.679,38.1,0.00154686,0.76425713
2.68,38.13,0.001548078,0.7648589
2.681,38.16,0.001549296,0.76546067
2.682,38.19,0.001550514,0.76606244
2.683,38.22,0.001551732,0.7666642
2.684,38.25,0.00155295,0.76726604
2.685,38.28,0.001554168,0.7678678
2.686,38.31,0.001555386,0.7684696
2.687,38.34,0.001556604,0.76907134
2.688,38.37,0.001557822,0.7696731
2.689,38.4,0.00155904,0.7702749
2.69,38.43,0.001560258,0.77087665
2.691,38.46,0.001561476,0.7714785
2.692,38.49,0.001562694,0.77208024
2.693,38.52,0.001563912,0.772682
2.694,38.55,0.00156513,0.7732838
2.695,38.58,0.001566348,0.77388555
2.696,38.61,0.001567566,0.7744873
2.697,38.64,0.001568784,0.7750891
2.698,38.67,0.001570002,0.7756909
2.699,38.7,0.00157122,0.7762927
2.7,38.73,0.001572438,0.77689445
2.701,38.76,0.001573656,0.7774962
2.702,38.79,0.001574874,0.778098
2.703,38.82,0.001576092,0.77869976
2.704,38.85,0.00157731,0.7793015
2.705,38.88,0.001578528,0.77990335
2.706,38.91,0.001579746,0.7805051
2.707,38.94,0.001580964,0.7811069
2.708,38.97,0.001582182,0.78170866
2.709,39.0,0.0015834,0.7823104
2.71,39.03,0.001584618,0.7829122
2.711,39.06,0.001585836,0.78351396
2.712,39.09,0.001587054,0.7841158
2.713,39.12,0.001588272,0.78471756
2.714,39.15,0.00158949,0.7853193
2.715,39.18,0.001590708,0.7859211
2.716,39.21,0.001591926,0.78652287
2.717,39.24,0.001593144,0.78712463
2.718,39.27,0.001594362,0.78772646
2.719,39.3,0.00159558,0.78832823
2.72,39.33,0.001596798,0.78893
2.721,39.36,0.001598016,0.78953177
2.722,39.39,0.001599234,0.79013354
2.723,39.42,0.001600452,0.7907353
2.724,39.45,0.00160167,0.7913371
2.725,39.48,0.001602888,0.7919389
2.726,39.51,0.001604106,0.79254067
2.727,39.54,0.001605324,0.79314244
2.728,39.57,0.001606542,0.7937442
2.729,39.6,0.00160776,0.794346
2.73,39.63,0.001608978,0.79494774
2.731,39.66,0.001610196,0.7955495
2.732,39.69,0.001611414,0.79615134
2.733,39.72,0.001612632,0.7967531
2.734,39.75,0.00161385,0.7973549
2.735,39.78,0.001615068,0.79795665
2.736,39.81,0.001616286,0.7985584
2.737,39.84,0.001617504,0.7991602
2.738,39.87,0.001618722,0.79976195
2.739,39.9,0.00161994,0.8003638
2.74,39.93,0.001621158,0.80096555
2.741,39.96,0.001622376,0.8015673
2.742,39.99,0.001623594,0.8021691
2.743,40.02,0.001624812,0.80277085
2.744,40.05,0.00162603,0.8033726
2.745,40.08,0.001627248,0.8039744
2.746,40.11,0.001628466,0.8045762
2.747,40.14,0.001629684,0.805178
2.748,40.17,0.001630902,0.80577976
2.749,40.2,0.00163212,0.8063815
2.75,40.23,0.001633338,0.8069833
2.751,40.26,0.001634556,0.80758506
2.752,40.29,0.001635774,0.8081869
2.753,40.32,0.001636992,0.80878866
2.754,40.35,0.00163821,0.8093904
2.755,40.38,0.001639428,0.8099922
2.756,40.41,0.001640646,0.81059396
2.757,40.44,0.001641864,0.81119573
2.758,40.47,0.001643082,0.8117975
2.759,40.5,0.0016443,0.8123993
2.76,40.53,0.001645518,0.8130011
2.761,40.56,0.001646736,0.81360286
2.762,40.59,0.001647954,0.81420463
2.763,40.62,0.001649172,0.8148064
2.764,40.65,0.00165039,0.8154082
2.765,40.68,0.001651608,0.81600994
2.766,40.71,0.001652826,0.81661177
2.767,40.74,0.001654044,0.81721354
2.768,40.77,0.001655262,0.8178153
2.769,40.8,0.00165648,0.8184171
2.77,40.83,0.001657698,0.81901884
2.771,40.86,0.001658916,0.8196206
2.772,40.89,0.001660134,0.8202224
2.773,40.92,0.001661352,0.8208242
2.774,40.95,0.00166257,0.821426
2.775,40.98,0.001663788,0.82202774
2.776,41.01,0.001665006,0.8226295
2.777,41.04,0.001666224,0.8232313
2.778,41.07,0.001667442,0.82383305
2.779,41.1,0.00166866,0.8244348
2.78,41.13,0.001669878,0.82503664
2.781,41.16,0.001671096,0.8256384
2.782,41.19,0.001672314,0.8262402
2.783,41.22,0.001673532,0.82684195
2.784,41.25,0.00167475,0.8274437
2.785,41.28,0.001675968,0.8280455
2.786,41.31,0.001677186,0.8286473
2.787,41.34,0.001678404,0.8292491
2.788,41.37,0.001679622,0.82985085
2.789,41.4,0.00168084,0.8304526
2.79,41.43,0.001682058,0.8310544
2.791,41.46,0.001683276,0.83165616
2.792,41.49,0.001684494,0.8322579
2.793,41.52,0.001685712,0.83285975
2.794,41.55,0.00168693,0.8334615
2.795,41.58,0.001688148,0.8340633
2.796,41.61,0.001689366,0.83466506
2.797,41.64,0.001690584,0.8352668
2.798,41.67,0.001691802,0.8358686
2.799,41.7,0.00169302,0.83647037
2.8,41.73,0.001694238,0.8370722
2.801,41.76,0.001695456,0.83767396
2.802,41.79,0.001696674,0.83827573
2.803,41.82,0.001697892,0.8388775
2.804,41.85,0.00169911,0.83947927
2.805,41.88,0.001700328,0.84008104
2.806,41.91,0.001701546,0.8406828
2.807,41.94,0.001702764,0.84128463
2.808,41.97,0.001703982,0.8418864
2.809,42.0,0.0017052,0.84248817
2.81,42.03,0.001706418,0.84308994
2.811,42.06,0.001707636,0.8436917
2.812,42.09,0.001708854,0.8442935
2.813,42.12,0.001710072,0.84489524
2.814,42.15,0.00171129,0.8454971
2.815,42.18,0.001712508,0.84609884
2.816,42.21,0.001713726,0.8467006
2.817,42.24,0.001714944,0.8473024
2.818,42.27,0.001716162,0.84790415
2.819,42.3,0.00171738,0.8485059
2.82,42.33,0.001718598,0.84910774
2.821,42.36,0.001719816,0.8497095
2.822,42.39,0.001721034,0.8503113
2.823,42.42,0.001722252,0.85091305
2.824,42.45,0.00172347,0.8515148
2.825,42.48,0.001724688,0.8521166
2.826,42.51,0.001725906,0.85271835
2.827,42.54,0.001727124,0.8533202
2.828,42.57,0.001728342,0.85392195
2.829,42.6,0.00172956,0.8545237
2.83,42.63,0.001730778,0.8551255
2.831,42.66,0.001731996,0.85572726
2.832,42.69,0.001733214,0.856329
2.833,42.72,0.001734432,0.8569308
2.834,42.75,0.00173565,0.8575326
2.835,42.78,0.001736868,0.8581344
2.836,42.81,0.001738086,0.85873616
2.837,42.84,0.001739304,0.8593379
2.838,42.87,0.001740522,0.8599397
2.839,42.9,0.00174174,0.86054146
2.84,42.93,0.001742958,0.86114323
2.841,42.96,0.001744176,0.86174506
2.842,42.99,0.001745394,0.8623468
2.843,43.02,0.001746612,0.8629486
2.844,43.05,0.00174783,0.86355036
2.845,43.08,0.001749048,0.86415213
2.846,43.11,0.001750266,0.8647539
2.847,43.14,0.001751484,0.8653557
2.848,43.17,0.001752702,0.8659575
2.849,43.2,0.00175392,0.86655927
2.85,43.23,0.001755138,0.86716104
2.851,43.26,0.001756356,0.8677628
2.852,43.29,0.001757574,0.8683646
2.853,43.32,0.001758792,0.86896634
2.854,43.35,0.00176001,0.86956817
2.855,43.38,0.001761228,0.87016994
2.856,43.41,0.001762446,0.8707717
2.857,43.44,0.001763664,0.8713735
2.858,43.47,0.001764882,0.87197524
2.859,43.5,0.0017661,0.872577
2.86,43.53,0.001767318,0.8731788
2.861,43.56,0.001768536,0.8737806
2.862,43.59,0.001769754,0.8743824
2.863,43.62,0.001770972,0.87498415
2.864,43.65,0.00177219,0.8755859
2.865,43.68,0.001773408,0.8761877
2.866,43.71,0.001774626,0.87678945
2.867,43.74,0.001775844,0.8773912
2.868,43.77,0.001777062,0.87799305
2.869,43.8,0.00177828,0.8785948
2.87,43.83,0.001779498,0.8791966
2.871,43.86,0.001780716,0.87979835
2.872,43.89,0.001781934,0.8804001
2.873,43.92,0.001783152,0.8810019
2.874,43.95,0.00178437,0.88160366
2.875,43.98,0.001785588,0.8822055
2.876,44.01,0.001786806,0.88280725
2.877,44.04,0.001788024,0.883409
2.878,44.07,0.001789242,0.8840108
2.879,44.1,0.00179046,0.88461256
2.88,44.13,0.001791678,0.8852143
2.881,44.16,0.001792896,0.8858161
2.882,44.19,0.001794114,0.8864179
2.883,44.22,0.001795332,0.8870197
2.884,44.25,0.00179655,0.88762146
2.885,44.28,0.001797768,0.88822323
2.886,44.31,0.001798986,0.888825
2.887,44.34,0.001800204,0.88942677
2.888,44.37,0.001801422,0.8900286
2.889,44.4,0.00180264,0.89063036
2.89,44.43,0.001803858,0.89123213
2.891,44.46,0.001805076,0.8918339
2.892,44.49,0.001806294,0.89243567
2.893,44.52,0.001807512,0.89303744
2.894,44.55,0.00180873,0.8936392
2.895,44.58,0.001809948,0.89424103
2.896,44.61,0.001811166,0.8948428
2.897,44.64,0.001812384,0.8954446
2.898,44.67,0.001813602,0.89604634
2.899,44.7,0.00181482,0.8966481
2.9,44.73,0.001816038,0.8972499
2.901,44.76,0.001817256,0.89785165
2.902,44.79,0.001818474,0.8984535
2.903,44.82,0.001819692,0.89905524
2.904,44.85,0.00182091,0.899657
2.905,44.88,0.001822128,0.9002588
2.906,44.91,0.001823346,0.90086055
2.907,44.94,0.001824564,0.9014623
2.908,44.97,0.001825782,0.9020641
2.909,45.0,0.001827,0.9026659
2.91,45.03,0.001828218,0.9032677
2.911,45.06,0.001829436,0.90386945
2.912,45.09,0.001830654,0.9044712
2.913,45.12,0.001831872,0.905073
2.914,45.15,0.00183309,0.90567476
2.915,45.18,0.001834308,0.9062765
2.916,45.21,0.001835526,0.90687835
2.917,45.24,0.001836744,0.9074801
2.918,45.27,0.001837962,0.9080819
2.919,45.3,0.00183918,0.90868366
2.92,45.33,0.001840398,0.9092854
2.921,45.36,0.001841616,0.9098872
2.922,45.39,0.001842834,0.910489
2.923,45.42,0.001844052,0.9110908
2.924,45.45,0.00184527,0.91169256
2.925,45.48,0.001846488,0.9122943
2.926,45.51,0.001847706,0.9128961
2.927,45.54,0.001848924,0.91349787
2.928,45.57,0.001850142,0.91409963
2.929,45.6,0.00185136,0.91470146
2.93,45.63,0.001852578,0.91530323
2.931,45.66,0.001853796,0.915905
2.932,45.69,0.001855014,0.91650677
2.933,45.72,0.001856232,0.91710854
2.934,45.75,0.00185745,0.9177103
2.935,45.78,0.001858668,0.9183121
2.936,45.81,0.001859886,0.9189139
2.937,45.84,0.001861104,0.91951567
2.938,45.87,0.001862322,0.92011744
2.939,45.9,0.00186354,0.9207192
2.94,45.93,0.001864758,0.921321
2.941,45.96,0.001865976,0.92192274
2.942,45.99,0.001867194,0.9225245
2.943,46.02,0.001868412,0.92312634
2.944,46.05,0.00186963,0.9237281
2.945,46.08,0.001870848,0.9243299
2.946,46.11,0.001872066,0.92493165
2.947,46.14,0.001873284,0.9255334
2.948,46.17,0.001874502,0.9261352
2.949,46.2,0.00187572,0.92673695
2.95,46.23,0.001876938,0.9273388
2.951,46.26,0.001878156,0.92794055
2.952,46.29,0.001879374,0.9285423
2.953,46.32,0.001880592,0.9291441
2.954,46.35,0.00188181,0.92974585
2.955,46.38,0.001883028,0.9303476
2.956,46.41,0.001884246,0.93094945
2.957,46.44,0.001885464,0.9315512
2.958,46.47,0.001886682,0.932153
2.959,46.5,0.0018879,0.93275476
2.96,46.53,0.001889118,0.9333565
2.961,46.56,0.001890336,0.9339583
2.962,46.59,0.001891554,0.93456006
2.963,46.62,0.001892772,0.9351619
2.964,46.65,0.00189399,0.93576366
2.965,46.68,0.001895208,0.9363654
2.966,46.71,0.001896426,0.9369672
2.967,46.74,0.001897644,0.93756896
2.968,46.77,0.001898862,0.93817073
2.969,46.8,0.00190008,0.9387725
2.97,46.83,0.001901298,0.9393743
2.971,46.86,0.001902516,0.9399761
2.972,46.89,0.001903734,0.94057786
2.973,46.92,0.001904952,0.94117963
2.974,46.95,0.00190617,0.9417814
2.975,46.98,0.001907388,0.94238317
2.976,47.01,0.001908606,0.94298494
2.977,47.04,0.001909824,0.94358677
2.978,47.07,0.001911042,0.94418854
2.979,47.1,0.00191226,0.9447903
2.98,47.13,0.001913478,0.9453921
2.981,47.16,0.001914696,0.94599384
2.982,47.19,0.001915914,0.9465956
2.983,47.22,0.001917132,0.9471974
2.984,47.25,0.00191835,0.9477992
2.985,47.28,0.001919568,0.948401
2.986,47.31,0.001920786,0.94900274
2.987,47.34,0.001922004,0.9496045
2.988,47.37,0.001923222,0.9502063
2.989,47.4,0.00192444,0.95080805
2.99,47.43,0.001925658,0.9514099
2.991,47.46,0.001926876,0.95201164
2.992,47.49,0.001928094,0.9526134
2.993,47.52,0.001929312,0.9532152
2.994,47.55,0.00193053,0.95381695
2.995,47.58,0.001931748,0.9544187
2.996,47.61,0.001932966,0.9550205
2.997,47.64,0.001934184,0.9556223
2.998,47.67,0.001935402,0.9562241
2.999,47.7,0.00193662,0.95682585
3.0,47.73,0.001937838,0.9574276
3.001,47.76,0.001939056,0.9580294
3.002,47.79,0.001940274,0.95863116
3.003,47.82,0.001941492,0.9592329
3.004,47.85,0.00194271,0.95983475
3.005,47.88,0.001943928,0.9604365
3.006,47.91,0.001945146,0.9610383
3.007,47.94,0.001946364,0.96164006
3.008,47.97,0.001947582,0.9622418
3.009,48.0,0.0019488,0.9628436
3.01,48.03,0.001950018,0.96344537
3.011,48.06,0.001951236,0.9640472
3.012,48.09,0.001952454,0.96464896
3.013,48.12,0.001953672,0.96525073
3.014,48.15,0.00195489,0.9658525
3.015,48.18,0.001956108,0.96645427
3.016,48.21,0.001957326,0.96705604
3.017,48.24,0.001958544,0.9676578
3.018,48.27,0.001959762,0.96825963
3.019,48.3,0.00196098,0.9688614
3.02,48.33,0.001962198,0.96946317
3.021,48.36,0.001963416,0.97006494
3.022,48.39,0.001964634,0.9706667
3.023,48.42,0.001965852,0.9712685
3.024,48.45,0.00196707,0.9718703
3.025,48.48,0.001968288,0.9724721
3.026,48.51,0.001969506,0.97307384
3.027,48.54,0.001970724,0.9736756
3.028,48.57,0.001971942,0.9742774
3.029,48.6,0.00197316,0.97487915
3.03,48.63,0.001974378,0.9754809
3.031,48.66,0.001975596,0.97608274
3.032,48.69,0.001976814,0.9766845
3.033,48.72,0.001978032,0.9772863
3.034,48.75,0.00197925,0.97788805
3.035,48.78,0.001980468,0.9784898
3.036,48.81,0.001981686,0.9790916
3.037,48.84,0.001982904,0.97969335
3.038,48.87,0.001984122,0.9802952
3.039,48.9,0.00198534,0.98089695
3.04,48.93,0.001986558,0.9814987
3.041,48.96,0.001987776,0.9821005
3.042,48.99,0.001988994,0.98270226
3.043,49.02,0.001990212,0.983304
3.044,49.05,0.00199143,0.9839058
3.045,49.08,0.001992648,0.9845076
3.046,49.11,0.001993866,0.9851094
3.047,49.14,0.001995084,0.98571116
3.048,49.17,0.001996302,0.9863129
3.049,49.2,0.00199752,0.9869147
3.05,49.23,0.001998738,0.98751646
3.051,49.26,0.001999956,0.98811823
3.052,49.29,0.002001174,0.98872006
3.053,49.32,0.002002392,0.9893218
3.054,49.35,0.00200361,0.9899236
3.055,49.38,0.002004828,0.99052536
3.056,49.41,0.002006046,0.99112713
3.057,49.44,0.002007264,0.9917289
3.058,49.47,0.002008482,0.99233073
3.059,49.5,0.0020097,0.9929325
3.06,49.53,0.002010918,0.99353427
3.061,49.56,0.002012136,0.99413604
3.062,49.59,0.002013354,0.9947378
3.063,49.62,0.002014572,0.9953396
3.064,49.65,0.00201579,0.99594134
3.065,49.68,0.002017008,0.99654317
3.066,49.71,0.002018226,0.99714494
3.067,49.74,0.002019444,0.9977467
3.068,49.77,0.002020662,0.9983485
3.069,49.8,0.00202188,0.99895024
3.07,49.83,0.002023098,0.999552
3.071,49.86,0.002024316,1.0001538
3.072,49.89,0.002025534,1.0007555
3.073,49.92,0.002026752,1.0013573
3.074,49.95,0.00202797,1.0019591
3.075,49.98,0.002029188,1.002561
3.076,50.01,0.002030406,1.0031627
3.077,50.04,0.002031624,1.0037645
3.078,50.07,0.002032842,1.0043663
3.079,50.1,0.00203406,1.004968
3.08,50.13,0.002035278,1.0055698
3.081,50.16,0.002036496,1.0061716
3.082,50.19,0.002037714,1.0067734
3.083,50.22,0.002038932,1.0073751
3.084,50.25,0.00204015,1.0079769
3.085,50.28,0.002041368,1.0085787
3.086,50.31,0.002042586,1.0091804
3.087,50.34,0.002043804,1.0097822
3.088,50.37,0.002045022,1.010384
3.089,50.4,0.00204624,1.0109859
3.09,50.43,0.002047458,1.0115876
3.091,50.46,0.002048676,1.0121894
3.092,50.49,0.002049894,1.0127912
3.093,50.52,0.002051112,1.0133929
3.094,50.55,0.00205233,1.0139947
3.095,50.58,0.002053548,1.0145965
3.096,50.61,0.002054766,1.0151982
3.097,50.64,0.002055984,1.0158
3.098,50.67,0.002057202,1.0164018
3.099,50.7,0.00205842,1.0170035
3.1,50.73,0.002059638,1.0176053
3.101,50.76,0.002060856,1.0182071
3.102,50.79,0.002062074,1.0188088
3.103,50.82,0.002063292,1.0194107
3.104,50.85,0.00206451,1.0200125
3.105,50.88,0.002065728,1.0206143
3.106,50.91,0.002066946,1.021216
3.107,50.94,0.002068164,1.0218178
3.108,50.97,0.002069382,1.0224196
3.109,51.0,0.0020706,1.0230213
3.11,51.03,0.002071818,1.0236231
3.111,51.06,0.002073036,1.0242249
3.112,51.09,0.002074254,1.0248266
3.113,51.12,0.002075472,1.0254284
3.114,51.15,0.00207669,1.0260302
3.115,51.18,0.002077908,1.026632
3.116,51.21,0.002079126,1.0272338
3.117,51.24,0.002080344,1.0278356
3.118,51.27,0.002081562,1.0284374
3.119,51.3,0.00208278,1.0290391
3.12,51.33,0.002083998,1.0296409
3.121,51.36,0.002085216,1.0302427
3.122,51.39,0.002086434,1.0308444
3.123,51.42,0.002087652,1.0314462
3.124,51.45,0.00208887,1.032048
3.125,51.48,0.002090088,1.0326498
3.126,51.51,0.002091306,1.0332515
3.127,51.54,0.002092524,1.0338533
3.128,51.57,0.002093742,1.0344551
3.129,51.6,0.00209496,1.0350568
3.13,51.63,0.002096178,1.0356587
3.131,51.66,0.002097396,1.0362605
3.132,51.69,0.002098614,1.0368623
3.133,51.72,0.002099832,1.037464
3.134,51.75,0.00210105,1.0380658
3.135,51.78,0.002102268,1.0386676
3.136,51.81,0.002103486,1.0392693
3.137,51.84,0.002104704,1.0398711
3.138,51.87,0.002105922,1.0404729
3.139,51.9,0.00210714,1.0410746
3.14,51.93,0.002108358,1.0416764
3.141,51.96,0.002109576,1.0422782
3.142,51.99,0.002110794,1.0428799
3.143,52.02,0.002112012,1.0434818
3.144,52.05,0.00211323,1.0440836
3.145,52.08,0.002114448,1.0446854
3.146,52.11,0.002115666,1.0452871
3.147,52.14,0.002116884,1.0458889
3.148,52.17,0.002118102,1.0464907
3.149,52.2,0.00211932,1.0470924
3.15,52.23,0.002120538,1.0476942
3.151,52.26,0.002121756,1.048296
3.152,52.29,0.002122974,1.0488977
3.153,52.32,0.002124192,1.0494995
3.154,52.35,0.00212541,1.0501013
3.155,52.38,0.002126628,1.050703
3.156,52.41,0.002127846,1.0513048
3.157,52.44,0.002129064,1.0519067
3.158,52.47,0.002130282,1.0525085
3.159,52.5,0.0021315,1.0531102
3.16,52.53,0.002132718,1.053712
3.161,52.56,0.002133936,1.0543138
3.162,52.59,0.002135154,1.0549155
3.163,52.62,0.002136372,1.0555173
3.164,52.65,0.00213759,1.0561191
3.165,52.68,0.002138808,1.0567209
3.166,52.71,0.002140026,1.0573226
3.167,52.74,0.002141244,1.0579244
3.168,52.77,0.002142462,1.0585262
3.169,52.8,0.00214368,1.0591279
3.17,52.83,0.002144898,1.0597297
3.171,52.86,0.002146116,1.0603316
3.172,52.89,0.002147334,1.0609334
3.173,52.92,0.002148552,1.0615351
3.174,52.95,0.00214977,1.0621369
3.175,52.98,0.002150988,1.0627387
3.176,53.01,0.002152206,1.0633404
3.177,53.04,0.002153424,1.0639422
3.178,53.07,0.002154642,1.064544
3.179,53.1,0.00215586,1.0651457
3.18,53.13,0.002157078,1.0657475
3.181,53.16,0.002158296,1.0663493
3.182,53.19,0.002159514,1.066951
3.183,53.22,0.002160732,1.0675528
3.184,53.25,0.00216195,1.0681547
3.185,53.28,0.002163168,1.0687565
3.186,53.31,0.002164386,1.0693582
3.187,53.34,0.002165604,1.06996
3.188,53.37,0.002166822,1.0705618
3.189,53.4,0.00216804,1.0711635
3.19,53.43,0.002169258,1.0717653
3.191,53.46,0.002170476,1.0723671
3.192,53.49,0.002171694,1.0729688
3.193,53.52,0.002172912,1.0735706
3.194,53.55,0.00217413,1.0741724
3.195,53.58,0.002175348,1.0747741
3.196,53.61,0.002176566,1.0753759
3.197,53.64,0.002177784,1.0759777
3.198,53.67,0.002179002,1.0765796
3.199,53.7,0.00218022,1.0771813
3.2,53.73,0.002181438,1.0777831
3.201,53.76,0.002182656,1.0783849
3.202,53.79,0.002183874,1.0789866
3.203,53.82,0.002185092,1.0795884
3.204,53.85,0.00218631,1.0801902
3.205,53.88,0.002187528,1.080792
3.206,53.91,0.002188746,1.0813937
3.207,53.94,0.002189964,1.0819955
3.208,53.97,0.002191182,1.0825973
3.209,54.0,0.0021924,1.083199
3.21,54.03,0.002193618,1.0838008
3.211,54.06,0.002194836,1.0844027
3.212,54.09,0.002196054,1.0850044
3.213,54.12,0.002197272,1.0856062
3.214,54.15,0.00219849,1.086208
3.215,54.18,0.002199708,1.0868098
3.216,54.21,0.002200926,1.0874115
3.217,54.24,0.002202144,1.0880133
3.218,54.27,0.002203362,1.0886151
3.219,54.3,0.00220458,1.0892168
3.22,54.33,0.002205798,1.0898186
3.221,54.36,0.002207016,1.0904204
3.222,54.39,0.002208234,1.0910221
3.223,54.42,0.002209452,1.0916239
3.224,54.45,0.00221067,1.0922257
3.225,54.48,0.002211888,1.0928276
3.226,54.51,0.002213106,1.0934293
3.227,54.54,0.002214324,1.0940311
3.228,54.57,0.002215542,1.0946329
3.229,54.6,0.00221676,1.0952346
3.23,54.63,0.002217978,1.0958364
3.231,54.66,0.002219196,1.0964382
3.232,54.69,0.002220414,1.0970399
3.233,54.72,0.002221632,1.0976417
3.234,54.75,0.00222285,1.0982435
3.235,54.78,0.002224068,1.0988452
3.236,54.81,0.002225286,1.099447
3.237,54.84,0.002226504,1.1000488
3.238,54.87,0.002227722,1.1006507
3.239,54.9,0.00222894,1.1012524
3.24,54.93,0.002230158,1.1018542
3.241,54.96,0.002231376,1.102456
3.242,54.99,0.002232594,1.1030577
3.243,55.02,0.002233812,1.1036595
3.244,55.05,0.00223503,1.1042613
3.245,55.08,0.002236248,1.104863
3.246,55.11,0.002237466,1.1054648
3.247,55.14,0.002238684,1.1060666
3.248,55.17,0.002239902,1.1066684
3.249,55.2,0.00224112,1.1072701
3.25,55.23,0.002242338,1.1078719
3.251,55.26,0.002243556,1.1084737
3.252,55.29,0.002244774,1.1090755
3.253,55.32,0.002245992,1.1096773
3.254,55.35,0.00224721,1.1102791
3.255,55.38,0.002248428,1.1108809
3.256,55.41,0.002249646,1.1114826
3.257,55.44,0.002250864,1.1120844
3.258,55.47,0.002252082,1.1126862
3.259,55.5,0.0022533,1.1132879
3.26,55.53,0.002254518,1.1138897
3.261,55.56,0.002255736,1.1144915
3.262,55.59,0.002256954,1.1150932
3.263,55.62,0.002258172,1.115695
3.264,55.65,0.00225939,1.1162968
3.265,55.68,0.002260608,1.1168985
3.266,55.71,0.002261826,1.1175004
3.267,55.74,0.002263044,1.1181022
3.268,55.77,0.002264262,1.118704
3.269,55.8,0.00226548,1.1193057
3.27,55.83,0.002266698,1.1199075
3.271,55.86,0.002267916,1.1205093
3.272,55.89,0.002269134,1.121111
3.273,55.92,0.002270352,1.1217128
3.274,55.95,0.00227157,1.1223146
3.275,55.98,0.002272788,1.1229163
3.276,56.01,0.002274006,1.1235181
3.277,56.04,0.002275224,1.1241199
3.278,56.07,0.002276442,1.1247216
3.279,56.1,0.00227766,1.1253235
3.28,56.13,0.002278878,1.1259253
3.281,56.16,0.002280096,1.1265271
3.282,56.19,0.002281314,1.1271288
3.283,56.22,0.002282532,1.1277306
3.284,56.25,0.00228375,1.1283324
3.285,56.28,0.002284968,1.1289341
3.286,56.31,0.002286186,1.1295359
3.287,56.34,0.002287404,1.1301377
3.288,56.37,0.002288622,1.1307395
3.289,56.4,0.00228984,1.1313412
3.29,56.43,0.002291058,1.131943
3.291,56.46,0.002292276,1.1325448
3.292,56.49,0.002293494,1.1331465
3.293,56.52,0.002294712,1.1337484
3.294,56.55,0.00229593,1.1343502
3.295,56.58,0.002297148,1.134952
3.296,56.61,0.002298366,1.1355537
3.297,56.64,0.002299584,1.1361555
3.298,56.67,0.002300802,1.1367573
3.299,56.7,0.00230202,1.137359
3.3,56.73,0.002303238,1.1379608
3.301,56.76,0.002304456,1.1385626
3.302,56.79,0.002305674,1.1391643
3.303,56.82,0.002306892,1.1397661
3.304,56.85,0.00230811,1.1403679
3.305,56.88,0.002309328,1.1409696
3.306,56.91,0.002310546,1.1415715
3.307,56.94,0.002311764,1.1421733
3.308,56.97,0.002312982,1.142775
3.309,57.0,0.0023142,1.1433768
3.31,57.03,0.002315418,1.1439786
3.311,57.06,0.002316636,1.1445804
3.312,57.09,0.002317854,1.1451821
3.313,57.12,0.002319072,1.1457839
3.314,57.15,0.00232029,1.1463857
3.315,57.18,0.002321508,1.1469874
3.316,57.21,0.002322726,1.1475892
3.317,57.24,0.002323944,1.148191
3.318,57.27,0.002325162,1.1487927
3.319,57.3,0.00232638,1.1493945
3.32,57.33,0.002327598,1.1499964
3.321,57.36,0.002328816,1.1505982
3.322,57.39,0.002330034,1.1511999
3.323,57.42,0.002331252,1.1518017
3.324,57.45,0.00233247,1.1524035
3.325,57.48,0.002333688,1.1530052
3.326,57.51,0.002334906,1.153607
3.327,57.54,0.002336124,1.1542088
3.328,57.57,0.002337342,1.1548105
3.329,57.6,0.00233856,1.1554123
3.33,57.63,0.002339778,1.1560141
3.331,57.66,0.002340996,1.1566159
3.332,57.69,0.002342214,1.1572176
3.333,57.72,0.002343432,1.1578194
3.334,57.75,0.00234465,1.1584213
3.335,57.78,0.002345868,1.159023
3.336,57.81,0.002347086,1.1596248
3.337,57.84,0.002348304,1.1602266
3.338,57.87,0.002349522,1.1608284
3.339,57.9,0.00235074,1.1614301
3.34,57.93,0.002351958,1.1620319
3.341,57.96,0.002353176,1.1626337
3.342,57.99,0.002354394,1.1632354
3.343,58.02,0.002355612,1.1638372
3.344,58.05,0.00235683,1.164439
3.345,58.08,0.002358048,1.1650407
3.346,58.11,0.002359266,1.1656425
3.347,58.14,0.002360484,1.1662444
3.348,58.17,0.002361702,1.1668462
3.349,58.2,0.00236292,1.1674479
3.35,58.23,0.002364138,1.1680497
3.351,58.26,0.002365356,1.1686515
3.352,58.29,0.002366574,1.1692532
3.353,58.32,0.002367792,1.169855
3.354,58.35,0.00236901,1.1704568
3.355,58.38,0.002370228,1.1710585
3.356,58.41,0.002371446,1.1716603
3.357,58.44,0.002372664,1.1722621
3.358,58.47,0.002373882,1.1728638
3.359,58.5,0.0023751,1.1734656
3.36,58.53,0.002376318,1.1740674
3.361,58.56,0.002377536,1.1746693
3.362,58.59,0.002378754,1.175271
3.363,58.62,0.002379972,1.1758728
3.364,58.65,0.00238119,1.1764746
3.365,58.68,0.002382408,1.1770763
3.366,58.71,0.002383626,1.1776781
3.367,58.74,0.002384844,1.1782799
3.368,58.77,0.002386062,1.1788816
3.369,58.8,0.00238728,1.1794834
3.37,58.83,0.002388498,1.1800852
3.371,58.86,0.002389716,1.180687
3.372,58.89,0.002390934,1.1812887
3.373,58.92,0.002392152,1.1818905
3.374,58.95,0.00239337,1.1824924
3.375,58.98,0.002394588,1.1830941
3.376,59.01,0.002395806,1.1836959
3.377,59.04,0.002397024,1.1842977
3.378,59.07,0.002398242,1.1848994
3.379,59.1,0.00239946,1.1855012
3.38,59.13,0.002400678,1.186103
3.381,59.16,0.002401896,1.1867048
3.382,59.19,0.002403114,1.1873065
3.383,59.22,0.002404332,1.1879083
3.384,59.25,0.00240555,1.1885101
3.385,59.28,0.002406768,1.1891118
3.386,59.31,0.002407986,1.1897136
3.387,59.34,0.002409204,1.1903154
3.388,59.37,0.002410422,1.1909173
3.389,59.4,0.00241164,1.191519
3.39,59.43,0.002412858,1.1921208
3.391,59.46,0.002414076,1.1927226
3.392,59.49,0.002415294,1.1933243
3.393,59.52,0.002416512,1.1939261
3.394,59.55,0.00241773,1.1945279
3.395,59.58,0.002418948,1.1951296
3.396,59.61,0.002420166,1.1957314
3.397,59.64,0.002421384,1.1963332
3.398,59.67,0.002422602,1.1969349
3.399,59.7,0.00242382,1.1975367
3.4,59.73,0.002425038,1.1981385
3.401,59.76,0.002426256,1.1987402
3.402,59.79,0.002427474,1.1993421
3.403,59.82,0.002428692,1.1999439
3.404,59.85,0.00242991,1.2005457
3.405,59.88,0.002431128,1.2011474
3.406,59.91,0.002432346,1.2017492
3.407,59.94,0.002433564,1.202351
3.408,59.97,0.002434782,1.2029527
3.409,60.0,0.002436,1.2035545
3.41,60.03,0.002437218,1.2041563
3.411,60.06,0.002438436,1.204758
3.412,60.09,0.002439654,1.2053598
3.413,60.12,0.002440872,1.2059616
3.414,60.15,0.00244209,1.2065634
3.415,60.18,0.002443308,1.2071652
3.416,60.21,0.002444526,1.207767
3.417,60.24,0.002445744,1.2083688
3.418,60.27,0.002446962,1.2089705
3.419,60.3,0.00244818,1.2095723
3.42,60.33,0.002449398,1.2101741
3.421,60.36,0.002450616,1.2107759
3.422,60.39,0.002451834,1.2113776
3.423,60.42,0.002453052,1.2119794
3.424,60.45,0.00245427,1.2125812
3.425,60.48,0.002455488,1.2131829
3.426,60.51,0.002456706,1.2137847
3.427,60.54,0.002457924,1.2143865
3.428,60.57,0.002459142,1.2149882
3.429,60.6,0.00246036,1.2155901
3.43,60.63,0.002461578,1.2161919
3.431,60.66,0.002462796,1.2167937
3.432,60.69,0.002464014,1.2173954
3.433,60.72,0.002465232,1.2179972
3.434,60.75,0.00246645,1.218599
3.435,60.78,0.002467668,1.2192007
3.436,60.81,0.002468886,1.2198025
3.437,60.84,0.002470104,1.2204043
3.438,60.87,0.002471322,1.221006
3.439,60.9,0.00247254,1.2216078
3.44,60.93,0.002473758,1.2222096
3.441,60.96,0.002474976,1.2228113
3.442,60.99,0.002476194,1.2234132
3.443,61.02,0.002477412,1.224015
3.444,61.05,0.00247863,1.2246168
3.445,61.08,0.002479848,1.2252185
3.446,61.11,0.002481066,1.2258203
3.447,61.14,0.002482284,1.2264221
3.448,61.17,0.002483502,1.2270238
3.449,61.2,0.00248472,1.2276256
3.45,61.23,0.002485938,1.2282274
3.451,61.26,0.002487156,1.2288291
3.452,61.29,0.002488374,1.2294309
3.453,61.32,0.002489592,1.2300327
3.454,61.35,0.00249081,1.2306345
3.455,61.38,0.002492028,1.2312362
3.456,61.41,0.002493246,1.2318381
3.457,61.44,0.002494464,1.2324399
3.458,61.47,0.002495682,1.2330416
3.459,61.5,0.0024969,1.2336434
3.46,61.53,0.002498118,1.2342452
3.461,61.56,0.002499336,1.234847
3.462,61.59,0.002500554,1.2354487
3.463,61.62,0.002501772,1.2360505
3.464,61.65,0.00250299,1.2366523
3.465,61.68,0.002504208,1.237254
3.466,61.71,0.002505426,1.2378558
3.467,61.74,0.002506644,1.2384576
3.468,61.77,0.002507862,1.2390593
3.469,61.8,0.00250908,1.2396611
3.47,61.83,0.002510298,1.240263
3.471,61.86,0.002511516,1.2408648
3.472,61.89,0.002512734,1.2414665
3.473,61.92,0.002513952,1.2420683
3.474,61.95,0.00251517,1.24267
3.475,61.98,0.002516388,1.2432718
3.476,62.01,0.002517606,1.2438736
3.477,62.04,0.002518824,1.2444754
3.478,62.07,0.002520042,1.2450771
3.479,62.1,0.00252126,1.2456789
3.48,62.13,0.002522478,1.2462807
3.481,62.16,0.002523696,1.2468824
3.482,62.19,0.002524914,1.2474842
3.483,62.22,0.002526132,1.2480861
3.484,62.25,0.00252735,1.2486879
3.485,62.28,0.002528568,1.2492896
3.486,62.31,0.002529786,1.2498914
3.487,62.34,0.002531004,1.2504932
3.488,62.37,0.002532222,1.2510949
3.489,62.4,0.00253344,1.2516967
3.49,62.43,0.002534658,1.2522985
3.491,62.46,0.002535876,1.2529002
3.492,62.49,0.002537094,1.253502
3.493,62.52,0.002538312,1.2541038
3.494,62.55,0.00253953,1.2547055
3.495,62.58,0.002540748,1.2553073
3.496,62.61,0.002541966,1.2559091
3.497,62.64,0.002543184,1.256511
3.498,62.67,0.002544402,1.2571127
3.499,62.7,0.00254562,1.2577145
3.5,62.73,0.002546838,1.2583163
3.501,62.76,0.002548056,1.258918
3.502,62.79,0.002549274,1.2595198
3.503,62.82,0.002550492,1.2601216
3.504,62.85,0.00255171,1.2607234
3.505,62.88,0.002552928,1.2613251
3.506,62.91,0.002554146,1.2619269
3.507,62.94,0.002555364,1.2625287
3.508,62.97,0.002556582,1.2631304
3.509,63.0,0.0025578,1.2637322
3.51,63.03,0.002559018,1.2643341
3.511,63.06,0.002560236,1.2649359
3.512,63.09,0.002561454,1.2655376
3.513,63.12,0.002562672,1.2661394
3.514,63.15,0.00256389,1.2667412
3.515,63.18,0.002565108,1.2673429
3.516,63.21,0.002566326,1.2679447
3.517,63.24,0.002567544,1.2685465
3.518,63.27,0.002568762,1.2691482
3.519,63.3,0.00256998,1.26975
3.52,63.33,0.002571198,1.2703518
3.521,63.36,0.002572416,1.2709535
3.522,63.39,0.002573634,1.2715553
3.523,63.42,0.002574852,1.2721571
3.524,63.45,0.00257607,1.272759
3.525,63.48,0.002577288,1.2733607
3.526,63.51,0.002578506,1.2739625
3.527,63.54,0.002579724,1.2745643
3.528,63.57,0.002580942,1.275166
3.529,63.6,0.00258216,1.2757678
3.53,63.63,0.002583378,1.2763696
3.531,63.66,0.002584596,1.2769713
3.532,63.69,0.002585814,1.2775731
3.533,63.72,0.002587032,1.2781749
3.534,63.75,0.00258825,1.2787766
3.535,63.78,0.002589468,1.2793784
3.536,63.81,0.002590686,1.2799802
3.537,63.84,0.002591904,1.280582
3.538,63.87,0.002593122,1.2811838
3.539,63.9,0.00259434,1.2817856
3.54,63.93,0.002595558,1.2823874
3.541,63.96,0.002596776,1.2829891
3.542,63.99,0.002597994,1.2835909
3.543,64.02,0.002599212,1.2841927
3.544,64.05,0.00260043,1.2847944
3.545,64.08,0.002601648,1.2853962
3.546,64.11,0.002602866,1.285998
3.547,64.14,0.002604084,1.2865998
3.548,64.17,0.002605302,1.2872015
3.549,64.2,0.00260652,1.2878033
3.55,64.23,0.002607738,1.2884051
3.551,64.26,0.002608956,1.289007
3.552,64.29,0.002610174,1.2896087
3.553,64.32,0.002611392,1.2902105
3.554,64.35,0.00261261,1.2908123
3.555,64.38,0.002613828,1.291414
3.556,64.41,0.002615046,1.2920158
3.557,64.44,0.002616264,1.2926176
3.558,64.47,0.002617482,1.2932193
3.559,64.5,0.0026187,1.2938211
3.56,64.53,0.002619918,1.2944229
3.561,64.56,0.002621136,1.2950246
3.562,64.59,0.002622354,1.2956264
3.563,64.62,0.002623572,1.2962282
3.564,64.65,0.00262479,1.2968299
3.565,64.68,0.002626008,1.2974318
3.566,64.71,0.002627226,1.2980336
3.567,64.74,0.002628444,1.2986354
3.568,64.77,0.002629662,1.2992371
3.569,64.8,0.00263088,1.2998389
3.57,64.83,0.002632098,1.3004407
3.571,64.86,0.002633316,1.3010424
3.572,64.89,0.002634534,1.3016442
3.573,64.92,0.002635752,1.302246
3.574,64.95,0.00263697,1.3028477
3.575,64.98,0.002638188,1.3034495
3.576,65.01,0.002639406,1.3040513
3.577,65.04,0.002640624,1.304653
3.578,65.07,0.002641842,1.3052549
3.579,65.1,0.00264306,1.3058567
3.58,65.13,0.002644278,1.3064585
3.581,65.16,0.002645496,1.3070602
3.582,65.19,0.002646714,1.307662
3.583,65.22,0.002647932,1.3082638
3.584,65.25,0.00264915,1.3088655
3.585,65.28,0.002650368,1.3094673
3.586,65.31,0.002651586,1.3100691
3.587,65.34,0.002652804,1.3106709
3.588,65.37,0.002654022,1.3112726
3.589,65.4,0.00265524,1.3118744
3.59,65.43,0.002656458,1.3124762
3.591,65.46,0.002657676,1.3130779
3.592,65.49,0.002658894,1.3136798
3.593,65.52,0.002660112,1.3142816
3.594,65.55,0.00266133,1.3148834
3.595,65.58,0.002662548,1.3154851
3.596,65.61,0.002663766,1.3160869
3.597,65.64,0.002664984,1.3166887
3.598,65.67,0.002666202,1.3172904
3.599,65.7,0.00266742,1.3178922
3.6,65.73,0.002668638,1.318494
3.601,65.76,0.002669856,1.3190957
3.602,65.79,0.002671074,1.3196975
3.603,65.82,0.002672292,1.3202993
3.604,65.85,0.00267351,1.320901
3.605,65.88,0.002674728,1.3215028
3.606,65.91,0.002675946,1.3221047
3.607,65.94,0.002677164,1.3227065
3.608,65.97,0.002678382,1.3233082
3.609,66.0,0.0026796,1.32391
3.61,66.03,0.002680818,1.3245118
3.611,66.06,0.002682036,1.3251135
3.612,66.09,0.002683254,1.3257153
3.613,66.12,0.002684472,1.3263171
3.614,66.15,0.00268569,1.3269188
3.615,66.18,0.002686908,1.3275206
3.616,66.21,0.002688126,1.3281224
3.617,66.24,0.002689344,1.3287241
3.618,66.27,0.002690562,1.3293259
3.619,66.3,0.00269178,1.3299278
3.62,66.33,0.002692998,1.3305296
3.621,66.36,0.002694216,1.3311313
3.622,66.39,0.002695434,1.3317331
3.623,66.42,0.002696652,1.3323349
3.624,66.45,0.00269787,1.3329366
3.625,66.48,0.002699088,1.3335384
3.626,66.51,0.002700306,1.3341402
3.627,66.54,0.002701524,1.334742
3.628,66.57,0.002702742,1.3353437
3.629,66.6,0.00270396,1.3359455
3.63,66.63,0.002705178,1.3365473
3.631,66.66,0.002706396,1.337149
3.632,66.69,0.002707614,1.3377508
3.633,66.72,0.002708832,1.3383527
3.634,66.75,0.00271005,1.3389544
3.635,66.78,0.002711268,1.3395562
3.636,66.81,0.002712486,1.340158
3.637,66.84,0.002713704,1.3407598
3.638,66.87,0.002714922,1.3413615
3.639,66.9,0.00271614,1.3419633
3.64,66.93,0.002717358,1.3425651
3.641,66.96,0.002718576,1.3431668
3.642,66.99,0.002719794,1.3437686
3.643,67.02,0.002721012,1.3443704
3.644,67.05,0.00272223,1.3449721
3.645,67.08,0.002723448,1.3455739
3.646,67.11,0.002724666,1.3461758
3.647,67.14,0.002725884,1.3467776
3.648,67.17,0.002727102,1.3473793
3.649,67.2,0.00272832,1.3479811
3.65,67.23,0.002729538,1.3485829
3.651,67.26,0.002730756,1.3491846
3.652,67.29,0.002731974,1.3497864
3.653,67.32,0.002733192,1.3503882
3.654,67.35,0.00273441,1.3509899
3.655,67.38,0.002735628,1.3515917
3.656,67.41,0.002736846,1.3521935
3.657,67.44,0.002738064,1.3527952
3.658,67.47,0.002739282,1.353397
3.659,67.5,0.0027405,1.3539988
3.66,67.53,0.002741718,1.3546007
3.661,67.56,0.002742936,1.3552024
3.662,67.59,0.002744154,1.3558042
3.663,67.62,0.002745372,1.356406
3.664,67.65,0.00274659,1.3570077
3.665,67.68,0.002747808,1.3576095
3.666,67.71,0.002749026,1.3582113
3.667,67.74,0.002750244,1.358813
3.668,67.77,0.002751462,1.3594148
3.669,67.8,0.00275268,1.3600166
3.67,67.83,0.002753898,1.3606184
3.671,67.86,0.002755116,1.3612201
3.672,67.89,0.002756334,1.3618219
3.673,67.92,0.002757552,1.3624237
3.674,67.95,0.00275877,1.3630255
3.675,67.98,0.002759988,1.3636273
3.676,68.01,0.002761206,1.3642291
3.677,68.04,0.002762424,1.3648309
3.678,68.07,0.002763642,1.3654326
3.679,68.1,0.00276486,1.3660344
3.68,68.13,0.002766078,1.3666362
3.681,68.16,0.002767296,1.3672379
3.682,68.19,0.002768514,1.3678397
3.683,68.22,0.002769732,1.3684415
3.684,68.25,0.00277095,1.3690432
3.685,68.28,0.002772168,1.369645
3.686,68.31,0.002773386,1.3702468
3.687,68.34,0.002774604,1.3708487
3.688,68.37,0.002775822,1.3714504
3.689,68.4,0.00277704,1.3720522
3.69,68.43,0.002778258,1.372654
3.691,68.46,0.002779476,1.3732557
3.692,68.49,0.002780694,1.3738575
3.693,68.52,0.002781912,1.3744593
3.694,68.55,0.00278313,1.375061
3.695,68.58,0.002784348,1.3756628
3.696,68.61,0.002785566,1.3762646
3.697,68.64,0.002786784,1.3768663
3.698,68.67,0.002788002,1.3774681
3.699,68.7,0.00278922,1.3780699
3.7,68.73,0.002790438,1.3786716
3.701,68.76,0.002791656,1.3792735
3.702,68.79,0.002792874,1.3798753
3.703,68.82,0.002794092,1.3804771
3.704,68.85,0.00279531,1.3810788
3.705,68.88,0.002796528,1.3816806
3.706,68.91,0.002797746,1.3822824
3.707,68.94,0.002798964,1.3828841
3.708,68.97,0.002800182,1.3834859
3.709,69.0,0.0028014,1.3840877
3.71,69.03,0.002802618,1.3846895
3.711,69.06,0.002803836,1.3852912
3.712,69.09,0.002805054,1.385893
3.713,69.12,0.002806272,1.3864948
3.714,69.15,0.00280749,1.3870966
3.715,69.18,0.002808708,1.3876984
3.716,69.21,0.002809926,1.3883002
3.717,69.24,0.002811144,1.388902
3.718,69.27,0.002812362,1.3895037
3.719,69.3,0.00281358,1.3901055
3.72,69.33,0.002814798,1.3907073
3.721,69.36,0.002816016,1.391309
3.722,69.39,0.002817234,1.3919108
3.723,69.42,0.002818452,1.3925126
3.724,69.45,0.00281967,1.3931143
3.725,69.48,0.002820888,1.3937161
3.726,69.51,0.002822106,1.3943179
3.727,69.54,0.002823324,1.3949196
3.728,69.57,0.002824542,1.3955215
3.729,69.6,0.00282576,1.3961233
3.73,69.63,0.002826978,1.396725
3.731,69.66,0.002828196,1.3973268
3.732,69.69,0.002829414,1.3979286
3.733,69.72,0.002830632,1.3985304
3.734,69.75,0.00283185,1.3991321
3.735,69.78,0.002833068,1.3997339
3.736,69.81,0.002834286,1.4003357
3.737,69.84,0.002835504,1.4009374
3.738,69.87,0.002836722,1.4015392
3.739,69.9,0.00283794,1.402141
3.74,69.93,0.002839158,1.4027427
3.741,69.96,0.002840376,1.4033445
3.742,69.99,0.002841594,1.4039464
3.743,70.02,0.002842812,1.4045482
3.744,70.05,0.00284403,1.4051499
3.745,70.08,0.002845248,1.4057517
3.746,70.11,0.002846466,1.4063535
3.747,70.14,0.002847684,1.4069552
3.748,70.17,0.002848902,1.407557
3.749,70.2,0.00285012,1.4081588
3.75,70.23,0.002851338,1.4087605
3.751,70.26,0.002852556,1.4093623
3.752,70.29,0.002853774,1.4099641
3.753,70.32,0.002854992,1.4105659
3.754,70.35,0.00285621,1.4111676
3.755,70.38,0.002857428,1.4117695
3.756,70.41,0.002858646,1.4123713
3.757,70.44,0.002859864,1.412973
3.758,70.47,0.002861082,1.4135748
3.759,70.5,0.0028623,1.4141766
3.76,70.53,0.002863518,1.4147784
3.761,70.56,0.002864736,1.4153801
3.762,70.59,0.002865954,1.4159819
3.763,70.62,0.002867172,1.4165837
3.764,70.65,0.00286839,1.4171854
3.765,70.68,0.002869608,1.4177872
3.766,70.71,0.002870826,1.418389
3.767,70.74,0.002872044,1.4189907
3.768,70.77,0.002873262,1.4195925
3.769,70.8,0.00287448,1.4201944
3.77,70.83,0.002875698,1.4207962
3.771,70.86,0.002876916,1.4213979
3.772,70.89,0.002878134,1.4219997
3.773,70.92,0.002879352,1.4226015
3.774,70.95,0.00288057,1.4232032
3.775,70.98,0.002881788,1.423805
3.776,71.01,0.002883006,1.4244068
3.777,71.04,0.002884224,1.4250085
3.778,71.07,0.002885442,1.4256103
3.779,71.1,0.00288666,1.4262121
3.78,71.13,0.002887878,1.4268138
3.781,71.16,0.002889096,1.4274156
3.782,71.19,0.002890314,1.4280175
3.783,71.22,0.002891532,1.4286193
3.784,71.25,0.00289275,1.429221
3.785,71.28,0.002893968,1.4298228
3.786,71.31,0.002895186,1.4304246
3.787,71.34,0.002896404,1.4310263
3.788,71.37,0.002897622,1.4316281
3.789,71.4,0.00289884,1.4322299
3.79,71.43,0.002900058,1.4328316
3.791,71.46,0.002901276,1.4334334
3.792,71.49,0.002902494,1.4340352
3.793,71.52,0.002903712,1.434637
3.794,71.55,0.00290493,1.4352387
3.795,71.58,0.002906148,1.4358405
3.796,71.61,0.002907366,1.4364424
3.797,71.64,0.002908584,1.4370441
3.798,71.67,0.002909802,1.4376459
3.799,71.7,0.00291102,1.4382477
3.8,71.73,0.002912238,1.4388494
3.801,71.76,0.002913456,1.4394512
3.802,71.79,0.002914674,1.440053
3.803,71.82,0.002915892,1.4406548
3.804,71.85,0.00291711,1.4412565
3.805,71.88,0.002918328,1.4418583
3.806,71.91,0.002919546,1.4424601
3.807,71.94,0.002920764,1.4430618
3.808,71.97,0.002921982,1.4436636
3.809,72.0,0.0029232,1.4442654
3.81,72.03,0.002924418,1.4448673
3.811,72.06,0.002925636,1.445469
3.812,72.09,0.002926854,1.4460708
3.813,72.12,0.002928072,1.4466726
3.814,72.15,0.00292929,1.4472743
3.815,72.18,0.002930508,1.4478761
3.816,72.21,0.002931726,1.4484779
3.817,72.24,0.002932944,1.4490796
3.818,72.27,0.002934162,1.4496814
3.819,72.3,0.00293538,1.4502832
3.82,72.33,0.002936598,1.4508849
3.821,72.36,0.002937816,1.4514867
3.822,72.39,0.002939034,1.4520885
3.823,72.42,0.002940252,1.4526904
3.824,72.45,0.00294147,1.4532921
3.825,72.48,0.002942688,1.4538939
3.826,72.51,0.002943906,1.4544957
3.827,72.54,0.002945124,1.4550974
3.828,72.57,0.002946342,1.4556992
3.829,72.6,0.00294756,1.456301
3.83,72.63,0.002948778,1.4569027
3.831,72.66,0.002949996,1.4575045
3.832,72.69,0.002951214,1.4581063
3.833,72.72,0.002952432,1.458708
3.834,72.75,0.00295365,1.4593098
3.835,72.78,0.002954868,1.4599116
3.836,72.81,0.002956086,1.4605134
3.837,72.84,0.002957304,1.4611152
3.838,72.87,0.002958522,1.461717
3.839,72.9,0.00295974,1.4623188
3.84,72.93,0.002960958,1.4629205
3.841,72.96,0.002962176,1.4635223
3.842,72.99,0.002963394,1.4641241
3.843,73.02,0.002964612,1.4647259
3.844,73.05,0.00296583,1.4653276
3.845,73.08,0.002967048,1.4659294
3.846,73.11,0.002968266,1.4665312
3.847,73.14,0.002969484,1.4671329
3.848,73.17,0.002970702,1.4677347
3.849,73.2,0.00297192,1.4683365
3.85,73.23,0.002973138,1.4689384
3.851,73.26,0.002974356,1.4695401
3.852,73.29,0.002975574,1.4701419
3.853,73.32,0.002976792,1.4707437
3.854,73.35,0.00297801,1.4713454
3.855,73.38,0.002979228,1.4719472
3.856,73.41,0.002980446,1.472549
3.857,73.44,0.002981664,1.4731507
3.858,73.47,0.002982882,1.4737525
3.859,73.5,0.0029841,1.4743543
3.86,73.53,0.002985318,1.474956
3.861,73.56,0.002986536,1.4755578
3.862,73.59,0.002987754,1.4761596
3.863,73.62,0.002988972,1.4767613
3.864,73.65,0.00299019,1.4773632
3.865,73.68,0.002991408,1.477965
3.866,73.71,0.002992626,1.4785668
3.867,73.74,0.002993844,1.4791685
3.868,73.77,0.002995062,1.4797703
3.869,73.8,0.00299628,1.4803721
3.87,73.83,0.002997498,1.4809738
3.871,73.86,0.002998716,1.4815756
3.872,73.89,0.002999934,1.4821774
3.873,73.92,0.003001152,1.4827791
3.874,73.95,0.00300237,1.4833809
3.875,73.98,0.003003588,1.4839827
3.876,74.01,0.003004806,1.4845845
3.877,74.04,0.003006024,1.4851862
3.878,74.07,0.003007242,1.4857881
3.879,74.1,0.00300846,1.4863899
3.88,74.13,0.003009678,1.4869916
3.881,74.16,0.003010896,1.4875934
3.882,74.19,0.003012114,1.4881952
3.883,74.22,0.003013332,1.488797
3.884,74.25,0.00301455,1.4893987
3.885,74.28,0.003015768,1.4900005
3.886,74.31,0.003016986,1.4906023
3.887,74.34,0.003018204,1.491204
3.888,74.37,0.003019422,1.4918058
3.889,74.4,0.00302064,1.4924076
3.89,74.43,0.003021858,1.4930093
3.891,74.46,0.003023076,1.4936112
3.892,74.49,0.003024294,1.494213
3.893,74.52,0.003025512,1.4948148
3.894,74.55,0.00302673,1.4954165
3.895,74.58,0.003027948,1.4960183
3.896,74.61,0.003029166,1.49662
3.897,74.64,0.003030384,1.4972218
3.898,74.67,0.003031602,1.4978236
3.899,74.7,0.00303282,1.4984254
3.9,74.73,0.003034038,1.4990271
3.901,74.76,0.003035256,1.4996289
3.902,74.79,0.003036474,1.5002307
3.903,74.82,0.003037692,1.5008324
3.904,74.85,0.00303891,1.5014342
3.905,74.88,0.003040128,1.5020361
3.906,74.91,0.003041346,1.5026379
3.907,74.94,0.003042564,1.5032396
3.908,74.97,0.003043782,1.5038414
3.909,75.0,0.003045,1.5044432
3.91,75.03,0.003046218,1.5050449
3.911,75.06,0.003047436,1.5056467
3.912,75.09,0.003048654,1.5062485
3.913,75.12,0.003049872,1.5068502
3.914,75.15,0.00305109,1.507452
3.915,75.18,0.003052308,1.5080538
3.916,75.21,0.003053526,1.5086555
3.917,75.24,0.003054744,1.5092573
3.918,75.27,0.003055962,1.5098592
3.919,75.3,0.00305718,1.510461
3.92,75.33,0.003058398,1.5110627
3.921,75.36,0.003059616,1.5116645
3.922,75.39,0.003060834,1.5122663
3.923,75.42,0.003062052,1.512868
3.924,75.45,0.00306327,1.5134698
3.925,75.48,0.003064488,1.5140716
3.926,75.51,0.003065706,1.5146734
3.927,75.54,0.003066924,1.5152751
3.928,75.57,0.003068142,1.5158769
3.929,75.6,0.00306936,1.5164787
3.93,75.63,0.003070578,1.5170804
3.931,75.66,0.003071796,1.5176822
3.932,75.69,0.003073014,1.5182841
3.933,75.72,0.003074232,1.5188859
3.934,75.75,0.00307545,1.5194876
3.935,75.78,0.003076668,1.5200894
3.936,75.81,0.003077886,1.5206912
3.937,75.84,0.003079104,1.5212929
3.938,75.87,0.003080322,1.5218947
3.939,75.9,0.00308154,1.5224965
3.94,75.93,0.003082758,1.5230982
3.941,75.96,0.003083976,1.5237
3.942,75.99,0.003085194,1.5243018
3.943,76.02,0.003086412,1.5249035
3.944,76.05,0.00308763,1.5255053
3.945,76.08,0.003088848,1.5261071
3.946,76.11,0.003090066,1.526709
3.947,76.14,0.003091284,1.5273107
3.948,76.17,0.003092502,1.5279125
3.949,76.2,0.00309372,1.5285143
3.95,76.23,0.003094938,1.529116
3.951,76.26,0.003096156,1.5297178
3.952,76.29,0.003097374,1.5303196
3.953,76.32,0.003098592,1.5309213
3.954,76.35,0.00309981,1.5315231
3.955,76.38,0.003101028,1.5321249
3.956,76.41,0.003102246,1.5327266
3.957,76.44,0.003103464,1.5333284
3.958,76.47,0.003104682,1.5339302
3.959,76.5,0.0031059,1.5345321
3.96,76.53,0.003107118,1.5351338
3.961,76.56,0.003108336,1.5357356
3.962,76.59,0.003109554,1.5363374
3.963,76.62,0.003110772,1.5369391
3.964,76.65,0.00311199,1.5375409
3.965,76.68,0.003113208,1.5381427
3.966,76.71,0.003114426,1.5387444
3.967,76.74,0.003115644,1.5393462
3.968,76.77,0.003116862,1.539948
3.969,76.8,0.00311808,1.5405498
3.97,76.83,0.003119298,1.5411515
3.971,76.86,0.003120516,1.5417533
3.972,76.89,0.003121734,1.5423551
3.973,76.92,0.003122952,1.542957
3.974,76.95,0.00312417,1.5435587
3.975,76.98,0.003125388,1.5441605
3.976,77.01,0.003126606,1.5447623
3.977,77.04,0.003127824,1.545364
3.978,77.07,0.003129042,1.5459658
3.979,77.1,0.00313026,1.5465676
3.98,77.13,0.003131478,1.5471693
3.981,77.16,0.003132696,1.5477711
3.982,77.19,0.003133914,1.5483729
3.983,77.22,0.003135132,1.5489746
3.984,77.25,0.00313635,1.5495764
3.985,77.28,0.003137568,1.5501782
3.986,77.31,0.003138786,1.55078
3.987,77.34,0.003140004,1.5513818
3.988,77.37,0.003141222,1.5519836
3.989,77.4,0.00314244,1.5525854
3.99,77.43,0.003143658,1.5531871
3.991,77.46,0.003144876,1.5537889
3.992,77.49,0.003146094,1.5543907
3.993,77.52,0.003147312,1.5549924
3.994,77.55,0.00314853,1.5555942
3.995,77.58,0.003149748,1.556196
3.996,77.61,0.003150966,1.5567977
3.997,77.64,0.003152184,1.5573995
3.998,77.67,0.003153402,1.5580013
3.999,77.7,0.00315462,1.558603
4.0,77.73,0.003155838,1.5592049
4.001,77.76,0.003157056,1.5598067
4.002,77.79,0.003158274,1.5604085
4.003,77.82,0.003159492,1.5610102
4.004,77.85,0.00316071,1.561612
4.005,77.88,0.003161928,1.5622138
4.006,77.91,0.003163146,1.5628155
4.007,77.94,0.003164364,1.5634173
4.008,77.97,0.003165582,1.5640191
4.009,78.0,0.0031668,1.5646209
4.01,78.03,0.003168018,1.5652226
4.011,78.06,0.003169236,1.5658244
4.012,78.09,0.003170454,1.5664262
4.013,78.12,0.003171672,1.5670279
4.014,78.15,0.00317289,1.5676298
4.015,78.18,0.003174108,1.5682316
4.016,78.21,0.003175326,1.5688334
4.017,78.24,0.003176544,1.5694351
4.018,78.27,0.003177762,1.5700369
4.019,78.3,0.00317898,1.5706387
4.02,78.33,0.003180198,1.5712404
4.021,78.36,0.003181416,1.5718422
4.022,78.39,0.003182634,1.572444
4.023,78.42,0.003183852,1.5730457
4.024,78.45,0.00318507,1.5736475
4.025,78.48,0.003186288,1.5742493
4.026,78.51,0.003187506,1.574851
4.027,78.54,0.003188724,1.5754529
4.028,78.57,0.003189942,1.5760547
4.029,78.6,0.00319116,1.5766565
4.03,78.63,0.003192378,1.5772582
4.031,78.66,0.003193596,1.57786
4.032,78.69,0.003194814,1.5784618
4.033,78.72,0.003196032,1.5790635
4.034,78.75,0.00319725,1.5796653
4.035,78.78,0.003198468,1.5802671
4.036,78.81,0.003199686,1.5808688
4.037,78.84,0.003200904,1.5814706
4.038,78.87,0.003202122,1.5820724
4.039,78.9,0.00320334,1.5826741
4.04,78.93,0.003204558,1.5832759
4.041,78.96,0.003205776,1.5838778
4.042,78.99,0.003206994,1.5844796
4.043,79.02,0.003208212,1.5850813
4.044,79.05,0.00320943,1.5856831
4.045,79.08,0.003210648,1.5862849
4.046,79.11,0.003211866,1.5868866
4.047,79.14,0.003213084,1.5874884
4.048,79.17,0.003214302,1.5880902
4.049,79.2,0.00321552,1.588692
4.05,79.23,0.003216738,1.5892937
4.051,79.26,0.003217956,1.5898955
4.052,79.29,0.003219174,1.5904973
4.053,79.32,0.003220392,1.591099
4.054,79.35,0.00322161,1.5917009
4.055,79.38,0.003222828,1.5923027
4.056,79.41,0.003224046,1.5929044
4.057,79.44,0.003225264,1.5935062
4.058,79.47,0.003226482,1.594108
4.059,79.5,0.0032277,1.5947098
4.06,79.53,0.003228918,1.5953115
4.061,79.56,0.003230136,1.5959133
4.062,79.59,0.003231354,1.596515
4.063,79.62,0.003232572,1.5971168
4.064,79.65,0.00323379,1.5977186
4.065,79.68,0.003235008,1.5983204
4.066,79.71,0.003236226,1.5989221
4.067,79.74,0.003237444,1.5995239
4.068,79.77,0.003238662,1.6001258
4.069,79.8,0.00323988,1.6007276
4.07,79.83,0.003241098,1.6013293
4.071,79.86,0.003242316,1.6019311
4.072,79.89,0.003243534,1.6025329
4.073,79.92,0.003244752,1.6031346
4.074,79.95,0.00324597,1.6037364
4.075,79.98,0.003247188,1.6043382
4.076,80.01,0.003248406,1.6049399
4.077,80.04,0.003249624,1.6055417
4.078,80.07,0.003250842,1.6061435
4.079,80.1,0.00325206,1.6067452
4.08,80.13,0.003253278,1.607347
4.081,80.16,0.003254496,1.6079488
4.082,80.19,0.003255714,1.6085507
4.083,80.22,0.003256932,1.6091524
4.084,80.25,0.00325815,1.6097542
4.085,80.28,0.003259368,1.610356
4.086,80.31,0.003260586,1.6109577
4.087,80.34,0.003261804,1.6115595
4.088,80.37,0.003263022,1.6121613
4.089,80.4,0.00326424,1.612763
4.09,80.43,0.003265458,1.6133648
4.091,80.46,0.003266676,1.6139666
4.092,80.49,0.003267894,1.6145684
4.093,80.52,0.003269112,1.6151701
4.094,80.55,0.00327033,1.6157719
4.095,80.58,0.003271548,1.6163738
4.096,80.61,0.003272766,1.6169755
4.097,80.64,0.003273984,1.6175773
4.098,80.67,0.003275202,1.6181791
4.099,80.7,0.00327642,1.6187809
4.1,80.73,0.003277638,1.6193826
4.101,80.76,0.003278856,1.6199844
4.102,80.79,0.003280074,1.6205862
4.103,80.82,0.003281292,1.6211879
4.104,80.85,0.00328251,1.6217897
4.105,80.88,0.003283728,1.6223915
4.106,80.91,0.003284946,1.6229932
4.107,80.94,0.003286164,1.623595
4.108,80.97,0.003287382,1.6241968
4.109,81.0,0.0032886,1.6247987
4.11,81.03,0.003289818,1.6254004
4.111,81.06,0.003291036,1.6260022
4.112,81.09,0.003292254,1.626604
4.113,81.12,0.003293472,1.6272057
4.114,81.15,0.00329469,1.6278075
4.115,81.18,0.003295908,1.6284093
4.116,81.21,0.003297126,1.629011
4.117,81.24,0.003298344,1.6296128
4.118,81.27,0.003299562,1.6302146
4.119,81.3,0.00330078,1.6308163
4.12,81.33,0.003301998,1.6314181
4.121,81.36,0.003303216,1.6320199
4.122,81.39,0.003304434,1.6326218
4.123,81.42,0.003305652,1.6332235
4.124,81.45,0.00330687,1.6338253
4.125,81.48,0.003308088,1.6344271
4.126,81.51,0.003309306,1.6350288
4.127,81.54,0.003310524,1.6356306
4.128,81.57,0.003311742,1.6362324
4.129,81.6,0.00331296,1.6368341
4.13,81.63,0.003314178,1.6374359
4.131,81.66,0.003315396,1.6380377
4.132,81.69,0.003316614,1.6386395
4.133,81.72,0.003317832,1.6392412
4.134,81.75,0.00331905,1.639843
4.135,81.78,0.003320268,1.6404448
4.136,81.81,0.003321486,1.6410466
4.137,81.84,0.003322704,1.6416484
4.138,81.87,0.003323922,1.6422502
4.139,81.9,0.00332514,1.642852
4.14,81.93,0.003326358,1.6434537
4.141,81.96,0.003327576,1.6440555
4.142,81.99,0.003328794,1.6446573
4.143,82.02,0.003330012,1.645259
4.144,82.05,0.00333123,1.6458608
4.145,82.08,0.003332448,1.6464626
4.146,82.11,0.003333666,1.6470643
4.147,82.14,0.003334884,1.6476661
4.148,82.17,0.003336102,1.6482679
4.149,82.2,0.00333732,1.6488696
4.15,82.23,0.003338538,1.6494715
4.151,82.26,0.003339756,1.6500733
4.152,82.29,0.003340974,1.650675
4.153,82.32,0.003342192,1.6512768
4.154,82.35,0.00334341,1.6518786
4.155,82.38,0.003344628,1.6524804
4.156,82.41,0.003345846,1.6530821
4.157,82.44,0.003347064,1.6536839
4.158,82.47,0.003348282,1.6542857
4.159,82.5,0.0033495,1.6548874
4.16,82.53,0.003350718,1.6554892
4.161,82.56,0.003351936,1.656091
4.162,82.59,0.003353154,1.6566927
4.163,82.62,0.003354372,1.6572946
4.164,82.65,0.00335559,1.6578964
4.165,82.68,0.003356808,1.6584982
4.166,82.71,0.003358026,1.6590999
4.167,82.74,0.003359244,1.6597017
4.168,82.77,0.003360462,1.6603035
4.169,82.8,0.00336168,1.6609052
4.17,82.83,0.003362898,1.661507
4.171,82.86,0.003364116,1.6621088
4.172,82.89,0.003365334,1.6627105
4.173,82.92,0.003366552,1.6633123
4.174,82.95,0.00336777,1.6639141
4.175,82.98,0.003368988,1.6645159
4.176,83.01,0.003370206,1.6651176
4.177,83.04,0.003371424,1.6657195
4.178,83.07,0.003372642,1.6663213
4.179,83.1,0.00337386,1.666923
4.18,83.13,0.003375078,1.6675248
4.181,83.16,0.003376296,1.6681266
4.182,83.19,0.003377514,1.6687284
4.183,83.22,0.003378732,1.6693301
4.184,83.25,0.00337995,1.6699319
4.185,83.28,0.003381168,1.6705337
4.186,83.31,0.003382386,1.6711354
4.187,83.34,0.003383604,1.6717372
4.188,83.37,0.003384822,1.672339
4.189,83.4,0.00338604,1.6729407
4.19,83.43,0.003387258,1.6735426
4.191,83.46,0.003388476,1.6741444
4.192,83.49,0.003389694,1.6747462
4.193,83.52,0.003390912,1.6753479
4.194,83.55,0.00339213,1.6759497
4.195,83.58,0.003393348,1.6765515
4.196,83.61,0.003394566,1.6771532
4.197,83.64,0.003395784,1.677755
4.198,83.67,0.003397002,1.6783568
4.199,83.7,0.00339822,1.6789585
4.2,83.73,0.003399438,1.6795603
4.201,83.76,0.003400656,1.6801621
4.202,83.79,0.003401874,1.6807638
4.203,83.82,0.003403092,1.6813656
4.204,83.85,0.00340431,1.6819675
4.205,83.88,0.003405528,1.6825693
4.206,83.91,0.003406746,1.683171
4.207,83.94,0.003407964,1.6837728
4.208,83.97,0.003409182,1.6843746
4.209,84.0,0.0034104,1.6849763
4.21,84.03,0.003411618,1.6855781
4.211,84.06,0.003412836,1.6861799
4.212,84.09,0.003414054,1.6867816
4.213,84.12,0.003415272,1.6873834
4.214,84.15,0.00341649,1.6879852
4.215,84.18,0.003417708,1.688587
4.216,84.21,0.003418926,1.6891887
4.217,84.24,0.003420144,1.6897905
4.218,84.27,0.003421362,1.6903924
4.219,84.3,0.00342258,1.6909941
4.22,84.33,0.003423798,1.6915959
4.221,84.36,0.003425016,1.6921977
4.222,84.39,0.003426234,1.6927994
4.223,84.42,0.003427452,1.6934012
4.224,84.45,0.00342867,1.694003
4.225,84.48,0.003429888,1.6946048
4.226,84.51,0.003431106,1.6952065
4.227,84.54,0.003432324,1.6958083
4.228,84.57,0.003433542,1.6964101
4.229,84.6,0.00343476,1.6970118
4.23,84.63,0.003435978,1.6976136
4.231,84.66,0.003437196,1.6982155
4.232,84.69,0.003438414,1.6988173
4.233,84.72,0.003439632,1.699419
4.234,84.75,0.00344085,1.7000208
4.235,84.78,0.003442068,1.7006226
4.236,84.81,0.003443286,1.7012243
4.237,84.84,0.003444504,1.7018261
4.238,84.87,0.003445722,1.7024279
4.239,84.9,0.00344694,1.7030296
4.24,84.93,0.003448158,1.7036314
4.241,84.96,0.003449376,1.7042332
4.242,84.99,0.003450594,1.7048349
4.243,85.02,0.003451812,1.7054367
4.244,85.05,0.00345303,1.7060385
4.245,85.08,0.003454248,1.7066404
4.246,85.11,0.003455466,1.7072421
4.247,85.14,0.003456684,1.7078439
4.248,85.17,0.003457902,1.7084457
4.249,85.2,0.00345912,1.7090474
4.25,85.23,0.003460338,1.7096492
4.251,85.26,0.003461556,1.710251
4.252,85.29,0.003462774,1.7108527
4.253,85.32,0.003463992,1.7114545
4.254,85.35,0.00346521,1.7120563
4.255,85.38,0.003466428,1.712658
4.256,85.41,0.003467646,1.7132598
4.257,85.44,0.003468864,1.7138616
4.258,85.47,0.003470082,1.7144635
4.259,85.5,0.0034713,1.7150652
4.26,85.53,0.003472518,1.715667
4.261,85.56,0.003473736,1.7162688
4.262,85.59,0.003474954,1.7168705
4.263,85.62,0.003476172,1.7174723
4.264,85.65,0.00347739,1.7180741
4.265,85.68,0.003478608,1.7186759
4.266,85.71,0.003479826,1.7192776
4.267,85.74,0.003481044,1.7198794
4.268,85.77,0.003482262,1.7204812
4.269,85.8,0.00348348,1.7210829
4.27,85.83,0.003484698,1.7216847
4.271,85.86,0.003485916,1.7222865
4.272,85.89,0.003487134,1.7228884
4.273,85.92,0.003488352,1.7234901
4.274,85.95,0.00348957,1.7240919
4.275,85.98,0.003490788,1.7246937
4.276,86.01,0.003492006,1.7252954
4.277,86.04,0.003493224,1.7258972
4.278,86.07,0.003494442,1.726499
4.279,86.1,0.00349566,1.7271007
4.28,86.13,0.003496878,1.7277025
4.281,86.16,0.003498096,1.7283043
4.282,86.19,0.003499314,1.728906
4.283,86.22,0.003500532,1.7295078
4.284,86.25,0.00350175,1.7301096
4.285,86.28,0.003502968,1.7307113
4.286,86.31,0.003504186,1.7313132
4.287,86.34,0.003505404,1.731915
4.288,86.37,0.003506622,1.7325168
4.289,86.4,0.00350784,1.7331185
4.29,86.43,0.003509058,1.7337203
4.291,86.46,0.003510276,1.7343221
4.292,86.49,0.003511494,1.7349238
4.293,86.52,0.003512712,1.7355256
4.294,86.55,0.00351393,1.7361274
4.295,86.58,0.003515148,1.7367291
4.296,86.61,0.003516366,1.7373309
4.297,86.64,0.003517584,1.7379327
4.298,86.67,0.003518802,1.7385345
4.299,86.7,0.00352002,1.7391363
4.3,86.73,0.003521238,1.7397381
4.301,86.76,0.003522456,1.7403399
4.302,86.79,0.003523674,1.7409416
4.303,86.82,0.003524892,1.7415434
4.304,86.85,0.00352611,1.7421452
4.305,86.88,0.003527328,1.742747
4.306,86.91,0.003528546,1.7433487
4.307,86.94,0.003529764,1.7439505
4.308,86.97,0.003530982,1.7445523
4.309,87.0,0.0035322,1.745154
4.31,87.03,0.003533418,1.7457558
4.311,87.06,0.003534636,1.7463576
4.312,87.09,0.003535854,1.7469593
4.313,87.12,0.003537072,1.7475612
4.314,87.15,0.00353829,1.748163
4.315,87.18,0.003539508,1.7487648
4.316,87.21,0.003540726,1.7493665
4.317,87.24,0.003541944,1.7499683
4.318,87.27,0.003543162,1.75057
4.319,87.3,0.00354438,1.7511718
4.32,87.33,0.003545598,1.7517736
4.321,87.36,0.003546816,1.7523754
4.322,87.39,0.003548034,1.7529771
4.323,87.42,0.003549252,1.7535789
4.324,87.45,0.00355047,1.7541807
4.325,87.48,0.003551688,1.7547824
4.326,87.51,0.003552906,1.7553843
4.327,87.54,0.003554124,1.7559861
4.328,87.57,0.003555342,1.7565879
4.329,87.6,0.00355656,1.7571896
4.33,87.63,0.003557778,1.7577914
4.331,87.66,0.003558996,1.7583932
4.332,87.69,0.003560214,1.7589949
4.333,87.72,0.003561432,1.7595967
4.334,87.75,0.00356265,1.7601985
4.335,87.78,0.003563868,1.7608002
4.336,87.81,0.003565086,1.761402
4.337,87.84,0.003566304,1.7620038
4.338,87.87,0.003567522,1.7626055
4.339,87.9,0.00356874,1.7632073
4.34,87.93,0.003569958,1.7638092
4.341,87.96,0.003571176,1.764411
4.342,87.99,0.003572394,1.7650127
4.343,88.02,0.003573612,1.7656145
4.344,88.05,0.00357483,1.7662163
4.345,88.08,0.003576048,1.766818
4.346,88.11,0.003577266,1.7674198
4.347,88.14,0.003578484,1.7680216
4.348,88.17,0.003579702,1.7686234
4.349,88.2,0.00358092,1.7692251
4.35,88.23,0.003582138,1.7698269
4.351,88.26,0.003583356,1.7704287
4.352,88.29,0.003584574,1.7710304
4.353,88.32,0.003585792,1.7716322
4.354,88.35,0.00358701,1.7722341
4.355,88.38,0.003588228,1.7728359
4.356,88.41,0.003589446,1.7734376
4.357,88.44,0.003590664,1.7740394
4.358,88.47,0.003591882,1.7746412
4.359,88.5,0.0035931,1.7752429
4.36,88.53,0.003594318,1.7758447
4.361,88.56,0.003595536,1.7764465
4.362,88.59,0.003596754,1.7770482
4.363,88.62,0.003597972,1.77765
4.364,88.65,0.00359919,1.7782518
4.365,88.68,0.003600408,1.7788535
4.366,88.71,0.003601626,1.7794553
4.367,88.74,0.003602844,1.7800572
4.368,88.77,0.003604062,1.780659
4.369,88.8,0.00360528,1.7812607
4.37,88.83,0.003606498,1.7818625
4.371,88.86,0.003607716,1.7824643
4.372,88.89,0.003608934,1.783066
4.373,88.92,0.003610152,1.7836678
4.374,88.95,0.00361137,1.7842696
4.375,88.98,0.003612588,1.7848713
4.376,89.01,0.003613806,1.7854731
4.377,89.04,0.003615024,1.7860749
4.378,89.07,0.003616242,1.7866766
4.379,89.1,0.00361746,1.7872784
4.38,89.13,0.003618678,1.7878802
4.381,89.16,0.003619896,1.7884821
4.382,89.19,0.003621114,1.7890838
4.383,89.22,0.003622332,1.7896856
4.384,89.25,0.00362355,1.7902874
4.385,89.28,0.003624768,1.7908891
4.386,89.31,0.003625986,1.7914909
4.387,89.34,0.003627204,1.7920927
4.388,89.37,0.003628422,1.7926944
4.389,89.4,0.00362964,1.7932962
4.39,89.43,0.003630858,1.793898
4.391,89.46,0.003632076,1.7944998
4.392,89.49,0.003633294,1.7951015
4.393,89.52,0.003634512,1.7957033
4.394,89.55,0.00363573,1.7963052
4.395,89.58,0.003636948,1.796907
4.396,89.61,0.003638166,1.7975087
4.397,89.64,0.003639384,1.7981105
4.398,89.67,0.003640602,1.7987123
4.399,89.7,0.00364182,1.799314
4.4,89.73,0.003643038,1.7999158
4.401,89.76,0.003644256,1.8005176
4.402,89.79,0.003645474,1.8011193
4.403,89.82,0.003646692,1.8017211
4.404,89.85,0.00364791,1.8023229
4.405,89.88,0.003649128,1.8029246
4.406,89.91,0.003650346,1.8035264
4.407,89.94,0.003651564,1.8041282
4.408,89.97,0.003652782,1.80473
4.409,90.0,0.003654,1.8053318
4.41,90.03,0.003655218,1.8059336
4.411,90.06,0.003656436,1.8065354
4.412,90.09,0.003657654,1.8071371
4.413,90.12,0.003658872,1.8077389
4.414,90.15,0.00366009,1.8083407
4.415,90.18,0.003661308,1.8089424
4.416,90.21,0.003662526,1.8095442
4.417,90.24,0.003663744,1.810146
4.418,90.27,0.003664962,1.8107477
4.419,90.3,0.00366618,1.8113495
4.42,90.33,0.003667398,1.8119513
4.421,90.36,0.003668616,1.812553
4.422,90.39,0.003669834,1.8131549
4.423,90.42,0.003671052,1.8137567
4.424,90.45,0.00367227,1.8143585
4.425,90.48,0.003673488,1.8149602
4.426,90.51,0.003674706,1.815562
4.427,90.54,0.003675924,1.8161638
4.428,90.57,0.003677142,1.8167655
4.429,90.6,0.00367836,1.8173673
4.43,90.63,0.003679578,1.8179691
4.431,90.66,0.003680796,1.8185709
4.432,90.69,0.003682014,1.8191726
4.433,90.72,0.003683232,1.8197744
4.434,90.75,0.00368445,1.8203762
4.435,90.78,0.003685668,1.820978
4.436,90.81,0.003686886,1.8215798
4.437,90.84,0.003688104,1.8221816
4.438,90.87,0.003689322,1.8227834
4.439,90.9,0.00369054,1.8233851
4.44,90.93,0.003691758,1.8239869
4.441,90.96,0.003692976,1.8245887
4.442,90.99,0.003694194,1.8251904
4.443,91.02,0.003695412,1.8257922
4.444,91.05,0.00369663,1.826394
4.445,91.08,0.003697848,1.8269957
4.446,91.11,0.003699066,1.8275975
4.447,91.14,0.003700284,1.8281993
4.448,91.17,0.003701502,1.828801
4.449,91.2,0.00370272,1.8294029
4.45,91.23,0.003703938,1.8300047
4.451,91.26,0.003705156,1.8306065
4.452,91.29,0.003706374,1.8312082
4.453,91.32,0.003707592,1.83181
4.454,91.35,0.00370881,1.8324118
4.455,91.38,0.003710028,1.8330135
4.456,91.41,0.003711246,1.8336153
4.457,91.44,0.003712464,1.8342171
4.458,91.47,0.003713682,1.8348188
4.459,91.5,0.0037149,1.8354206
4.46,91.53,0.003716118,1.8360224
4.461,91.56,0.003717336,1.8366241
4.462,91.59,0.003718554,1.837226
4.463,91.62,0.003719772,1.8378278
4.464,91.65,0.00372099,1.8384296
4.465,91.68,0.003722208,1.8390313
4.466,91.71,0.003723426,1.8396331
4.467,91.74,0.003724644,1.8402349
4.468,91.77,0.003725862,1.8408366
4.469,91.8,0.00372708,1.8414384
4.47,91.83,0.003728298,1.8420402
4.471,91.86,0.003729516,1.842642
4.472,91.89,0.003730734,1.8432437
4.473,91.92,0.003731952,1.8438455
4.474,91.95,0.00373317,1.8444473
4.475,91.98,0.003734388,1.845049
4.476,92.01,0.003735606,1.8456509
4.477,92.04,0.003736824,1.8462527
4.478,92.07,0.003738042,1.8468544
4.479,92.1,0.00373926,1.8474562
4.48,92.13,0.003740478,1.848058
4.481,92.16,0.003741696,1.8486598
4.482,92.19,0.003742914,1.8492615
4.483,92.22,0.003744132,1.8498633
4.484,92.25,0.00374535,1.850465
4.485,92.28,0.003746568,1.8510668
4.486,92.31,0.003747786,1.8516686
4.487,92.34,0.003749004,1.8522704
4.488,92.37,0.003750222,1.8528721
4.489,92.4,0.00375144,1.8534739
4.49,92.43,0.003752658,1.8540758
4.491,92.46,0.003753876,1.8546776
4.492,92.49,0.003755094,1.8552793
4.493,92.52,0.003756312,1.8558811
4.494,92.55,0.00375753,1.8564829
4.495,92.58,0.003758748,1.8570846
4.496,92.61,0.003759966,1.8576864
4.497,92.64,0.003761184,1.8582882
4.498,92.67,0.003762402,1.8588899
4.499,92.7,0.00376362,1.8594917
4.5,92.73,0.003764838,1.8600935
4.501,92.76,0.003766056,1.8606952
4.502,92.79,0.003767274,1.861297
4.503,92.82,0.003768492,1.8618989
4.504,92.85,0.00376971,1.8625007
4.505,92.88,0.003770928,1.8631024
4.506,92.91,0.003772146,1.8637042
4.507,92.94,0.003773364,1.864306
4.508,92.97,0.003774582,1.8649077
4.509,93.0,0.0037758,1.8655095
4.51,93.03,0.003777018,1.8661113
4.511,93.06,0.003778236,1.866713
4.512,93.09,0.003779454,1.8673148
4.513,93.12,0.003780672,1.8679166
4.514,93.15,0.00378189,1.8685184
4.515,93.18,0.003783108,1.8691201
4.516,93.21,0.003784326,1.8697219
4.517,93.24,0.003785544,1.8703238
4.518,93.27,0.003786762,1.8709255
4.519,93.3,0.00378798,1.8715273
4.52,93.33,0.003789198,1.8721291
4.521,93.36,0.003790416,1.8727309
4.522,93.39,0.003791634,1.8733326
4.523,93.42,0.003792852,1.8739344
4.524,93.45,0.00379407,1.8745362
4.525,93.48,0.003795288,1.8751379
4.526,93.51,0.003796506,1.8757397
4.527,93.54,0.003797724,1.8763415
4.528,93.57,0.003798942,1.8769432
4.529,93.6,0.00380016,1.877545
4.53,93.63,0.003801378,1.8781469
4.531,93.66,0.003802596,1.8787487
4.532,93.69,0.003803814,1.8793504
4.533,93.72,0.003805032,1.8799522
4.534,93.75,0.00380625,1.880554
4.535,93.78,0.003807468,1.8811557
4.536,93.81,0.003808686,1.8817575
4.537,93.84,0.003809904,1.8823593
4.538,93.87,0.003811122,1.882961
4.539,93.9,0.00381234,1.8835628
4.54,93.93,0.003813558,1.8841646
4.541,93.96,0.003814776,1.8847663
4.542,93.99,0.003815994,1.8853681
4.543,94.02,0.003817212,1.8859699
4.544,94.05,0.00381843,1.8865718
4.545,94.08,0.003819648,1.8871735
4.546,94.11,0.003820866,1.8877753
4.547,94.14,0.003822084,1.8883771
4.548,94.17,0.003823302,1.8889788
4.549,94.2,0.00382452,1.8895806
4.55,94.23,0.003825738,1.8901824
4.551,94.26,0.003826956,1.8907841
4.552,94.29,0.003828174,1.8913859
4.553,94.32,0.003829392,1.8919877
4.554,94.35,0.00383061,1.8925894
4.555,94.38,0.003831828,1.8931912
4.556,94.41,0.003833046,1.893793
4.557,94.44,0.003834264,1.8943948
4.558,94.47,0.003835482,1.8949966
4.559,94.5,0.0038367,1.8955984
4.56,94.53,0.003837918,1.8962002
4.561,94.56,0.003839136,1.896802
4.562,94.59,0.003840354,1.8974037
4.563,94.62,0.003841572,1.8980055
4.564,94.65,0.00384279,1.8986073
4.565,94.68,0.003844008,1.899209
4.566,94.71,0.003845226,1.8998108
4.567,94.74,0.003846444,1.9004126
4.568,94.77,0.003847662,1.9010143
4.569,94.8,0.00384888,1.9016161
4.57,94.83,0.003850098,1.9022179
4.571,94.86,0.003851316,1.9028198
4.572,94.89,0.003852534,1.9034215
4.573,94.92,0.003853752,1.9040233
4.574,94.95,0.00385497,1.904625
4.575,94.98,0.003856188,1.9052268
4.576,95.01,0.003857406,1.9058286
4.577,95.04,0.003858624,1.9064304
4.578,95.07,0.003859842,1.9070321
4.579,95.1,0.00386106,1.9076339
4.58,95.13,0.003862278,1.9082357
4.581,95.16,0.003863496,1.9088374
4.582,95.19,0.003864714,1.9094392
4.583,95.22,0.003865932,1.910041
4.584,95.25,0.00386715,1.9106427
4.585,95.28,0.003868368,1.9112446
4.586,95.31,0.003869586,1.9118464
4.587,95.34,0.003870804,1.9124482
4.588,95.37,0.003872022,1.9130499
4.589,95.4,0.00387324,1.9136517
4.59,95.43,0.003874458,1.9142535
4.591,95.46,0.003875676,1.9148552
4.592,95.49,0.003876894,1.915457
4.593,95.52,0.003878112,1.9160588
4.594,95.55,0.00387933,1.9166605
4.595,95.58,0.003880548,1.9172623
4.596,95.61,0.003881766,1.9178641
4.597,95.64,0.003882984,1.9184659
4.598,95.67,0.003884202,1.9190677
4.599,95.7,0.00388542,1.9196695
4.6,95.73,0.003886638,1.9202713
4.601,95.76,0.003887856,1.920873
4.602,95.79,0.003889074,1.9214748
4.603,95.82,0.003890292,1.9220766
4.604,95.85,0.00389151,1.9226784
4.605,95.88,0.003892728,1.9232801
4.606,95.91,0.003893946,1.9238819
4.607,95.94,0.003895164,1.9244837
4.608,95.97,0.003896382,1.9250854
4.609,96.0,0.0038976,1.9256872
4.61,96.03,0.003898818,1.926289
4.611,96.06,0.003900036,1.9268907
4.612,96.09,0.003901254,1.9274926
4.613,96.12,0.003902472,1.9280944
4.614,96.15,0.00390369,1.9286962
4.615,96.18,0.003904908,1.9292979
4.616,96.21,0.003906126,1.9298997
4.617,96.24,0.003907344,1.9305015
4.618,96.27,0.003908562,1.9311032
4.619,96.3,0.00390978,1.931705
4.62,96.33,0.003910998,1.9323068
4.621,96.36,0.003912216,1.9329085
4.622,96.39,0.003913434,1.9335103
4.623,96.42,0.003914652,1.9341121
4.624,96.45,0.00391587,1.9347138
4.625,96.48,0.003917088,1.9353156
4.626,96.51,0.003918306,1.9359175
4.627,96.54,0.003919524,1.9365193
4.628,96.57,0.003920742,1.937121
4.629,96.6,0.00392196,1.9377228
4.63,96.63,0.003923178,1.9383246
4.631,96.66,0.003924396,1.9389263
4.632,96.69,0.003925614,1.9395281
4.633,96.72,0.003926832,1.9401299
4.634,96.75,0.00392805,1.9407316
4.635,96.78,0.003929268,1.9413334
4.636,96.81,0.003930486,1.9419352
4.637,96.84,0.003931704,1.942537
4.638,96.87,0.003932922,1.9431387
4.639,96.9,0.00393414,1.9437406
4.64,96.93,0.003935358,1.9443424
4.641,96.96,0.003936576,1.9449441
4.642,96.99,0.003937794,1.9455459
4.643,97.02,0.003939012,1.9461477
4.644,97.05,0.00394023,1.9467494
4.645,97.08,0.003941448,1.9473512
4.646,97.11,0.003942666,1.947953
4.647,97.14,0.003943884,1.9485548
4.648,97.17,0.003945102,1.9491565
4.649,97.2,0.00394632,1.9497583
4.65,97.23,0.003947538,1.9503601
4.651,97.26,0.003948756,1.9509618
4.652,97.29,0.003949974,1.9515636
4.653,97.32,0.003951192,1.9521655
4.654,97.35,0.00395241,1.9527673
4.655,97.38,0.003953628,1.953369
4.656,97.41,0.003954846,1.9539708
4.657,97.44,0.003956064,1.9545726
4.658,97.47,0.003957282,1.9551743
4.659,97.5,0.0039585,1.9557761
4.66,97.53,0.003959718,1.9563779
4.661,97.56,0.003960936,1.9569796
4.662,97.59,0.003962154,1.9575814
4.663,97.62,0.003963372,1.9581832
4.664,97.65,0.00396459,1.9587849
4.665,97.68,0.003965808,1.9593867
4.666,97.71,0.003967026,1.9599886
4.667,97.74,0.003968244,1.9605904
4.668,97.77,0.003969462,1.9611921
4.669,97.8,0.00397068,1.9617939
4.67,97.83,0.003971898,1.9623957
4.671,97.86,0.003973116,1.9629974
4.672,97.89,0.003974334,1.9635992
4.673,97.92,0.003975552,1.964201
4.674,97.95,0.00397677,1.9648027
4.675,97.98,0.003977988,1.9654045
4.676,98.01,0.003979206,1.9660063
4.677,98.04,0.003980424,1.966608
4.678,98.07,0.003981642,1.9672098
4.679,98.1,0.00398286,1.9678116
4.68,98.13,0.003984078,1.9684135
4.681,98.16,0.003985296,1.9690152
4.682,98.19,0.003986514,1.969617
4.683,98.22,0.003987732,1.9702188
4.684,98.25,0.00398895,1.9708205
4.685,98.28,0.003990168,1.9714223
4.686,98.31,0.003991386,1.9720241
4.687,98.34,0.003992604,1.9726259
4.688,98.37,0.003993822,1.9732276
4.689,98.4,0.00399504,1.9738294
4.69,98.43,0.003996258,1.9744312
4.691,98.46,0.003997476,1.9750329
4.692,98.49,0.003998694,1.9756347
4.693,98.52,0.003999912,1.9762365
4.694,98.55,0.00400113,1.9768384
4.695,98.58,0.004002348,1.9774401
4.696,98.61,0.004003566,1.9780419
4.697,98.64,0.004004784,1.9786437
4.698,98.67,0.004006002,1.9792454
4.699,98.7,0.00400722,1.9798472
4.7,98.73,0.004008438,1.980449
4.701,98.76,0.004009656,1.9810507
4.702,98.79,0.004010874,1.9816525
4.703,98.82,0.004012092,1.9822543
4.704,98.85,0.00401331,1.982856
4.705,98.88,0.004014528,1.9834578
4.706,98.91,0.004015746,1.9840596
4.707,98.94,0.004016964,1.9846615
4.708,98.97,0.004018182,1.9852632
4.709,99.0,0.0040194,1.985865
4.71,99.03,0.004020618,1.9864668
4.711,99.06,0.004021836,1.9870685
4.712,99.09,0.004023054,1.9876703
4.713,99.12,0.004024272,1.9882721
4.714,99.15,0.00402549,1.9888738
4.715,99.18,0.004026708,1.9894756
4.716,99.21,0.004027926,1.9900774
4.717,99.24,0.004029144,1.9906791
4.718,99.27,0.004030362,1.9912809
4.719,99.3,0.00403158,1.9918827
4.72,99.33,0.004032798,1.9924845
4.721,99.36,0.004034016,1.9930863
4.722,99.39,0.004035234,1.9936881
4.723,99.42,0.004036452,1.9942899
4.724,99.45,0.00403767,1.9948916
4.725,99.48,0.004038888,1.9954934
4.726,99.51,0.004040106,1.9960952
4.727,99.54,0.004041324,1.996697
4.728,99.57,0.004042542,1.9972987
4.729,99.6,0.00404376,1.9979005
4.73,99.63,0.004044978,1.9985023
4.731,99.66,0.004046196,1.999104
4.732,99.69,0.004047414,1.9997058
4.733,99.72,0.004048632,2.0003076
4.734,99.75,0.00404985,2.0009093
4.735,99.78,0.004051068,2.001511
4.736,99.81,0.004052286,2.0021129
4.737,99.84,0.004053504,2.0027146
4.738,99.87,0.004054722,2.0033164
4.739,99.9,0.00405594,2.0039182
4.74,99.93,0.004057158,2.00452
4.741,99.96,0.004058376,2.005122
4.742,99.99,0.004059594,2.0057237
4.743,100.02,0.004060812,2.0063255
4.744,100.05,0.00406203,2.0069273
4.745,100.08,0.004063248,2.007529
4.746,100.11,0.004064466,2.0081308
4.747,100.14,0.004065684,2.0087326
4.748,100.17,0.004066902,2.0093343
4.749,100.2,0.00406812,2.009936
4.75,100.23,0.004069338,2.0105379
4.751,100.26,0.004070556,2.0111396
4.752,100.29,0.004071774,2.0117414
4.753,100.32,0.004072992,2.0123432
4.754,100.35,0.00407421,2.012945
4.755,100.38,0.004075428,2.0135467
4.756,100.41,0.004076646,2.0141485
4.757,100.44,0.004077864,2.0147502
4.758,100.47,0.004079082,2.015352
4.759,100.5,0.0040803,2.0159538
4.76,100.53,0.004081518,2.0165555
4.761,100.56,0.004082736,2.0171573
4.762,100.59,0.004083954,2.017759
4.763,100.62,0.004085172,2.0183609
4.764,100.65,0.00408639,2.0189626
4.765,100.68,0.004087608,2.0195644
4.766,100.71,0.004088826,2.0201662
4.767,100.74,0.004090044,2.020768
4.768,100.77,0.004091262,2.02137
4.769,100.8,0.00409248,2.0219717
4.77,100.83,0.004093698,2.0225735
4.771,100.86,0.004094916,2.0231752
4.772,100.89,0.004096134,2.023777
4.773,100.92,0.004097352,2.0243788
4.774,100.95,0.00409857,2.0249805
4.775,100.98,0.004099788,2.0255823
4.776,101.01,0.004101006,2.026184
4.777,101.04,0.004102224,2.0267859
4.778,101.07,0.004103442,2.0273876
4.779,101.1,0.00410466,2.0279894
4.78,101.13,0.004105878,2.0285912
4.781,101.16,0.004107096,2.029193
4.782,101.19,0.004108314,2.0297947
4.783,101.22,0.004109532,2.0303965
4.784,101.25,0.00411075,2.0309982
4.785,101.28,0.004111968,2.0316
4.786,101.31,0.004113186,2.0322018
4.787,101.34,0.004114404,2.0328035
4.788,101.37,0.004115622,2.0334053
4.789,101.4,0.00411684,2.034007
4.79,101.43,0.004118058,2.0346088
4.791,101.46,0.004119276,2.0352106
4.792,101.49,0.004120494,2.0358124
4.793,101.52,0.004121712,2.0364141
4.794,101.55,0.00412293,2.037016
4.795,101.58,0.004124148,2.0376177
4.796,101.61,0.004125366,2.0382197
4.797,101.64,0.004126584,2.0388215
4.798,101.67,0.004127802,2.0394232
4.799,101.7,0.00412902,2.040025
4.8,101.73,0.004130238,2.0406268
4.801,101.76,0.004131456,2.0412285
4.802,101.79,0.004132674,2.0418303
4.803,101.82,0.004133892,2.042432
4.804,101.85,0.00413511,2.0430338
4.805,101.88,0.004136328,2.0436356
4.806,101.91,0.004137546,2.0442374
4.807,101.94,0.004138764,2.0448391
4.808,101.97,0.004139982,2.045441
4.809,102.0,0.0041412,2.0460427
4.81,102.03,0.004142418,2.0466444
4.811,102.06,0.004143636,2.0472462
4.812,102.09,0.004144854,2.047848
4.813,102.12,0.004146072,2.0484498
4.814,102.15,0.00414729,2.0490515
4.815,102.18,0.004148508,2.0496533
4.816,102.21,0.004149726,2.050255
4.817,102.24,0.004150944,2.0508568
4.818,102.27,0.004152162,2.0514586
4.819,102.3,0.00415338,2.0520604
4.82,102.33,0.004154598,2.0526621
4.821,102.36,0.004155816,2.053264
4.822,102.39,0.004157034,2.0538657
4.823,102.42,0.004158252,2.0544677
4.824,102.45,0.00415947,2.0550694
4.825,102.48,0.004160688,2.0556712
4.826,102.51,0.004161906,2.056273
4.827,102.54,0.004163124,2.0568748
4.828,102.57,0.004164342,2.0574765
4.829,102.6,0.00416556,2.0580783
4.83,102.63,0.004166778,2.05868
4.831,102.66,0.004167996,2.0592818
4.832,102.69,0.004169214,2.0598836
4.833,102.72,0.004170432,2.0604854
4.834,102.75,0.00417165,2.0610871
4.835,102.78,0.004172868,2.061689
4.836,102.81,0.004174086,2.0622907
4.837,102.84,0.004175304,2.0628924
4.838,102.87,0.004176522,2.0634942
4.839,102.9,0.00417774,2.064096
4.84,102.93,0.004178958,2.0646977
4.841,102.96,0.004180176,2.0652995
4.842,102.99,0.004181394,2.0659013
4.843,103.02,0.004182612,2.066503
4.844,103.05,0.00418383,2.0671048
4.845,103.08,0.004185048,2.0677066
4.846,103.11,0.004186266,2.0683084
4.847,103.14,0.004187484,2.0689101
4.848,103.17,0.004188702,2.069512
4.849,103.2,0.00418992,2.0701137
4.85,103.23,0.004191138,2.0707157
4.851,103.26,0.004192356,2.0713174
4.852,103.29,0.004193574,2.0719192
4.853,103.32,0.004194792,2.072521
4.854,103.35,0.00419601,2.0731227
4.855,103.38,0.004197228,2.0737245
4.856,103.41,0.004198446,2.0743263
4.857,103.44,0.004199664,2.074928
4.858,103.47,0.004200882,2.0755298
4.859,103.5,0.0042021,2.0761316
4.86,103.53,0.004203318,2.0767334
4.861,103.56,0.004204536,2.0773351
4.862,103.59,0.004205754,2.077937
4.863,103.62,0.004206972,2.0785387
4.864,103.65,0.00420819,2.0791404
4.865,103.68,0.004209408,2.0797422
4.866,103.71,0.004210626,2.080344
4.867,103.74,0.004211844,2.0809457
4.868,103.77,0.004213062,2.0815475
4.869,103.8,0.00421428,2.0821493
4.87,103.83,0.004215498,2.082751
4.871,103.86,0.004216716,2.0833528
4.872,103.89,0.004217934,2.0839546
4.873,103.92,0.004219152,2.0845563
4.874,103.95,0.00422037,2.085158
4.875,103.98,0.004221588,2.0857599
4.876,104.01,0.004222806,2.0863616
4.877,104.04,0.004224024,2.0869637
4.878,104.07,0.004225242,2.0875654
4.879,104.1,0.00422646,2.0881672
4.88,104.13,0.004227678,2.088769
4.881,104.16,0.004228896,2.0893707
4.882,104.19,0.004230114,2.0899725
4.883,104.22,0.004231332,2.0905743
4.884,104.25,0.00423255,2.091176
4.885,104.28,0.004233768,2.0917778
4.886,104.31,0.004234986,2.0923796
4.887,104.34,0.004236204,2.0929813
4.888,104.37,0.004237422,2.093583
4.889,104.4,0.00423864,2.0941849
4.89,104.43,0.004239858,2.0947866
4.891,104.46,0.004241076,2.0953884
4.892,104.49,0.004242294,2.0959902
4.893,104.52,0.004243512,2.096592
4.894,104.55,0.00424473,2.0971937
4.895,104.58,0.004245948,2.0977955
4.896,104.61,0.004247166,2.0983973
4.897,104.64,0.004248384,2.098999
4.898,104.67,0.004249602,2.0996008
4.899,104.7,0.00425082,2.1002026
4.9,104.73,0.004252038,2.1008043
4.901,104.76,0.004253256,2.101406
4.902,104.79,0.004254474,2.1020079
4.903,104.82,0.004255692,2.1026096
4.904,104.85,0.00425691,2.1032116
4.905,104.88,0.004258128,2.1038134
4.906,104.91,0.004259346,2.1044152
4.907,104.94,0.004260564,2.105017
4.908,104.97,0.004261782,2.1056187
4.909,105.0,0.004263,2.1062205
4.91,105.03,0.004264218,2.1068223
4.911,105.06,0.004265436,2.107424
4.912,105.09,0.004266654,2.1080258
4.913,105.12,0.004267872,2.1086276
4.914,105.15,0.00426909,2.1092293
4.915,105.18,0.004270308,2.109831
4.916,105.21,0.004271526,2.1104329
4.917,105.24,0.004272744,2.1110346
4.918,105.27,0.004273962,2.1116364
4.919,105.3,0.00427518,2.1122382
4.92,105.33,0.004276398,2.11284
4.921,105.36,0.004277616,2.1134417
4.922,105.39,0.004278834,2.1140435
4.923,105.42,0.004280052,2.1146452
4.924,105.45,0.00428127,2.115247
4.925,105.48,0.004282488,2.1158488
4.926,105.51,0.004283706,2.1164505
4.927,105.54,0.004284924,2.1170523
4.928,105.57,0.004286142,2.117654
4.929,105.6,0.00428736,2.1182559
4.93,105.63,0.004288578,2.1188576
4.931,105.66,0.004289796,2.1194594
4.932,105.69,0.004291014,2.1200614
4.933,105.72,0.004292232,2.1206632
4.934,105.75,0.00429345,2.121265
4.935,105.78,0.004294668,2.1218667
4.936,105.81,0.004295886,2.1224685
4.937,105.84,0.004297104,2.1230702
4.938,105.87,0.004298322,2.123672
4.939,105.9,0.00429954,2.1242738
4.94,105.93,0.004300758,2.1248755
4.941,105.96,0.004301976,2.1254773
4.942,105.99,0.004303194,2.126079
4.943,106.02,0.004304412,2.1266809
4.944,106.05,0.00430563,2.1272826
4.945,106.08,0.004306848,2.1278844
4.946,106.11,0.004308066,2.1284862
4.947,106.14,0.004309284,2.129088
4.948,106.17,0.004310502,2.1296897
4.949,106.2,0.00431172,2.1302915
4.95,106.23,0.004312938,2.1308932
4.951,106.26,0.004314156,2.131495
4.952,106.29,0.004315374,2.1320968
4.953,106.32,0.004316592,2.1326985
4.954,106.35,0.00431781,2.1333003
4.955,106.38,0.004319028,2.133902
4.956,106.41,0.004320246,2.1345038
4.957,106.44,0.004321464,2.1351056
4.958,106.47,0.004322682,2.1357074
4.959,106.5,0.0043239,2.1363094
4.96,106.53,0.004325118,2.1369112
4.961,106.56,0.004326336,2.137513
4.962,106.59,0.004327554,2.1381147
4.963,106.62,0.004328772,2.1387165
4.964,106.65,0.00432999,2.1393182
4.965,106.68,0.004331208,2.13992
4.966,106.71,0.004332426,2.1405218
4.967,106.74,0.004333644,2.1411235
4.968,106.77,0.004334862,2.1417253
4.969,106.8,0.00433608,2.142327
4.97,106.83,0.004337298,2.1429288
4.971,106.86,0.004338516,2.1435306
4.972,106.89,0.004339734,2.1441324
4.973,106.92,0.004340952,2.1447341
4.974,106.95,0.00434217,2.145336
4.975,106.98,0.004343388,2.1459377
4.976,107.01,0.004344606,2.1465394
4.977,107.04,0.004345824,2.1471412
4.978,107.07,0.004347042,2.147743
4.979,107.1,0.00434826,2.1483448
4.98,107.13,0.004349478,2.1489465
4.981,107.16,0.004350696,2.1495483
4.982,107.19,0.004351914,2.15015
4.983,107.22,0.004353132,2.1507518
4.984,107.25,0.00435435,2.1513536
4.985,107.28,0.004355568,2.1519554
4.986,107.31,0.004356786,2.1525574
4.987,107.34,0.004358004,2.1531591
4.988,107.37,0.004359222,2.153761
4.989,107.4,0.00436044,2.1543627
4.99,107.43,0.004361658,2.1549644
4.991,107.46,0.004362876,2.1555662
4.992,107.49,0.004364094,2.156168
4.993,107.52,0.004365312,2.1567698
4.994,107.55,0.00436653,2.1573715
4.995,107.58,0.004367748,2.1579733
4.996,107.61,0.004368966,2.158575
4.997,107.64,0.004370184,2.1591768
4.998,107.67,0.004371402,2.1597786
4.999,107.7,0.00437262,2.1603804
5.0,107.73,0.004373838,2.1609821
5.001,107.76,0.004375056,2.161584
5.002,107.79,0.004376274,2.1621857
5.003,107.82,0.004377492,2.1627874
5.004,107.85,0.00437871,2.1633892
5.005,107.88,0.004379928,2.163991
5.006,107.91,0.004381146,2.1645927
5.007,107.94,0.004382364,2.1651945
5.008,107.97,0.004383582,2.1657963
5.009,108.0,0.0043848,2.166398
5.01,108.03,0.004386018,2.1669998
5.011,108.06,0.004387236,2.1676016
5.012,108.09,0.004388454,2.1682034
5.013,108.12,0.004389672,2.1688054
5.014,108.15,0.00439089,2.1694071
5.015,108.18,0.004392108,2.170009
5.016,108.21,0.004393326,2.1706107
5.017,108.24,0.004394544,2.1712124
5.018,108.27,0.004395762,2.1718142
5.019,108.3,0.00439698,2.172416
5.02,108.33,0.004398198,2.1730177
5.021,108.36,0.004399416,2.1736195
5.022,108.39,0.004400634,2.1742213
5.023,108.42,0.004401852,2.174823
5.024,108.45,0.00440307,2.1754248
5.025,108.48,0.004404288,2.1760266
5.026,108.51,0.004405506,2.1766284
5.027,108.54,0.004406724,2.1772301
5.028,108.57,0.004407942,2.177832
5.029,108.6,0.00440916,2.1784337
5.03,108.63,0.004410378,2.1790354
5.031,108.66,0.004411596,2.1796372
5.032,108.69,0.004412814,2.180239
5.033,108.72,0.004414032,2.1808407
5.034,108.75,0.00441525,2.1814425
5.035,108.78,0.004416468,2.1820443
5.036,108.81,0.004417686,2.182646
5.037,108.84,0.004418904,2.1832478
5.038,108.87,0.004420122,2.1838496
5.039,108.9,0.00442134,2.1844513
5.04,108.93,0.004422558,2.1850533
5.041,108.96,0.004423776,2.185655
5.042,108.99,0.004424994,2.186257
5.043,109.02,0.004426212,2.1868587
5.044,109.05,0.00442743,2.1874604
5.045,109.08,0.004428648,2.1880622
5.046,109.11,0.004429866,2.188664
5.047,109.14,0.004431084,2.1892657
5.048,109.17,0.004432302,2.1898675
5.049,109.2,0.00443352,2.1904693
5.05,109.23,0.004434738,2.191071
5.051,109.26,0.004435956,2.1916728
5.052,109.29,0.004437174,2.1922746
5.053,109.32,0.004438392,2.1928763
5.054,109.35,0.00443961,2.193478
5.055,109.38,0.004440828,2.1940799
5.056,109.41,0.004442046,2.1946816
5.057,109.44,0.004443264,2.1952834
5.058,109.47,0.004444482,2.1958852
5.059,109.5,0.0044457,2.196487
5.06,109.53,0.004446918,2.1970887
5.061,109.56,0.004448136,2.1976905
5.062,109.59,0.004449354,2.1982923
5.063,109.62,0.004450572,2.198894
5.064,109.65,0.00445179,2.1994958
5.065,109.68,0.004453008,2.2000976
5.066,109.71,0.004454226,2.2006993
5.067,109.74,0.004455444,2.2013013
5.068,109.77,0.004456662,2.201903
5.069,109.8,0.00445788,2.2025049
5.07,109.83,0.004459098,2.2031066
5.071,109.86,0.004460316,2.2037084
5.072,109.89,0.004461534,2.2043102
5.073,109.92,0.004462752,2.204912
5.074,109.95,0.00446397,2.2055137
5.075,109.98,0.004465188,2.2061155
5.076,110.01,0.004466406,2.2067173
5.077,110.04,0.004467624,2.207319
5.078,110.07,0.004468842,2.2079208
5.079,110.1,0.00447006,2.2085226
5.08,110.13,0.004471278,2.2091243
5.081,110.16,0.004472496,2.209726
5.082,110.19,0.004473714,2.2103279
5.083,110.22,0.004474932,2.2109296
5.084,110.25,0.00447615,2.2115314
5.085,110.28,0.004477368,2.2121332
5.086,110.31,0.004478586,2.212735
5.087,110.34,0.004479804,2.2133367
5.088,110.37,0.004481022,2.2139385
5.089,110.4,0.00448224,2.2145402
5.09,110.43,0.004483458,2.215142
5.091,110.46,0.004484676,2.2157438
5.092,110.49,0.004485894,2.2163455
5.093,110.52,0.004487112,2.2169473
5.094,110.55,0.00448833,2.217549
5.095,110.58,0.004489548,2.218151
5.096,110.61,0.004490766,2.2187529
5.097,110.64,0.004491984,2.2193546
5.098,110.67,0.004493202,2.2199564
5.099,110.7,0.00449442,2.2205582
5.1,110.73,0.004495638,2.22116
5.101,110.76,0.004496856,2.2217617
5.102,110.79,0.004498074,2.2223635
5.103,110.82,0.004499292,2.2229652
5.104,110.85,0.00450051,2.223567
5.105,110.88,0.004501728,2.2241688
5.106,110.91,0.004502946,2.2247705
5.107,110.94,0.004504164,2.2253723
5.108,110.97,0.004505382,2.225974
5.109,111.0,0.0045066,2.2265759
5.11,111.03,0.004507818,2.2271776
5.111,111.06,0.004509036,2.2277794
5.112,111.09,0.004510254,2.2283812
5.113,111.12,0.004511472,2.228983
5.114,111.15,0.00451269,2.2295847
5.115,111.18,0.004513908,2.2301865
5.116,111.21,0.004515126,2.2307882
5.117,111.24,0.004516344,2.23139
5.118,111.27,0.004517562,2.2319918
5.119,111.3,0.00451878,2.2325935
5.12,111.33,0.004519998,2.2331953
5.121,111.36,0.004521216,2.233797
5.122,111.39,0.004522434,2.234399
5.123,111.42,0.004523652,2.2350008
5.124,111.45,0.00452487,2.2356026
5.125,111.48,0.004526088,2.2362044
5.126,111.51,0.004527306,2.2368062
5.127,111.54,0.004528524,2.237408
5.128,111.57,0.004529742,2.2380097
5.129,111.6,0.00453096,2.2386115
5.13,111.63,0.004532178,2.2392132
5.131,111.66,0.004533396,2.239815
5.132,111.69,0.004534614,2.2404168
5.133,111.72,0.004535832,2.2410185
5.134,111.75,0.00453705,2.2416203
5.135,111.78,0.004538268,2.242222
5.136,111.81,0.004539486,2.2428238
5.137,111.84,0.004540704,2.2434256
5.138,111.87,0.004541922,2.2440274
5.139,111.9,0.00454314,2.2446291
5.14,111.93,0.004544358,2.245231
5.141,111.96,0.004545576,2.2458327
5.142,111.99,0.004546794,2.2464345
5.143,112.02,0.004548012,2.2470362
5.144,112.05,0.00454923,2.247638
5.145,112.08,0.004550448,2.2482398
5.146,112.11,0.004551666,2.2488415
5.147,112.14,0.004552884,2.2494433
5.148,112.17,0.004554102,2.250045
5.149,112.2,0.00455532,2.250647
5.15,112.23,0.004556538,2.2512488
5.151,112.26,0.004557756,2.2518506
5.152,112.29,0.004558974,2.2524524
5.153,112.32,0.004560192,2.2530541
5.154,112.35,0.00456141,2.253656
5.155,112.38,0.004562628,2.2542577
5.156,112.41,0.004563846,2.2548594
5.157,112.44,0.004565064,2.2554612
5.158,112.47,0.004566282,2.256063
5.159,112.5,0.0045675,2.2566648
5.16,112.53,0.004568718,2.2572665
5.161,112.56,0.004569936,2.2578683
5.162,112.59,0.004571154,2.25847
5.163,112.62,0.004572372,2.2590718
5.164,112.65,0.00457359,2.2596736
5.165,112.68,0.004574808,2.2602754
5.166,112.71,0.004576026,2.2608771
5.167,112.74,0.004577244,2.261479
5.168,112.77,0.004578462,2.2620807
5.169,112.8,0.00457968,2.2626824
5.17,112.83,0.004580898,2.2632842
5.171,112.86,0.004582116,2.263886
5.172,112.89,0.004583334,2.2644877
5.173,112.92,0.004584552,2.2650895
5.174,112.95,0.00458577,2.2656913
5.175,112.98,0.004586988,2.266293
5.176,113.01,0.004588206,2.266895
5.177,113.04,0.004589424,2.2674968
5.178,113.07,0.004590642,2.2680986
5.179,113.1,0.00459186,2.2687004
5.18,113.13,0.004593078,2.2693021
5.181,113.16,0.004594296,2.269904
5.182,113.19,0.004595514,2.2705057
5.183,113.22,0.004596732,2.2711074
5.184,113.25,0.00459795,2.2717092
5.185,113.28,0.004599168,2.272311
5.186,113.31,0.004600386,2.2729127
5.187,113.34,0.004601604,2.2735145
5.188,113.37,0.004602822,2.2741163
5.189,113.4,0.00460404,2.274718
5.19,113.43,0.004605258,2.2753198
5.191,113.46,0.004606476,2.2759216
5.192,113.49,0.004607694,2.2765234
5.193,113.52,0.004608912,2.2771251
5.194,113.55,0.00461013,2.277727
5.195,113.58,0.004611348,2.2783287
5.196,113.61,0.004612566,2.2789304
5.197,113.64,0.004613784,2.2795322
5.198,113.67,0.004615002,2.280134
5.199,113.7,0.00461622,2.2807357
5.2,113.73,0.004617438,2.2813375
5.201,113.76,0.004618656,2.2819393
5.202,113.79,0.004619874,2.282541
5.203,113.82,0.004621092,2.283143
5.204,113.85,0.00462231,2.2837448
5.205,113.88,0.004623528,2.2843466
5.206,113.91,0.004624746,2.2849483
5.207,113.94,0.004625964,2.28555
5.208,113.97,0.004627182,2.286152
5.209,114.0,0.0046284,2.2867537
5.21,114.03,0.004629618,2.2873554
5.211,114.06,0.004630836,2.2879572
5.212,114.09,0.004632054,2.288559
5.213,114.12,0.004633272,2.2891607
5.214,114.15,0.00463449,2.2897625
5.215,114.18,0.004635708,2.2903643
5.216,114.21,0.004636926,2.290966
5.217,114.24,0.004638144,2.2915678
5.218,114.27,0.004639362,2.2921696
5.219,114.3,0.00464058,2.2927713
5.22,114.33,0.004641798,2.293373
5.221,114.36,0.004643016,2.2939749
5.222,114.39,0.004644234,2.2945766
5.223,114.42,0.004645452,2.2951784
5.224,114.45,0.00464667,2.2957802
5.225,114.48,0.004647888,2.296382
5.226,114.51,0.004649106,2.2969837
5.227,114.54,0.004650324,2.2975855
5.228,114.57,0.004651542,2.2981873
5.229,114.6,0.00465276,2.298789
5.23,114.63,0.004653978,2.2993908
5.231,114.66,0.004655196,2.2999928
5.232,114.69,0.004656414,2.3005946
5.233,114.72,0.004657632,2.3011963
5.234,114.75,0.00465885,2.301798
5.235,114.78,0.004660068,2.3023999
5.236,114.81,0.004661286,2.3030016
5.237,114.84,0.004662504,2.3036034
5.238,114.87,0.004663722,2.3042052
5.239,114.9,0.00466494,2.304807
5.24,114.93,0.004666158,2.3054087
5.241,114.96,0.004667376,2.3060105
5.242,114.99,0.004668594,2.3066123
5.243,115.02,0.004669812,2.307214
5.244,115.05,0.00467103,2.3078158
5.245,115.08,0.004672248,2.3084176
5.246,115.11,0.004673466,2.3090193
5.247,115.14,0.004674684,2.309621
5.248,115.17,0.004675902,2.3102229
5.249,115.2,0.00467712,2.3108246
5.25,115.23,0.004678338,2.3114264
5.251,115.26,0.004679556,2.3120282
5.252,115.29,0.004680774,2.31263
5.253,115.32,0.004681992,2.3132317
5.254,115.35,0.00468321,2.3138335
5.255,115.38,0.004684428,2.3144352
5.256,115.41,0.004685646,2.315037
5.257,115.44,0.004686864,2.3156388
5.258,115.47,0.004688082,2.3162408
5.259,115.5,0.0046893,2.3168426
5.26,115.53,0.004690518,2.3174443
5.261,115.56,0.004691736,2.318046
5.262,115.59,0.004692954,2.3186479
5.263,115.62,0.004694172,2.3192496
5.264,115.65,0.00469539,2.3198514
5.265,115.68,0.004696608,2.3204532
5.266,115.71,0.004697826,2.321055
5.267,115.74,0.004699044,2.3216567
5.268,115.77,0.004700262,2.3222585
5.269,115.8,0.00470148,2.3228602
5.27,115.83,0.004702698,2.323462
5.271,115.86,0.004703916,2.3240638
5.272,115.89,0.004705134,2.3246655
5.273,115.92,0.004706352,2.3252673
5.274,115.95,0.00470757,2.325869
5.275,115.98,0.004708788,2.3264709
5.276,116.01,0.004710006,2.3270726
5.277,116.04,0.004711224,2.3276744
5.278,116.07,0.004712442,2.3282762
5.279,116.1,0.00471366,2.328878
5.28,116.13,0.004714878,2.3294797
5.281,116.16,0.004716096,2.3300815
5.282,116.19,0.004717314,2.3306832
5.283,116.22,0.004718532,2.331285
5.284,116.25,0.00471975,2.3318868
5.285,116.28,0.004720968,2.3324888
5.286,116.31,0.004722186,2.3330905
5.287,116.34,0.004723404,2.3336923
5.288,116.37,0.004724622,2.334294
5.289,116.4,0.00472584,2.3348958
5.29,116.43,0.004727058,2.3354976
5.291,116.46,0.004728276,2.3360994
5.292,116.49,0.004729494,2.3367012
5.293,116.52,0.004730712,2.337303
5.294,116.55,0.00473193,2.3379047
5.295,116.58,0.004733148,2.3385065
5.296,116.61,0.004734366,2.3391082
5.297,116.64,0.004735584,2.33971
5.298,116.67,0.004736802,2.3403118
5.299,116.7,0.00473802,2.3409135
5.3,116.73,0.004739238,2.3415153
5.301,116.76,0.004740456,2.342117
5.302,116.79,0.004741674,2.3427188
5.303,116.82,0.004742892,2.3433206
5.304,116.85,0.00474411,2.3439224
5.305,116.88,0.004745328,2.3445241
5.306,116.91,0.004746546,2.345126
5.307,116.94,0.004747764,2.3457277
5.308,116.97,0.004748982,2.3463295
5.309,117.0,0.0047502,2.3469312
5.31,117.03,0.004751418,2.347533
5.311,117.06,0.004752636,2.3481348
5.312,117.09,0.004753854,2.3487368
5.313,117.12,0.004755072,2.3493385
5.314,117.15,0.00475629,2.3499403
5.315,117.18,0.004757508,2.350542
5.316,117.21,0.004758726,2.3511438
5.317,117.24,0.004759944,2.3517456
5.318,117.27,0.004761162,2.3523474
5.319,117.3,0.00476238,2.3529491
5.32,117.33,0.004763598,2.353551
5.321,117.36,0.004764816,2.3541527
5.322,117.39,0.004766034,2.3547544
5.323,117.42,0.004767252,2.3553562
5.324,117.45,0.00476847,2.355958
5.325,117.48,0.004769688,2.3565598
5.326,117.51,0.004770906,2.3571615
5.327,117.54,0.004772124,2.3577633
5.328,117.57,0.004773342,2.358365
5.329,117.6,0.00477456,2.3589668
5.33,117.63,0.004775778,2.3595686
5.331,117.66,0.004776996,2.3601704
5.332,117.69,0.004778214,2.3607721
5.333,117.72,0.004779432,2.361374
5.334,117.75,0.00478065,2.3619757
5.335,117.78,0.004781868,2.3625774
5.336,117.81,0.004783086,2.3631792
5.337,117.84,0.004784304,2.363781
5.338,117.87,0.004785522,2.3643827
5.339,117.9,0.00478674,2.3649848
5.34,117.93,0.004787958,2.3655865
5.341,117.96,0.004789176,2.3661883
5.342,117.99,0.004790394,2.36679
5.343,118.02,0.004791612,2.3673918
5.344,118.05,0.00479283,2.3679936
5.345,118.08,0.004794048,2.3685954
5.346,118.11,0.004795266,2.3691971
5.347,118.14,0.004796484,2.369799
5.348,118.17,0.004797702,2.3704007
5.349,118.2,0.00479892,2.3710024
5.35,118.23,0.004800138,2.3716042
5.351,118.26,0.004801356,2.372206
5.352,118.29,0.004802574,2.3728077
5.353,118.32,0.004803792,2.3734095
5.354,118.35,0.00480501,2.3740113
5.355,118.38,0.004806228,2.374613
5.356,118.41,0.004807446,2.3752148
5.357,118.44,0.004808664,2.3758166
5.358,118.47,0.004809882,2.3764184
5.359,118.5,0.0048111,2.3770201
5.36,118.53,0.004812318,2.377622
5.361,118.56,0.004813536,2.3782237
5.362,118.59,0.004814754,2.3788254
5.363,118.62,0.004815972,2.3794272
5.364,118.65,0.00481719,2.380029
5.365,118.68,0.004818408,2.3806307
5.366,118.71,0.004819626,2.3812325
5.367,118.74,0.004820844,2.3818345
5.368,118.77,0.004822062,2.3824363
5.3689995,118.8,0.00482328,2.383038
5.37,118.83,0.004824498,2.3836398
5.371,118.86,0.004825716,2.3842416
5.372,118.89,0.004826934,2.3848433
5.373,118.92,0.004828152,2.385445
5.374,118.95,0.00482937,2.386047
5.3750005,118.98,0.004830588,2.3866487
5.376,119.01,0.004831806,2.3872504
5.377,119.04,0.004833024,2.3878522
5.378,119.07,0.004834242,2.388454
5.379,119.1,0.00483546,2.3890557
5.38,119.13,0.004836678,2.3896575
5.3810005,119.16,0.004837896,2.3902593
5.382,119.19,0.004839114,2.390861
5.383,119.22,0.004840332,2.3914628
5.384,119.25,0.00484155,2.3920646
5.385,119.28,0.004842768,2.3926663
5.386,119.31,0.004843986,2.393268
5.387,119.34,0.004845204,2.3938699
5.388,119.37,0.004846422,2.3944716
5.3889995,119.4,0.00484764,2.3950734
5.39,119.43,0.004848858,2.3956752
5.391,119.46,0.004850076,2.396277
5.392,119.49,0.004851294,2.3968787
5.393,119.52,0.004852512,2.3974805
5.394,119.55,0.00485373,2.3980825
5.3949995,119.58,0.004854948,2.3986843
5.396,119.61,0.004856166,2.399286
5.397,119.64,0.004857384,2.3998878
5.398,119.67,0.004858602,2.4004896
5.399,119.7,0.00485982,2.4010913
5.4,119.73,0.004861038,2.401693
5.4010005,119.76,0.004862256,2.4022949
5.402,119.79,0.004863474,2.4028966
5.403,119.82,0.004864692,2.4034984
5.404,119.85,0.00486591,2.4041002
5.405,119.88,0.004867128,2.404702
5.406,119.91,0.004868346,2.4053037
5.4070005,119.94,0.004869564,2.4059055
5.408,119.97,0.004870782,2.4065073
5.4089994,120.0,0.004872,2.407109
5.41,120.03,0.004873218,2.4077108
5.411,120.06,0.004874436,2.4083126
5.412,120.09,0.004875654,2.4089143
5.413,120.12,0.004876872,2.409516
5.414,120.15,0.00487809,2.4101179
5.4149995,120.18,0.004879308,2.4107196
5.416,120.21,0.004880526,2.4113214
5.417,120.24,0.004881744,2.4119232
5.418,120.27,0.004882962,2.412525
5.419,120.3,0.00488418,2.4131267
5.42,120.33,0.004885398,2.4137285
5.4210005,120.36,0.004886616,2.4143305
5.422,120.39,0.004887834,2.4149323
5.423,120.42,0.004889052,2.415534
5.424,120.45,0.00489027,2.4161358
5.425,120.48,0.004891488,2.4167376
5.426,120.51,0.004892706,2.4173393
5.4270005,120.54,0.004893924,2.417941
5.428,120.57,0.004895142,2.4185429
5.429,120.6,0.00489636,2.4191446
5.43,120.63,0.004897578,2.4197464
5.431,120.66,0.004898796,2.4203482
5.432,120.69,0.004900014,2.42095
5.433,120.72,0.004901232,2.4215517
5.434,120.75,0.00490245,2.4221535
5.4349995,120.78,0.004903668,2.4227552
5.436,120.81,0.004904886,2.423357
5.437,120.84,0.004906104,2.4239588
5.438,120.87,0.004907322,2.4245605
5.439,120.9,0.00490854,2.4251623
5.44,120.93,0.004909758,2.425764
5.4409995,120.96,0.004910976,2.4263659
5.442,120.99,0.004912194,2.4269676
5.443,121.02,0.004913412,2.4275694
5.444,121.05,0.00491463,2.4281712
5.445,121.08,0.004915848,2.428773
5.446,121.11,0.004917066,2.4293747
5.4470005,121.14,0.004918284,2.4299765
5.448,121.17,0.004919502,2.4305785
5.449,121.2,0.00492072,2.4311802
5.45,121.23,0.004921938,2.431782
5.451,121.26,0.004923156,2.4323838
5.452,121.29,0.004924374,2.4329855
5.4530005,121.32,0.004925592,2.4335873
5.454,121.35,0.00492681,2.434189
5.4549994,121.38,0.004928028,2.4347908
5.456,121.41,0.004929246,2.4353926
5.457,121.44,0.004930464,2.4359944
5.458,121.47,0.004931682,2.4365962
5.459,121.5,0.0049329,2.437198
5.46,121.53,0.004934118,2.4377997
5.4609995,121.56,0.004935336,2.4384015
5.462,121.59,0.004936554,2.4390032
5.463,121.62,0.004937772,2.439605
5.464,121.65,0.00493899,2.4402068
5.465,121.68,0.004940208,2.4408085
5.466,121.71,0.004941426,2.4414103
5.4670005,121.74,0.004942644,2.442012
5.468,121.77,0.004943862,2.4426138
5.469,121.8,0.00494508,2.4432156
5.47,121.83,0.004946298,2.4438174
5.471,121.86,0.004947516,2.4444191
5.472,121.89,0.004948734,2.445021
5.4730005,121.92,0.004949952,2.4456227
5.474,121.95,0.00495117,2.4462245
5.475,121.98,0.004952388,2.4468265
5.476,122.01,0.004953606,2.4474282
5.477,122.04,0.004954824,2.44803
5.478,122.07,0.004956042,2.4486318
5.479,122.1,0.00495726,2.4492335
5.48,122.13,0.004958478,2.4498353
5.4809995,122.16,0.004959696,2.450437
5.482,122.19,0.004960914,2.4510388
5.483,122.22,0.004962132,2.4516406
5.484,122.25,0.00496335,2.4522424
5.485,122.28,0.004964568,2.4528441
5.486,122.31,0.004965786,2.453446
5.4869995,122.34,0.004967004,2.4540477
5.488,122.37,0.004968222,2.4546494
5.489,122.4,0.00496944,2.4552512
5.49,122.43,0.004970658,2.455853
5.491,122.46,0.004971876,2.4564548
5.492,122.49,0.004973094,2.4570565
5.4930005,122.52,0.004974312,2.4576583
5.494,122.55,0.00497553,2.45826
5.495,122.58,0.004976748,2.4588618
5.496,122.61,0.004977966,2.4594636
5.497,122.64,0.004979184,2.4600654
5.498,122.67,0.004980402,2.4606671
5.4990005,122.7,0.00498162,2.461269
5.5,122.73,0.004982838,2.4618707
5.5009995,122.76,0.004984056,2.4624724
5.502,122.79,0.004985274,2.4630742
5.503,122.82,0.004986492,2.4636762
5.504,122.85,0.00498771,2.464278
5.505,122.88,0.004988928,2.4648798
5.506,122.91,0.004990146,2.4654815
5.5069995,122.94,0.004991364,2.4660833
5.508,122.97,0.004992582,2.466685
5.509,123.0,0.0049938,2.4672868
5.51,123.03,0.004995018,2.4678886
5.511,123.06,0.004996236,2.4684904
5.512,123.09,0.004997454,2.4690921
5.5130005,123.12,0.004998672,2.469694
5.514,123.15,0.00499989,2.4702957
5.515,123.18,0.005001108,2.4708974
5.516,123.21,0.005002326,2.4714992
5.517,123.24,0.005003544,2.472101
5.518,123.27,0.005004762,2.4727027
5.5190005,123.3,0.00500598,2.4733045
5.52,123.33,0.005007198,2.4739063
5.521,123.36,0.005008416,2.474508
5.522,123.39,0.005009634,2.4751098
5.523,123.42,0.005010852,2.4757116
5.524,123.45,0.00501207,2.4763134
5.525,123.48,0.005013288,2.4769151
5.526,123.51,0.005014506,2.477517
5.5269995,123.54,0.005015724,2.4781187
5.528,123.57,0.005016942,2.4787204
5.529,123.6,0.00501816,2.4793222
5.53,123.63,0.005019378,2.4799242
5.531,123.66,0.005020596,2.480526
5.532,123.69,0.005021814,2.4811277
5.5329995,123.72,0.005023032,2.4817295
5.534,123.75,0.00502425,2.4823313
5.535,123.78,0.005025468,2.482933
5.536,123.81,0.005026686,2.4835348
5.537,123.84,0.005027904,2.4841366
5.538,123.87,0.005029122,2.4847383
5.5390005,123.9,0.00503034,2.48534
5.54,123.93,0.005031558,2.485942
5.541,123.96,0.005032776,2.4865437
5.542,123.99,0.005033994,2.4871454
5.543,124.02,0.005035212,2.4877472
5.544,124.05,0.00503643,2.488349
5.5450006,124.08,0.005037648,2.4889507
5.546,124.11,0.005038866,2.4895525
5.5469995,124.14,0.005040084,2.4901543
5.548,124.17,0.005041302,2.490756
5.549,124.2,0.00504252,2.4913578
5.55,124.23,0.005043738,2.4919596
5.551,124.26,0.005044956,2.4925613
5.552,124.29,0.005046174,2.493163
5.5529995,124.32,0.005047392,2.4937649
5.554,124.35,0.00504861,2.4943666
5.555,124.38,0.005049828,2.4949684
5.556,124.41,0.005051046,2.4955702
5.557,124.44,0.005052264,2.4961722
5.558,124.47,0.005053482,2.496774
5.5590005,124.5,0.0050547,2.4973757
5.56,124.53,0.005055918,2.4979775
5.561,124.56,0.005057136,2.4985793
5.562,124.59,0.005058354,2.499181
5.563,124.62,0.005059572,2.4997828
5.564,124.65,0.00506079,2.5003846
5.5650005,124.68,0.005062008,2.5009863
5.566,124.71,0.005063226,2.501588
5.567,124.74,0.005064444,2.5021899
5.568,124.77,0.005065662,2.5027916
5.569,124.8,0.00506688,2.5033934
5.57,124.83,0.005068098,2.5039952
5.571,124.86,0.005069316,2.504597
5.572,124.89,0.005070534,2.5051987
5.5729995,124.92,0.005071752,2.5058005
5.574,124.95,0.00507297,2.5064023
5.575,124.98,0.005074188,2.507004
5.576,125.01,0.005075406,2.5076058
5.577,125.04,0.005076624,2.5082076
5.578,125.07,0.005077842,2.5088093
5.5789995,125.1,0.00507906,2.509411
5.58,125.13,0.005080278,2.5100129
5.581,125.16,0.005081496,2.5106146
5.582,125.19,0.005082714,2.5112164
5.583,125.22,0.005083932,2.5118182
5.584,125.25,0.00508515,2.5124202
5.5850005,125.28,0.005086368,2.513022
5.586,125.31,0.005087586,2.5136237
5.587,125.34,0.005088804,2.5142255
5.588,125.37,0.005090022,2.5148273
5.589,125.4,0.00509124,2.515429
5.59,125.43,0.005092458,2.5160308
5.5910006,125.46,0.005093676,2.5166326
5.592,125.49,0.005094894,2.5172343
5.5929995,125.52,0.005096112,2.517836
5.594,125.55,0.00509733,2.5184379
5.595,125.58,0.005098548,2.5190396
5.596,125.61,0.005099766,2.5196414
5.597,125.64,0.005100984,2.5202432
5.598,125.67,0.005102202,2.520845
5.5989995,125.7,0.00510342,2.5214467
5.6,125.73,0.005104638,2.5220485
5.601,125.76,0.005105856,2.5226502
5.602,125.79,0.005107074,2.523252
5.603,125.82,0.005108292,2.5238538
5.604,125.85,0.00510951,2.5244555
5.6050005,125.88,0.005110728,2.5250573
5.606,125.91,0.005111946,2.525659
5.607,125.94,0.005113164,2.5262609
5.608,125.97,0.005114382,2.5268626
5.609,126.0,0.0051156,2.5274644
5.61,126.03,0.005116818,2.5280662
5.6110005,126.06,0.005118036,2.5286682
5.612,126.09,0.005119254,2.52927
5.613,126.12,0.005120472,2.5298717
5.614,126.15,0.00512169,2.5304735
5.615,126.18,0.005122908,2.5310752
5.616,126.21,0.005124126,2.531677
5.617,126.24,0.005125344,2.5322788
5.618,126.27,0.005126562,2.5328805
5.6189995,126.3,0.00512778,2.5334823
5.62,126.33,0.005128998,2.534084
5.621,126.36,0.005130216,2.5346859
5.622,126.39,0.005131434,2.5352876
5.623,126.42,0.005132652,2.5358894
5.624,126.45,0.00513387,2.5364912
5.6249995,126.48,0.005135088,2.537093
5.626,126.51,0.005136306,2.5376947
5.627,126.54,0.005137524,2.5382965
5.628,126.57,0.005138742,2.5388982
5.629,126.6,0.00513996,2.5395
5.63,126.63,0.005141178,2.5401018
5.6310005,126.66,0.005142396,2.5407035
5.632,126.69,0.005143614,2.5413053
5.633,126.72,0.005144832,2.541907
5.634,126.75,0.00514605,2.5425088
5.635,126.78,0.005147268,2.5431106
5.636,126.81,0.005148486,2.5437124
5.637,126.84,0.005149704,2.5443141
5.638,126.87,0.005150922,2.544916
5.6389995,126.9,0.00515214,2.545518
5.64,126.93,0.005153358,2.5461197
5.641,126.96,0.005154576,2.5467215
5.642,126.99,0.005155794,2.5473232
5.643,127.02,0.005157012,2.547925
5.644,127.05,0.00515823,2.5485268
5.6449995,127.08,0.005159448,2.5491285
5.646,127.11,0.005160666,2.5497303
5.647,127.14,0.005161884,2.550332
5.648,127.17,0.005163102,2.5509338
5.649,127.2,0.00516432,2.5515356
5.65,127.23,0.005165538,2.5521374
5.6510005,127.26,0.005166756,2.5527391
5.652,127.29,0.005167974,2.553341
5.653,127.32,0.005169192,2.5539427
5.654,127.35,0.00517041,2.5545444
5.655,127.38,0.005171628,2.5551462
5.656,127.41,0.005172846,2.555748
5.6570005,127.44,0.005174064,2.5563498
5.658,127.47,0.005175282,2.5569515
5.6589994,127.5,0.0051765,2.5575533
5.66,127.53,0.005177718,2.558155
5.661,127.56,0.005178936,2.5587568
5.662,127.59,0.005180154,2.5593586
5.663,127.62,0.005181372,2.5599604
5.664,127.65,0.00518259,2.5605621
5.6649995,127.68,0.005183808,2.561164
5.666,127.71,0.005185026,2.561766
5.667,127.74,0.005186244,2.5623677
5.668,127.77,0.005187462,2.5629694
5.669,127.8,0.00518868,2.5635712
5.67,127.83,0.005189898,2.564173
5.6710005,127.86,0.005191116,2.5647748
5.672,127.89,0.005192334,2.5653765
5.673,127.92,0.005193552,2.5659783
5.674,127.95,0.00519477,2.56658
5.675,127.98,0.005195988,2.5671818
5.676,128.01,0.005197206,2.5677836
5.6770005,128.04,0.005198424,2.5683854
5.678,128.07,0.005199642,2.5689871
5.679,128.1,0.00520086,2.569589
5.68,128.13,0.005202078,2.5701907
5.681,128.16,0.005203296,2.5707924
5.682,128.19,0.005204514,2.5713942
5.683,128.22,0.005205732,2.571996
5.684,128.25,0.00520695,2.5725977
5.6849995,128.28,0.005208168,2.5731995
5.686,128.31,0.005209386,2.5738013
5.687,128.34,0.005210604,2.574403
5.688,128.37,0.005211822,2.5750048
5.689,128.4,0.00521304,2.5756066
5.69,128.43,0.005214258,2.5762084
5.6909995,128.46,0.005215476,2.5768101
5.692,128.49,0.005216694,2.577412
5.693,128.52,0.005217912,2.578014
5.694,128.55,0.00521913,2.5786157
5.695,128.58,0.005220348,2.5792174
5.696,128.61,0.005221566,2.5798192
5.6970005,128.64,0.005222784,2.580421
5.698,128.67,0.005224002,2.5810227
5.699,128.7,0.00522522,2.5816245
5.7,128.73,0.005226438,2.5822263
5.701,128.76,0.005227656,2.582828
5.702,128.79,0.005228874,2.5834298
5.7030005,128.82,0.005230092,2.5840316
5.704,128.85,0.00523131,2.5846334
5.7049994,128.88,0.005232528,2.585235
5.706,128.91,0.005233746,2.585837
5.707,128.94,0.005234964,2.5864387
5.708,128.97,0.005236182,2.5870404
5.709,129.0,0.0052374,2.5876422
5.71,129.03,0.005238618,2.588244
5.7109995,129.06,0.005239836,2.5888457
5.712,129.09,0.005241054,2.5894475
5.713,129.12,0.005242272,2.5900493
5.714,129.15,0.00524349,2.590651
5.715,129.18,0.005244708,2.5912528
5.716,129.21,0.005245926,2.5918546
5.7170005,129.24,0.005247144,2.5924563
5.718,129.27,0.005248362,2.593058
5.719,129.3,0.00524958,2.5936599
5.72,129.33,0.005250798,2.594262
5.721,129.36,0.005252016,2.5948637
5.722,129.39,0.005253234,2.5954654
5.7230005,129.42,0.005254452,2.5960672
5.724,129.45,0.00525567,2.596669
5.725,129.48,0.005256888,2.5972707
5.726,129.51,0.005258106,2.5978725
5.727,129.54,0.005259324,2.5984743
5.728,129.57,0.005260542,2.599076
5.729,129.6,0.00526176,2.5996778
5.73,129.63,0.005262978,2.6002796
5.7309995,129.66,0.005264196,2.6008813
5.732,129.69,0.005265414,2.601483
5.733,129.72,0.005266632,2.6020849
5.734,129.75,0.00526785,2.6026866
5.735,129.78,0.005269068,2.6032884
5.736,129.81,0.005270286,2.6038902
5.7369995,129.84,0.005271504,2.604492
5.738,129.87,0.005272722,2.6050937
5.739,129.9,0.00527394,2.6056955
5.74,129.93,0.005275158,2.6062973
5.741,129.96,0.005276376,2.606899
5.742,129.99,0.005277594,2.6075008
5.7430005,130.02,0.005278812,2.6081026
5.744,130.05,0.00528003,2.6087043
5.745,130.08,0.005281248,2.609306
5.746,130.11,0.005282466,2.6099079
5.747,130.14,0.005283684,2.6105099
5.748,130.17,0.005284902,2.6111116
5.7490005,130.2,0.00528612,2.6117134
5.75,130.23,0.005287338,2.6123152
5.7509995,130.26,0.005288556,2.612917
5.752,130.29,0.005289774,2.6135187
5.753,130.32,0.005290992,2.6141205
5.754,130.35,0.00529221,2.6147223
5.755,130.38,0.005293428,2.615324
5.756,130.41,0.005294646,2.6159258
5.7569995,130.44,0.005295864,2.6165276
5.758,130.47,0.005297082,2.6171293
5.759,130.5,0.0052983,2.617731
5.76,130.53,0.005299518,2.6183329
5.761,130.56,0.005300736,2.6189346
5.762,130.59,0.005301954,2.6195364
5.7630005,130.62,0.005303172,2.6201382
5.764,130.65,0.00530439,2.62074
5.765,130.68,0.005305608,2.6213417
5.766,130.71,0.005306826,2.6219435
5.767,130.74,0.005308044,2.6225452
5.768,130.77,0.005309262,2.623147
5.7690005,130.8,0.00531048,2.6237488
5.77,130.83,0.005311698,2.6243505
5.771,130.86,0.005312916,2.6249523
5.772,130.89,0.005314134,2.625554
5.773,130.92,0.005315352,2.6261559
5.774,130.95,0.00531657,2.6267576
5.775,130.98,0.005317788,2.6273596
5.776,131.01,0.005319006,2.6279614
5.7769995,131.04,0.005320224,2.6285632
5.778,131.07,0.005321442,2.629165
5.779,131.1,0.00532266,2.6297667
5.78,131.13,0.005323878,2.6303685
5.781,131.16,0.005325096,2.6309702
5.782,131.19,0.005326314,2.631572
5.7829995,131.22,0.005327532,2.6321738
5.784,131.25,0.00532875,2.6327755
5.785,131.28,0.005329968,2.6333773
5.786,131.31,0.005331186,2.633979
5.787,131.34,0.005332404,2.6345809
5.788,131.37,0.005333622,2.6351826
5.7890005,131.4,0.00533484,2.6357844
5.79,131.43,0.005336058,2.6363862
5.791,131.46,0.005337276,2.636988
5.792,131.49,0.005338494,2.6375897
5.793,131.52,0.005339712,2.6381915
5.794,131.55,0.00534093,2.6387932
5.7950006,131.58,0.005342148,2.639395
5.796,131.61,0.005343366,2.6399968
5.7969995,131.64,0.005344584,2.6405985
5.798,131.67,0.005345802,2.6412003
5.799,131.7,0.00534702,2.641802
5.8,131.73,0.005348238,2.6424038
5.801,131.76,0.005349456,2.6430056
5.802,131.79,0.005350674,2.6436076
5.8029995,131.82,0.005351892,2.6442094
5.804,131.85,0.00535311,2.6448112
5.805,131.88,0.005354328,2.645413
5.806,131.91,0.005355546,2.6460147
5.807,131.94,0.005356764,2.6466165
5.808,131.97,0.005357982,2.6472182
5.8090005,132.0,0.0053592,2.64782
5.81,132.03,0.005360418,2.6484218
5.811,132.06,0.005361636,2.6490235
5.812,132.09,0.005362854,2.6496253
5.813,132.12,0.005364072,2.650227
5.814,132.15,0.00536529,2.6508288
5.8150005,132.18,0.005366508,2.6514306
5.816,132.21,0.005367726,2.6520324
5.817,132.24,0.005368944,2.6526341
5.818,132.27,0.005370162,2.653236
5.819,132.3,0.00537138,2.6538377
5.82,132.33,0.005372598,2.6544394
5.821,132.36,0.005373816,2.6550412
5.822,132.39,0.005375034,2.655643
5.8229995,132.42,0.005376252,2.6562448
5.824,132.45,0.00537747,2.6568465
5.825,132.48,0.005378688,2.6574483
5.826,132.51,0.005379906,2.65805
5.827,132.54,0.005381124,2.6586518
5.828,132.57,0.005382342,2.6592536
5.8289995,132.6,0.00538356,2.6598556
5.83,132.63,0.005384778,2.6604574
5.831,132.66,0.005385996,2.6610591
5.832,132.69,0.005387214,2.661661
5.833,132.72,0.005388432,2.6622627
5.834,132.75,0.00538965,2.6628644
5.8350005,132.78,0.005390868,2.6634662
5.836,132.81,0.005392086,2.664068
5.837,132.84,0.005393304,2.6646698
5.838,132.87,0.005394522,2.6652715
5.839,132.9,0.00539574,2.6658733
5.84,132.93,0.005396958,2.666475
5.8410006,132.96,0.005398176,2.6670768
5.842,132.99,0.005399394,2.6676786
5.8429995,133.02,0.005400612,2.6682804
5.844,133.05,0.00540183,2.6688821
5.845,133.08,0.005403048,2.669484
5.846,133.11,0.005404266,2.6700857
5.847,133.14,0.005405484,2.6706874
5.848,133.17,0.005406702,2.6712892
5.8489995,133.2,0.00540792,2.671891
5.85,133.23,0.005409138,2.6724927
5.851,133.26,0.005410356,2.6730945
5.852,133.29,0.005411574,2.6736963
5.853,133.32,0.005412792,2.674298
5.854,133.35,0.00541401,2.6748998
5.8550005,133.38,0.005415228,2.6755016
5.856,133.41,0.005416446,2.6761036
5.857,133.44,0.005417664,2.6767054
5.858,133.47,0.005418882,2.6773071
5.859,133.5,0.0054201,2.677909
5.86,133.53,0.005421318,2.6785107
5.8610005,133.56,0.005422536,2.6791124
5.862,133.59,0.005423754,2.6797142
5.863,133.62,0.005424972,2.680316
5.864,133.65,0.00542619,2.6809177
5.865,133.68,0.005427408,2.6815195
5.866,133.71,0.005428626,2.6821213
5.867,133.74,0.005429844,2.682723
5.868,133.77,0.005431062,2.6833248
5.8689995,133.8,0.00543228,2.6839266
5.87,133.83,0.005433498,2.6845284
5.871,133.86,0.005434716,2.6851301
5.872,133.89,0.005435934,2.685732
5.873,133.92,0.005437152,2.6863337
5.874,133.95,0.00543837,2.6869354
5.8750005,133.98,0.005439588,2.6875372
5.876,134.01,0.005440806,2.688139
5.877,134.04,0.005442024,2.6887407
5.878,134.07,0.005443242,2.6893425
5.879,134.1,0.00544446,2.6899443
5.88,134.13,0.005445678,2.690546
5.8810005,134.16,0.005446896,2.6911478
5.882,134.19,0.005448114,2.6917496
5.883,134.22,0.005449332,2.6923516
5.884,134.25,0.00545055,2.6929533
5.885,134.28,0.005451768,2.693555
5.886,134.31,0.005452986,2.694157
5.887,134.34,0.005454204,2.6947587
5.888,134.37,0.005455422,2.6953604
5.8889995,134.4,0.00545664,2.6959622
5.89,134.43,0.005457858,2.696564
5.891,134.46,0.005459076,2.6971657
5.892,134.49,0.005460294,2.6977675
5.893,134.52,0.005461512,2.6983693
5.894,134.55,0.00546273,2.698971
5.8949995,134.58,0.005463948,2.6995728
5.896,134.61,0.005465166,2.7001746
5.897,134.64,0.005466384,2.7007763
5.898,134.67,0.005467602,2.701378
5.899,134.7,0.00546882,2.7019799
5.9,134.73,0.005470038,2.7025816
5.9010005,134.76,0.005471256,2.7031834
5.902,134.79,0.005472474,2.7037852
5.903,134.82,0.005473692,2.704387
5.904,134.85,0.00547491,2.7049887
5.905,134.88,0.005476128,2.7055905
5.906,134.91,0.005477346,2.7061923
5.9070005,134.94,0.005478564,2.706794
5.908,134.97,0.005479782,2.7073958
5.9089994,135.0,0.005481,2.7079976
5.91,135.03,0.005482218,2.7085993
5.911,135.06,0.005483436,2.7092013
5.912,135.09,0.005484654,2.709803
5.913,135.12,0.005485872,2.7104049
5.914,135.15,0.00548709,2.7110066
5.9149995,135.18,0.005488308,2.7116084
5.916,135.21,0.005489526,2.7122102
5.917,135.24,0.005490744,2.712812
5.918,135.27,0.005491962,2.7134137
5.919,135.3,0.00549318,2.7140155
5.92,135.33,0.005494398,2.7146173
5.9210005,135.36,0.005495616,2.715219
5.922,135.39,0.005496834,2.7158208
5.923,135.42,0.005498052,2.7164226
5.924,135.45,0.00549927,2.7170243
5.925,135.48,0.005500488,2.717626
5.926,135.51,0.005501706,2.7182279
5.9270005,135.54,0.005502924,2.7188296
5.928,135.57,0.005504142,2.7194314
5.929,135.6,0.00550536,2.7200332
5.93,135.63,0.005506578,2.720635
5.931,135.66,0.005507796,2.7212367
5.932,135.69,0.005509014,2.7218385
5.933,135.72,0.005510232,2.7224402
5.934,135.75,0.00551145,2.723042
5.9349995,135.78,0.005512668,2.7236438
5.936,135.81,0.005513886,2.7242455
5.937,135.84,0.005515104,2.7248473
5.938,135.87,0.005516322,2.7254493
5.939,135.9,0.00551754,2.726051
5.94,135.93,0.005518758,2.7266529
5.9409995,135.96,0.005519976,2.7272546
5.942,135.99,0.005521194,2.7278564
5.943,136.02,0.005522412,2.7284582
5.944,136.05,0.00552363,2.72906
5.945,136.08,0.005524848,2.7296617
5.946,136.11,0.005526066,2.7302635
5.9470005,136.14,0.005527284,2.7308652
5.948,136.17,0.005528502,2.731467
5.949,136.2,0.00552972,2.7320688
5.95,136.23,0.005530938,2.7326705
5.951,136.26,0.005532156,2.7332723
5.952,136.29,0.005533374,2.733874
5.9530005,136.32,0.005534592,2.7344759
5.954,136.35,0.00553581,2.7350776
5.9549994,136.38,0.005537028,2.7356794
5.956,136.41,0.005538246,2.7362812
5.957,136.44,0.005539464,2.736883
5.958,136.47,0.005540682,2.7374847
5.959,136.5,0.0055419,2.7380865
5.96,136.53,0.005543118,2.7386882
5.9609995,136.56,0.005544336,2.73929
5.962,136.59,0.005545554,2.7398918
5.963,136.62,0.005546772,2.7404935
5.964,136.65,0.00554799,2.7410953
5.965,136.68,0.005549208,2.7416973
5.966,136.71,0.005550426,2.742299
5.9670005,136.74,0.005551644,2.7429008
5.968,136.77,0.005552862,2.7435026
5.969,136.8,0.00555408,2.7441044
5.97,136.83,0.005555298,2.7447062
5.971,136.86,0.005556516,2.745308
5.972,136.89,0.005557734,2.7459097
5.9730005,136.92,0.005558952,2.7465115
5.974,136.95,0.00556017,2.7471132
5.975,136.98,0.005561388,2.747715
5.976,137.01,0.005562606,2.7483168
5.977,137.04,0.005563824,2.7489185
5.978,137.07,0.005565042,2.7495203
5.979,137.1,0.00556626,2.750122
5.98,137.13,0.005567478,2.7507238
5.9809995,137.16,0.005568696,2.7513256
5.982,137.19,0.005569914,2.7519274
5.983,137.22,0.005571132,2.7525291
5.984,137.25,0.00557235,2.753131
5.985,137.28,0.005573568,2.7537327
5.986,137.31,0.005574786,2.7543344
5.9869995,137.34,0.005576004,2.7549362
5.988,137.37,0.005577222,2.755538
5.989,137.4,0.00557844,2.7561398
5.99,137.43,0.005579658,2.7567415
5.991,137.46,0.005580876,2.7573433
5.992,137.49,0.005582094,2.7579453
5.9930005,137.52,0.005583312,2.758547
5.994,137.55,0.00558453,2.7591488
5.995,137.58,0.005585748,2.7597506
5.996,137.61,0.005586966,2.7603524
5.997,137.64,0.005588184,2.7609541
5.998,137.67,0.005589402,2.761556
5.9990005,137.7,0.00559062,2.7621577
6.0,137.73,0.005591838,2.7627594
6.0009995,137.76,0.005593056,2.7633612
6.002,137.79,0.005594274,2.763963
6.003,137.82,0.005595492,2.7645648
6.004,137.85,0.00559671,2.7651665
6.005,137.88,0.005597928,2.7657683
6.006,137.91,0.005599146,2.76637
6.0069995,137.94,0.005600364,2.7669718
6.008,137.97,0.005601582,2.7675736
6.009,138.0,0.0056028,2.7681754
6.01,138.03,0.005604018,2.7687771
6.011,138.06,0.005605236,2.769379
6.012,138.09,0.005606454,2.7699807
6.0130005,138.12,0.005607672,2.7705824
6.014,138.15,0.00560889,2.7711842
6.015,138.18,0.005610108,2.771786
6.016,138.21,0.005611326,2.7723877
6.017,138.24,0.005612544,2.7729895
6.018,138.27,0.005613762,2.7735913
6.0190005,138.3,0.00561498,2.7741933
6.02,138.33,0.005616198,2.774795
6.021,138.36,0.005617416,2.7753968
6.022,138.39,0.005618634,2.7759986
6.023,138.42,0.005619852,2.7766004
6.024,138.45,0.00562107,2.7772021
6.025,138.48,0.005622288,2.777804
6.026,138.51,0.005623506,2.7784057
6.0269995,138.54,0.005624724,2.7790074
6.028,138.57,0.005625942,2.7796092
6.029,138.6,0.00562716,2.780211
6.03,138.63,0.005628378,2.7808127
6.031,138.66,0.005629596,2.7814145
6.032,138.69,0.005630814,2.7820163
6.0329995,138.72,0.005632032,2.782618
6.034,138.75,0.00563325,2.7832198
6.035,138.78,0.005634468,2.7838216
6.036,138.81,0.005635686,2.7844234
6.037,138.84,0.005636904,2.7850251
6.038,138.87,0.005638122,2.785627
6.0390005,138.9,0.00563934,2.7862287
6.04,138.93,0.005640558,2.7868304
6.041,138.96,0.005641776,2.7874322
6.042,138.99,0.005642994,2.788034
6.043,139.02,0.005644212,2.7886357
6.044,139.05,0.00564543,2.7892375
6.0450006,139.08,0.005646648,2.7898393
6.046,139.11,0.005647866,2.790441
6.0469995,139.14,0.005649084,2.791043
6.048,139.17,0.005650302,2.7916448
6.049,139.2,0.00565152,2.7922466
6.05,139.23,0.005652738,2.7928483
6.051,139.26,0.005653956,2.79345
6.052,139.29,0.005655174,2.794052
6.0529995,139.32,0.005656392,2.7946537
6.054,139.35,0.00565761,2.7952554
6.055,139.38,0.005658828,2.7958572
6.056,139.41,0.005660046,2.796459
6.057,139.44,0.005661264,2.7970607
6.058,139.47,0.005662482,2.7976625
6.0590005,139.5,0.0056637,2.7982643
6.06,139.53,0.005664918,2.798866
6.061,139.56,0.005666136,2.7994678
6.062,139.59,0.005667354,2.8000696
6.063,139.62,0.005668572,2.8006713
6.064,139.65,0.00566979,2.801273
6.0650005,139.68,0.005671008,2.8018749
6.066,139.71,0.005672226,2.8024766
6.067,139.74,0.005673444,2.8030784
6.068,139.77,0.005674662,2.8036802
6.069,139.8,0.00567588,2.804282
6.07,139.83,0.005677098,2.8048837
6.071,139.86,0.005678316,2.8054855
6.072,139.89,0.005679534,2.8060873
6.0729995,139.92,0.005680752,2.806689
6.074,139.95,0.00568197,2.807291
6.075,139.98,0.005683188,2.8078928
6.076,140.01,0.005684406,2.8084946
6.077,140.04,0.005685624,2.8090963
6.078,140.07,0.005686842,2.809698
6.0789995,140.1,0.00568806,2.8102999
6.08,140.13,0.005689278,2.8109016
6.081,140.16,0.005690496,2.8115034
6.082,140.19,0.005691714,2.8121052
6.083,140.22,0.005692932,2.812707
6.084,140.25,0.00569415,2.8133087
6.0850005,140.28,0.005695368,2.8139105
6.086,140.31,0.005696586,2.8145123
6.087,140.34,0.005697804,2.815114
6.088,140.37,0.005699022,2.8157158
6.089,140.4,0.00570024,2.8163176
6.09,140.43,0.005701458,2.8169193
6.0910006,140.46,0.005702676,2.817521
6.092,140.49,0.005703894,2.8181229
6.0929995,140.52,0.005705112,2.8187246
6.094,140.55,0.00570633,2.8193264
6.095,140.58,0.005707548,2.8199282
6.096,140.61,0.005708766,2.82053
6.097,140.64,0.005709984,2.8211317
6.098,140.67,0.005711202,2.8217335
6.0989995,140.7,0.00571242,2.8223352
6.1,140.73,0.005713638,2.822937
6.101,140.76,0.005714856,2.823539
6.102,140.79,0.005716074,2.8241408
6.103,140.82,0.005717292,2.8247426
6.104,140.85,0.00571851,2.8253443
6.1050005,140.88,0.005719728,2.825946
6.106,140.91,0.005720946,2.8265479
6.107,140.94,0.005722164,2.8271496
6.108,140.97,0.005723382,2.8277514
6.109,141.0,0.0057246,2.8283532
6.11,141.03,0.005725818,2.828955
6.1110005,141.06,0.005727036,2.8295567
6.112,141.09,0.005728254,2.8301585
6.113,141.12,0.005729472,2.8307602
6.114,141.15,0.00573069,2.831362
6.115,141.18,0.005731908,2.8319638
6.116,141.21,0.005733126,2.8325655
6.117,141.24,0.005734344,2.8331673
6.118,141.27,0.005735562,2.833769
6.1189995,141.3,0.00573678,2.8343709
6.12,141.33,0.005737998,2.8349726
6.121,141.36,0.005739216,2.8355744
6.122,141.39,0.005740434,2.8361762
6.123,141.42,0.005741652,2.836778
6.124,141.45,0.00574287,2.8373797
6.1249995,141.48,0.005744088,2.8379815
6.126,141.51,0.005745306,2.8385832
6.127,141.54,0.005746524,2.839185
6.128,141.57,0.005747742,2.839787
6.129,141.6,0.00574896,2.8403888
6.13,141.63,0.005750178,2.8409905
6.1310005,141.66,0.005751396,2.8415923
6.132,141.69,0.005752614,2.842194
6.133,141.72,0.005753832,2.8427958
6.134,141.75,0.00575505,2.8433976
6.135,141.78,0.005756268,2.8439994
6.136,141.81,0.005757486,2.8446012
6.137,141.84,0.005758704,2.845203
6.138,141.87,0.005759922,2.8458047
6.1389995,141.9,0.00576114,2.8464065
6.14,141.93,0.005762358,2.8470082
6.141,141.96,0.005763576,2.84761
6.142,141.99,0.005764794,2.8482118
6.143,142.02,0.005766012,2.8488135
6.144,142.05,0.00576723,2.8494153
6.1449995,142.08,0.005768448,2.850017
6.146,142.11,0.005769666,2.8506188
6.147,142.14,0.005770884,2.8512206
6.148,142.17,0.005772102,2.8518224
6.149,142.2,0.00577332,2.8524241
6.15,142.23,0.005774538,2.853026
6.1510005,142.26,0.005775756,2.8536277
6.152,142.29,0.005776974,2.8542295
6.153,142.32,0.005778192,2.8548312
6.154,142.35,0.00577941,2.855433
6.155,142.38,0.005780628,2.856035
6.156,142.41,0.005781846,2.8566368
6.1570005,142.44,0.005783064,2.8572385
6.158,142.47,0.005784282,2.8578403
6.1589994,142.5,0.0057855,2.858442
6.16,142.53,0.005786718,2.8590438
6.161,142.56,0.005787936,2.8596456
6.162,142.59,0.005789154,2.8602474
6.163,142.62,0.005790372,2.8608491
6.164,142.65,0.00579159,2.861451
6.1649995,142.68,0.005792808,2.8620527
6.166,142.71,0.005794026,2.8626544
6.167,142.74,0.005795244,2.8632562
6.168,142.77,0.005796462,2.863858
6.169,142.8,0.00579768,2.8644598
6.17,142.83,0.005798898,2.8650615
6.1710005,142.86,0.005800116,2.8656633
6.172,142.89,0.005801334,2.866265
6.173,142.92,0.005802552,2.8668668
6.174,142.95,0.00580377,2.8674686
6.175,142.98,0.005804988,2.8680704
6.176,143.01,0.005806206,2.8686721
6.1770005,143.04,0.005807424,2.869274
6.178,143.07,0.005808642,2.8698757
6.179,143.1,0.00580986,2.8704774
6.18,143.13,0.005811078,2.8710792
6.181,143.16,0.005812296,2.871681
6.182,143.19,0.005813514,2.8722827
6.183,143.22,0.005814732,2.8728848
6.184,143.25,0.00581595,2.8734865
6.1849995,143.28,0.005817168,2.8740883
6.186,143.31,0.005818386,2.87469
6.187,143.34,0.005819604,2.8752918
6.188,143.37,0.005820822,2.8758936
6.189,143.4,0.00582204,2.8764954
6.19,143.43,0.005823258,2.8770971
6.1909995,143.46,0.005824476,2.877699
6.192,143.49,0.005825694,2.8783007
6.193,143.52,0.005826912,2.8789024
6.194,143.55,0.00582813,2.8795042
6.195,143.58,0.005829348,2.880106
6.196,143.61,0.005830566,2.8807077
6.1970005,143.64,0.005831784,2.8813095
6.198,143.67,0.005833002,2.8819113
6.199,143.7,0.00583422,2.882513
6.2,143.73,0.005835438,2.8831148
6.201,143.76,0.005836656,2.8837166
6.202,143.79,0.005837874,2.8843184
6.2030005,143.82,0.005839092,2.8849201
6.204,143.85,0.00584031,2.885522
6.2049994,143.88,0.005841528,2.8861237
6.206,143.91,0.005842746,2.8867254
6.207,143.94,0.005843964,2.8873272
6.208,143.97,0.005845182,2.887929
6.209,144.0,0.0058464,2.8885307
6.21,144.03,0.005847618,2.8891327
6.2109995,144.06,0.005848836,2.8897345
6.212,144.09,0.005850054,2.8903363
6.213,144.12,0.005851272,2.890938
6.214,144.15,0.00585249,2.8915398
6.215,144.18,0.005853708,2.8921416
6.216,144.21,0.005854926,2.8927433
6.2170005,144.24,0.005856144,2.893345
6.218,144.27,0.005857362,2.893947
6.219,144.3,0.00585858,2.8945487
6.22,144.33,0.005859798,2.8951504
6.221,144.36,0.005861016,2.8957522
6.222,144.39,0.005862234,2.896354
6.2230005,144.42,0.005863452,2.8969557
6.224,144.45,0.00586467,2.8975575
6.225,144.48,0.005865888,2.8981593
6.226,144.51,0.005867106,2.898761
6.227,144.54,0.005868324,2.8993628
6.228,144.57,0.005869542,2.8999646
6.229,144.6,0.00587076,2.9005663
6.23,144.63,0.005871978,2.901168
6.2309995,144.66,0.005873196,2.9017699
6.232,144.69,0.005874414,2.9023716
6.233,144.72,0.005875632,2.9029734
6.234,144.75,0.00587685,2.9035752
6.235,144.78,0.005878068,2.904177
6.236,144.81,0.005879286,2.9047787
6.2369995,144.84,0.005880504,2.9053807
6.238,144.87,0.005881722,2.9059825
6.239,144.9,0.00588294,2.9065843
6.24,144.93,0.005884158,2.907186
6.241,144.96,0.005885376,2.9077878
6.242,144.99,0.005886594,2.9083896
6.2430005,145.02,0.005887812,2.9089913
6.244,145.05,0.00588903,2.909593
6.245,145.08,0.005890248,2.9101949
6.246,145.11,0.005891466,2.9107966
6.247,145.14,0.005892684,2.9113984
6.248,145.17,0.005893902,2.9120002
6.2490005,145.2,0.00589512,2.912602
6.25,145.23,0.005896338,2.9132037
6.2509995,145.26,0.005897556,2.9138055
6.252,145.29,0.005898774,2.9144073
6.253,145.32,0.005899992,2.915009
6.254,145.35,0.00590121,2.9156108
6.255,145.38,0.005902428,2.9162126
6.256,145.41,0.005903646,2.9168143
6.2569995,145.44,0.005904864,2.917416
6.258,145.47,0.005906082,2.9180179
6.259,145.5,0.0059073,2.9186196
6.26,145.53,0.005908518,2.9192214
6.261,145.56,0.005909736,2.9198232
6.262,145.59,0.005910954,2.920425
6.2630005,145.62,0.005912172,2.9210267
6.264,145.65,0.00591339,2.9216287
6.265,145.68,0.005914608,2.9222305
6.266,145.71,0.005915826,2.9228323
6.267,145.74,0.005917044,2.923434
6.268,145.77,0.005918262,2.9240358
6.2690005,145.8,0.00591948,2.9246376
6.27,145.83,0.005920698,2.9252393
6.271,145.86,0.005921916,2.925841
6.272,145.89,0.005923134,2.9264429
6.273,145.92,0.005924352,2.9270446
6.274,145.95,0.00592557,2.9276464
6.275,145.98,0.005926788,2.9282482
6.276,146.01,0.005928006,2.92885
6.2769995,146.04,0.005929224,2.9294517
6.278,146.07,0.005930442,2.9300535
6.279,146.1,0.00593166,2.9306552
6.28,146.13,0.005932878,2.931257
6.281,146.16,0.005934096,2.9318588
6.282,146.19,0.005935314,2.9324605
6.2829995,146.22,0.005936532,2.9330623
6.284,146.25,0.00593775,2.933664
6.285,146.28,0.005938968,2.9342659
6.286,146.31,0.005940186,2.9348676
6.287,146.34,0.005941404,2.9354694
6.288,146.37,0.005942622,2.9360712
6.2890005,146.4,0.00594384,2.936673
6.29,146.43,0.005945058,2.9372747
6.291,146.46,0.005946276,2.9378767
6.292,146.49,0.005947494,2.9384785
6.293,146.52,0.005948712,2.9390802
6.294,146.55,0.00594993,2.939682
6.2950006,146.58,0.005951148,2.9402838
6.296,146.61,0.005952366,2.9408855
6.2969995,146.64,0.005953584,2.9414873
6.298,146.67,0.005954802,2.942089
6.299,146.7,0.00595602,2.9426908
6.3,146.73,0.005957238,2.9432926
6.301,146.76,0.005958456,2.9438944
6.302,146.79,0.005959674,2.9444962
6.3029995,146.82,0.005960892,2.945098
6.304,146.85,0.00596211,2.9456997
6.305,146.88,0.005963328,2.9463015
6.306,146.91,0.005964546,2.9469032
6.307,146.94,0.005965764,2.947505
6.308,146.97,0.005966982,2.9481068
6.3090005,147.0,0.0059682,2.9487085
6.31,147.03,0.005969418,2.9493103
6.311,147.06,0.005970636,2.949912
6.312,147.09,0.005971854,2.9505138
6.313,147.12,0.005973072,2.9511156
6.314,147.15,0.00597429,2.9517174
6.3150005,147.18,0.005975508,2.9523191
6.316,147.21,0.005976726,2.952921
6.317,147.24,0.005977944,2.9535227
6.318,147.27,0.005979162,2.9541245
6.319,147.3,0.00598038,2.9547265
6.32,147.33,0.005981598,2.9553282
6.321,147.36,0.005982816,2.95593
6.322,147.39,0.005984034,2.9565318
6.3229995,147.42,0.005985252,2.9571335
6.324,147.45,0.00598647,2.9577353
6.325,147.48,0.005987688,2.958337
6.326,147.51,0.005988906,2.9589388
6.327,147.54,0.005990124,2.9595406
6.328,147.57,0.005991342,2.9601424
6.3289995,147.6,0.00599256,2.9607441
6.33,147.63,0.005993778,2.961346
6.331,147.66,0.005994996,2.9619477
6.332,147.69,0.005996214,2.9625494
6.333,147.72,0.005997432,2.9631512
6.334,147.75,0.00599865,2.963753
6.3350005,147.78,0.005999868,2.9643548
6.336,147.81,0.006001086,2.9649565
6.337,147.84,0.006002304,2.9655583
6.338,147.87,0.006003522,2.96616
6.339,147.9,0.00600474,2.9667618
6.34,147.93,0.006005958,2.9673636
6.3410006,147.96,0.006007176,2.9679654
6.342,147.99,0.006008394,2.9685671
6.3429995,148.02,0.006009612,2.969169
6.344,148.05,0.00601083,2.9697707
6.345,148.08,0.006012048,2.9703724
6.346,148.11,0.006013266,2.9709744
6.347,148.14,0.006014484,2.9715762
6.348,148.17,0.006015702,2.972178
6.3489995,148.2,0.00601692,2.9727798
6.35,148.23,0.006018138,2.9733815
6.351,148.26,0.006019356,2.9739833
6.352,148.29,0.006020574,2.974585
6.353,148.32,0.006021792,2.9751868
6.354,148.35,0.00602301,2.9757886
6.3550005,148.38,0.006024228,2.9763904
6.356,148.41,0.006025446,2.9769921
6.357,148.44,0.006026664,2.977594
6.358,148.47,0.006027882,2.9781957
6.359,148.5,0.0060291,2.9787974
6.36,148.53,0.006030318,2.9793992
6.3610005,148.56,0.006031536,2.980001
6.362,148.59,0.006032754,2.9806027
6.363,148.62,0.006033972,2.9812045
6.364,148.65,0.00603519,2.9818063
6.365,148.68,0.006036408,2.982408
6.366,148.71,0.006037626,2.9830098
6.367,148.74,0.006038844,2.9836116
6.368,148.77,0.006040062,2.9842134
6.3689995,148.8,0.00604128,2.9848151
6.37,148.83,0.006042498,2.985417
6.371,148.86,0.006043716,2.9860187
6.372,148.89,0.006044934,2.9866204
6.373,148.92,0.006046152,2.9872224
6.374,148.95,0.00604737,2.9878242
6.3750005,148.98,0.006048588,2.988426
6.376,149.01,0.006049806,2.9890277
6.377,149.04,0.006051024,2.9896295
6.378,149.07,0.006052242,2.9902313
6.379,149.1,0.00605346,2.990833
6.38,149.13,0.006054678,2.9914348
6.3810005,149.16,0.006055896,2.9920366
6.382,149.19,0.006057114,2.9926383
6.383,149.22,0.006058332,2.99324
6.384,149.25,0.00605955,2.993842
6.385,149.28,0.006060768,2.9944437
6.386,149.31,0.006061986,2.9950454
6.387,149.34,0.006063204,2.9956472
6.388,149.37,0.006064422,2.996249
6.3889995,149.4,0.00606564,2.9968507
6.39,149.43,0.006066858,2.9974525
6.391,149.46,0.006068076,2.9980543
6.392,149.49,0.006069294,2.998656
6.393,149.52,0.006070512,2.9992578
6.394,149.55,0.00607173,2.9998596
6.3949995,149.58,0.006072948,3.0004613
6.396,149.61,0.006074166,3.001063
6.397,149.64,0.006075384,3.0016649
6.398,149.67,0.006076602,3.0022666
6.399,149.7,0.00607782,3.0028684
6.4,149.73,0.006079038,3.0034704
6.4010005,149.76,0.006080256,3.0040722
6.402,149.79,0.006081474,3.004674
6.403,149.82,0.006082692,3.0052757
6.404,149.85,0.00608391,3.0058775
6.405,149.88,0.006085128,3.0064793
6.406,149.91,0.006086346,3.007081
6.4070005,149.94,0.006087564,3.0076828
6.408,149.97,0.006088782,3.0082846
6.4089994,150.0,0.00609,3.0088863
6.41,150.03,0.006091218,3.009488
6.411,150.06,0.006092436,3.0100899
6.412,150.09,0.006093654,3.0106916
6.413,150.12,0.006094872,3.0112934
6.414,150.15,0.00609609,3.0118952
6.4149995,150.18,0.006097308,3.012497
6.416,150.21,0.006098526,3.0130987
6.417,150.24,0.006099744,3.0137005
6.418,150.27,0.006100962,3.0143023
6.419,150.3,0.00610218,3.014904
6.42,150.33,0.006103398,3.0155058
6.4210005,150.36,0.006104616,3.0161076
6.422,150.39,0.006105834,3.0167093
6.423,150.42,0.006107052,3.017311
6.424,150.45,0.00610827,3.0179129
6.425,150.48,0.006109488,3.0185146
6.426,150.51,0.006110706,3.0191164
6.4270005,150.54,0.006111924,3.0197184
6.428,150.57,0.006113142,3.0203202
6.429,150.6,0.00611436,3.020922
6.43,150.63,0.006115578,3.0215237
6.431,150.66,0.006116796,3.0221255
6.432,150.69,0.006118014,3.0227273
6.433,150.72,0.006119232,3.023329
6.434,150.75,0.00612045,3.0239308
6.4349995,150.78,0.006121668,3.0245326
6.436,150.81,0.006122886,3.0251343
6.437,150.84,0.006124104,3.025736
6.438,150.87,0.006125322,3.0263379
6.439,150.9,0.00612654,3.0269396
6.44,150.93,0.006127758,3.0275414
6.4409995,150.96,0.006128976,3.0281432
6.442,150.99,0.006130194,3.028745
6.443,151.02,0.006131412,3.0293467
6.444,151.05,0.00613263,3.0299485
6.445,151.08,0.006133848,3.0305502
6.446,151.11,0.006135066,3.031152
6.4470005,151.14,0.006136284,3.0317538
6.448,151.17,0.006137502,3.0323555
6.449,151.2,0.00613872,3.0329573
6.45,151.23,0.006139938,3.033559
6.451,151.26,0.006141156,3.0341609
6.452,151.29,0.006142374,3.0347626
6.4530005,151.32,0.006143592,3.0353644
6.454,151.35,0.00614481,3.0359662
6.4549994,151.38,0.006146028,3.0365682
6.456,151.41,0.006147246,3.03717
6.457,151.44,0.006148464,3.0377717
6.458,151.47,0.006149682,3.0383735
6.459,151.5,0.0061509,3.0389752
6.46,151.53,0.006152118,3.039577
6.4609995,151.56,0.006153336,3.0401788
6.462,151.59,0.006154554,3.0407805
6.463,151.62,0.006155772,3.0413823
6.464,151.65,0.00615699,3.041984
6.465,151.68,0.006158208,3.0425858
6.466,151.71,0.006159426,3.0431876
6.4670005,151.74,0.006160644,3.0437894
6.468,151.77,0.006161862,3.0443912
6.469,151.8,0.00616308,3.044993
6.47,151.83,0.006164298,3.0455947
6.471,151.86,0.006165516,3.0461965
6.472,151.89,0.006166734,3.0467982
6.4730005,151.92,0.006167952,3.0474
6.474,151.95,0.00616917,3.0480018
6.475,151.98,0.006170388,3.0486035
6.476,152.01,0.006171606,3.0492053
6.477,152.04,0.006172824,3.049807
6.478,152.07,0.006174042,3.0504088
6.479,152.1,0.00617526,3.0510106
6.48,152.13,0.006176478,3.0516124
6.4809995,152.16,0.006177696,3.0522141
6.482,152.19,0.006178914,3.0528162
6.483,152.22,0.006180132,3.053418
6.484,152.25,0.00618135,3.0540197
6.485,152.28,0.006182568,3.0546215
6.486,152.31,0.006183786,3.0552232
6.4869995,152.34,0.006185004,3.055825
6.488,152.37,0.006186222,3.0564268
6.489,152.4,0.00618744,3.0570285
6.49,152.43,0.006188658,3.0576303
6.491,152.46,0.006189876,3.058232
6.492,152.49,0.006191094,3.0588338
6.4930005,152.52,0.006192312,3.0594356
6.494,152.55,0.00619353,3.0600374
6.495,152.58,0.006194748,3.0606391
6.496,152.61,0.006195966,3.061241
6.497,152.64,0.006197184,3.0618427
6.498,152.67,0.006198402,3.0624444
6.4990005,152.7,0.00619962,3.0630462
6.5,152.73,0.006200838,3.063648
6.5009995,152.76,0.006202056,3.0642498
6.502,152.79,0.006203274,3.0648515
6.503,152.82,0.006204492,3.0654533
6.504,152.85,0.00620571,3.066055
6.505,152.88,0.006206928,3.0666568
6.506,152.91,0.006208146,3.0672586
6.5069995,152.94,0.006209364,3.0678604
6.508,152.97,0.006210582,3.0684621
6.509,153.0,0.0062118,3.0690641
6.51,153.03,0.006213018,3.069666
6.511,153.06,0.006214236,3.0702677
6.512,153.09,0.006215454,3.0708694
6.5130005,153.12,0.006216672,3.0714712
6.514,153.15,0.00621789,3.072073
6.515,153.18,0.006219108,3.0726748
6.516,153.21,0.006220326,3.0732765
6.517,153.24,0.006221544,3.0738783
6.518,153.27,0.006222762,3.07448
6.5190005,153.3,0.00622398,3.0750818
6.52,153.33,0.006225198,3.0756836
6.521,153.36,0.006226416,3.0762854
6.522,153.39,0.006227634,3.0768871
6.523,153.42,0.006228852,3.077489
6.524,153.45,0.00623007,3.0780907
6.525,153.48,0.006231288,3.0786924
6.526,153.51,0.006232506,3.0792942
6.5269995,153.54,0.006233724,3.079896
6.528,153.57,0.006234942,3.0804977
6.529,153.6,0.00623616,3.0810995
6.53,153.63,0.006237378,3.0817013
6.531,153.66,0.006238596,3.082303
6.532,153.69,0.006239814,3.0829048
6.5329995,153.72,0.006241032,3.0835066
6.534,153.75,0.00624225,3.0841084
6.535,153.78,0.006243468,3.0847101
6.536,153.81,0.006244686,3.0853121
6.537,153.84,0.006245904,3.085914
6.538,153.87,0.006247122,3.0865157
6.5390005,153.9,0.00624834,3.0871174
6.54,153.93,0.006249558,3.0877192
6.541,153.96,0.006250776,3.088321
6.542,153.99,0.006251994,3.0889227
6.543,154.02,0.006253212,3.0895245
6.544,154.05,0.00625443,3.0901263
6.5450006,154.08,0.006255648,3.090728
6.546,154.11,0.006256866,3.0913298
6.5469995,154.14,0.006258084,3.0919316
6.548,154.17,0.006259302,3.0925333
6.549,154.2,0.00626052,3.093135
6.55,154.23,0.006261738,3.093737
6.551,154.26,0.006262956,3.0943387
6.552,154.29,0.006264174,3.0949404
6.5529995,154.32,0.006265392,3.0955422
6.554,154.35,0.00626661,3.096144
6.555,154.38,0.006267828,3.0967457
6.556,154.41,0.006269046,3.0973475
6.557,154.44,0.006270264,3.0979493
6.558,154.47,0.006271482,3.098551
6.5590005,154.5,0.0062727,3.0991528
6.56,154.53,0.006273918,3.0997546
6.561,154.56,0.006275136,3.1003563
6.562,154.59,0.006276354,3.100958
6.563,154.62,0.006277572,3.10156
6.564,154.65,0.00627879,3.102162
6.5650005,154.68,0.006280008,3.1027637
6.566,154.71,0.006281226,3.1033654
6.567,154.74,0.006282444,3.1039672
6.568,154.77,0.006283662,3.104569
6.569,154.8,0.00628488,3.1051707
6.57,154.83,0.006286098,3.1057725
6.571,154.86,0.006287316,3.1063743
6.572,154.89,0.006288534,3.106976
6.5729995,154.92,0.006289752,3.1075778
6.574,154.95,0.00629097,3.1081796
6.575,154.98,0.006292188,3.1087813
6.576,155.01,0.006293406,3.109383
6.577,155.04,0.006294624,3.1099849
6.578,155.07,0.006295842,3.1105866
6.5789995,155.1,0.00629706,3.1111884
6.58,155.13,0.006298278,3.1117902
6.581,155.16,0.006299496,3.112392
6.582,155.19,0.006300714,3.1129937
6.583,155.22,0.006301932,3.1135955
6.584,155.25,0.00630315,3.1141973
6.5850005,155.28,0.006304368,3.114799
6.586,155.31,0.006305586,3.1154008
6.587,155.34,0.006306804,3.1160026
6.588,155.37,0.006308022,3.1166043
6.589,155.4,0.00630924,3.117206
6.59,155.43,0.006310458,3.1178079
6.5910006,155.46,0.006311676,3.1184099
6.592,155.49,0.006312894,3.1190116
6.5929995,155.52,0.006314112,3.1196134
6.594,155.55,0.00631533,3.1202152
6.595,155.58,0.006316548,3.120817
6.596,155.61,0.006317766,3.1214187
6.597,155.64,0.006318984,3.1220205
6.598,155.67,0.006320202,3.1226223
6.5989995,155.7,0.00632142,3.123224
6.6,155.73,0.006322638,3.1238258
6.601,155.76,0.006323856,3.1244276
6.602,155.79,0.006325074,3.1250293
6.603,155.82,0.006326292,3.125631
6.604,155.85,0.00632751,3.1262329
6.6050005,155.88,0.006328728,3.1268346
6.606,155.91,0.006329946,3.1274364
6.607,155.94,0.006331164,3.1280382
6.608,155.97,0.006332382,3.12864
6.609,156.0,0.0063336,3.1292417
6.61,156.03,0.006334818,3.1298435
6.6110005,156.06,0.006336036,3.1304452
6.612,156.09,0.006337254,3.131047
6.613,156.12,0.006338472,3.1316488
6.614,156.15,0.00633969,3.1322505
6.615,156.18,0.006340908,3.1328523
6.616,156.21,0.006342126,3.133454
6.617,156.24,0.006343344,3.1340559
6.618,156.27,0.006344562,3.1346579
6.6189995,156.3,0.00634578,3.1352596
6.62,156.33,0.006346998,3.1358614
6.621,156.36,0.006348216,3.1364632
6.622,156.39,0.006349434,3.137065
6.623,156.42,0.006350652,3.1376667
6.624,156.45,0.00635187,3.1382685
6.6249995,156.48,0.006353088,3.1388702
6.626,156.51,0.006354306,3.139472
6.627,156.54,0.006355524,3.1400738
6.628,156.57,0.006356742,3.1406755
6.629,156.6,0.00635796,3.1412773
6.63,156.63,0.006359178,3.141879
6.6310005,156.66,0.006360396,3.1424809
6.632,156.69,0.006361614,3.1430826
6.633,156.72,0.006362832,3.1436844
6.634,156.75,0.00636405,3.1442862
6.635,156.78,0.006365268,3.144888
6.636,156.81,0.006366486,3.1454897
6.637,156.84,0.006367704,3.1460915
6.638,156.87,0.006368922,3.1466932
6.6389995,156.9,0.00637014,3.147295
6.64,156.93,0.006371358,3.1478968
6.641,156.96,0.006372576,3.1484985
6.642,156.99,0.006373794,3.1491003
6.643,157.02,0.006375012,3.149702
6.644,157.05,0.00637623,3.1503038
6.6449995,157.08,0.006377448,3.1509058
6.646,157.11,0.006378666,3.1515076
6.647,157.14,0.006379884,3.1521094
6.648,157.17,0.006381102,3.1527112
6.649,157.2,0.00638232,3.153313
6.65,157.23,0.006383538,3.1539147
6.6510005,157.26,0.006384756,3.1545165
6.652,157.29,0.006385974,3.1551182
6.653,157.32,0.006387192,3.15572
6.654,157.35,0.00638841,3.1563218
6.655,157.38,0.006389628,3.1569235
6.656,157.41,0.006390846,3.1575253
6.6570005,157.44,0.006392064,3.158127
6.658,157.47,0.006393282,3.1587288
6.6589994,157.5,0.0063945,3.1593306
6.66,157.53,0.006395718,3.1599324
6.661,157.56,0.006396936,3.1605341
6.662,157.59,0.006398154,3.161136
6.663,157.62,0.006399372,3.1617377
6.664,157.65,0.00640059,3.1623394
6.6649995,157.68,0.006401808,3.1629412
6.666,157.71,0.006403026,3.163543
6.667,157.74,0.006404244,3.1641448
6.668,157.77,0.006405462,3.1647465
6.669,157.8,0.00640668,3.1653483
6.67,157.83,0.006407898,3.16595
6.6710005,157.86,0.006409116,3.1665518
6.672,157.89,0.006410334,3.1671538
6.673,157.92,0.006411552,3.1677556
6.674,157.95,0.00641277,3.1683574
6.675,157.98,0.006413988,3.1689591
6.676,158.01,0.006415206,3.169561
6.6770005,158.04,0.006416424,3.1701627
6.678,158.07,0.006417642,3.1707644
6.679,158.1,0.00641886,3.1713662
6.68,158.13,0.006420078,3.171968
6.681,158.16,0.006421296,3.1725698
6.682,158.19,0.006422514,3.1731715
6.683,158.22,0.006423732,3.1737733
6.684,158.25,0.00642495,3.174375
6.6849995,158.28,0.006426168,3.1749768
6.686,158.31,0.006427386,3.1755786
6.687,158.34,0.006428604,3.1761804
6.688,158.37,0.006429822,3.1767821
6.689,158.4,0.00643104,3.177384
6.69,158.43,0.006432258,3.1779857
6.6909995,158.46,0.006433476,3.1785874
6.692,158.49,0.006434694,3.1791892
6.693,158.52,0.006435912,3.179791
6.694,158.55,0.00643713,3.1803927
6.695,158.58,0.006438348,3.1809945
6.696,158.61,0.006439566,3.1815963
6.6970005,158.64,0.006440784,3.182198
6.698,158.67,0.006442002,3.1827998
6.699,158.7,0.00644322,3.1834018
6.7,158.73,0.006444438,3.1840036
6.701,158.76,0.006445656,3.1846054
6.702,158.79,0.006446874,3.1852071
6.7030005,158.82,0.006448092,3.185809
6.704,158.85,0.00644931,3.1864107
6.7049994,158.88,0.006450528,3.1870124
6.706,158.91,0.006451746,3.1876142
6.707,158.94,0.006452964,3.188216
6.708,158.97,0.006454182,3.1888177
6.709,159.0,0.0064554,3.1894195
6.71,159.03,0.006456618,3.1900213
6.7109995,159.06,0.006457836,3.190623
6.712,159.09,0.006459054,3.1912248
6.713,159.12,0.006460272,3.1918266
6.714,159.15,0.00646149,3.1924284
6.715,159.18,0.006462708,3.19303
6.716,159.21,0.006463926,3.193632
6.7170005,159.24,0.006465144,3.1942337
6.718,159.27,0.006466362,3.1948354
6.719,159.3,0.00646758,3.1954372
6.72,159.33,0.006468798,3.196039
6.721,159.36,0.006470016,3.1966407
6.722,159.39,0.006471234,3.1972425
6.7230005,159.42,0.006472452,3.1978443
6.724,159.45,0.00647367,3.198446
6.725,159.48,0.006474888,3.1990478
6.726,159.51,0.006476106,3.1996496
6.727,159.54,0.006477324,3.2002516
6.728,159.57,0.006478542,3.2008533
6.729,159.6,0.00647976,3.201455
6.73,159.63,0.006480978,3.202057
6.7309995,159.66,0.006482196,3.2026587
6.732,159.69,0.006483414,3.2032604
6.733,159.72,0.006484632,3.2038622
6.734,159.75,0.00648585,3.204464
6.735,159.78,0.006487068,3.2050657
6.736,159.81,0.006488286,3.2056675
6.7369995,159.84,0.006489504,3.2062693
6.738,159.87,0.006490722,3.206871
6.739,159.9,0.00649194,3.2074728
6.74,159.93,0.006493158,3.2080746
6.741,159.96,0.006494376,3.2086763
6.742,159.99,0.006495594,3.209278
6.7430005,160.02,0.006496812,3.2098799
6.744,160.05,0.00649803,3.2104816
6.745,160.08,0.006499248,3.2110834
6.746,160.11,0.006500466,3.2116852
6.747,160.14,0.006501684,3.212287
6.748,160.17,0.006502902,3.2128887
6.7490005,160.2,0.00650412,3.2134905
6.75,160.23,0.006505338,3.2140923
6.7509995,160.26,0.006506556,3.214694
6.752,160.29,0.006507774,3.2152958
6.753,160.32,0.006508992,3.2158976
6.754,160.35,0.00651021,3.2164996
6.755,160.38,0.006511428,3.2171013
6.756,160.41,0.006512646,3.217703
6.7569995,160.44,0.006513864,3.2183049
6.758,160.47,0.006515082,3.2189066
6.759,160.5,0.0065163,3.2195084
6.76,160.53,0.006517518,3.2201102
6.761,160.56,0.006518736,3.220712
6.762,160.59,0.006519954,3.2213137
6.7630005,160.62,0.006521172,3.2219155
6.764,160.65,0.00652239,3.2225173
6.765,160.68,0.006523608,3.223119
6.766,160.71,0.006524826,3.2237208
6.767,160.74,0.006526044,3.2243226
6.768,160.77,0.006527262,3.2249243
6.7690005,160.8,0.00652848,3.225526
6.77,160.83,0.006529698,3.2261279
6.771,160.86,0.006530916,3.2267296
6.772,160.89,0.006532134,3.2273314
6.773,160.92,0.006533352,3.2279332
6.774,160.95,0.00653457,3.228535
6.775,160.98,0.006535788,3.2291367
6.776,161.01,0.006537006,3.2297385
6.7769995,161.04,0.006538224,3.2303402
6.778,161.07,0.006539442,3.230942
6.779,161.1,0.00654066,3.2315438
6.78,161.13,0.006541878,3.2321455
6.781,161.16,0.006543096,3.2327476
6.782,161.19,0.006544314,3.2333493
6.7829995,161.22,0.006545532,3.233951
6.784,161.25,0.00654675,3.2345529
6.785,161.28,0.006547968,3.2351546
6.786,161.31,0.006549186,3.2357564
6.787,161.34,0.006550404,3.2363582
6.788,161.37,0.006551622,3.23696
6.7890005,161.4,0.00655284,3.2375617
6.79,161.43,0.006554058,3.2381635
6.791,161.46,0.006555276,3.2387652
6.792,161.49,0.006556494,3.239367
6.793,161.52,0.006557712,3.2399688
6.794,161.55,0.00655893,3.2405705
6.7950006,161.58,0.006560148,3.2411723
6.796,161.61,0.006561366,3.241774
6.7969995,161.64,0.006562584,3.2423759
6.798,161.67,0.006563802,3.2429776
6.799,161.7,0.00656502,3.2435794
6.8,161.73,0.006566238,3.2441812
6.801,161.76,0.006567456,3.244783
6.802,161.79,0.006568674,3.2453847
6.8029995,161.82,0.006569892,3.2459865
6.804,161.85,0.00657111,3.2465882
6.805,161.88,0.006572328,3.24719
6.806,161.91,0.006573546,3.2477918
6.807,161.94,0.006574764,3.2483935
6.808,161.97,0.006575982,3.2489955
6.8090005,162.0,0.0065772,3.2495973
6.81,162.03,0.006578418,3.250199
6.811,162.06,0.006579636,3.2508008
6.812,162.09,0.006580854,3.2514026
6.813,162.12,0.006582072,3.2520044
6.814,162.15,0.00658329,3.2526062
6.8150005,162.18,0.006584508,3.253208
6.816,162.21,0.006585726,3.2538097
6.817,162.24,0.006586944,3.2544115
6.818,162.27,0.006588162,3.2550132
6.819,162.3,0.00658938,3.255615
6.82,162.33,0.006590598,3.2562168
6.821,162.36,0.006591816,3.2568185
6.822,162.39,0.006593034,3.2574203
6.8229995,162.42,0.006594252,3.258022
6.824,162.45,0.00659547,3.2586238
6.825,162.48,0.006596688,3.2592256
6.826,162.51,0.006597906,3.2598274
6.827,162.54,0.006599124,3.2604291
6.828,162.57,0.006600342,3.261031
6.8289995,162.6,0.00660156,3.2616327
6.83,162.63,0.006602778,3.2622344
6.831,162.66,0.006603996,3.2628362
6.832,162.69,0.006605214,3.263438
6.833,162.72,0.006606432,3.2640398
6.834,162.75,0.00660765,3.2646415
6.8350005,162.78,0.006608868,3.2652435
6.836,162.81,0.006610086,3.2658453
6.837,162.84,0.006611304,3.266447
6.838,162.87,0.006612522,3.2670488
6.839,162.9,0.00661374,3.2676506
6.84,162.93,0.006614958,3.2682524
6.8410006,162.96,0.006616176,3.2688541
6.842,162.99,0.006617394,3.269456
6.8429995,163.02,0.006618612,3.2700577
6.844,163.05,0.00661983,3.2706594
6.845,163.08,0.006621048,3.2712612
6.846,163.11,0.006622266,3.271863
6.847,163.14,0.006623484,3.2724648
6.848,163.17,0.006624702,3.2730665
6.8489995,163.2,0.00662592,3.2736683
6.85,163.23,0.006627138,3.27427
6.851,163.26,0.006628356,3.2748718
6.852,163.29,0.006629574,3.2754736
6.853,163.32,0.006630792,3.2760754
6.854,163.35,0.00663201,3.2766771
6.8550005,163.38,0.006633228,3.277279
6.856,163.41,0.006634446,3.2778807
6.857,163.44,0.006635664,3.2784824
6.858,163.47,0.006636882,3.2790842
6.859,163.5,0.0066381,3.279686
6.86,163.53,0.006639318,3.2802877
6.8610005,163.56,0.006640536,3.2808895
6.862,163.59,0.006641754,3.2814913
6.863,163.62,0.006642972,3.2820933
6.864,163.65,0.00664419,3.282695
6.865,163.68,0.006645408,3.2832968
6.866,163.71,0.006646626,3.2838986
6.867,163.74,0.006647844,3.2845004
6.868,163.77,0.006649062,3.2851021
6.8689995,163.8,0.00665028,3.285704
6.87,163.83,0.006651498,3.2863057
6.871,163.86,0.006652716,3.2869074
6.872,163.89,0.006653934,3.2875092
6.873,163.92,0.006655152,3.288111
6.874,163.95,0.00665637,3.2887127
6.8750005,163.98,0.006657588,3.2893145
6.876,164.01,0.006658806,3.2899163
6.877,164.04,0.006660024,3.290518
6.878,164.07,0.006661242,3.2911198
6.879,164.1,0.00666246,3.2917216
6.88,164.13,0.006663678,3.2923234
6.8810005,164.16,0.006664896,3.2929251
6.882,164.19,0.006666114,3.293527
6.883,164.22,0.006667332,3.2941287
6.884,164.25,0.00666855,3.2947304
6.885,164.28,0.006669768,3.2953322
6.886,164.31,0.006670986,3.295934
6.887,164.34,0.006672204,3.2965357
6.888,164.37,0.006673422,3.2971375
6.8889995,164.4,0.00667464,3.2977393
6.89,164.43,0.006675858,3.2983413
6.891,164.46,0.006677076,3.298943
6.892,164.49,0.006678294,3.2995448
6.893,164.52,0.006679512,3.3001466
6.894,164.55,0.00668073,3.3007483
6.8949995,164.58,0.006681948,3.30135
6.896,164.61,0.006683166,3.301952
6.897,164.64,0.006684384,3.3025537
6.898,164.67,0.006685602,3.3031554
6.899,164.7,0.00668682,3.3037572
6.9,164.73,0.006688038,3.304359
6.9010005,164.76,0.006689256,3.3049607
6.902,164.79,0.006690474,3.3055625
6.903,164.82,0.006691692,3.3061643
6.904,164.85,0.00669291,3.306766
6.905,164.88,0.006694128,3.3073678
6.906,164.91,0.006695346,3.3079696
6.9070005,164.94,0.006696564,3.3085713
6.908,164.97,0.006697782,3.309173
6.9089994,165.0,0.006699,3.3097749
6.91,165.03,0.006700218,3.3103766
6.911,165.06,0.006701436,3.3109784
6.912,165.09,0.006702654,3.3115802
6.913,165.12,0.006703872,3.312182
6.914,165.15,0.00670509,3.3127837
6.9149995,165.18,0.006706308,3.3133855
6.916,165.21,0.006707526,3.3139873
6.917,165.24,0.006708744,3.3145893
6.918,165.27,0.006709962,3.315191
6.919,165.3,0.00671118,3.3157928
6.92,165.33,0.006712398,3.3163946
6.9210005,165.36,0.006713616,3.3169963
6.922,165.39,0.006714834,3.317598
6.923,165.42,0.006716052,3.3181999
6.924,165.45,0.00671727,3.3188016
6.925,165.48,0.006718488,3.3194034
6.926,165.51,0.006719706,3.3200052
6.9270005,165.54,0.006720924,3.320607
6.928,165.57,0.006722142,3.3212087
6.929,165.6,0.00672336,3.3218105
6.93,165.63,0.006724578,3.3224123
6.931,165.66,0.006725796,3.323014
6.932,165.69,0.006727014,3.3236158
6.933,165.72,0.006728232,3.3242176
6.934,165.75,0.00672945,3.3248193
6.9349995,165.78,0.006730668,3.325421
6.936,165.81,0.006731886,3.3260229
6.937,165.84,0.006733104,3.3266246
6.938,165.87,0.006734322,3.3272264
6.939,165.9,0.00673554,3.3278282
6.94,165.93,0.006736758,3.32843
6.9409995,165.96,0.006737976,3.3290317
6.942,165.99,0.006739194,3.3296335
6.943,166.02,0.006740412,3.3302352
6.944,166.05,0.00674163,3.3308372
6.945,166.08,0.006742848,3.331439
6.946,166.11,0.006744066,3.3320408
6.9470005,166.14,0.006745284,3.3326426
6.948,166.17,0.006746502,3.3332443
6.949,166.2,0.00674772,3.333846
6.95,166.23,0.006748938,3.3344479
6.951,166.26,0.006750156,3.3350496
6.952,166.29,0.006751374,3.3356514
6.9530005,166.32,0.006752592,3.3362532
6.954,166.35,0.00675381,3.336855
6.9549994,166.38,0.006755028,3.3374567
6.956,166.41,0.006756246,3.3380585
6.957,166.44,0.006757464,3.3386602
6.958,166.47,0.006758682,3.339262
6.959,166.5,0.0067599,3.3398638
6.96,166.53,0.006761118,3.3404655
6.9609995,166.56,0.006762336,3.3410673
6.962,166.59,0.006763554,3.341669
6.963,166.62,0.006764772,3.3422709
6.964,166.65,0.00676599,3.3428726
6.965,166.68,0.006767208,3.3434744
6.966,166.71,0.006768426,3.3440762
6.9670005,166.74,0.006769644,3.344678
6.968,166.77,0.006770862,3.3452797
6.969,166.8,0.00677208,3.3458815
6.97,166.83,0.006773298,3.3464832
6.971,166.86,0.006774516,3.3470852
6.972,166.89,0.006775734,3.347687
6.9730005,166.92,0.006776952,3.3482888
6.974,166.95,0.00677817,3.3488905
6.975,166.98,0.006779388,3.3494923
6.976,167.01,0.006780606,3.350094
6.977,167.04,0.006781824,3.3506958
6.978,167.07,0.006783042,3.3512976
6.979,167.1,0.00678426,3.3518994
6.98,167.13,0.006785478,3.3525012
6.9809995,167.16,0.006786696,3.353103
6.982,167.19,0.006787914,3.3537047
6.983,167.22,0.006789132,3.3543065
6.984,167.25,0.00679035,3.3549082
6.985,167.28,0.006791568,3.35551
6.986,167.31,0.006792786,3.3561118
6.9869995,167.34,0.006794004,3.3567135
6.988,167.37,0.006795222,3.3573153
6.989,167.4,0.00679644,3.357917
6.99,167.43,0.006797658,3.3585188
6.991,167.46,0.006798876,3.3591206
6.992,167.49,0.006800094,3.3597224
6.9930005,167.52,0.006801312,3.3603241
6.994,167.55,0.00680253,3.360926
6.995,167.58,0.006803748,3.3615277
6.996,167.61,0.006804966,3.3621294
6.997,167.64,0.006806184,3.3627312
6.998,167.67,0.006807402,3.3633332
6.9990005,167.7,0.00680862,3.363935
7.0,167.73,0.006809838,3.3645368
7.0009995,167.76,0.006811056,3.3651385
7.002,167.79,0.006812274,3.3657403
7.003,167.82,0.006813492,3.366342
7.004,167.85,0.00681471,3.3669438
7.005,167.88,0.006815928,3.3675456
7.006,167.91,0.006817146,3.3681474
7.0069995,167.94,0.006818364,3.3687491
7.008,167.97,0.006819582,3.369351
7.009,168.0,0.0068208,3.3699527
7.01,168.03,0.006822018,3.3705544
7.011,168.06,0.006823236,3.3711562
7.012,168.09,0.006824454,3.371758
7.0130005,168.12,0.006825672,3.3723598
7.014,168.15,0.00682689,3.3729615
7.015,168.18,0.006828108,3.3735633
7.016,168.21,0.006829326,3.374165
7.017,168.24,0.006830544,3.3747668
7.018,168.27,0.006831762,3.3753686
7.0190005,168.3,0.00683298,3.3759704
7.02,168.33,0.006834198,3.3765721
7.021,168.36,0.006835416,3.377174
7.022,168.39,0.006836634,3.3777757
7.023,168.42,0.006837852,3.3783774
7.024,168.45,0.00683907,3.3789792
7.025,168.48,0.006840288,3.379581
7.026,168.51,0.006841506,3.380183
7.0269995,168.54,0.006842724,3.3807847
7.028,168.57,0.006843942,3.3813865
7.029,168.6,0.00684516,3.3819883
7.03,168.63,0.006846378,3.38259
7.031,168.66,0.006847596,3.3831918
7.032,168.69,0.006848814,3.3837936
7.0329995,168.72,0.006850032,3.3843954
7.034,168.75,0.00685125,3.3849971
7.035,168.78,0.006852468,3.385599
7.036,168.81,0.006853686,3.3862007
7.037,168.84,0.006854904,3.3868024
7.038,168.87,0.006856122,3.3874042
7.0390005,168.9,0.00685734,3.388006
7.04,168.93,0.006858558,3.3886077
7.041,168.96,0.006859776,3.3892095
7.042,168.99,0.006860994,3.3898113
7.043,169.02,0.006862212,3.390413
7.044,169.05,0.00686343,3.3910148
7.0450006,169.08,0.006864648,3.3916166
7.046,169.11,0.006865866,3.3922184
7.0469995,169.14,0.006867084,3.3928201
7.048,169.17,0.006868302,3.393422
7.049,169.2,0.00686952,3.3940237
7.05,169.23,0.006870738,3.3946254
7.051,169.26,0.006871956,3.3952272
7.052,169.29,0.006873174,3.395829
7.0529995,169.32,0.006874392,3.396431
7.054,169.35,0.00687561,3.3970327
7.055,169.38,0.006876828,3.3976345
7.056,169.41,0.006878046,3.3982363
7.057,169.44,0.006879264,3.398838
7.058,169.47,0.006880482,3.3994398
7.0590005,169.5,0.0068817,3.4000416
7.06,169.53,0.006882918,3.4006433
7.061,169.56,0.006884136,3.401245
7.062,169.59,0.006885354,3.401847
7.063,169.62,0.006886572,3.4024487
7.064,169.65,0.00688779,3.4030504
7.0650005,169.68,0.006889008,3.4036522
7.066,169.71,0.006890226,3.404254
7.067,169.74,0.006891444,3.4048557
7.068,169.77,0.006892662,3.4054575
7.069,169.8,0.00689388,3.4060593
7.07,169.83,0.006895098,3.406661
7.071,169.86,0.006896316,3.4072628
7.072,169.89,0.006897534,3.4078646
7.0729995,169.92,0.006898752,3.4084663
7.074,169.95,0.00689997,3.409068
7.075,169.98,0.006901188,3.4096699
7.076,170.01,0.006902406,3.4102716
7.077,170.04,0.006903624,3.4108734
7.078,170.07,0.006904842,3.4114752
7.0789995,170.1,0.00690606,3.412077
7.08,170.13,0.006907278,3.412679
7.081,170.16,0.006908496,3.4132807
7.082,170.19,0.006909714,3.4138825
7.083,170.22,0.006910932,3.4144843
7.084,170.25,0.00691215,3.415086
7.0850005,170.28,0.006913368,3.4156878
7.086,170.31,0.006914586,3.4162896
7.087,170.34,0.006915804,3.4168913
7.088,170.37,0.006917022,3.417493
7.089,170.4,0.00691824,3.4180949
7.09,170.43,0.006919458,3.4186966
7.0910006,170.46,0.006920676,3.4192984
7.092,170.49,0.006921894,3.4199002
7.0929995,170.52,0.006923112,3.420502
7.094,170.55,0.00692433,3.4211037
7.095,170.58,0.006925548,3.4217055
7.096,170.61,0.006926766,3.4223073
7.097,170.64,0.006927984,3.422909
7.098,170.67,0.006929202,3.4235108
7.0989995,170.7,0.00693042,3.4241126
7.1,170.73,0.006931638,3.4247143
7.101,170.76,0.006932856,3.425316
7.102,170.79,0.006934074,3.4259179
7.103,170.82,0.006935292,3.4265196
7.104,170.85,0.00693651,3.4271214
7.1050005,170.88,0.006937728,3.4277232
7.106,170.91,0.006938946,3.428325
7.107,170.94,0.006940164,3.428927
7.108,170.97,0.006941382,3.4295287
7.109,171.0,0.0069426,3.4301305
7.11,171.03,0.006943818,3.4307323
7.1110005,171.06,0.006945036,3.431334
7.112,171.09,0.006946254,3.4319358
7.113,171.12,0.006947472,3.4325376
7.114,171.15,0.00694869,3.4331393
7.115,171.18,0.006949908,3.433741
7.116,171.21,0.006951126,3.4343429
7.117,171.24,0.006952344,3.4349446
7.118,171.27,0.006953562,3.4355464
7.1189995,171.3,0.00695478,3.4361482
7.12,171.33,0.006955998,3.43675
7.121,171.36,0.006957216,3.4373517
7.122,171.39,0.006958434,3.4379535
7.123,171.42,0.006959652,3.4385552
7.124,171.45,0.00696087,3.439157
7.1249995,171.48,0.006962088,3.4397588
7.126,171.51,0.006963306,3.4403605
7.127,171.54,0.006964524,3.4409623
7.128,171.57,0.006965742,3.441564
7.129,171.6,0.00696696,3.4421659
7.13,171.63,0.006968178,3.4427676
7.1310005,171.66,0.006969396,3.4433694
7.132,171.69,0.006970614,3.4439712
7.133,171.72,0.006971832,3.444573
7.134,171.75,0.00697305,3.445175
7.135,171.78,0.006974268,3.4457767
7.136,171.81,0.006975486,3.4463785
7.137,171.84,0.006976704,3.4469802
7.138,171.87,0.006977922,3.447582
7.1389995,171.9,0.00697914,3.4481838
7.14,171.93,0.006980358,3.4487855
7.141,171.96,0.006981576,3.4493873
7.142,171.99,0.006982794,3.449989
7.143,172.02,0.006984012,3.4505908
7.144,172.05,0.00698523,3.4511926
7.1449995,172.08,0.006986448,3.4517944
7.146,172.11,0.006987666,3.4523962
7.147,172.14,0.006988884,3.452998
7.148,172.17,0.006990102,3.4535997
7.149,172.2,0.00699132,3.4542015
7.15,172.23,0.006992538,3.4548032
7.1510005,172.26,0.006993756,3.455405
7.152,172.29,0.006994974,3.4560068
7.153,172.32,0.006996192,3.4566085
7.154,172.35,0.00699741,3.4572103
7.155,172.38,0.006998628,3.457812
7.156,172.41,0.006999846,3.4584138
7.1570005,172.44,0.007001064,3.4590156
7.158,172.47,0.007002282,3.4596174
7.1589994,172.5,0.0070035,3.4602191
7.16,172.53,0.007004718,3.460821
7.161,172.56,0.007005936,3.4614227
7.162,172.59,0.007007154,3.4620247
7.163,172.62,0.007008372,3.4626265
7.164,172.65,0.00700959,3.4632282
7.1649995,172.68,0.007010808,3.46383
7.166,172.71,0.007012026,3.4644318
7.167,172.74,0.007013244,3.4650335
7.168,172.77,0.007014462,3.4656353
7.169,172.8,0.00701568,3.466237
7.17,172.83,0.007016898,3.4668388
7.1710005,172.86,0.007018116,3.4674406
7.172,172.89,0.007019334,3.4680424
7.173,172.92,0.007020552,3.4686441
7.174,172.95,0.00702177,3.469246
7.175,172.98,0.007022988,3.4698477
7.176,173.01,0.007024206,3.4704494
7.1770005,173.04,0.007025424,3.4710512
7.178,173.07,0.007026642,3.471653
7.179,173.1,0.00702786,3.4722548
7.18,173.13,0.007029078,3.4728565
7.181,173.16,0.007030296,3.4734583
7.182,173.19,0.007031514,3.47406
7.183,173.22,0.007032732,3.4746618
7.184,173.25,0.00703395,3.4752636
7.1849995,173.28,0.007035168,3.4758654
7.186,173.31,0.007036386,3.4764671
7.187,173.34,0.007037604,3.477069
7.188,173.37,0.007038822,3.4776707
7.189,173.4,0.00704004,3.4782727
7.19,173.43,0.007041258,3.4788744
7.1909995,173.46,0.007042476,3.4794762
7.192,173.49,0.007043694,3.480078
7.193,173.52,0.007044912,3.4806798
7.194,173.55,0.00704613,3.4812815
7.195,173.58,0.007047348,3.4818833
7.196,173.61,0.007048566,3.482485
7.1970005,173.64,0.007049784,3.4830868
7.198,173.67,0.007051002,3.4836886
7.199,173.7,0.00705222,3.4842904
7.2,173.73,0.007053438,3.4848921
7.201,173.76,0.007054656,3.485494
7.202,173.79,0.007055874,3.4860957
7.2030005,173.82,0.007057092,3.4866974
7.204,173.85,0.00705831,3.4872992
7.2049994,173.88,0.007059528,3.487901
7.206,173.91,0.007060746,3.4885027
7.207,173.94,0.007061964,3.4891045
7.208,173.97,0.007063182,3.4897063
7.209,174.0,0.0070644,3.490308
7.21,174.03,0.007065618,3.4909098
7.2109995,174.06,0.007066836,3.4915116
7.212,174.09,0.007068054,3.4921134
7.213,174.12,0.007069272,3.4927151
7.214,174.15,0.00707049,3.493317
7.215,174.18,0.007071708,3.4939187
7.216,174.21,0.007072926,3.4945207
7.2170005,174.24,0.007074144,3.4951224
7.218,174.27,0.007075362,3.4957242
7.219,174.3,0.00707658,3.496326
7.22,174.33,0.007077798,3.4969277
7.221,174.36,0.007079016,3.4975295
7.222,174.39,0.007080234,3.4981313
7.2230005,174.42,0.007081452,3.498733
7.224,174.45,0.00708267,3.4993348
7.225,174.48,0.007083888,3.4999366
7.226,174.51,0.007085106,3.5005383
7.227,174.54,0.007086324,3.50114
7.228,174.57,0.007087542,3.501742
7.229,174.6,0.00708876,3.5023437
7.23,174.63,0.007089978,3.5029454
7.2309995,174.66,0.007091196,3.5035472
7.232,174.69,0.007092414,3.504149
7.233,174.72,0.007093632,3.5047507
7.234,174.75,0.00709485,3.5053525
7.235,174.78,0.007096068,3.5059543
7.236,174.81,0.007097286,3.506556
7.2369995,174.84,0.007098504,3.5071578
7.238,174.87,0.007099722,3.5077596
7.239,174.9,0.00710094,3.5083613
7.24,174.93,0.007102158,3.508963
7.241,174.96,0.007103376,3.5095649
7.242,174.99,0.007104594,3.5101666
7.2430005,175.02,0.007105812,3.5107687
7.244,175.05,0.00710703,3.5113704
7.245,175.08,0.007108248,3.5119722
7.246,175.11,0.007109466,3.512574
7.247,175.14,0.007110684,3.5131757
7.248,175.17,0.007111902,3.5137775
7.2490005,175.2,0.00711312,3.5143793
7.25,175.23,0.007114338,3.514981
7.2509995,175.26,0.007115556,3.5155828
7.252,175.29,0.007116774,3.5161846
7.253,175.32,0.007117992,3.5167863
7.254,175.35,0.00711921,3.517388
7.255,175.38,0.007120428,3.5179899
7.256,175.41,0.007121646,3.5185916
7.2569995,175.44,0.007122864,3.5191934
7.258,175.47,0.007124082,3.5197952
7.259,175.5,0.0071253,3.520397
7.26,175.53,0.007126518,3.5209987
7.261,175.56,0.007127736,3.5216005
7.262,175.59,0.007128954,3.5222023
7.2630005,175.62,0.007130172,3.522804
7.264,175.65,0.00713139,3.5234058
7.265,175.68,0.007132608,3.5240076
7.266,175.71,0.007133826,3.5246093
7.267,175.74,0.007135044,3.525211
7.268,175.77,0.007136262,3.5258129
7.2690005,175.8,0.00713748,3.5264146
7.27,175.83,0.007138698,3.5270166
7.271,175.86,0.007139916,3.5276184
7.272,175.89,0.007141134,3.5282202
7.273,175.92,0.007142352,3.528822
7.274,175.95,0.00714357,3.5294237
7.275,175.98,0.007144788,3.5300255
7.276,176.01,0.007146006,3.5306273
7.2769995,176.04,0.007147224,3.531229
7.278,176.07,0.007148442,3.5318308
7.279,176.1,0.00714966,3.5324326
7.28,176.13,0.007150878,3.5330343
7.281,176.16,0.007152096,3.533636
7.282,176.19,0.007153314,3.5342379
7.2829995,176.22,0.007154532,3.5348396
7.284,176.25,0.00715575,3.5354414
7.285,176.28,0.007156968,3.5360432
7.286,176.31,0.007158186,3.536645
7.287,176.34,0.007159404,3.5372467
7.288,176.37,0.007160622,3.5378485
7.2890005,176.4,0.00716184,3.5384502
7.29,176.43,0.007163058,3.539052
7.291,176.46,0.007164276,3.5396538
7.292,176.49,0.007165494,3.5402555
7.293,176.52,0.007166712,3.5408573
7.294,176.55,0.00716793,3.541459
7.2950006,176.58,0.007169148,3.5420609
7.296,176.61,0.007170366,3.5426626
7.2969995,176.64,0.007171584,3.5432644
7.298,176.67,0.007172802,3.5438664
7.299,176.7,0.00717402,3.5444682
7.3,176.73,0.007175238,3.54507
7.301,176.76,0.007176456,3.5456717
7.302,176.79,0.007177674,3.5462735
7.3029995,176.82,0.007178892,3.5468752
7.304,176.85,0.00718011,3.547477
7.305,176.88,0.007181328,3.5480788
7.306,176.91,0.007182546,3.5486805
7.307,176.94,0.007183764,3.5492823
7.308,176.97,0.007184982,3.549884
7.3090005,177.0,0.0071862,3.5504858
7.31,177.03,0.007187418,3.5510876
7.311,177.06,0.007188636,3.5516894
7.312,177.09,0.007189854,3.5522912
7.313,177.12,0.007191072,3.552893
7.314,177.15,0.00719229,3.5534947
7.3150005,177.18,0.007193508,3.5540965
7.316,177.21,0.007194726,3.5546982
7.317,177.24,0.007195944,3.5553
7.318,177.27,0.007197162,3.5559018
7.319,177.3,0.00719838,3.5565035
7.32,177.33,0.007199598,3.5571053
7.321,177.36,0.007200816,3.557707
7.322,177.39,0.007202034,3.5583088
7.3229995,177.42,0.007203252,3.5589106
7.324,177.45,0.00720447,3.5595124
7.325,177.48,0.007205688,3.5601144
7.326,177.51,0.007206906,3.5607162
7.327,177.54,0.007208124,3.561318
7.328,177.57,0.007209342,3.5619197
7.3289995,177.6,0.00721056,3.5625215
7.33,177.63,0.007211778,3.5631232
7.331,177.66,0.007212996,3.563725
7.332,177.69,0.007214214,3.5643268
7.333,177.72,0.007215432,3.5649285
7.334,177.75,0.00721665,3.5655303
7.3350005,177.78,0.007217868,3.566132
7.336,177.81,0.007219086,3.5667338
7.337,177.84,0.007220304,3.5673356
7.338,177.87,0.007221522,3.5679374
7.339,177.9,0.00722274,3.5685391
7.34,177.93,0.007223958,3.569141
7.3410006,177.96,0.007225176,3.5697427
7.342,177.99,0.007226394,3.5703444
7.3429995,178.02,0.007227612,3.5709462
7.344,178.05,0.00722883,3.571548
7.345,178.08,0.007230048,3.5721498
7.346,178.11,0.007231266,3.5727515
7.347,178.14,0.007232484,3.5733533
7.348,178.17,0.007233702,3.573955
7.3489995,178.2,0.00723492,3.5745568
7.35,178.23,0.007236138,3.5751586
7.351,178.26,0.007237356,3.5757604
7.352,178.29,0.007238574,3.5763624
7.353,178.32,0.007239792,3.5769641
7.354,178.35,0.00724101,3.577566
7.3550005,178.38,0.007242228,3.5781677
7.356,178.41,0.007243446,3.5787694
7.357,178.44,0.007244664,3.5793712
7.358,178.47,0.007245882,3.579973
7.359,178.5,0.0072471,3.5805748
7.36,178.53,0.007248318,3.5811765
7.3610005,178.56,0.007249536,3.5817783
7.362,178.59,0.007250754,3.58238
7.363,178.62,0.007251972,3.5829818
7.364,178.65,0.00725319,3.5835836
7.365,178.68,0.007254408,3.5841854
7.366,178.71,0.007255626,3.5847871
7.367,178.74,0.007256844,3.585389
7.368,178.77,0.007258062,3.5859907
7.3689995,178.8,0.00725928,3.5865924
7.37,178.83,0.007260498,3.5871942
7.371,178.86,0.007261716,3.587796
7.372,178.89,0.007262934,3.5883977
7.373,178.92,0.007264152,3.5889995
7.374,178.95,0.00726537,3.5896013
7.3750005,178.98,0.007266588,3.590203
7.376,179.01,0.007267806,3.5908048
7.377,179.04,0.007269024,3.5914066
7.378,179.07,0.007270242,3.5920084
7.379,179.1,0.00727146,3.5926104
7.38,179.13,0.007272678,3.5932121
7.3810005,179.16,0.007273896,3.593814
7.382,179.19,0.007275114,3.5944157
7.383,179.22,0.007276332,3.5950174
7.384,179.25,0.00727755,3.5956192
7.385,179.28,0.007278768,3.596221
7.386,179.31,0.007279986,3.5968227
7.387,179.34,0.007281204,3.5974245
7.388,179.37,0.007282422,3.5980263
7.3889995,179.4,0.00728364,3.598628
7.39,179.43,0.007284858,3.5992298
7.391,179.46,0.007286076,3.5998316
7.392,179.49,0.007287294,3.6004333
7.393,179.52,0.007288512,3.601035
7.394,179.55,0.00728973,3.601637
7.3949995,179.58,0.007290948,3.6022387
7.396,179.61,0.007292166,3.6028404
7.397,179.64,0.007293384,3.6034422
7.398,179.67,0.007294602,3.604044
7.399,179.7,0.00729582,3.6046457
7.4,179.73,0.007297038,3.6052475
7.4010005,179.76,0.007298256,3.6058493
7.402,179.79,0.007299474,3.606451
7.403,179.82,0.007300692,3.6070528
7.404,179.85,0.00730191,3.6076546
7.405,179.88,0.007303128,3.6082563
7.406,179.91,0.007304346,3.6088583
7.4070005,179.94,0.007305564,3.60946
7.408,179.97,0.007306782,3.610062
7.4089994,180.0,0.007308,3.6106637
7.41,180.03,0.007309218,3.6112654
7.411,180.06,0.007310436,3.6118672
7.412,180.09,0.007311654,3.612469
7.413,180.12,0.007312872,3.6130707
7.414,180.15,0.00731409,3.6136725
7.4149995,180.18,0.007315308,3.6142743
7.416,180.21,0.007316526,3.614876
7.417,180.24,0.007317744,3.6154778
7.418,180.27,0.007318962,3.6160796
7.419,180.3,0.00732018,3.6166813
7.42,180.33,0.007321398,3.617283
7.4210005,180.36,0.007322616,3.6178849
7.422,180.39,0.007323834,3.6184866
7.423,180.42,0.007325052,3.6190884
7.424,180.45,0.00732627,3.6196902
7.425,180.48,0.007327488,3.620292
7.426,180.51,0.007328706,3.6208937
7.4270005,180.54,0.007329924,3.6214955
7.428,180.57,0.007331142,3.6220973
7.429,180.6,0.00733236,3.622699
7.43,180.63,0.007333578,3.6233008
7.431,180.66,0.007334796,3.6239026
7.432,180.69,0.007336014,3.6245043
7.433,180.72,0.007337232,3.625106
7.434,180.75,0.00733845,3.625708
7.4349995,180.78,0.007339668,3.6263099
7.436,180.81,0.007340886,3.6269116
7.437,180.84,0.007342104,3.6275134
7.438,180.87,0.007343322,3.6281152
7.439,180.9,0.00734454,3.628717
7.44,180.93,0.007345758,3.6293187
7.4409995,180.96,0.007346976,3.6299205
7.442,180.99,0.007348194,3.6305223
7.443,181.02,0.007349412,3.631124
7.444,181.05,0.00735063,3.6317258
7.445,181.08,0.007351848,3.6323276
7.446,181.11,0.007353066,3.6329293
7.4470005,181.14,0.007354284,3.633531
7.448,181.17,0.007355502,3.6341329
7.449,181.2,0.00735672,3.6347346
7.45,181.23,0.007357938,3.6353364
7.451,181.26,0.007359156,3.6359382
7.452,181.29,0.007360374,3.63654
7.4530005,181.32,0.007361592,3.6371417
7.454,181.35,0.00736281,3.6377435
7.4549994,181.38,0.007364028,3.6383452
7.456,181.41,0.007365246,3.638947
7.457,181.44,0.007366464,3.6395488
7.458,181.47,0.007367682,3.6401505
7.459,181.5,0.0073689,3.6407523
7.46,181.53,0.007370118,3.641354
7.4609995,181.56,0.007371336,3.641956
7.462,181.59,0.007372554,3.6425579
7.463,181.62,0.007373772,3.6431596
7.464,181.65,0.00737499,3.6437614
7.465,181.68,0.007376208,3.6443632
7.466,181.71,0.007377426,3.644965
7.4670005,181.74,0.007378644,3.6455667
7.468,181.77,0.007379862,3.6461685
7.469,181.8,0.00738108,3.6467702
7.47,181.83,0.007382298,3.647372
7.471,181.86,0.007383516,3.6479738
7.472,181.89,0.007384734,3.6485755
7.4730005,181.92,0.007385952,3.6491773
7.474,181.95,0.00738717,3.649779
7.475,181.98,0.007388388,3.6503808
7.476,182.01,0.007389606,3.6509826
7.477,182.04,0.007390824,3.6515844
7.478,182.07,0.007392042,3.6521862
7.479,182.1,0.00739326,3.652788
7.48,182.13,0.007394478,3.6533897
7.4809995,182.16,0.007395696,3.6539915
7.482,182.19,0.007396914,3.6545932
7.483,182.22,0.007398132,3.655195
7.484,182.25,0.00739935,3.6557968
7.485,182.28,0.007400568,3.6563985
7.486,182.31,0.007401786,3.6570003
7.4869995,182.34,0.007403004,3.657602
7.488,182.37,0.007404222,3.658204
7.489,182.4,0.00740544,3.6588058
7.49,182.43,0.007406658,3.6594076
7.491,182.46,0.007407876,3.6600094
7.492,182.49,0.007409094,3.6606112
7.4930005,182.52,0.007410312,3.661213
7.494,182.55,0.00741153,3.6618147
7.495,182.58,0.007412748,3.6624165
7.496,182.61,0.007413966,3.6630182
7.497,182.64,0.007415184,3.66362
7.498,182.67,0.007416402,3.6642218
7.4990005,182.7,0.00741762,3.6648235
7.5,182.73,0.007418838,3.6654253
7.5009995,182.76,0.007420056,3.666027
7.502,182.79,0.007421274,3.6666288
7.503,182.82,0.007422492,3.6672306
7.504,182.85,0.00742371,3.6678324
7.505,182.88,0.007424928,3.6684341
7.506,182.91,0.007426146,3.669036
7.5069995,182.94,0.007427364,3.6696377
7.508,182.97,0.007428582,3.6702394
7.509,183.0,0.0074298,3.6708412
7.51,183.03,0.007431018,3.671443
7.511,183.06,0.007432236,3.6720448
7.512,183.09,0.007433454,3.6726465
7.5130005,183.12,0.007434672,3.6732483
7.514,183.15,0.00743589,3.67385
7.515,183.18,0.007437108,3.674452
7.516,183.21,0.007438326,3.6750538
7.517,183.24,0.007439544,3.6756556
7.518,183.27,0.007440762,3.6762574
7.5190005,183.3,0.00744198,3.6768591
7.52,183.33,0.007443198,3.677461
7.521,183.36,0.007444416,3.6780627
7.522,183.39,0.007445634,3.6786644
7.523,183.42,0.007446852,3.6792662
7.524,183.45,0.00744807,3.679868
7.525,183.48,0.007449288,3.6804698
7.526,183.51,0.007450506,3.6810715
7.5269995,183.54,0.007451724,3.6816733
7.528,183.57,0.007452942,3.682275
7.529,183.6,0.00745416,3.6828768
7.53,183.63,0.007455378,3.6834786
7.531,183.66,0.007456596,3.6840804
7.532,183.69,0.007457814,3.6846821
7.5329995,183.72,0.007459032,3.685284
7.534,183.75,0.00746025,3.6858857
7.535,183.78,0.007461468,3.6864874
7.536,183.81,0.007462686,3.6870892
7.537,183.84,0.007463904,3.687691
7.538,183.87,0.007465122,3.6882927
7.5390005,183.9,0.00746634,3.6888945
7.54,183.93,0.007467558,3.6894963
7.541,183.96,0.007468776,3.690098
7.542,183.99,0.007469994,3.6907
7.543,184.02,0.007471212,3.6913018
7.544,184.05,0.00747243,3.6919036
7.5450006,184.08,0.007473648,3.6925054
7.546,184.11,0.007474866,3.6931071
7.5469995,184.14,0.007476084,3.693709
7.548,184.17,0.007477302,3.6943107
7.549,184.2,0.00747852,3.6949124
7.55,184.23,0.007479738,3.6955142
7.551,184.26,0.007480956,3.696116
7.552,184.29,0.007482174,3.6967177
7.5529995,184.32,0.007483392,3.6973195
7.554,184.35,0.00748461,3.6979213
7.555,184.38,0.007485828,3.698523
7.556,184.41,0.007487046,3.6991248
7.557,184.44,0.007488264,3.6997266
7.558,184.47,0.007489482,3.7003284
7.5590005,184.5,0.0074907,3.70093
7.56,184.53,0.007491918,3.701532
7.561,184.56,0.007493136,3.7021337
7.562,184.59,0.007494354,3.7027354
7.563,184.62,0.007495572,3.7033372
7.564,184.65,0.00749679,3.703939
7.5650005,184.68,0.007498008,3.7045407
7.566,184.71,0.007499226,3.7051425
7.567,184.74,0.007500444,3.7057443
7.568,184.77,0.007501662,3.706346
7.569,184.8,0.00750288,3.7069478
7.57,184.83,0.007504098,3.7075498
7.571,184.86,0.007505316,3.7081516
7.572,184.89,0.007506534,3.7087533
7.5729995,184.92,0.007507752,3.709355
7.574,184.95,0.00750897,3.709957
7.575,184.98,0.007510188,3.7105587
7.576,185.01,0.007511406,3.7111604
7.577,185.04,0.007512624,3.7117622
7.578,185.07,0.007513842,3.712364
7.5789995,185.1,0.00751506,3.7129657
7.58,185.13,0.007516278,3.7135675
7.581,185.16,0.007517496,3.7141693
7.582,185.19,0.007518714,3.714771
7.583,185.22,0.007519932,3.7153728
7.584,185.25,0.00752115,3.7159746
7.5850005,185.28,0.007522368,3.7165763
7.586,185.31,0.007523586,3.717178
7.587,185.34,0.007524804,3.7177799
7.588,185.37,0.007526022,3.7183816
7.589,185.4,0.00752724,3.7189834
7.59,185.43,0.007528458,3.7195852
7.5910006,185.46,0.007529676,3.720187
7.592,185.49,0.007530894,3.7207887
7.5929995,185.52,0.007532112,3.7213905
7.594,185.55,0.00753333,3.7219923
7.595,185.58,0.007534548,3.722594
7.596,185.61,0.007535766,3.7231958
7.597,185.64,0.007536984,3.7237978
7.598,185.67,0.007538202,3.7243996
7.5989995,185.7,0.00753942,3.7250013
7.6,185.73,0.007540638,3.725603
7.601,185.76,0.007541856,3.7262049
7.602,185.79,0.007543074,3.7268066
7.603,185.82,0.007544292,3.7274084
7.604,185.85,0.00754551,3.7280102
7.6050005,185.88,0.007546728,3.728612
7.606,185.91,0.007547946,3.7292137
7.607,185.94,0.007549164,3.7298155
7.608,185.97,0.007550382,3.7304173
7.609,186.0,0.0075516,3.731019
7.61,186.03,0.007552818,3.7316208
7.6110005,186.06,0.007554036,3.7322226
7.612,186.09,0.007555254,3.7328243
7.613,186.12,0.007556472,3.733426
7.614,186.15,0.00755769,3.7340279
7.615,186.18,0.007558908,3.7346296
7.616,186.21,0.007560126,3.7352314
7.617,186.24,0.007561344,3.7358332
7.618,186.27,0.007562562,3.736435
7.6189995,186.3,0.00756378,3.7370367
7.62,186.33,0.007564998,3.7376385
7.621,186.36,0.007566216,3.7382402
7.622,186.39,0.007567434,3.738842
7.623,186.42,0.007568652,3.7394438
7.624,186.45,0.00756987,3.7400458
7.6249995,186.48,0.007571088,3.7406476
7.626,186.51,0.007572306,3.7412493
7.627,186.54,0.007573524,3.741851
7.628,186.57,0.007574742,3.7424529
7.629,186.6,0.00757596,3.7430546
7.63,186.63,0.007577178,3.7436564
7.6310005,186.66,0.007578396,3.7442582
7.632,186.69,0.007579614,3.74486
7.633,186.72,0.007580832,3.7454617
7.634,186.75,0.00758205,3.7460635
7.635,186.78,0.007583268,3.7466652
7.636,186.81,0.007584486,3.747267
7.637,186.84,0.007585704,3.7478688
7.638,186.87,0.007586922,3.7484705
7.6389995,186.9,0.00758814,3.7490723
7.64,186.93,0.007589358,3.749674
7.641,186.96,0.007590576,3.7502759
7.642,186.99,0.007591794,3.7508776
7.643,187.02,0.007593012,3.7514794
7.644,187.05,0.00759423,3.7520812
7.6449995,187.08,0.007595448,3.752683
7.646,187.11,0.007596666,3.7532847
7.647,187.14,0.007597884,3.7538865
7.648,187.17,0.007599102,3.7544882
7.649,187.2,0.00760032,3.75509
7.65,187.23,0.007601538,3.7556918
7.6510005,187.26,0.007602756,3.7562938
7.652,187.29,0.007603974,3.7568955
7.653,187.32,0.007605192,3.7574973
7.654,187.35,0.00760641,3.758099
7.655,187.38,0.007607628,3.7587008
7.656,187.41,0.007608846,3.7593026
7.6570005,187.44,0.007610064,3.7599044
7.658,187.47,0.007611282,3.7605062
7.6589994,187.5,0.0076125,3.761108
7.66,187.53,0.007613718,3.7617097
7.661,187.56,0.007614936,3.7623115
7.662,187.59,0.007616154,3.7629132
7.663,187.62,0.007617372,3.763515
7.664,187.65,0.00761859,3.7641168
7.6649995,187.68,0.007619808,3.7647185
7.666,187.71,0.007621026,3.7653203
7.667,187.74,0.007622244,3.765922
7.668,187.77,0.007623462,3.7665238
7.669,187.8,0.00762468,3.7671256
7.67,187.83,0.007625898,3.7677274
7.6710005,187.86,0.007627116,3.7683291
7.672,187.89,0.007628334,3.768931
7.673,187.92,0.007629552,3.7695327
7.674,187.95,0.00763077,3.7701344
7.675,187.98,0.007631988,3.7707362
7.676,188.01,0.007633206,3.771338
7.6770005,188.04,0.007634424,3.7719398
7.678,188.07,0.007635642,3.7725418
7.679,188.1,0.00763686,3.7731435
7.68,188.13,0.007638078,3.7737453
7.681,188.16,0.007639296,3.774347
7.682,188.19,0.007640514,3.7749488
7.683,188.22,0.007641732,3.7755506
7.684,188.25,0.00764295,3.7761524
7.6849995,188.28,0.007644168,3.7767541
7.686,188.31,0.007645386,3.777356
7.687,188.34,0.007646604,3.7779577
7.688,188.37,0.007647822,3.7785594
7.689,188.4,0.00764904,3.7791612
7.69,188.43,0.007650258,3.779763
7.6909995,188.46,0.007651476,3.7803648
7.692,188.49,0.007652694,3.7809665
7.693,188.52,0.007653912,3.7815683
7.694,188.55,0.00765513,3.78217
7.695,188.58,0.007656348,3.7827718
7.696,188.61,0.007657566,3.7833736
7.6970005,188.64,0.007658784,3.7839754
7.698,188.67,0.007660002,3.7845771
7.699,188.7,0.00766122,3.785179
7.7,188.73,0.007662438,3.7857807
7.701,188.76,0.007663656,3.7863824
7.702,188.79,0.007664874,3.7869842
7.7030005,188.82,0.007666092,3.787586
7.704,188.85,0.00766731,3.7881877
7.7049994,188.88,0.007668528,3.7887895
7.706,188.91,0.007669746,3.7893915
7.707,188.94,0.007670964,3.7899933
7.708,188.97,0.007672182,3.790595
7.709,189.0,0.0076734,3.7911968
7.71,189.03,0.007674618,3.7917986
7.7109995,189.06,0.007675836,3.7924004
7.712,189.09,0.007677054,3.7930021
7.713,189.12,0.007678272,3.793604
7.714,189.15,0.00767949,3.7942057
7.715,189.18,0.007680708,3.7948074
7.716,189.21,0.007681926,3.7954092
7.7170005,189.24,0.007683144,3.796011
7.718,189.27,0.007684362,3.7966127
7.719,189.3,0.00768558,3.7972145
7.72,189.33,0.007686798,3.7978163
7.721,189.36,0.007688016,3.798418
7.722,189.39,0.007689234,3.7990198
7.7230005,189.42,0.007690452,3.7996216
7.724,189.45,0.00769167,3.8002234
7.725,189.48,0.007692888,3.800825
7.726,189.51,0.007694106,3.801427
7.727,189.54,0.007695324,3.8020287
7.728,189.57,0.007696542,3.8026304
7.729,189.6,0.00769776,3.8032322
7.73,189.63,0.007698978,3.803834
7.7309995,189.66,0.007700196,3.8044357
7.732,189.69,0.007701414,3.8050375
7.733,189.72,0.007702632,3.8056395
7.734,189.75,0.00770385,3.8062413
7.735,189.78,0.007705068,3.806843
7.736,189.81,0.007706286,3.8074448
7.7369995,189.84,0.007707504,3.8080466
7.738,189.87,0.007708722,3.8086483
7.739,189.9,0.00770994,3.80925
7.74,189.93,0.007711158,3.809852
7.741,189.96,0.007712376,3.8104537
7.742,189.99,0.007713594,3.8110554
7.7430005,190.02,0.007714812,3.8116572
7.744,190.05,0.00771603,3.812259
7.745,190.08,0.007717248,3.8128607
7.746,190.11,0.007718466,3.8134625
7.747,190.14,0.007719684,3.8140643
7.748,190.17,0.007720902,3.814666
7.7490005,190.2,0.00772212,3.8152678
7.75,190.23,0.007723338,3.8158696
7.7509995,190.26,0.007724556,3.8164713
7.752,190.29,0.007725774,3.817073
7.753,190.32,0.007726992,3.8176749
7.754,190.35,0.00772821,3.8182766
7.755,190.38,0.007729428,3.8188784
7.756,190.41,0.007730646,3.8194802
7.7569995,190.44,0.007731864,3.820082
7.758,190.47,0.007733082,3.8206837
7.759,190.5,0.0077343,3.8212855
7.76,190.53,0.007735518,3.8218875
7.761,190.56,0.007736736,3.8224893
7.762,190.59,0.007737954,3.823091
7.7630005,190.62,0.007739172,3.8236928
7.764,190.65,0.00774039,3.8242946
7.765,190.68,0.007741608,3.8248963
7.766,190.71,0.007742826,3.825498
7.767,190.74,0.007744044,3.8260999
7.768,190.77,0.007745262,3.8267016
7.7690005,190.8,0.00774648,3.8273034
7.77,190.83,0.007747698,3.8279052
7.771,190.86,0.007748916,3.828507
7.772,190.89,0.007750134,3.8291087
7.773,190.92,0.007751352,3.8297105
7.774,190.95,0.00775257,3.8303123
7.775,190.98,0.007753788,3.830914
7.776,191.01,0.007755006,3.8315158
7.7769995,191.04,0.007756224,3.8321176
7.778,191.07,0.007757442,3.8327193
7.779,191.1,0.00775866,3.833321
7.78,191.13,0.007759878,3.8339229
7.781,191.16,0.007761096,3.8345246
7.782,191.19,0.007762314,3.8351264
7.7829995,191.22,0.007763532,3.8357282
7.784,191.25,0.00776475,3.83633
7.785,191.28,0.007765968,3.8369317
7.786,191.31,0.007767186,3.8375335
7.787,191.34,0.007768404,3.8381355
7.788,191.37,0.007769622,3.8387372
7.7890005,191.4,0.00777084,3.839339
7.79,191.43,0.007772058,3.8399408
7.791,191.46,0.007773276,3.8405426
7.792,191.49,0.007774494,3.8411443
7.793,191.52,0.007775712,3.841746
7.794,191.55,0.00777693,3.8423479
7.7950006,191.58,0.007778148,3.8429496
7.796,191.61,0.007779366,3.8435514
7.7969995,191.64,0.007780584,3.8441532
7.798,191.67,0.007781802,3.844755
7.799,191.7,0.00778302,3.8453567
7.8,191.73,0.007784238,3.8459585
7.801,191.76,0.007785456,3.8465602
7.802,191.79,0.007786674,3.847162
7.8029995,191.82,0.007787892,3.8477638
7.804,191.85,0.00778911,3.8483655
7.805,191.88,0.007790328,3.8489673
7.806,191.91,0.007791546,3.849569
7.807,191.94,0.007792764,3.8501709
7.808,191.97,0.007793982,3.8507726
7.8090005,192.0,0.0077952,3.8513744
7.81,192.03,0.007796418,3.8519762
7.811,192.06,0.007797636,3.852578
7.812,192.09,0.007798854,3.8531797
7.813,192.12,0.007800072,3.8537815
7.814,192.15,0.00780129,3.8543835
7.8150005,192.18,0.007802508,3.8549852
7.816,192.21,0.007803726,3.855587
7.817,192.24,0.007804944,3.8561888
7.818,192.27,0.007806162,3.8567905
7.819,192.3,0.00780738,3.8573923
7.82,192.33,0.007808598,3.857994
7.821,192.36,0.007809816,3.8585958
7.822,192.39,0.007811034,3.8591976
7.8229995,192.42,0.007812252,3.8597994
7.824,192.45,0.00781347,3.8604012
7.825,192.48,0.007814688,3.861003
7.826,192.51,0.007815906,3.8616047
7.827,192.54,0.007817124,3.8622065
7.828,192.57,0.007818342,3.8628082
7.8289995,192.6,0.00781956,3.86341
7.83,192.63,0.007820778,3.8640118
7.831,192.66,0.007821996,3.8646135
7.832,192.69,0.007823214,3.8652153
7.833,192.72,0.007824432,3.865817
7.834,192.75,0.00782565,3.8664188
7.8350005,192.78,0.007826868,3.8670206
7.836,192.81,0.007828086,3.8676224
7.837,192.84,0.007829304,3.8682241
7.838,192.87,0.007830522,3.868826
7.839,192.9,0.00783174,3.8694277
7.84,192.93,0.007832958,3.8700294
7.8410006,192.96,0.007834176,3.8706312
7.842,192.99,0.007835394,3.8712332
7.8429995,193.02,0.007836612,3.871835
7.844,193.05,0.00783783,3.8724368
7.845,193.08,0.007839048,3.8730385
7.846,193.11,0.007840266,3.8736403
7.847,193.14,0.007841484,3.874242
7.848,193.17,0.007842702,3.8748438
7.8489995,193.2,0.00784392,3.8754456
7.85,193.23,0.007845138,3.8760474
7.851,193.26,0.007846356,3.8766491
7.852,193.29,0.007847574,3.877251
7.853,193.32,0.007848792,3.8778527
7.854,193.35,0.00785001,3.8784544
7.8550005,193.38,0.007851228,3.8790562
7.856,193.41,0.007852446,3.879658
7.857,193.44,0.007853664,3.8802598
7.858,193.47,0.007854882,3.8808615
7.859,193.5,0.0078561,3.8814633
7.86,193.53,0.007857318,3.882065
7.8610005,193.56,0.007858536,3.8826668
7.862,193.59,0.007859754,3.8832686
7.863,193.62,0.007860972,3.8838704
7.864,193.65,0.00786219,3.8844721
7.865,193.68,0.007863408,3.885074
7.866,193.71,0.007864626,3.8856757
7.867,193.74,0.007865844,3.8862774
7.868,193.77,0.007867062,3.8868792
7.8689995,193.8,0.00786828,3.8874812
7.87,193.83,0.007869498,3.888083
7.871,193.86,0.007870716,3.8886847
7.872,193.89,0.007871934,3.8892865
7.873,193.92,0.007873152,3.8898883
7.874,193.95,0.00787437,3.89049
7.8750005,193.98,0.007875588,3.8910918
7.876,194.01,0.007876806,3.8916936
7.877,194.04,0.007878024,3.8922954
7.878,194.07,0.007879242,3.8928971
7.879,194.1,0.00788046,3.893499
7.88,194.13,0.007881678,3.8941007
7.8810005,194.16,0.007882896,3.8947024
7.882,194.19,0.007884114,3.8953042
7.883,194.22,0.007885332,3.895906
7.884,194.25,0.00788655,3.8965077
7.885,194.28,0.007887768,3.8971095
7.886,194.31,0.007888986,3.8977113
7.887,194.34,0.007890204,3.898313
7.888,194.37,0.007891422,3.8989148
7.8889995,194.4,0.00789264,3.8995166
7.89,194.43,0.007893858,3.9001184
7.891,194.46,0.007895076,3.9007201
7.892,194.49,0.007896294,3.901322
7.893,194.52,0.007897512,3.9019237
7.894,194.55,0.00789873,3.9025254
7.8949995,194.58,0.007899948,3.9031272
7.896,194.61,0.007901166,3.9037292
7.897,194.64,0.007902384,3.904331
7.898,194.67,0.007903602,3.9049327
7.899,194.7,0.00790482,3.9055345
7.9,194.73,0.007906038,3.9061363
7.9010005,194.76,0.007907256,3.906738
7.902,194.79,0.007908474,3.9073398
7.903,194.82,0.007909692,3.9079416
7.904,194.85,0.00791091,3.9085433
7.905,194.88,0.007912128,3.909145
7.906,194.91,0.007913346,3.909747
7.9070005,194.94,0.007914564,3.9103487
7.908,194.97,0.007915782,3.9109504
7.9089994,195.0,0.007917,3.9115522
7.91,195.03,0.007918218,3.912154
7.911,195.06,0.007919436,3.9127557
7.912,195.09,0.007920654,3.9133575
7.913,195.12,0.007921872,3.9139593
7.914,195.15,0.00792309,3.914561
7.9149995,195.18,0.007924308,3.9151628
7.916,195.21,0.007925526,3.9157646
7.917,195.24,0.007926744,3.9163663
7.918,195.27,0.007927962,3.916968
7.919,195.3,0.00792918,3.9175699
7.92,195.33,0.007930398,3.9181716
7.9210005,195.36,0.007931616,3.9187734
7.922,195.39,0.007932834,3.9193752
7.923,195.42,0.007934052,3.9199772
7.924,195.45,0.00793527,3.920579
7.925,195.48,0.007936488,3.9211807
7.926,195.51,0.007937706,3.9217825
7.9270005,195.54,0.007938924,3.9223843
7.928,195.57,0.007940142,3.922986
7.929,195.6,0.00794136,3.9235878
7.93,195.63,0.007942578,3.9241896
7.931,195.66,0.007943796,3.9247913
7.932,195.69,0.007945014,3.925393
7.933,195.72,0.007946232,3.9259949
7.934,195.75,0.00794745,3.9265966
7.9349995,195.78,0.007948668,3.9271984
7.936,195.81,0.007949886,3.9278002
7.937,195.84,0.007951104,3.928402
7.938,195.87,0.007952322,3.9290037
7.939,195.9,0.00795354,3.9296055
7.94,195.93,0.007954758,3.9302073
7.9409995,195.96,0.007955976,3.930809
7.942,195.99,0.007957194,3.9314108
7.943,196.02,0.007958412,3.9320126
7.944,196.05,0.00795963,3.9326143
7.945,196.08,0.007960848,3.933216
7.946,196.11,0.007962066,3.9338179
7.9470005,196.14,0.007963284,3.9344196
7.948,196.17,0.007964502,3.9350214
7.949,196.2,0.00796572,3.9356232
7.95,196.23,0.007966938,3.9362252
7.951,196.26,0.007968156,3.936827
7.952,196.29,0.007969374,3.9374287
7.9530005,196.32,0.007970592,3.9380305
7.954,196.35,0.00797181,3.9386322
7.9549994,196.38,0.007973028,3.939234
7.956,196.41,0.007974246,3.9398358
7.957,196.44,0.007975464,3.9404376
7.958,196.47,0.007976682,3.9410393
7.959,196.5,0.0079779,3.941641
7.96,196.53,0.007979118,3.9422429
7.9609995,196.56,0.007980336,3.9428446
7.962,196.59,0.007981554,3.9434464
7.963,196.62,0.007982772,3.9440482
7.964,196.65,0.00798399,3.94465
7.965,196.68,0.007985208,3.9452517
7.966,196.71,0.007986426,3.9458535
7.9670005,196.74,0.007987644,3.9464552
7.968,196.77,0.007988862,3.947057
7.969,196.8,0.00799008,3.9476588
7.97,196.83,0.007991298,3.9482605
7.971,196.86,0.007992516,3.9488623
7.972,196.89,0.007993734,3.949464
7.9730005,196.92,0.007994952,3.9500659
7.974,196.95,0.00799617,3.9506676
7.975,196.98,0.007997388,3.9512694
7.976,197.01,0.007998606,3.9518712
7.977,197.04,0.007999824,3.952473
7.978,197.07,0.008001042,3.953075
7.979,197.1,0.00800226,3.9536767
7.98,197.13,0.008003478,3.9542785
7.9809995,197.16,0.008004696,3.9548802
7.982,197.19,0.008005914,3.955482
7.983,197.22,0.008007132,3.9560838
7.984,197.25,0.00800835,3.9566855
7.985,197.28,0.008009568,3.9572873
7.986,197.31,0.008010786,3.957889
7.9869995,197.34,0.008012004,3.9584908
7.988,197.37,0.008013222,3.9590926
7.989,197.4,0.00801444,3.9596944
7.99,197.43,0.008015658,3.9602962
7.991,197.46,0.008016876,3.960898
7.992,197.49,0.008018094,3.9614997
7.9930005,197.52,0.008019312,3.9621015
7.994,197.55,0.00802053,3.9627032
7.995,197.58,0.008021748,3.963305
7.996,197.61,0.008022966,3.9639068
7.997,197.64,0.008024184,3.9645085
7.998,197.67,0.008025402,3.9651103
7.9990005,197.7,0.00802662,3.965712
8.0,197.73,0.008027838,3.9663138
8.001,197.76,0.008029056,3.9669156
8.002,197.79,0.008030274,3.9675174
8.003,197.82,0.008031492,3.9681191
8.004,197.85,0.00803271,3.968721
8.005,197.88,0.008033928,3.969323
8.006,197.91,0.008035146,3.9699247
8.007,197.94,0.008036364,3.9705265
8.008,197.97,0.008037582,3.9711282
8.009,198.0,0.0080388,3.97173
8.01,198.03,0.008040018,3.9723318
8.011,198.06,0.008041236,3.9729335
8.012,198.09,0.008042454,3.9735353
8.013,198.12,0.008043672,3.974137
8.014,198.15,0.00804489,3.9747388
8.015,198.18,0.008046108,3.9753406
8.016,198.21,0.008047326,3.9759424
8.017,198.24,0.008048544,3.9765441
8.018,198.27,0.008049762,3.977146
8.019,198.3,0.00805098,3.9777477
8.02,198.33,0.008052198,3.9783494
8.021,198.36,0.008053416,3.9789512
8.022,198.39,0.008054634,3.979553
8.023,198.42,0.008055852,3.9801548
8.024,198.45,0.00805707,3.9807565
8.025,198.48,0.008058288,3.9813583
8.026,198.51,0.008059506,3.98196
8.027,198.54,0.008060724,3.9825618
8.028,198.57,0.008061942,3.9831636
8.029,198.6,0.00806316,3.9837654
8.03,198.63,0.008064378,3.9843671
8.031,198.66,0.008065596,3.984969
8.032,198.69,0.008066814,3.985571
8.033,198.72,0.008068032,3.9861727
8.034,198.75,0.00806925,3.9867744
8.035,198.78,0.008070468,3.9873762
8.036,198.81,0.008071686,3.987978
8.037,198.84,0.008072904,3.9885798
8.038,198.87,0.008074122,3.9891815
8.039,198.9,0.00807534,3.9897833
8.04,198.93,0.008076558,3.990385
8.041,198.96,0.008077776,3.9909868
8.042,198.99,0.008078994,3.9915886
8.043,199.02,0.008080212,3.9921904
8.044,199.05,0.00808143,3.9927921
8.045,199.08,0.008082648,3.993394
8.046,199.11,0.008083866,3.9939957
8.047,199.14,0.008085084,3.9945974
8.048,199.17,0.008086302,3.9951992
8.049,199.2,0.00808752,3.995801
8.05,199.23,0.008088738,3.9964027
8.051,199.26,0.008089956,3.9970045
8.052,199.29,0.008091174,3.9976063
8.053,199.32,0.008092392,3.998208
8.054,199.35,0.00809361,3.9988098
8.055,199.38,0.008094828,3.9994116
8.056,199.41,0.008096046,4.0000134
8.057,199.44,0.008097264,4.000615
8.058,199.47,0.008098482,4.001217
8.059,199.5,0.0080997,4.0018187
8.06,199.53,0.008100918,4.0024204
8.061,199.56,0.008102136,4.003022
8.062,199.59,0.008103354,4.003624
8.063,199.62,0.008104572,4.0042257
8.064,199.65,0.00810579,4.0048275
8.065,199.68,0.008107008,4.0054293
8.066,199.71,0.008108226,4.006031
8.067,199.74,0.008109444,4.006633
8.068,199.77,0.008110662,4.0072346
8.069,199.8,0.00811188,4.0078363
8.07,199.83,0.008113098,4.008438
8.071,199.86,0.008114316,4.00904
8.072,199.89,0.008115534,4.0096416
8.073,199.92,0.008116752,4.010244
8.074,199.95,0.00811797,4.0108457
8.075,199.98,0.008119188,4.0114474
8.076,200.01,0.008120406,4.012049
8.077,200.04,0.008121624,4.012651
8.078,200.07,0.008122842,4.0132527
8.079,200.1,0.00812406,4.0138545
8.08,200.13,0.008125278,4.0144563
8.081,200.16,0.008126496,4.015058
8.082,200.19,0.008127714,4.01566
8.083,200.22,0.008128932,4.0162616
8.084,200.25,0.00813015,4.0168633
8.085,200.28,0.008131368,4.017465
8.086,200.31,0.008132586,4.018067
8.087,200.34,0.008133804,4.0186687
8.088,200.37,0.008135022,4.0192704
8.089,200.4,0.00813624,4.019872
8.09,200.43,0.008137458,4.020474
8.091,200.46,0.008138676,4.0210757
8.092,200.49,0.008139894,4.0216775
8.093,200.52,0.008141112,4.0222793
8.094,200.55,0.00814233,4.022881
8.095,200.58,0.008143548,4.023483
8.096,200.61,0.008144766,4.0240846
8.097,200.64,0.008145984,4.0246863
8.098,200.67,0.008147202,4.025288
8.099,200.7,0.00814842,4.02589
8.1,200.73,0.008149638,4.0264916
8.101,200.76,0.008150856,4.0270934
8.102,200.79,0.008152074,4.027695
8.103,200.82,0.008153292,4.028297
8.104,200.85,0.00815451,4.0288987
8.105,200.88,0.008155728,4.0295005
8.106,200.91,0.008156946,4.0301023
8.107,200.94,0.008158164,4.030704
8.108,200.97,0.008159382,4.031306
8.109,201.0,0.0081606,4.0319076
8.11,201.03,0.008161818,4.0325093
8.111,201.06,0.008163036,4.033111
8.112,201.09,0.008164254,4.033713
8.113,201.12,0.008165472,4.0343146
8.114,201.15,0.00816669,4.0349164
8.115,201.18,0.008167908,4.035518
8.116,201.21,0.008169126,4.03612
8.117,201.24,0.008170344,4.0367217
8.118,201.27,0.008171562,4.0373235
8.119,201.3,0.00817278,4.0379252
8.12,201.33,0.008173998,4.038527
8.121,201.36,0.008175216,4.039129
8.122,201.39,0.008176434,4.0397305
8.123,201.42,0.008177652,4.0403323
8.124,201.45,0.00817887,4.040934
8.125,201.48,0.008180088,4.041536
8.126,201.51,0.008181306,4.0421376
8.127,201.54,0.008182524,4.04274
8.128,201.57,0.008183742,4.0433416
8.129,201.6,0.00818496,4.0439434
8.13,201.63,0.008186178,4.044545
8.131,201.66,0.008187396,4.045147
8.132,201.69,0.008188614,4.0457487
8.133,201.72,0.008189832,4.0463505
8.134,201.75,0.00819105,4.0469522
8.135,201.78,0.008192268,4.047554
8.136,201.81,0.008193486,4.048156
8.137,201.84,0.008194704,4.0487576
8.138,201.87,0.008195922,4.0493593
8.139,201.9,0.00819714,4.049961
8.14,201.93,0.008198358,4.050563
8.141,201.96,0.008199576,4.0511646
8.142,201.99,0.008200794,4.0517664
8.143,202.02,0.008202012,4.052368
8.144,202.05,0.00820323,4.05297
8.145,202.08,0.008204448,4.0535717
8.146,202.11,0.008205666,4.0541735
8.147,202.14,0.008206884,4.054775
8.148,202.17,0.008208102,4.055377
8.149,202.2,0.00820932,4.055979
8.15,202.23,0.008210538,4.0565805
8.151,202.26,0.008211756,4.0571823
8.152,202.29,0.008212974,4.057784
8.153,202.32,0.008214192,4.058386
8.154,202.35,0.00821541,4.0589876
8.155,202.38,0.008216628,4.0595894
8.156,202.41,0.008217846,4.060191
8.157,202.44,0.008219064,4.060793
8.158,202.47,0.008220282,4.0613947
8.159,202.5,0.0082215,4.0619965
8.16,202.53,0.008222718,4.062598
8.161,202.56,0.008223936,4.0632
8.162,202.59,0.008225154,4.063802
8.163,202.62,0.008226372,4.0644035
8.164,202.65,0.00822759,4.0650053
8.165,202.68,0.008228808,4.065607
8.166,202.71,0.008230026,4.066209
8.167,202.74,0.008231244,4.0668106
8.168,202.77,0.008232462,4.0674124
8.169,202.8,0.00823368,4.068014
8.17,202.83,0.008234898,4.068616
8.171,202.86,0.008236116,4.0692177
8.172,202.89,0.008237334,4.0698195
8.173,202.92,0.008238552,4.070421
8.174,202.95,0.00823977,4.071023
8.175,202.98,0.008240988,4.0716248
8.176,203.01,0.008242206,4.0722265
8.177,203.04,0.008243424,4.0728283
8.178,203.07,0.008244642,4.07343
8.179,203.1,0.00824586,4.074032
8.18,203.13,0.008247078,4.0746336
8.181,203.16,0.008248296,4.0752354
8.182,203.19,0.008249514,4.0758376
8.183,203.22,0.008250732,4.0764394
8.184,203.25,0.00825195,4.077041
8.185,203.28,0.008253168,4.077643
8.186,203.31,0.008254386,4.0782447
8.187,203.34,0.008255604,4.0788465
8.188,203.37,0.008256822,4.079448
8.189,203.4,0.00825804,4.08005
8.19,203.43,0.008259258,4.0806518
8.191,203.46,0.008260476,4.0812535
8.192,203.49,0.008261694,4.0818553
8.193,203.52,0.008262912,4.082457
8.194,203.55,0.00826413,4.083059
8.195,203.58,0.008265348,4.0836606
8.196,203.61,0.008266566,4.0842624
8.197,203.64,0.008267784,4.084864
8.198,203.67,0.008269002,4.085466
8.199,203.7,0.00827022,4.0860677
8.2,203.73,0.008271438,4.0866694
8.201,203.76,0.008272656,4.087271
8.202,203.79,0.008273874,4.087873
8.203,203.82,0.008275092,4.0884748
8.204,203.85,0.00827631,4.0890765
8.205,203.88,0.008277528,4.0896783
8.206,203.91,0.008278746,4.09028
8.207,203.94,0.008279964,4.090882
8.208,203.97,0.008281182,4.0914836
8.209,204.0,0.0082824,4.0920854
8.21,204.03,0.008283618,4.092687
8.211,204.06,0.008284836,4.093289
8.212,204.09,0.008286054,4.0938907
8.213,204.12,0.008287272,4.0944924
8.214,204.15,0.00828849,4.095094
8.215,204.18,0.008289708,4.095696
8.216,204.21,0.008290926,4.0962977
8.217,204.24,0.008292144,4.0968995
8.218,204.27,0.008293362,4.0975013
8.219,204.3,0.00829458,4.098103
8.22,204.33,0.008295798,4.098705
8.221,204.36,0.008297016,4.0993066
8.222,204.39,0.008298234,4.0999084
8.223,204.42,0.008299452,4.10051
8.224,204.45,0.00830067,4.101112
8.225,204.48,0.008301888,4.1017137
8.226,204.51,0.008303106,4.1023154
8.227,204.54,0.008304324,4.102917
8.228,204.57,0.008305542,4.103519
8.229,204.6,0.00830676,4.1041207
8.23,204.63,0.008307978,4.1047225
8.231,204.66,0.008309196,4.1053243
8.232,204.69,0.008310414,4.105926
8.233,204.72,0.008311632,4.106528
8.234,204.75,0.00831285,4.1071296
8.235,204.78,0.008314068,4.1077313
8.236,204.81,0.008315286,4.1083336
8.237,204.84,0.008316504,4.1089354
8.238,204.87,0.008317722,4.109537
8.239,204.9,0.00831894,4.110139
8.24,204.93,0.008320158,4.1107407
8.241,204.96,0.008321376,4.1113424
8.242,204.99,0.008322594,4.111944
8.243,205.02,0.008323812,4.112546
8.244,205.05,0.00832503,4.1131477
8.245,205.08,0.008326248,4.1137495
8.246,205.11,0.008327466,4.1143513
8.247,205.14,0.008328684,4.114953
8.248,205.17,0.008329902,4.115555
8.249,205.2,0.00833112,4.1161566
8.25,205.23,0.008332338,4.1167583
8.251,205.26,0.008333556,4.11736
8.252,205.29,0.008334774,4.117962
8.253,205.32,0.008335992,4.1185637
8.254,205.35,0.00833721,4.1191654
8.255,205.38,0.008338428,4.119767
8.256,205.41,0.008339646,4.120369
8.257,205.44,0.008340864,4.1209707
8.258,205.47,0.008342082,4.1215725
8.259,205.5,0.0083433,4.1221743
8.26,205.53,0.008344518,4.122776
8.261,205.56,0.008345736,4.123378
8.262,205.59,0.008346954,4.1239796
8.263,205.62,0.008348172,4.1245813
8.264,205.65,0.00834939,4.125183
8.265,205.68,0.008350608,4.125785
8.266,205.71,0.008351826,4.1263866
8.267,205.74,0.008353044,4.1269884
8.268,205.77,0.008354262,4.12759
8.269,205.8,0.00835548,4.128192
8.27,205.83,0.008356698,4.1287937
8.271,205.86,0.008357916,4.1293955
8.272,205.89,0.008359134,4.1299973
8.273,205.92,0.008360352,4.130599
8.274,205.95,0.00836157,4.131201
8.275,205.98,0.008362788,4.1318026
8.276,206.01,0.008364006,4.1324043
8.277,206.04,0.008365224,4.133006
8.278,206.07,0.008366442,4.133608
8.279,206.1,0.00836766,4.1342096
8.28,206.13,0.008368878,4.1348114
8.281,206.16,0.008370096,4.135413
8.282,206.19,0.008371314,4.136015
8.283,206.22,0.008372532,4.1366167
8.284,206.25,0.00837375,4.1372185
8.285,206.28,0.008374968,4.1378202
8.286,206.31,0.008376186,4.138422
8.287,206.34,0.008377404,4.139024
8.288,206.37,0.008378622,4.1396255
8.289,206.4,0.00837984,4.1402273
8.29,206.43,0.008381058,4.1408296
8.291,206.46,0.008382276,4.1414313
8.292,206.49,0.008383494,4.142033
8.293,206.52,0.008384712,4.142635
8.294,206.55,0.00838593,4.1432366
8.295,206.58,0.008387148,4.1438384
8.296,206.61,0.008388366,4.14444
8.297,206.64,0.008389584,4.145042
8.298,206.67,0.008390802,4.1456437
8.299,206.7,0.00839202,4.1462455
8.3,206.73,0.008393238,4.1468472
8.301,206.76,0.008394456,4.147449
8.302,206.79,0.008395674,4.148051
8.303,206.82,0.008396892,4.1486526
8.304,206.85,0.00839811,4.1492543
8.305,206.88,0.008399328,4.149856
8.306,206.91,0.008400546,4.150458
8.307,206.94,0.008401764,4.1510596
8.308,206.97,0.008402982,4.1516614
8.309,207.0,0.0084042,4.152263
8.31,207.03,0.008405418,4.152865
8.311,207.06,0.008406636,4.1534667
8.312,207.09,0.008407854,4.1540685
8.313,207.12,0.008409072,4.1546702
8.314,207.15,0.00841029,4.155272
8.315,207.18,0.008411508,4.155874
8.316,207.21,0.008412726,4.1564755
8.317,207.24,0.008413944,4.1570773
8.318,207.27,0.008415162,4.157679
8.319,207.3,0.00841638,4.158281
8.32,207.33,0.008417598,4.1588826
8.321,207.36,0.008418816,4.1594844
8.322,207.39,0.008420034,4.160086
8.323,207.42,0.008421252,4.160688
8.324,207.45,0.00842247,4.1612897
8.325,207.48,0.008423688,4.1618915
8.326,207.51,0.008424906,4.162493
8.327,207.54,0.008426124,4.163095
8.328,207.57,0.008427342,4.163697
8.329,207.6,0.00842856,4.1642985
8.33,207.63,0.008429778,4.1649003
8.331,207.66,0.008430996,4.165502
8.332,207.69,0.008432214,4.166104
8.333,207.72,0.008433432,4.1667056
8.334,207.75,0.00843465,4.1673074
8.335,207.78,0.008435868,4.167909
8.336,207.81,0.008437086,4.168511
8.337,207.84,0.008438304,4.1691127
8.338,207.87,0.008439522,4.1697145
8.339,207.9,0.00844074,4.170316
8.34,207.93,0.008441958,4.170918
8.341,207.96,0.008443176,4.1715198
8.342,207.99,0.008444394,4.1721215
8.343,208.02,0.008445612,4.1727233
8.344,208.05,0.00844683,4.173325
8.345,208.08,0.008448048,4.1739273
8.346,208.11,0.008449266,4.174529
8.347,208.14,0.008450484,4.175131
8.348,208.17,0.008451702,4.1757326
8.349,208.2,0.00845292,4.1763344
8.35,208.23,0.008454138,4.176936
8.351,208.26,0.008455356,4.177538
8.352,208.29,0.008456574,4.1781397
8.353,208.32,0.008457792,4.1787415
8.354,208.35,0.00845901,4.179343
8.355,208.38,0.008460228,4.179945
8.356,208.41,0.008461446,4.1805468
8.357,208.44,0.008462664,4.1811485
8.358,208.47,0.008463882,4.1817503
8.359,208.5,0.0084651,4.182352
8.36,208.53,0.008466318,4.182954
8.361,208.56,0.008467536,4.1835556
8.362,208.59,0.008468754,4.1841574
8.363,208.62,0.008469972,4.184759
8.364,208.65,0.00847119,4.185361
8.365,208.68,0.008472408,4.1859627
8.366,208.71,0.008473626,4.1865644
8.367,208.74,0.008474844,4.187166
8.368,208.77,0.008476062,4.187768
8.369,208.8,0.00847728,4.1883698
8.37,208.83,0.008478498,4.1889715
8.371,208.86,0.008479716,4.1895733
8.372,208.89,0.008480934,4.190175
8.373,208.92,0.008482152,4.190777
8.374,208.95,0.00848337,4.1913786
8.375,208.98,0.008484588,4.1919804
8.376,209.01,0.008485806,4.192582
8.377,209.04,0.008487024,4.193184
8.378,209.07,0.008488242,4.1937857
8.379,209.1,0.00848946,4.1943874
8.38,209.13,0.008490678,4.194989
8.381,209.16,0.008491896,4.195591
8.382,209.19,0.008493114,4.1961927
8.383,209.22,0.008494332,4.1967945
8.384,209.25,0.00849555,4.1973963
8.385,209.28,0.008496768,4.197998
8.386,209.31,0.008497986,4.1986
8.387,209.34,0.008499204,4.1992016
8.388,209.37,0.008500422,4.1998034
8.389,209.4,0.00850164,4.200405
8.39,209.43,0.008502858,4.201007
8.391,209.46,0.008504076,4.2016087
8.392,209.49,0.008505294,4.2022104
8.393,209.52,0.008506512,4.202812
8.394,209.55,0.00850773,4.203414
8.395,209.58,0.008508948,4.2040157
8.396,209.61,0.008510166,4.2046175
8.397,209.64,0.008511384,4.2052193
8.398,209.67,0.008512602,4.205821
8.399,209.7,0.00851382,4.2064233
8.4,209.73,0.008515038,4.207025
8.401,209.76,0.008516256,4.207627
8.402,209.79,0.008517474,4.2082286
8.403,209.82,0.008518692,4.2088304
8.404,209.85,0.00851991,4.209432
8.405,209.88,0.008521128,4.210034
8.406,209.91,0.008522346,4.2106357
8.407,209.94,0.008523564,4.2112374
8.408,209.97,0.008524782,4.211839
8.409,210.0,0.008526,4.212441
8.41,210.03,0.008527218,4.2130427
8.411,210.06,0.008528436,4.2136445
8.412,210.09,0.008529654,4.2142463
8.413,210.12,0.008530872,4.214848
8.414,210.15,0.00853209,4.21545
8.415,210.18,0.008533308,4.2160516
8.416,210.21,0.008534526,4.2166533
8.417,210.24,0.008535744,4.217255
8.418,210.27,0.008536962,4.217857
8.419,210.3,0.00853818,4.2184587
8.42,210.33,0.008539398,4.2190604
8.421,210.36,0.008540616,4.219662
8.422,210.39,0.008541834,4.220264
8.423,210.42,0.008543052,4.2208657
8.424,210.45,0.00854427,4.2214675
8.425,210.48,0.008545488,4.2220693
8.426,210.51,0.008546706,4.222671
8.427,210.54,0.008547924,4.223273
8.428,210.57,0.008549142,4.2238746
8.429,210.6,0.00855036,4.2244763
8.43,210.63,0.008551578,4.225078
8.431,210.66,0.008552796,4.22568
8.432,210.69,0.008554014,4.2262816
8.433,210.72,0.008555232,4.2268834
8.434,210.75,0.00855645,4.227485
8.435,210.78,0.008557668,4.228087
8.436,210.81,0.008558886,4.2286887
8.437,210.84,0.008560104,4.2292905
8.438,210.87,0.008561322,4.2298923
8.439,210.9,0.00856254,4.230494
8.44,210.93,0.008563758,4.231096
8.441,210.96,0.008564976,4.2316976
8.442,210.99,0.008566194,4.2322993
8.443,211.02,0.008567412,4.232901
8.444,211.05,0.00856863,4.233503
8.445,211.08,0.008569848,4.2341046
8.446,211.11,0.008571066,4.2347064
8.447,211.14,0.008572284,4.235308
8.448,211.17,0.008573502,4.23591
8.449,211.2,0.00857472,4.2365117
8.45,211.23,0.008575938,4.2371135
8.451,211.26,0.008577156,4.2377152
8.452,211.29,0.008578374,4.238317
8.453,211.32,0.008579592,4.238919
8.454,211.35,0.00858081,4.239521
8.455,211.38,0.008582028,4.240123
8.456,211.41,0.008583246,4.2407246
8.457,211.44,0.008584464,4.2413263
8.458,211.47,0.008585682,4.241928
8.459,211.5,0.0085869,4.24253
8.46,211.53,0.008588118,4.2431316
8.461,211.56,0.008589336,4.2437334
8.462,211.59,0.008590554,4.244335
8.463,211.62,0.008591772,4.244937
8.464,211.65,0.00859299,4.2455387
8.465,211.68,0.008594208,4.2461405
8.466,211.71,0.008595426,4.2467422
8.467,211.74,0.008596644,4.247344
8.468,211.77,0.008597862,4.247946
8.469,211.8,0.00859908,4.2485476
8.47,211.83,0.008600298,4.2491493
8.471,211.86,0.008601516,4.249751
8.472,211.89,0.008602734,4.250353
8.473,211.92,0.008603952,4.2509546
8.474,211.95,0.00860517,4.2515564
8.475,211.98,0.008606388,4.252158
8.476,212.01,0.008607606,4.25276
8.477,212.04,0.008608824,4.2533617
8.478,212.07,0.008610042,4.2539635
8.479,212.1,0.00861126,4.2545652
8.48,212.13,0.008612478,4.255167
8.481,212.16,0.008613696,4.255769
8.482,212.19,0.008614914,4.2563705
8.483,212.22,0.008616132,4.2569723
8.484,212.25,0.00861735,4.257574
8.485,212.28,0.008618568,4.258176
8.486,212.31,0.008619786,4.2587776
8.487,212.34,0.008621004,4.2593794
8.488,212.37,0.008622222,4.259981
8.489,212.4,0.00862344,4.260583
8.49,212.43,0.008624658,4.2611847
8.491,212.46,0.008625876,4.2617865
8.492,212.49,0.008627094,4.262388
8.493,212.52,0.008628312,4.26299
8.494,212.55,0.00862953,4.263592
8.495,212.58,0.008630748,4.2641935
8.496,212.61,0.008631966,4.2647953
8.497,212.64,0.008633184,4.265397
8.498,212.67,0.008634402,4.265999
8.499,212.7,0.00863562,4.2666006
8.5,212.73,0.008636838,4.2672024
8.501,212.76,0.008638056,4.267804
8.502,212.79,0.008639274,4.268406
8.503,212.82,0.008640492,4.2690077
8.504,212.85,0.00864171,4.2696095
8.505,212.88,0.008642928,4.270211
8.506,212.91,0.008644146,4.270813
8.507,212.94,0.008645364,4.2714148
8.508,212.97,0.008646582,4.272017
8.509,213.0,0.0086478,4.272619
8.51,213.03,0.008649018,4.2732205
8.511,213.06,0.008650236,4.2738223
8.512,213.09,0.008651454,4.274424
8.513,213.12,0.008652672,4.275026
8.514,213.15,0.00865389,4.2756276
8.515,213.18,0.008655108,4.2762294
8.516,213.21,0.008656326,4.276831
8.517,213.24,0.008657544,4.277433
8.518,213.27,0.008658762,4.2780347
8.519,213.3,0.00865998,4.2786365
8.52,213.33,0.008661198,4.279238
8.521,213.36,0.008662416,4.27984
8.522,213.39,0.008663634,4.2804418
8.523,213.42,0.008664852,4.2810435
8.524,213.45,0.00866607,4.2816453
8.525,213.48,0.008667288,4.282247
8.526,213.51,0.008668506,4.282849
8.527,213.54,0.008669724,4.2834506
8.528,213.57,0.008670942,4.2840524
8.529,213.6,0.00867216,4.284654
8.53,213.63,0.008673378,4.285256
8.531,213.66,0.008674596,4.2858577
8.532,213.69,0.008675814,4.2864594
8.533,213.72,0.008677032,4.287061
8.534,213.75,0.00867825,4.287663
8.535,213.78,0.008679468,4.2882648
8.536,213.81,0.008680686,4.2888665
8.537,213.84,0.008681904,4.2894683
8.538,213.87,0.008683122,4.29007
8.539,213.9,0.00868434,4.290672
8.54,213.93,0.008685558,4.2912736
8.541,213.96,0.008686776,4.2918754
8.542,213.99,0.008687994,4.292477
8.543,214.02,0.008689212,4.293079
8.544,214.05,0.00869043,4.2936807
8.545,214.08,0.008691648,4.2942824
8.546,214.11,0.008692866,4.294884
8.547,214.14,0.008694084,4.295486
8.548,214.17,0.008695302,4.2960877
8.549,214.2,0.00869652,4.2966895
8.55,214.23,0.008697738,4.2972913
8.551,214.26,0.008698956,4.297893
8.552,214.29,0.008700174,4.298495
8.553,214.32,0.008701392,4.2990966
8.554,214.35,0.00870261,4.2996984
8.555,214.38,0.008703828,4.3003
8.556,214.41,0.008705046,4.300902
8.557,214.44,0.008706264,4.3015037
8.558,214.47,0.008707482,4.3021054
8.559,214.5,0.0087087,4.302707
8.56,214.53,0.008709918,4.303309
8.561,214.56,0.008711136,4.3039107
8.562,214.59,0.008712354,4.304513
8.563,214.62,0.008713572,4.3051147
8.564,214.65,0.00871479,4.3057165
8.565,214.68,0.008716008,4.3063183
8.566,214.71,0.008717226,4.30692
8.567,214.74,0.008718444,4.307522
8.568,214.77,0.008719662,4.3081236
8.569,214.8,0.00872088,4.3087254
8.57,214.83,0.008722098,4.309327
8.571,214.86,0.008723316,4.309929
8.572,214.89,0.008724534,4.3105307
8.573,214.92,0.008725752,4.3111324
8.574,214.95,0.00872697,4.311734
8.575,214.98,0.008728188,4.312336
8.576,215.01,0.008729406,4.3129377
8.577,215.04,0.008730624,4.3135395
8.578,215.07,0.008731842,4.3141413
8.579,215.1,0.00873306,4.314743
8.58,215.13,0.008734278,4.315345
8.581,215.16,0.008735496,4.3159466
8.582,215.19,0.008736714,4.3165483
8.583,215.22,0.008737932,4.31715
8.584,215.25,0.00873915,4.317752
8.585,215.28,0.008740368,4.3183537
8.586,215.31,0.008741586,4.3189554
8.587,215.34,0.008742804,4.319557
8.588,215.37,0.008744022,4.320159
8.589,215.4,0.00874524,4.3207607
8.59,215.43,0.008746458,4.3213625
8.591,215.46,0.008747676,4.3219643
8.592,215.49,0.008748894,4.322566
8.593,215.52,0.008750112,4.323168
8.594,215.55,0.00875133,4.3237696
8.595,215.58,0.008752548,4.3243713
8.596,215.61,0.008753766,4.324973
8.597,215.64,0.008754984,4.325575
8.598,215.67,0.008756202,4.3261766
8.599,215.7,0.00875742,4.3267784
8.6,215.73,0.008758638,4.32738
8.601,215.76,0.008759856,4.327982
8.602,215.79,0.008761074,4.3285837
8.603,215.82,0.008762292,4.3291855
8.604,215.85,0.00876351,4.3297873
8.605,215.88,0.008764728,4.330389
8.606,215.91,0.008765946,4.330991
8.607,215.94,0.008767164,4.3315926
8.608,215.97,0.008768382,4.3321943
8.609,216.0,0.0087696,4.332796
8.61,216.03,0.008770818,4.333398
8.611,216.06,0.008772036,4.3339996
8.612,216.09,0.008773254,4.3346014
8.613,216.12,0.008774472,4.335203
8.614,216.15,0.00877569,4.335805
8.615,216.18,0.008776908,4.3364067
8.616,216.21,0.008778126,4.3370085
8.617,216.24,0.008779344,4.3376107
8.618,216.27,0.008780562,4.3382125
8.619,216.3,0.00878178,4.3388143
8.62,216.33,0.008782998,4.339416
8.621,216.36,0.008784216,4.340018
8.622,216.39,0.008785434,4.3406196
8.623,216.42,0.008786652,4.3412213
8.624,216.45,0.00878787,4.341823
8.625,216.48,0.008789088,4.342425
8.626,216.51,0.008790306,4.3430266
8.627,216.54,0.008791524,4.3436284
8.628,216.57,0.008792742,4.34423
8.629,216.6,0.00879396,4.344832
8.63,216.63,0.008795178,4.3454337
8.631,216.66,0.008796396,4.3460355
8.632,216.69,0.008797614,4.3466372
8.633,216.72,0.008798832,4.347239
8.634,216.75,0.00880005,4.347841
8.635,216.78,0.008801268,4.3484426
8.636,216.81,0.008802486,4.3490443
8.637,216.84,0.008803704,4.349646
8.638,216.87,0.008804922,4.350248
8.639,216.9,0.00880614,4.3508496
8.64,216.93,0.008807358,4.3514514
8.641,216.96,0.008808576,4.352053
8.642,216.99,0.008809794,4.352655
8.643,217.02,0.008811012,4.3532567
8.644,217.05,0.00881223,4.3538585
8.645,217.08,0.008813448,4.3544602
8.646,217.11,0.008814666,4.355062
8.647,217.14,0.008815884,4.355664
8.648,217.17,0.008817102,4.3562655
8.649,217.2,0.00881832,4.3568673
8.65,217.23,0.008819538,4.357469
8.651,217.26,0.008820756,4.358071
8.652,217.29,0.008821974,4.3586726
8.653,217.32,0.008823192,4.3592744
8.654,217.35,0.00882441,4.359876
8.655,217.38,0.008825628,4.360478
8.656,217.41,0.008826846,4.3610797
8.657,217.44,0.008828064,4.3616815
8.658,217.47,0.008829282,4.362283
8.659,217.5,0.0088305,4.362885
8.66,217.53,0.008831718,4.363487
8.661,217.56,0.008832936,4.3640885
8.662,217.59,0.008834154,4.3646903
8.663,217.62,0.008835372,4.365292
8.664,217.65,0.00883659,4.365894
8.665,217.68,0.008837808,4.3664956
8.666,217.71,0.008839026,4.3670974
8.667,217.74,0.008840244,4.367699
8.668,217.77,0.008841462,4.368301
8.669,217.8,0.00884268,4.3689027
8.67,217.83,0.008843898,4.3695045
8.671,217.86,0.008845116,4.3701067
8.672,217.89,0.008846334,4.3707085
8.673,217.92,0.008847552,4.37131
8.674,217.95,0.00884877,4.371912
8.675,217.98,0.008849988,4.372514
8.676,218.01,0.008851206,4.3731155
8.677,218.04,0.008852424,4.3737173
8.678,218.07,0.008853642,4.374319
8.679,218.1,0.00885486,4.374921
8.68,218.13,0.008856078,4.3755226
8.681,218.16,0.008857296,4.3761244
8.682,218.19,0.008858514,4.376726
8.683,218.22,0.008859732,4.377328
8.684,218.25,0.00886095,4.3779297
8.685,218.28,0.008862168,4.3785315
8.686,218.31,0.008863386,4.379133
8.687,218.34,0.008864604,4.379735
8.688,218.37,0.008865822,4.3803368
8.689,218.4,0.00886704,4.3809385
8.69,218.43,0.008868258,4.3815403
8.691,218.46,0.008869476,4.382142
8.692,218.49,0.008870694,4.382744
8.693,218.52,0.008871912,4.3833456
8.694,218.55,0.00887313,4.3839474
8.695,218.58,0.008874348,4.384549
8.696,218.61,0.008875566,4.385151
8.697,218.64,0.008876784,4.3857527
8.698,218.67,0.008878002,4.3863544
8.699,218.7,0.00887922,4.386956
8.7,218.73,0.008880438,4.387558
8.701,218.76,0.008881656,4.3881598
8.702,218.79,0.008882874,4.3887615
8.703,218.82,0.008884092,4.3893633
8.704,218.85,0.00888531,4.389965
8.705,218.88,0.008886528,4.390567
8.706,218.91,0.008887746,4.3911686
8.707,218.94,0.008888964,4.3917704
8.708,218.97,0.008890182,4.392372
8.709,219.0,0.0088914,4.392974
8.71,219.03,0.008892618,4.3935757
8.711,219.06,0.008893836,4.3941774
8.712,219.09,0.008895054,4.394779
8.713,219.12,0.008896272,4.395381
8.714,219.15,0.00889749,4.3959827
8.715,219.18,0.008898708,4.3965845
8.716,219.21,0.008899926,4.3971863
8.717,219.24,0.008901144,4.397788
8.718,219.27,0.008902362,4.39839
8.719,219.3,0.00890358,4.3989916
8.72,219.33,0.008904798,4.3995934
8.721,219.36,0.008906016,4.400195
8.722,219.39,0.008907234,4.400797
8.723,219.42,0.008908452,4.4013987
8.724,219.45,0.00890967,4.4020004
8.725,219.48,0.008910888,4.402602
8.726,219.51,0.008912106,4.4032044
8.727,219.54,0.008913324,4.403806
8.728,219.57,0.008914542,4.404408
8.729,219.6,0.00891576,4.4050097
8.73,219.63,0.008916978,4.4056115
8.731,219.66,0.008918196,4.4062133
8.732,219.69,0.008919414,4.406815
8.733,219.72,0.008920632,4.407417
8.734,219.75,0.00892185,4.4080186
8.735,219.78,0.008923068,4.4086204
8.736,219.81,0.008924286,4.409222
8.737,219.84,0.008925504,4.409824
8.738,219.87,0.008926722,4.4104257
8.739,219.9,0.00892794,4.4110274
8.74,219.93,0.008929158,4.411629
8.741,219.96,0.008930376,4.412231
8.742,219.99,0.008931594,4.4128327
8.743,220.02,0.008932812,4.4134345
8.744,220.05,0.00893403,4.4140363
8.745,220.08,0.008935248,4.414638
8.746,220.11,0.008936466,4.41524
8.747,220.14,0.008937684,4.4158416
8.748,220.17,0.008938902,4.4164433
8.749,220.2,0.00894012,4.417045
8.75,220.23,0.008941338,4.417647
8.751,220.26,0.008942556,4.4182487
8.752,220.29,0.008943774,4.4188504
8.753,220.32,0.008944992,4.419452
8.754,220.35,0.00894621,4.420054
8.755,220.38,0.008947428,4.4206557
8.756,220.41,0.008948646,4.4212575
8.757,220.44,0.008949864,4.4218593
8.758,220.47,0.008951082,4.422461
8.759,220.5,0.0089523,4.423063
8.76,220.53,0.008953518,4.4236646
8.761,220.56,0.008954736,4.4242663
8.762,220.59,0.008955954,4.424868
8.763,220.62,0.008957172,4.42547
8.764,220.65,0.00895839,4.4260716
8.765,220.68,0.008959608,4.4266734
8.766,220.71,0.008960826,4.427275
8.767,220.74,0.008962044,4.427877
8.768,220.77,0.008963262,4.4284787
8.769,220.8,0.00896448,4.4290805
8.77,220.83,0.008965698,4.4296823
8.771,220.86,0.008966916,4.430284
8.772,220.89,0.008968134,4.430886
8.773,220.92,0.008969352,4.4314876
8.774,220.95,0.00897057,4.4320893
8.775,220.98,0.008971788,4.432691
8.776,221.01,0.008973006,4.433293
8.777,221.04,0.008974224,4.4338946
8.778,221.07,0.008975442,4.4344964
8.779,221.1,0.00897666,4.435098
8.78,221.13,0.008977878,4.4357004
8.781,221.16,0.008979096,4.436302
8.782,221.19,0.008980314,4.436904
8.783,221.22,0.008981532,4.4375057
8.784,221.25,0.00898275,4.4381075
8.785,221.28,0.008983968,4.4387093
8.786,221.31,0.008985186,4.439311
8.787,221.34,0.008986404,4.439913
8.788,221.37,0.008987622,4.4405146
8.789,221.4,0.00898884,4.4411163
8.79,221.43,0.008990058,4.441718
8.791,221.46,0.008991276,4.44232
8.792,221.49,0.008992494,4.4429216
8.793,221.52,0.008993712,4.4435234
8.794,221.55,0.00899493,4.444125
8.795,221.58,0.008996148,4.444727
8.796,221.61,0.008997366,4.4453287
8.797,221.64,0.008998584,4.4459305
8.798,221.67,0.008999802,4.4465322
8.799,221.7,0.00900102,4.447134
8.8,221.73,0.009002238,4.447736
8.801,221.76,0.009003456,4.4483376
8.802,221.79,0.009004674,4.4489393
8.803,221.82,0.009005892,4.449541
8.804,221.85,0.00900711,4.450143
8.805,221.88,0.009008328,4.4507446
8.806,221.91,0.009009546,4.4513464
8.807,221.94,0.009010764,4.451948
8.808,221.97,0.009011982,4.45255
8.809,222.0,0.0090132,4.4531517
8.81,222.03,0.009014418,4.4537535
8.811,222.06,0.009015636,4.4543552
8.812,222.09,0.009016854,4.454957
8.813,222.12,0.009018072,4.455559
8.814,222.15,0.00901929,4.4561605
8.815,222.18,0.009020508,4.4567623
8.816,222.21,0.009021726,4.457364
8.817,222.24,0.009022944,4.457966
8.818,222.27,0.009024162,4.4585676
8.819,222.3,0.00902538,4.4591694
8.82,222.33,0.009026598,4.459771
8.821,222.36,0.009027816,4.460373
8.822,222.39,0.009029034,4.4609747
8.823,222.42,0.009030252,4.4615765
8.824,222.45,0.00903147,4.462178
8.825,222.48,0.009032688,4.46278
8.826,222.51,0.009033906,4.463382
8.827,222.54,0.009035124,4.4639835
8.828,222.57,0.009036342,4.4645853
8.829,222.6,0.00903756,4.465187
8.83,222.63,0.009038778,4.465789
8.831,222.66,0.009039996,4.4663906
8.832,222.69,0.009041214,4.4669924
8.833,222.72,0.009042432,4.467594
8.834,222.75,0.00904365,4.4681964
8.835,222.78,0.009044868,4.468798
8.836,222.81,0.009046086,4.4694
8.837,222.84,0.009047304,4.4700017
8.838,222.87,0.009048522,4.4706035
8.839,222.9,0.00904974,4.471205
8.84,222.93,0.009050958,4.471807
8.841,222.96,0.009052176,4.472409
8.842,222.99,0.009053394,4.4730105
8.843,223.02,0.009054612,4.4736123
8.844,223.05,0.00905583,4.474214
8.845,223.08,0.009057048,4.474816
8.846,223.11,0.009058266,4.4754176
8.847,223.14,0.009059484,4.4760194
8.848,223.17,0.009060702,4.476621
8.849,223.2,0.00906192,4.477223
8.85,223.23,0.009063138,4.4778247
8.851,223.26,0.009064356,4.4784265
8.852,223.29,0.009065574,4.479028
8.853,223.32,0.009066792,4.47963
8.854,223.35,0.00906801,4.480232
8.855,223.38,0.009069228,4.4808335
8.856,223.41,0.009070446,4.4814353
8.857,223.44,0.009071664,4.482037
8.858,223.47,0.009072882,4.482639
8.859,223.5,0.0090741,4.4832406
8.86,223.53,0.009075318,4.4838424
8.861,223.56,0.009076536,4.484444
8.862,223.59,0.009077754,4.485046
8.863,223.62,0.009078972,4.4856477
8.864,223.65,0.00908019,4.4862494
8.865,223.68,0.009081408,4.486851
8.866,223.71,0.009082626,4.487453
8.867,223.74,0.009083844,4.4880548
8.868,223.77,0.009085062,4.4886565
8.869,223.8,0.00908628,4.4892583
8.87,223.83,0.009087498,4.48986
8.871,223.86,0.009088716,4.490462
8.872,223.89,0.009089934,4.4910636
8.873,223.92,0.009091152,4.4916654
8.874,223.95,0.00909237,4.492267
8.875,223.98,0.009093588,4.492869
8.876,224.01,0.009094806,4.4934707
8.877,224.04,0.009096024,4.4940724
8.878,224.07,0.009097242,4.494674
8.879,224.1,0.00909846,4.495276
8.88,224.13,0.009099678,4.4958777
8.881,224.16,0.009100896,4.4964795
8.882,224.19,0.009102114,4.4970813
8.883,224.22,0.009103332,4.497683
8.884,224.25,0.00910455,4.498285
8.885,224.28,0.009105768,4.4988866
8.886,224.31,0.009106986,4.4994884
8.887,224.34,0.009108204,4.50009
8.888,224.37,0.009109422,4.500692
8.889,224.4,0.00911064,4.501294
8.89,224.43,0.009111858,4.501896
8.891,224.46,0.009113076,4.5024977
8.892,224.49,0.009114294,4.5030994
8.893,224.52,0.009115512,4.503701
8.894,224.55,0.00911673,4.504303
8.895,224.58,0.009117948,4.5049047
8.896,224.61,0.009119166,4.5055065
8.897,224.64,0.009120384,4.5061083
8.898,224.67,0.009121602,4.50671
8.899,224.7,0.00912282,4.507312
8.9,224.73,0.009124038,4.5079136
8.901,224.76,0.009125256,4.5085154
8.902,224.79,0.009126474,4.509117
8.903,224.82,0.009127692,4.509719
8.904,224.85,0.00912891,4.5103207
8.905,224.88,0.009130128,4.5109224
8.906,224.91,0.009131346,4.511524
8.907,224.94,0.009132564,4.512126
8.908,224.97,0.009133782,4.5127277
8.909,225.0,0.009135,4.5133295
8.91,225.03,0.009136218,4.5139313
8.911,225.06,0.009137436,4.514533
8.912,225.09,0.009138654,4.515135
8.913,225.12,0.009139872,4.5157366
8.914,225.15,0.00914109,4.5163383
8.915,225.18,0.009142308,4.51694
8.916,225.21,0.009143526,4.517542
8.917,225.24,0.009144744,4.5181437
8.918,225.27,0.009145962,4.5187454
8.919,225.3,0.00914718,4.519347
8.92,225.33,0.009148398,4.519949
8.921,225.36,0.009149616,4.5205507
8.922,225.39,0.009150834,4.5211525
8.923,225.42,0.009152052,4.5217543
8.924,225.45,0.00915327,4.522356
8.925,225.48,0.009154488,4.522958
8.926,225.51,0.009155706,4.5235596
8.927,225.54,0.009156924,4.5241613
8.928,225.57,0.009158142,4.524763
8.929,225.6,0.00915936,4.525365
8.93,225.63,0.009160578,4.5259666
8.931,225.66,0.009161796,4.5265684
8.932,225.69,0.009163014,4.52717
8.933,225.72,0.009164232,4.527772
8.934,225.75,0.00916545,4.5283737
8.935,225.78,0.009166668,4.5289755
8.936,225.81,0.009167886,4.5295773
8.937,225.84,0.009169104,4.530179
8.938,225.87,0.009170322,4.530781
8.939,225.9,0.00917154,4.5313826
8.94,225.93,0.009172758,4.5319843
8.941,225.96,0.009173976,4.532586
8.942,225.99,0.009175194,4.533188
8.943,226.02,0.009176412,4.53379
8.944,226.05,0.00917763,4.534392
8.945,226.08,0.009178848,4.5349936
8.946,226.11,0.009180066,4.5355954
8.947,226.14,0.009181284,4.536197
8.948,226.17,0.009182502,4.536799
8.949,226.2,0.00918372,4.5374007
8.95,226.23,0.009184938,4.5380025
8.951,226.26,0.009186156,4.5386043
8.952,226.29,0.009187374,4.539206
8.953,226.32,0.009188592,4.539808
8.954,226.35,0.00918981,4.5404096
8.955,226.38,0.009191028,4.5410113
8.956,226.41,0.009192246,4.541613
8.957,226.44,0.009193464,4.542215
8.958,226.47,0.009194682,4.5428166
8.959,226.5,0.0091959,4.5434184
8.96,226.53,0.009197118,4.54402
8.961,226.56,0.009198336,4.544622
8.962,226.59,0.009199554,4.5452237
8.963,226.62,0.009200772,4.5458255
8.964,226.65,0.00920199,4.5464272
8.965,226.68,0.009203208,4.547029
8.966,226.71,0.009204426,4.547631
8.967,226.74,0.009205644,4.5482326
8.968,226.77,0.009206862,4.5488343
8.969,226.8,0.00920808,4.549436
8.97,226.83,0.009209298,4.550038
8.971,226.86,0.009210516,4.5506396
8.972,226.89,0.009211734,4.5512414
8.973,226.92,0.009212952,4.551843
8.974,226.95,0.00921417,4.552445
8.975,226.98,0.009215388,4.5530467
8.976,227.01,0.009216606,4.5536485
8.977,227.04,0.009217824,4.5542502
8.978,227.07,0.009219042,4.554852
8.979,227.1,0.00922026,4.555454
8.98,227.13,0.009221478,4.5560555
8.981,227.16,0.009222696,4.5566573
8.982,227.19,0.009223914,4.557259
8.983,227.22,0.009225132,4.557861
8.984,227.25,0.00922635,4.5584626
8.985,227.28,0.009227568,4.5590644
8.986,227.31,0.009228786,4.559666
8.987,227.34,0.009230004,4.560268
8.988,227.37,0.009231222,4.5608697
8.989,227.4,0.00923244,4.5614715
8.99,227.43,0.009233658,4.562073
8.991,227.46,0.009234876,4.562675
8.992,227.49,0.009236094,4.563277
8.993,227.52,0.009237312,4.5638785
8.994,227.55,0.00923853,4.5644803
8.995,227.58,0.009239748,4.565082
8.996,227.61,0.009240966,4.565684
8.997,227.64,0.009242184,4.566286
8.998,227.67,0.009243402,4.566888
8.999,227.7,0.00924462,4.5674896
9.0,227.73,0.009245838,4.5680914
9.001,227.76,0.009247056,4.568693
9.002,227.79,0.009248274,4.569295
9.003,227.82,0.009249492,4.5698967
9.004,227.85,0.00925071,4.5704985
9.005,227.88,0.009251928,4.5711
9.006,227.91,0.009253146,4.571702
9.007,227.94,0.009254364,4.572304
9.008,227.97,0.009255582,4.5729055
9.009,228.0,0.0092568,4.5735073
9.01,228.03,0.009258018,4.574109
9.011,228.06,0.009259236,4.574711
9.012,228.09,0.009260454,4.5753126
9.013,228.12,0.009261672,4.5759144
9.014,228.15,0.00926289,4.576516
9.015,228.18,0.009264108,4.577118
9.016,228.21,0.009265326,4.5777197
9.017,228.24,0.009266544,4.5783215
9.018,228.27,0.009267762,4.578923
9.019,228.3,0.00926898,4.579525
9.02,228.33,0.009270198,4.580127
9.021,228.36,0.009271416,4.5807285
9.022,228.39,0.009272634,4.5813303
9.023,228.42,0.009273852,4.581932
9.024,228.45,0.00927507,4.582534
9.025,228.48,0.009276288,4.5831356
9.026,228.51,0.009277506,4.5837374
9.027,228.54,0.009278724,4.584339
9.028,228.57,0.009279942,4.584941
9.029,228.6,0.00928116,4.5855427
9.03,228.63,0.009282378,4.5861444
9.031,228.66,0.009283596,4.586746
9.032,228.69,0.009284814,4.587348
9.033,228.72,0.009286032,4.5879498
9.034,228.75,0.00928725,4.5885515
9.035,228.78,0.009288468,4.5891533
9.036,228.81,0.009289686,4.589755
9.037,228.84,0.009290904,4.590357
9.038,228.87,0.009292122,4.5909586
9.039,228.9,0.00929334,4.5915604
9.04,228.93,0.009294558,4.592162
9.041,228.96,0.009295776,4.592764
9.042,228.99,0.009296994,4.5933657
9.043,229.02,0.009298212,4.5939674
9.044,229.05,0.00929943,4.594569
9.045,229.08,0.009300648,4.595171
9.046,229.11,0.009301866,4.5957727
9.047,229.14,0.009303084,4.5963745
9.048,229.17,0.009304302,4.5969763
9.049,229.2,0.00930552,4.597578
9.05,229.23,0.009306738,4.59818
9.051,229.26,0.009307956,4.5987816
9.052,229.29,0.009309174,4.599384
9.053,229.32,0.009310392,4.5999856
9.054,229.35,0.00931161,4.6005874
9.055,229.38,0.009312828,4.601189
9.056,229.41,0.009314046,4.601791
9.057,229.44,0.009315264,4.6023927
9.058,229.47,0.009316482,4.6029944
9.059,229.5,0.0093177,4.603596
9.06,229.53,0.009318918,4.604198
9.061,229.56,0.009320136,4.6047997
9.062,229.59,0.009321354,4.6054015
9.063,229.62,0.009322572,4.6060033
9.064,229.65,0.00932379,4.606605
9.065,229.68,0.009325008,4.607207
9.066,229.71,0.009326226,4.6078086
9.067,229.74,0.009327444,4.6084104
9.068,229.77,0.009328662,4.609012
9.069,229.8,0.00932988,4.609614
9.07,229.83,0.009331098,4.6102157
9.071,229.86,0.009332316,4.6108174
9.072,229.89,0.009333534,4.611419
9.073,229.92,0.009334752,4.612021
9.074,229.95,0.00933597,4.6126227
9.075,229.98,0.009337188,4.6132245
9.076,230.01,0.009338406,4.6138263
9.077,230.04,0.009339624,4.614428
9.078,230.07,0.009340842,4.61503
9.079,230.1,0.00934206,4.6156316
9.08,230.13,0.009343278,4.6162333
9.081,230.16,0.009344496,4.616835
9.082,230.19,0.009345714,4.617437
9.083,230.22,0.009346932,4.6180387
9.084,230.25,0.00934815,4.6186404
9.085,230.28,0.009349368,4.619242
9.086,230.31,0.009350586,4.619844
9.087,230.34,0.009351804,4.6204457
9.088,230.37,0.009353022,4.6210475
9.089,230.4,0.00935424,4.6216493
9.09,230.43,0.009355458,4.622251
9.091,230.46,0.009356676,4.622853
9.092,230.49,0.009357894,4.6234546
9.093,230.52,0.009359112,4.6240563
9.094,230.55,0.00936033,4.624658
9.095,230.58,0.009361548,4.62526
9.096,230.61,0.009362766,4.6258616
9.097,230.64,0.009363984,4.6264634
9.098,230.67,0.009365202,4.627065
9.099,230.7,0.00936642,4.627667
9.1,230.73,0.009367638,4.6282687
9.101,230.76,0.009368856,4.6288705
9.102,230.79,0.009370074,4.6294723
9.103,230.82,0.009371292,4.630074
9.104,230.85,0.00937251,4.630676
9.105,230.88,0.009373728,4.6312776
9.106,230.91,0.009374946,4.63188
9.107,230.94,0.009376164,4.6324816
9.108,230.97,0.009377382,4.6330833
9.109,231.0,0.0093786,4.633685
9.11,231.03,0.009379818,4.634287
9.111,231.06,0.009381036,4.6348886
9.112,231.09,0.009382254,4.6354904
9.113,231.12,0.009383472,4.636092
9.114,231.15,0.00938469,4.636694
9.115,231.18,0.009385908,4.6372957
9.116,231.21,0.009387126,4.6378975
9.117,231.24,0.009388344,4.6384993
9.118,231.27,0.009389562,4.639101
9.119,231.3,0.00939078,4.639703
9.12,231.33,0.009391998,4.6403046
9.121,231.36,0.009393216,4.6409063
9.122,231.39,0.009394434,4.641508
9.123,231.42,0.009395652,4.64211
9.124,231.45,0.00939687,4.6427116
9.125,231.48,0.009398088,4.6433134
9.126,231.51,0.009399306,4.643915
9.127,231.54,0.009400524,4.644517
9.128,231.57,0.009401742,4.6451187
9.129,231.6,0.00940296,4.6457205
9.13,231.63,0.009404178,4.6463223
9.131,231.66,0.009405396,4.646924
9.132,231.69,0.009406614,4.647526
9.133,231.72,0.009407832,4.6481276
9.134,231.75,0.00940905,4.6487293
9.135,231.78,0.009410268,4.649331
9.136,231.81,0.009411486,4.649933
9.137,231.84,0.009412704,4.6505346
9.138,231.87,0.009413922,4.6511364
9.139,231.9,0.00941514,4.651738
9.14,231.93,0.009416358,4.65234
9.141,231.96,0.009417576,4.6529417
9.142,231.99,0.009418794,4.6535435
9.143,232.02,0.009420012,4.6541452
9.144,232.05,0.00942123,4.654747
9.145,232.08,0.009422448,4.655349
9.146,232.11,0.009423666,4.6559505
9.147,232.14,0.009424884,4.6565523
9.148,232.17,0.009426102,4.657154
9.149,232.2,0.00942732,4.657756
9.15,232.23,0.009428538,4.6583576
9.151,232.26,0.009429756,4.6589594
9.152,232.29,0.009430974,4.659561
9.153,232.32,0.009432192,4.660163
9.154,232.35,0.00943341,4.6607647
9.155,232.38,0.009434628,4.6613665
9.156,232.41,0.009435846,4.661968
9.157,232.44,0.009437064,4.66257
9.158,232.47,0.009438282,4.663172
9.159,232.5,0.0094395,4.6637735
9.16,232.53,0.009440718,4.6643753
9.161,232.56,0.009441936,4.6649776
9.162,232.59,0.009443154,4.6655793
9.163,232.62,0.009444372,4.666181
9.164,232.65,0.00944559,4.666783
9.165,232.68,0.009446808,4.6673846
9.166,232.71,0.009448026,4.6679864
9.167,232.74,0.009449244,4.668588
9.168,232.77,0.009450462,4.66919
9.169,232.8,0.00945168,4.6697917
9.17,232.83,0.009452898,4.6703935
9.171,232.86,0.009454116,4.670995
9.172,232.89,0.009455334,4.671597
9.173,232.92,0.009456552,4.672199
9.174,232.95,0.00945777,4.6728005
9.175,232.98,0.009458988,4.6734023
9.176,233.01,0.009460206,4.674004
9.177,233.04,0.009461424,4.674606
9.178,233.07,0.009462642,4.6752076
9.179,233.1,0.00946386,4.6758094
9.18,233.13,0.009465078,4.676411
9.181,233.16,0.009466296,4.677013
9.182,233.19,0.009467514,4.6776147
9.183,233.22,0.009468732,4.6782165
9.184,233.25,0.00946995,4.678818
9.185,233.28,0.009471168,4.67942
9.186,233.31,0.009472386,4.680022
9.187,233.34,0.009473604,4.6806235
9.188,233.37,0.009474822,4.6812253
9.189,233.4,0.00947604,4.681827
9.19,233.43,0.009477258,4.682429
9.191,233.46,0.009478476,4.6830306
9.192,233.49,0.009479694,4.6836324
9.193,233.52,0.009480912,4.684234
9.194,233.55,0.00948213,4.684836
9.195,233.58,0.009483348,4.6854377
9.196,233.61,0.009484566,4.6860394
9.197,233.64,0.009485784,4.686641
9.198,233.67,0.009487002,4.687243
9.199,233.7,0.00948822,4.6878448
9.2,233.73,0.009489438,4.6884465
9.201,233.76,0.009490656,4.6890483
9.202,233.79,0.009491874,4.68965
9.203,233.82,0.009493092,4.690252
9.204,233.85,0.00949431,4.6908536
9.205,233.88,0.009495528,4.6914554
9.206,233.91,0.009496746,4.692057
9.207,233.94,0.009497964,4.692659
9.208,233.97,0.009499182,4.6932607
9.209,234.0,0.0095004,4.6938624
9.21,234.03,0.009501618,4.694464
9.211,234.06,0.009502836,4.695066
9.212,234.09,0.009504054,4.6956677
9.213,234.12,0.009505272,4.6962695
9.214,234.15,0.00950649,4.6968713
9.215,234.18,0.009507708,4.6974735
9.216,234.21,0.009508926,4.6980753
9.217,234.24,0.009510144,4.698677
9.218,234.27,0.009511362,4.699279
9.219,234.3,0.00951258,4.6998806
9.22,234.33,0.009513798,4.7004824
9.221,234.36,0.009515016,4.701084
9.222,234.39,0.009516234,4.701686
9.223,234.42,0.009517452,4.7022877
9.224,234.45,0.00951867,4.7028894
9.225,234.48,0.009519888,4.703491
9.226,234.51,0.009521106,4.704093
9.227,234.54,0.009522324,4.7046947
9.228,234.57,0.009523542,4.7052965
9.229,234.6,0.00952476,4.7058983
9.23,234.63,0.009525978,4.7065
9.231,234.66,0.009527196,4.707102
9.232,234.69,0.009528414,4.7077036
9.233,234.72,0.009529632,4.7083054
9.234,234.75,0.00953085,4.708907
9.235,234.78,0.009532068,4.709509
9.236,234.81,0.009533286,4.7101107
9.237,234.84,0.009534504,4.7107124
9.238,234.87,0.009535722,4.711314
9.239,234.9,0.00953694,4.711916
9.24,234.93,0.009538158,4.7125177
9.241,234.96,0.009539376,4.7131195
9.242,234.99,0.009540594,4.7137213
9.243,235.02,0.009541812,4.714323
9.244,235.05,0.00954303,4.714925
9.245,235.08,0.009544248,4.7155266
9.246,235.11,0.009545466,4.7161283
9.247,235.14,0.009546684,4.71673
9.248,235.17,0.009547902,4.717332
9.249,235.2,0.00954912,4.7179337
9.25,235.23,0.009550338,4.7185354
9.251,235.26,0.009551556,4.719137
9.252,235.29,0.009552774,4.719739
9.253,235.32,0.009553992,4.7203407
9.254,235.35,0.00955521,4.7209425
9.255,235.38,0.009556428,4.7215443
9.256,235.41,0.009557646,4.722146
9.257,235.44,0.009558864,4.722748
9.258,235.47,0.009560082,4.7233496
9.259,235.5,0.0095613,4.7239513
9.26,235.53,0.009562518,4.724553
9.261,235.56,0.009563736,4.725155
9.262,235.59,0.009564954,4.7257566
9.263,235.62,0.009566172,4.7263584
9.264,235.65,0.00956739,4.72696
9.265,235.68,0.009568608,4.727562
9.266,235.71,0.009569826,4.7281637
9.267,235.74,0.009571044,4.7287655
9.268,235.77,0.009572262,4.7293673
9.269,235.8,0.00957348,4.7299695
9.27,235.83,0.009574698,4.7305713
9.271,235.86,0.009575916,4.731173
9.272,235.89,0.009577134,4.731775
9.273,235.92,0.009578352,4.7323766
9.274,235.95,0.00957957,4.7329783
9.275,235.98,0.009580788,4.73358
9.276,236.01,0.009582006,4.734182
9.277,236.04,0.009583224,4.7347836
9.278,236.07,0.009584442,4.7353854
9.279,236.1,0.00958566,4.735987
9.28,236.13,0.009586878,4.736589
9.281,236.16,0.009588096,4.7371907
9.282,236.19,0.009589314,4.7377925
9.283,236.22,0.009590532,4.7383943
9.284,236.25,0.00959175,4.738996
9.285,236.28,0.009592968,4.739598
9.286,236.31,0.009594186,4.7401996
9.287,236.34,0.009595404,4.7408013
9.288,236.37,0.009596622,4.741403
9.289,236.4,0.00959784,4.742005
9.29,236.43,0.009599058,4.7426066
9.291,236.46,0.009600276,4.7432084
9.292,236.49,0.009601494,4.74381
9.293,236.52,0.009602712,4.744412
9.294,236.55,0.00960393,4.7450137
9.295,236.58,0.009605148,4.7456155
9.296,236.61,0.009606366,4.7462173
9.297,236.64,0.009607584,4.746819
9.298,236.67,0.009608802,4.747421
9.299,236.7,0.00961002,4.7480226
9.3,236.73,0.009611238,4.7486243
9.301,236.76,0.009612456,4.749226
9.302,236.79,0.009613674,4.749828
9.303,236.82,0.009614892,4.7504296
9.304,236.85,0.00961611,4.7510314
9.305,236.88,0.009617328,4.751633
9.306,236.91,0.009618546,4.752235
9.307,236.94,0.009619764,4.7528367
9.308,236.97,0.009620982,4.7534385
9.309,237.0,0.0096222,4.7540402
9.31,237.03,0.009623418,4.754642
9.311,237.06,0.009624636,4.755244
9.312,237.09,0.009625854,4.7558455
9.313,237.12,0.009627072,4.7564473
9.314,237.15,0.00962829,4.757049
9.315,237.18,0.009629508,4.757651
9.316,237.21,0.009630726,4.7582526
9.317,237.24,0.009631944,4.7588544
9.318,237.27,0.009633162,4.759456
9.319,237.3,0.00963438,4.760058
9.32,237.33,0.009635598,4.7606597
9.321,237.36,0.009636816,4.7612615
9.322,237.39,0.009638034,4.761863
9.323,237.42,0.009639252,4.762465
9.324,237.45,0.00964047,4.7630672
9.325,237.48,0.009641688,4.763669
9.326,237.51,0.009642906,4.764271
9.327,237.54,0.009644124,4.7648726
9.328,237.57,0.009645342,4.7654743
9.329,237.6,0.00964656,4.766076
9.33,237.63,0.009647778,4.766678
9.331,237.66,0.009648996,4.7672796
9.332,237.69,0.009650214,4.7678814
9.333,237.72,0.009651432,4.768483
9.334,237.75,0.00965265,4.769085
9.335,237.78,0.009653868,4.7696867
9.336,237.81,0.009655086,4.7702885
9.337,237.84,0.009656304,4.77089
9.338,237.87,0.009657522,4.771492
9.339,237.9,0.00965874,4.772094
9.34,237.93,0.009659958,4.7726955
9.341,237.96,0.009661176,4.7732973
9.342,237.99,0.009662394,4.773899
9.343,238.02,0.009663612,4.774501
9.344,238.05,0.00966483,4.7751026
9.345,238.08,0.009666048,4.7757044
9.346,238.11,0.009667266,4.776306
9.347,238.14,0.009668484,4.776908
9.348,238.17,0.009669702,4.7775097
9.349,238.2,0.00967092,4.7781115
9.35,238.23,0.009672138,4.778713
9.351,238.26,0.009673356,4.779315
9.352,238.29,0.009674574,4.779917
9.353,238.32,0.009675792,4.7805185
9.354,238.35,0.00967701,4.7811203
9.355,238.38,0.009678228,4.781722
9.356,238.41,0.009679446,4.782324
9.357,238.44,0.009680664,4.7829256
9.358,238.47,0.009681882,4.7835274
9.359,238.5,0.0096831,4.784129
9.36,238.53,0.009684318,4.784731
9.361,238.56,0.009685536,4.7853327
9.362,238.59,0.009686754,4.7859344
9.363,238.62,0.009687972,4.786536
9.364,238.65,0.00968919,4.787138
9.365,238.68,0.009690408,4.7877398
9.366,238.71,0.009691626,4.7883415
9.367,238.74,0.009692844,4.7889433
9.368,238.77,0.009694062,4.789545
9.369,238.8,0.00969528,4.790147
9.37,238.83,0.009696498,4.7907486
9.371,238.86,0.009697716,4.7913504
9.372,238.89,0.009698934,4.791952
9.373,238.92,0.009700152,4.792554
9.374,238.95,0.00970137,4.7931557
9.375,238.98,0.009702588,4.7937574
9.376,239.01,0.009703806,4.794359
9.377,239.04,0.009705024,4.794961
9.378,239.07,0.009706242,4.795563
9.379,239.1,0.00970746,4.796165
9.38,239.13,0.009708678,4.7967668
9.381,239.16,0.009709896,4.7973685
9.382,239.19,0.009711114,4.7979703
9.383,239.22,0.009712332,4.798572
9.384,239.25,0.00971355,4.799174
9.385,239.28,0.009714768,4.7997756
9.386,239.31,0.009715986,4.8003774
9.387,239.34,0.009717204,4.800979
9.388,239.37,0.009718422,4.801581
9.389,239.4,0.00971964,4.8021827
9.39,239.43,0.009720858,4.8027844
9.391,239.46,0.009722076,4.803386
9.392,239.49,0.009723294,4.803988
9.393,239.52,0.009724512,4.8045897
9.394,239.55,0.00972573,4.8051915
9.395,239.58,0.009726948,4.8057933
9.396,239.61,0.009728166,4.806395
9.397,239.64,0.009729384,4.806997
9.398,239.67,0.009730602,4.8075986
9.399,239.7,0.00973182,4.8082004
9.4,239.73,0.009733038,4.808802
9.401,239.76,0.009734256,4.809404
9.402,239.79,0.009735474,4.8100057
9.403,239.82,0.009736692,4.8106074
9.404,239.85,0.00973791,4.811209
9.405,239.88,0.009739128,4.811811
9.406,239.91,0.009740346,4.8124127
9.407,239.94,0.009741564,4.8130145
9.408,239.97,0.009742782,4.8136163
9.409,240.0,0.009744,4.814218
9.41,240.03,0.009745218,4.81482
9.411,240.06,0.009746436,4.8154216
9.412,240.09,0.009747654,4.8160233
9.413,240.12,0.009748872,4.816625
9.414,240.15,0.00975009,4.817227
9.415,240.18,0.009751308,4.8178287
9.416,240.21,0.009752526,4.8184304
9.417,240.24,0.009753744,4.819032
9.418,240.27,0.009754962,4.819634
9.419,240.3,0.00975618,4.8202357
9.42,240.33,0.009757398,4.8208375
9.421,240.36,0.009758616,4.8214393
9.422,240.39,0.009759834,4.822041
9.423,240.42,0.009761052,4.822643
9.424,240.45,0.00976227,4.8232446
9.425,240.48,0.009763488,4.8238463
9.426,240.51,0.009764706,4.824448
9.427,240.54,0.009765924,4.82505
9.428,240.57,0.009767142,4.8256516
9.429,240.6,0.00976836,4.8262534
9.43,240.63,0.009769578,4.826855
9.431,240.66,0.009770796,4.827457
9.432,240.69,0.009772014,4.8280587
9.433,240.72,0.009773232,4.828661
9.434,240.75,0.00977445,4.8292627
9.435,240.78,0.009775668,4.8298645
9.436,240.81,0.009776886,4.8304663
9.437,240.84,0.009778104,4.831068
9.438,240.87,0.009779322,4.83167
9.439,240.9,0.00978054,4.8322716
9.44,240.93,0.009781758,4.8328733
9.441,240.96,0.009782976,4.833475
9.442,240.99,0.009784194,4.834077
9.443,241.02,0.009785412,4.8346786
9.444,241.05,0.00978663,4.8352804
9.445,241.08,0.009787848,4.835882
9.446,241.11,0.009789066,4.836484
9.447,241.14,0.009790284,4.8370857
9.448,241.17,0.009791502,4.8376875
9.449,241.2,0.00979272,4.8382893
9.45,241.23,0.009793938,4.838891
9.451,241.26,0.009795156,4.839493
9.452,241.29,0.009796374,4.8400946
9.453,241.32,0.009797592,4.8406963
9.454,241.35,0.00979881,4.841298
9.455,241.38,0.009800028,4.8419
9.456,241.41,0.009801246,4.8425016
9.457,241.44,0.009802464,4.8431034
9.458,241.47,0.009803682,4.843705
9.459,241.5,0.0098049,4.844307
9.46,241.53,0.009806118,4.8449087
9.461,241.56,0.009807336,4.8455105
9.462,241.59,0.009808554,4.8461123
9.463,241.62,0.009809772,4.846714
9.464,241.65,0.00981099,4.847316
9.465,241.68,0.009812208,4.8479176
9.466,241.71,0.009813426,4.8485193
9.467,241.74,0.009814644,4.849121
9.468,241.77,0.009815862,4.849723
9.469,241.8,0.00981708,4.8503246
9.47,241.83,0.009818298,4.8509264
9.471,241.86,0.009819516,4.851528
9.472,241.89,0.009820734,4.85213
9.473,241.92,0.009821952,4.8527317
9.474,241.95,0.00982317,4.8533335
9.475,241.98,0.009824388,4.8539352
9.476,242.01,0.009825606,4.854537
9.477,242.04,0.009826824,4.855139
9.478,242.07,0.009828042,4.8557405
9.479,242.1,0.00982926,4.8563423
9.48,242.13,0.009830478,4.856944
9.481,242.16,0.009831696,4.857546
9.482,242.19,0.009832914,4.8581476
9.483,242.22,0.009834132,4.8587494
9.484,242.25,0.00983535,4.859351
9.485,242.28,0.009836568,4.859953
9.486,242.31,0.009837786,4.8605547
9.487,242.34,0.009839004,4.861157
9.488,242.37,0.009840222,4.8617587
9.489,242.4,0.00984144,4.8623605
9.49,242.43,0.009842658,4.8629622
9.491,242.46,0.009843876,4.863564
9.492,242.49,0.009845094,4.864166
9.493,242.52,0.009846312,4.8647676
9.494,242.55,0.00984753,4.8653693
9.495,242.58,0.009848748,4.865971
9.496,242.61,0.009849966,4.866573
9.497,242.64,0.009851184,4.8671746
9.498,242.67,0.009852402,4.8677764
9.499,242.7,0.00985362,4.868378
9.5,242.73,0.009854838,4.86898
9.501,242.76,0.009856056,4.8695817
9.502,242.79,0.009857274,4.8701835
9.503,242.82,0.009858492,4.870785
9.504,242.85,0.00985971,4.871387
9.505,242.88,0.009860928,4.871989
9.506,242.91,0.009862146,4.8725905
9.507,242.94,0.009863364,4.8731923
9.508,242.97,0.009864582,4.873794
9.509,243.0,0.0098658,4.874396
9.51,243.03,0.009867018,4.8749976
9.511,243.06,0.009868236,4.8755994
9.512,243.09,0.009869454,4.876201
9.513,243.12,0.009870672,4.876803
9.514,243.15,0.00987189,4.8774047
9.515,243.18,0.009873108,4.8780065
9.516,243.21,0.009874326,4.878608
9.517,243.24,0.009875544,4.87921
9.518,243.27,0.009876762,4.879812
9.519,243.3,0.00987798,4.8804135
9.52,243.33,0.009879198,4.8810153
9.521,243.36,0.009880416,4.881617
9.522,243.39,0.009881634,4.882219
9.523,243.42,0.009882852,4.8828206
9.524,243.45,0.00988407,4.8834224
9.525,243.48,0.009885288,4.884024
9.526,243.51,0.009886506,4.884626
9.527,243.54,0.009887724,4.8852277
9.528,243.57,0.009888942,4.8858294
9.529,243.6,0.00989016,4.886431
9.53,243.63,0.009891378,4.887033
9.531,243.66,0.009892596,4.8876348
9.532,243.69,0.009893814,4.8882365
9.533,243.72,0.009895032,4.8888383
9.534,243.75,0.00989625,4.88944
9.535,243.78,0.009897468,4.890042
9.536,243.81,0.009898686,4.8906436
9.537,243.84,0.009899904,4.8912454
9.538,243.87,0.009901122,4.891847
9.539,243.9,0.00990234,4.892449
9.54,243.93,0.009903558,4.8930507
9.541,243.96,0.009904776,4.893653
9.542,243.99,0.009905994,4.8942547
9.543,244.02,0.009907212,4.8948565
9.544,244.05,0.00990843,4.895458
9.545,244.08,0.009909648,4.89606
9.546,244.11,0.009910866,4.8966618
9.547,244.14,0.009912084,4.8972635
9.548,244.17,0.009913302,4.8978653
9.549,244.2,0.00991452,4.898467
9.55,244.23,0.009915738,4.899069
9.551,244.26,0.009916956,4.8996706
9.552,244.29,0.009918174,4.9002724
9.553,244.32,0.009919392,4.900874
9.554,244.35,0.00992061,4.901476
9.555,244.38,0.009921828,4.9020777
9.556,244.41,0.009923046,4.9026794
9.557,244.44,0.009924264,4.903281
9.558,244.47,0.009925482,4.903883
9.559,244.5,0.0099267,4.9044847
9.56,244.53,0.009927918,4.9050865
9.561,244.56,0.009929136,4.9056883
9.562,244.59,0.009930354,4.90629
9.563,244.62,0.009931572,4.906892
9.564,244.65,0.00993279,4.9074936
9.565,244.68,0.009934008,4.9080954
9.566,244.71,0.009935226,4.908697
9.567,244.74,0.009936444,4.909299
9.568,244.77,0.009937662,4.9099007
9.569,244.8,0.00993888,4.9105024
9.57,244.83,0.009940098,4.911104
9.571,244.86,0.009941316,4.911706
9.572,244.89,0.009942534,4.9123077
9.573,244.92,0.009943752,4.9129095
9.574,244.95,0.00994497,4.9135113
9.575,244.98,0.009946188,4.914113
9.576,245.01,0.009947406,4.914715
9.577,245.04,0.009948624,4.9153166
9.578,245.07,0.009949842,4.9159184
9.579,245.1,0.00995106,4.91652
9.58,245.13,0.009952278,4.917122
9.581,245.16,0.009953496,4.9177237
9.582,245.19,0.009954714,4.9183254
9.583,245.22,0.009955932,4.918927
9.584,245.25,0.00995715,4.919529
9.585,245.28,0.009958368,4.9201307
9.586,245.31,0.009959586,4.9207325
9.587,245.34,0.009960804,4.9213343
9.588,245.37,0.009962022,4.921936
9.589,245.4,0.00996324,4.922538
9.59,245.43,0.009964458,4.9231396
9.591,245.46,0.009965676,4.9237413
9.592,245.49,0.009966894,4.924343
9.593,245.52,0.009968112,4.924945
9.594,245.55,0.00996933,4.9255466
9.595,245.58,0.009970548,4.9261484
9.596,245.61,0.009971766,4.9267507
9.597,245.64,0.009972984,4.9273524
9.598,245.67,0.009974202,4.927954
9.599,245.7,0.00997542,4.928556
9.6,245.73,0.009976638,4.9291577
9.601,245.76,0.009977856,4.9297595
9.602,245.79,0.009979074,4.9303613
9.603,245.82,0.009980292,4.930963
9.604,245.85,0.00998151,4.931565
9.605,245.88,0.009982728,4.9321666
9.606,245.91,0.009983946,4.9327683
9.607,245.94,0.009985164,4.93337
9.608,245.97,0.009986382,4.933972
9.609,246.0,0.0099876,4.9345737
9.61,246.03,0.009988818,4.9351754
9.611,246.06,0.009990036,4.935777
9.612,246.09,0.009991254,4.936379
9.613,246.12,0.009992472,4.9369807
9.614,246.15,0.00999369,4.9375825
9.615,246.18,0.009994908,4.9381843
9.616,246.21,0.009996126,4.938786
9.617,246.24,0.009997344,4.939388
9.618,246.27,0.009998562,4.9399896
9.619,246.3,0.00999978,4.9405913
9.62,246.33,0.010000998,4.941193
9.621,246.36,0.010002216,4.941795
9.622,246.39,0.010003434,4.9423966
9.623,246.42,0.010004652,4.9429984
9.624,246.45,0.01000587,4.9436
9.625,246.48,0.010007088,4.944202
9.626,246.51,0.010008306,4.9448037
9.627,246.54,0.010009524,4.9454055
9.628,246.57,0.010010742,4.9460073
9.629,246.6,0.01001196,4.946609
9.63,246.63,0.010013178,4.947211
9.631,246.66,0.010014396,4.9478126
9.632,246.69,0.010015614,4.9484143
9.633,246.72,0.010016832,4.949016
9.634,246.75,0.01001805,4.949618
9.635,246.78,0.010019268,4.9502196
9.636,246.81,0.010020486,4.9508214
9.637,246.84,0.010021704,4.951423
9.638,246.87,0.010022922,4.952025
9.639,246.9,0.01002414,4.9526267
9.64,246.93,0.010025358,4.9532285
9.641,246.96,0.010026576,4.9538302
9.642,246.99,0.010027794,4.954432
9.643,247.02,0.010029012,4.955034
9.644,247.05,0.01003023,4.9556355
9.645,247.08,0.010031448,4.9562373
9.646,247.11,0.010032666,4.956839
9.647,247.14,0.010033884,4.957441
9.648,247.17,0.010035102,4.9580426
9.649,247.2,0.01003632,4.9586444
9.65,247.23,0.010037538,4.9592466
9.651,247.26,0.010038756,4.9598484
9.652,247.29,0.010039974,4.96045
9.653,247.32,0.010041192,4.961052
9.654,247.35,0.01004241,4.9616537
9.655,247.38,0.010043628,4.9622555
9.656,247.41,0.010044846,4.9628572
9.657,247.44,0.010046064,4.963459
9.658,247.47,0.010047282,4.964061
9.659,247.5,0.0100485,4.9646626
9.66,247.53,0.010049718,4.9652643
9.661,247.56,0.010050936,4.965866
9.662,247.59,0.010052154,4.966468
9.663,247.62,0.010053372,4.9670696
9.664,247.65,0.01005459,4.9676714
9.665,247.68,0.010055808,4.968273
9.666,247.71,0.010057026,4.968875
9.667,247.74,0.010058244,4.9694767
9.668,247.77,0.010059462,4.9700785
9.669,247.8,0.01006068,4.97068
9.67,247.83,0.010061898,4.971282
9.671,247.86,0.010063116,4.971884
9.672,247.89,0.010064334,4.9724855
9.673,247.92,0.010065552,4.9730873
9.674,247.95,0.01006677,4.973689
9.675,247.98,0.010067988,4.974291
9.676,248.01,0.010069206,4.9748926
9.677,248.04,0.010070424,4.9754944
9.678,248.07,0.010071642,4.976096
9.679,248.1,0.01007286,4.976698
9.68,248.13,0.010074078,4.9772997
9.681,248.16,0.010075296,4.9779015
9.682,248.19,0.010076514,4.978503
9.683,248.22,0.010077732,4.979105
9.684,248.25,0.01007895,4.979707
9.685,248.28,0.010080168,4.9803085
9.686,248.31,0.010081386,4.9809103
9.687,248.34,0.010082604,4.981512
9.688,248.37,0.010083822,4.982114
9.689,248.4,0.01008504,4.9827156
9.69,248.43,0.010086258,4.9833174
9.691,248.46,0.010087476,4.983919
9.692,248.49,0.010088694,4.984521
9.693,248.52,0.010089912,4.9851227
9.694,248.55,0.01009113,4.9857244
9.695,248.58,0.010092348,4.986326
9.696,248.61,0.010093566,4.986928
9.697,248.64,0.010094784,4.9875298
9.698,248.67,0.010096002,4.9881315
9.699,248.7,0.01009722,4.9887333
9.7,248.73,0.010098438,4.989335
9.701,248.76,0.010099656,4.989937
9.702,248.79,0.010100874,4.9905386
9.703,248.82,0.010102092,4.9911404
9.704,248.85,0.01010331,4.991742
9.705,248.88,0.010104528,4.9923444
9.706,248.91,0.010105746,4.992946
9.707,248.94,0.010106964,4.993548
9.708,248.97,0.010108182,4.9941497
9.709,249.0,0.0101094,4.9947515
9.71,249.03,0.010110618,4.995353
9.711,249.06,0.010111836,4.995955
9.712,249.09,0.010113054,4.9965568
9.713,249.12,0.010114272,4.9971585
9.714,249.15,0.01011549,4.9977603
9.715,249.18,0.010116708,4.998362
9.716,249.21,0.010117926,4.998964
9.717,249.24,0.010119144,4.9995656
9.718,249.27,0.010120362,5.0
9.719,249.3,0.01012158,5.0
9.72,249.33,0.010122798,5.0
9.721,249.36,0.010124016,5.0
9.722,249.39,0.010125234,5.0
9.723,249.42,0.010126452,5.0
9.724,249.45,0.01012767,5.0
9.725,249.48,0.010128888,5.0
9.726,249.51,0.010130106,5.0
9.727,249.54,0.010131324,5.0
9.728,249.57,0.010132542,5.0
9.729,249.6,0.01013376,5.0
9.73,249.63,0.010134978,5.0
9.731,249.66,0.010136196,5.0
9.732,249.69,0.010137414,5.0
9.733,249.72,0.010138632,5.0
9.734,249.75,0.01013985,5.0
9.735,249.78,0.010141068,5.0
9.736,249.81,0.010142286,5.0
9.737,249.84,0.010143504,5.0
9.738,249.87,0.010144722,5.0
9.739,249.9,0.01014594,5.0
9.74,249.93,0.010147158,5.0
9.741,249.96,0.010148376,5.0
9.742,249.99,0.010149594,5.0
9.743,250.02,0.010150812,5.0
9.744,250.05,0.01015203,5.0
9.745,250.08,0.010153248,5.0
9.746,250.11,0.010154466,5.0
9.747,250.14,0.010155684,5.0
9.748,250.17,0.010156902,5.0
9.749,250.2,0.01015812,5.0
9.75,250.23,0.010159338,5.0
9.751,250.26,0.010160556,5.0
9.752,250.29,0.010161774,5.0
9.753,250.32,0.010162992,5.0
9.754,250.35,0.01016421,5.0
9.755,250.38,0.010165428,5.0
9.756,250.41,0.010166646,5.0
9.757,250.44,0.010167864,5.0
9.758,250.47,0.010169082,5.0
9.759,250.5,0.0101703,5.0
9.76,250.53,0.010171518,5.0
9.761,250.56,0.010172736,5.0
9.762,250.59,0.010173954,5.0
9.763,250.62,0.010175172,5.0
9.764,250.65,0.01017639,5.0
9.765,250.68,0.010177608,5.0
9.766,250.71,0.010178826,5.0
9.767,250.74,0.010180044,5.0
9.768,250.77,0.010181262,5.0
9.769,250.8,0.01018248,5.0
9.77,250.83,0.010183698,5.0
9.771,250.86,0.010184916,5.0
9.772,250.89,0.010186134,5.0
9.773,250.92,0.010187352,5.0
9.774,250.95,0.01018857,5.0
9.775,250.98,0.010189788,5.0
9.776,251.01,0.010191006,5.0
9.777,251.04,0.010192224,5.0
9.778,251.07,0.010193442,5.0
9.779,251.1,0.01019466,5.0
9.78,251.13,0.010195878,5.0
9.781,251.16,0.010197096,5.0
9.782,251.19,0.010198314,5.0
9.783,251.22,0.010199532,5.0
9.784,251.25,0.01020075,5.0
9.785,251.28,0.010201968,5.0
9.786,251.31,0.010203186,5.0
9.787,251.34,0.010204404,5.0
9.788,251.37,0.010205622,5.0
9.789,251.4,0.01020684,5.0
9.79,251.43,0.010208058,5.0
9.791,251.46,0.010209276,5.0
9.792,251.49,0.010210494,5.0
9.793,251.52,0.010211712,5.0
9.794,251.55,0.01021293,5.0
9.795,251.58,0.010214148,5.0
9.796,251.61,0.010215366,5.0
9.797,251.64,0.010216584,5.0
9.798,251.67,0.010217802,5.0
9.799,251.7,0.01021902,5.0
9.8,251.73,0.010220238,5.0
9.801,251.76,0.010221456,5.0
9.802,251.79,0.010222674,5.0
9.803,251.82,0.010223892,5.0
9.804,251.85,0.01022511,5.0
9.805,251.88,0.010226328,5.0
9.806,251.91,0.010227546,5.0
9.807,251.94,0.010228764,5.0
9.808,251.97,0.010229982,5.0
9.809,252.0,0.0102312,5.0
9.81,252.03,0.010232418,5.0
9.811,252.06,0.010233636,5.0
9.812,252.09,0.010234854,5.0
9.813,252.12,0.010236072,5.0
9.814,252.15,0.01023729,5.0
9.815,252.18,0.010238508,5.0
9.816,252.21,0.010239726,5.0
9.817,252.24,0.010240944,5.0
9.818,252.27,0.010242162,5.0
9.819,252.3,0.01024338,5.0
9.82,252.33,0.010244598,5.0
9.821,252.36,0.010245816,5.0
9.822,252.39,0.010247034,5.0
9.823,252.42,0.010248252,5.0
9.824,252.45,0.01024947,5.0
9.825,252.48,0.010250688,5.0
9.826,252.51,0.010251906,5.0
9.827,252.54,0.010253124,5.0
9.828,252.57,0.010254342,5.0
9.829,252.6,0.01025556,5.0
9.83,252.63,0.010256778,5.0
9.831,252.66,0.010257996,5.0
9.832,252.69,0.010259214,5.0
9.833,252.72,0.010260432,5.0
9.834,252.75,0.01026165,5.0
9.835,252.78,0.010262868,5.0
9.836,252.81,0.010264086,5.0
9.837,252.84,0.010265304,5.0
9.838,252.87,0.010266522,5.0
9.839,252.9,0.01026774,5.0
9.84,252.93,0.010268958,5.0
9.841,252.96,0.010270176,5.0
9.842,252.99,0.010271394,5.0
9.843,253.02,0.010272612,5.0
9.844,253.05,0.01027383,5.0
9.845,253.08,0.010275048,5.0
9.846,253.11,0.010276266,5.0
9.847,253.14,0.010277484,5.0
9.848,253.17,0.010278702,5.0
9.849,253.2,0.01027992,5.0
9.85,253.23,0.010281138,5.0
9.851,253.26,0.010282356,5.0
9.852,253.29,0.010283574,5.0
9.853,253.32,0.010284792,5.0
9.854,253.35,0.01028601,5.0
9.855,253.38,0.010287228,5.0
9.856,253.41,0.010288446,5.0
9.857,253.44,0.010289664,5.0
9.858,253.47,0.010290882,5.0
9.859,253.5,0.0102921,5.0
9.86,253.53,0.010293318,5.0
9.861,253.56,0.010294536,5.0
9.862,253.59,0.010295754,5.0
9.863,253.62,0.010296972,5.0
9.864,253.65,0.01029819,5.0
9.865,253.68,0.010299408,5.0
9.866,253.71,0.010300626,5.0
9.867,253.74,0.010301844,5.0
9.868,253.77,0.010303062,5.0
9.869,253.8,0.01030428,5.0
9.87,253.83,0.010305498,5.0
9.871,253.86,0.010306716,5.0
9.872,253.89,0.010307934,5.0
9.873,253.92,0.010309152,5.0
9.874,253.95,0.01031037,5.0
9.875,253.98,0.010311588,5.0
9.876,254.01,0.010312806,5.0
9.877,254.04,0.010314024,5.0
9.878,254.07,0.010315242,5.0
9.879,254.1,0.01031646,5.0
9.88,254.13,0.010317678,5.0
9.881,254.16,0.010318896,5.0
9.882,254.19,0.010320114,5.0
9.883,254.22,0.010321332,5.0
9.884,254.25,0.01032255,5.0
9.885,254.28,0.010323768,5.0
9.886,254.31,0.010324986,5.0
9.887,254.34,0.010326204,5.0
9.888,254.37,0.010327422,5.0
9.889,254.4,0.01032864,5.0
9.89,254.43,0.010329858,5.0
9.891,254.46,0.010331076,5.0
9.892,254.49,0.010332294,5.0
9.893,254.52,0.010333512,5.0
9.894,254.55,0.01033473,5.0
9.895,254.58,0.010335948,5.0
9.896,254.61,0.010337166,5.0
9.897,254.64,0.010338384,5.0
9.898,254.67,0.010339602,5.0
9.899,254.7,0.01034082,5.0
9.9,254.73,0.010342038,5.0
9.901,254.76,0.010343256,5.0
9.902,254.79,0.010344474,5.0
9.903,254.82,0.010345692,5.0
9.904,254.85,0.01034691,5.0
9.905,254.88,0.010348128,5.0
9.906,254.91,0.010349346,5.0
9.907,254.94,0.010350564,5.0
9.908,254.97,0.010351782,5.0
9.909,255.0,0.010353,5.0
9.91,255.03,0.010354218,5.0
9.911,255.06,0.010355436,5.0
9.912,255.09,0.010356654,5.0
9.913,255.12,0.010357872,5.0
9.914,255.15,0.01035909,5.0
9.915,255.18,0.010360308,5.0
9.916,255.21,0.010361526,5.0
9.917,255.24,0.010362744,5.0
9.918,255.27,0.010363962,5.0
9.919,255.3,0.01036518,5.0
9.92,255.33,0.010366398,5.0
9.921,255.36,0.010367616,5.0
9.922,255.39,0.010368834,5.0
9.923,255.42,0.010370052,5.0
9.924,255.45,0.01037127,5.0
9.925,255.48,0.010372488,5.0
9.926,255.51,0.010373706,5.0
9.927,255.54,0.010374924,5.0
9.928,255.57,0.010376142,5.0
9.929,255.6,0.01037736,5.0
9.93,255.63,0.010378578,5.0
9.931,255.66,0.010379796,5.0
9.932,255.69,0.010381014,5.0
9.933,255.72,0.010382232,5.0
9.934,255.75,0.01038345,5.0
9.935,255.78,0.010384668,5.0
9.936,255.81,0.010385886,5.0
9.937,255.84,0.010387104,5.0
9.938,255.87,0.010388322,5.0
9.939,255.9,0.01038954,5.0
9.94,255.93,0.010390758,5.0
9.941,255.96,0.010391976,5.0
9.942,255.99,0.010393194,5.0
9.943,256.02,0.010394412,5.0
9.944,256.05,0.01039563,5.0
9.945,256.08,0.010396848,5.0
9.946,256.11,0.010398066,5.0
9.947,256.14,0.010399284,5.0
9.948,256.17,0.010400502,5.0
9.949,256.2,0.01040172,5.0
9.95,256.23,0.010402938,5.0
9.951,256.26,0.010404156,5.0
9.952,256.29,0.010405374,5.0
9.953,256.32,0.010406592,5.0
9.954,256.35,0.01040781,5.0
9.955,256.38,0.010409028,5.0
9.956,256.41,0.010410246,5.0
9.957,256.44,0.010411464,5.0
9.958,256.47,0.010412682,5.0
9.959,256.5,0.0104139,5.0
9.96,256.53,0.010415118,5.0
9.961,256.56,0.010416336,5.0
9.962,256.59,0.010417554,5.0
9.963,256.62,0.010418772,5.0
9.964,256.65,0.01041999,5.0
9.965,256.68,0.010421208,5.0
9.966,256.71,0.010422426,5.0
9.967,256.74,0.010423644,5.0
9.968,256.77,0.010424862,5.0
9.969,256.8,0.01042608,5.0
9.97,256.83,0.010427298,5.0
9.971,256.86,0.010428516,5.0
9.972,256.89,0.010429734,5.0
9.973,256.92,0.010430952,5.0
9.974,256.95,0.01043217,5.0
9.975,256.98,0.010433388,5.0
9.976,257.01,0.010434606,5.0
9.977,257.04,0.010435824,5.0
9.978,257.07,0.010437042,5.0
9.979,257.1,0.01043826,5.0
9.98,257.13,0.010439478,5.0
9.981,257.16,0.010440696,5.0
9.982,257.19,0.010441914,5.0
9.983,257.22,0.010443132,5.0
9.984,257.25,0.01044435,5.0
9.985,257.28,0.010445568,5.0
9.986,257.31,0.010446786,5.0
9.987,257.34,0.010448004,5.0
9.988,257.37,0.010449222,5.0
9.989,257.4,0.01045044,5.0
9.99,257.43,0.010451658,5.0
9.991,257.46,0.010452876,5.0
9.992,257.49,0.010454094,5.0
9.993,257.52,0.010455312,5.0
9.994,257.55,0.01045653,5.0
9.995,257.58,0.010457748,5.0
9.996,257.61,0.010458966,5.0
9.997,257.64,0.010460184,5.0
9.998,257.67,0.010461402,5.0
9.999,257.7,0.01046262,5.0
10.0,257.73,0.010463838,5.0
10.001,257.76,0.010465056,5.0
10.002,257.79,0.010466274,5.0
10.003,257.82,0.010467492,5.0
10.004,257.85,0.01046871,5.0
10.005,257.88,0.010469928,5.0
10.006,257.91,0.010471146,5.0
10.007,257.94,0.010472364,5.0
10.008,257.97,0.010473582,5.0
10.009,258.0,0.0104748,5.0
10.01,258.03,0.010476018,5.0
10.011,258.06,0.010477236,5.0
10.012,258.09,0.010478454,5.0
10.013,258.12,0.010479672,5.0
10.014,258.15,0.01048089,5.0
10.015,258.18,0.010482108,5.0
10.016,258.21,0.010483326,5.0
10.017,258.24,0.010484544,5.0
10.018,258.27,0.010485762,5.0
10.019,258.3,0.01048698,5.0
10.02,258.33,0.010488198,5.0
10.021,258.36,0.010489416,5.0
10.022,258.39,0.010490634,5.0
10.023,258.42,0.010491852,5.0
10.024,258.45,0.01049307,5.0
10.025,258.48,0.010494288,5.0
10.026,258.51,0.010495506,5.0
10.027,258.54,0.010496724,5.0
10.028,258.57,0.010497942,5.0
10.029,258.6,0.01049916,5.0
10.03,258.63,0.010500378,5.0
10.031,258.66,0.010501596,5.0
10.032,258.69,0.010502814,5.0
10.033,258.72,0.010504032,5.0
10.034,258.75,0.01050525,5.0
10.035,258.78,0.010506468,5.0
10.036,258.81,0.010507686,5.0
10.037,258.84,0.010508904,5.0
10.038,258.87,0.010510122,5.0
10.039,258.9,0.01051134,5.0
10.04,258.93,0.010512558,5.0
10.041,258.96,0.010513776,5.0
10.042,258.99,0.010514994,5.0
10.043,259.02,0.010516212,5.0
10.044,259.05,0.01051743,5.0
10.045,259.08,0.010518648,5.0
10.046,259.11,0.010519866,5.0
10.047,259.14,0.010521084,5.0
10.048,259.17,0.010522302,5.0
10.049,259.2,0.01052352,5.0
10.05,259.23,0.010524738,5.0
10.051,259.26,0.010525956,5.0
10.052,259.29,0.010527174,5.0
10.053,259.32,0.010528392,5.0
10.054,259.35,0.01052961,5.0
10.055,259.38,0.010530828,5.0
10.056,259.41,0.010532046,5.0
10.057,259.44,0.010533264,5.0
10.058,259.47,0.010534482,5.0
10.059,259.5,0.0105357,5.0
10.06,259.53,0.010536918,5.0
10.061,259.56,0.010538136,5.0
10.062,259.59,0.010539354,5.0
10.063,259.62,0.010540572,5.0
10.064,259.65,0.01054179,5.0
10.065,259.68,0.010543008,5.0
10.066,259.71,0.010544226,5.0
10.067,259.74,0.010545444,5.0
10.068,259.77,0.010546662,5.0
10.069,259.8,0.01054788,5.0
10.07,259.83,0.010549098,5.0
10.071,259.86,0.010550316,5.0
10.072,259.89,0.010551534,5.0
10.073,259.92,0.010552752,5.0
10.074,259.95,0.01055397,5.0
10.075,259.98,0.010555188,5.0
10.076,260.01,0.010556406,5.0
10.077,260.04,0.010557624,5.0
10.078,260.07,0.010558842,5.0
10.079,260.1,0.01056006,5.0
10.08,260.13,0.010561278,5.0
10.081,260.16,0.010562496,5.0
10.082,260.19,0.010563714,5.0
10.083,260.22,0.010564932,5.0
10.084,260.25,0.01056615,5.0
10.085,260.28,0.010567368,5.0
10.086,260.31,0.010568586,5.0
10.087,260.34,0.010569804,5.0
10.088,260.37,0.010571022,5.0
10.089,260.4,0.01057224,5.0
10.09,260.43,0.010573458,5.0
10.091,260.46,0.010574676,5.0
10.092,260.49,0.010575894,5.0
10.093,260.52,0.010577112,5.0
10.094,260.55,0.01057833,5.0
10.095,260.58,0.010579548,5.0
10.096,260.61,0.010580766,5.0
10.097,260.64,0.010581984,5.0
10.098,260.67,0.010583202,5.0
10.099,260.7,0.01058442,5.0
10.1,260.73,0.010585638,5.0
10.101,260.76,0.010586856,5.0
10.102,260.79,0.010588074,5.0
10.103,260.82,0.010589292,5.0
10.104,260.85,0.01059051,5.0
10.105,260.88,0.010591728,5.0
10.106,260.91,0.010592946,5.0
10.107,260.94,0.010594164,5.0
10.108,260.97,0.010595382,5.0
10.109,261.0,0.0105966,5.0
10.11,261.03,0.010597818,5.0
10.111,261.06,0.010599036,5.0
10.112,261.09,0.010600254,5.0
10.113,261.12,0.010601472,5.0
10.114,261.15,0.01060269,5.0
10.115,261.18,0.010603908,5.0
10.116,261.21,0.010605126,5.0
10.117,261.24,0.010606344,5.0
10.118,261.27,0.010607562,5.0
10.119,261.3,0.01060878,5.0
10.12,261.33,0.010609998,5.0
10.121,261.36,0.010611216,5.0
10.122,261.39,0.010612434,5.0
10.123,261.42,0.010613652,5.0
10.124,261.45,0.01061487,5.0
10.125,261.48,0.010616088,5.0
10.126,261.51,0.010617306,5.0
10.127,261.54,0.010618524,5.0
10.128,261.57,0.010619742,5.0
10.129,261.6,0.01062096,5.0
10.13,261.63,0.010622178,5.0
10.131,261.66,0.010623396,5.0
10.132,261.69,0.010624614,5.0
10.133,261.72,0.010625832,5.0
10.134,261.75,0.01062705,5.0
10.135,261.78,0.010628268,5.0
10.136,261.81,0.010629486,5.0
10.137,261.84,0.010630704,5.0
10.138,261.87,0.010631922,5.0
10.139,261.9,0.01063314,5.0
10.14,261.93,0.010634358,5.0
10.141,261.96,0.010635576,5.0
10.142,261.99,0.010636794,5.0
10.143,262.02,0.010638012,5.0
10.144,262.05,0.01063923,5.0
10.145,262.08,0.010640448,5.0
10.146,262.11,0.010641666,5.0
10.147,262.14,0.010642884,5.0
10.148,262.17,0.010644102,5.0
10.149,262.2,0.01064532,5.0
10.15,262.23,0.010646538,5.0
10.151,262.26,0.010647756,5.0
10.152,262.29,0.010648974,5.0
10.153,262.32,0.010650192,5.0
10.154,262.35,0.01065141,5.0
10.155,262.38,0.010652628,5.0
10.156,262.41,0.010653846,5.0
10.157,262.44,0.010655064,5.0
10.158,262.47,0.010656282,5.0
10.159,262.5,0.0106575,5.0
10.16,262.53,0.010658718,5.0
10.161,262.56,0.010659936,5.0
10.162,262.59,0.010661154,5.0
10.163,262.62,0.010662372,5.0
10.164,262.65,0.01066359,5.0
10.165,262.68,0.010664808,5.0
10.166,262.71,0.010666026,5.0
10.167,262.74,0.010667244,5.0
10.168,262.77,0.010668462,5.0
10.169,262.8,0.01066968,5.0
10.17,262.83,0.010670898,5.0
10.171,262.86,0.010672116,5.0
10.172,262.89,0.010673334,5.0
10.173,262.92,0.010674552,5.0
10.174,262.95,0.01067577,5.0
10.175,262.98,0.010676988,5.0
10.176,263.01,0.010678206,5.0
10.177,263.04,0.010679424,5.0
10.178,263.07,0.010680642,5.0
10.179,263.1,0.01068186,5.0
10.18,263.13,0.010683078,5.0
10.181,263.16,0.010684296,5.0
10.182,263.19,0.010685514,5.0
10.183,263.22,0.010686732,5.0
10.184,263.25,0.01068795,5.0
10.185,263.28,0.010689168,5.0
10.186,263.31,0.010690386,5.0
10.187,263.34,0.010691604,5.0
10.188,263.37,0.010692822,5.0
10.189,263.4,0.01069404,5.0
10.19,263.43,0.010695258,5.0
10.191,263.46,0.010696476,5.0
10.192,263.49,0.010697694,5.0
10.193,263.52,0.010698912,5.0
10.194,263.55,0.01070013,5.0
10.195,263.58,0.010701348,5.0
10.196,263.61,0.010702566,5.0
10.197,263.64,0.010703784,5.0
10.198,263.67,0.010705002,5.0
10.199,263.7,0.01070622,5.0
10.2,263.73,0.010707438,5.0
10.201,263.76,0.010708656,5.0
10.202,263.79,0.010709874,5.0
10.203,263.82,0.010711092,5.0
10.204,263.85,0.01071231,5.0
10.205,263.88,0.010713528,5.0
10.206,263.91,0.010714746,5.0
10.207,263.94,0.010715964,5.0
10.208,263.97,0.010717182,5.0
10.209,264.0,0.0107184,5.0
10.21,264.03,0.010719618,5.0
10.211,264.06,0.010720836,5.0
10.212,264.09,0.010722054,5.0
10.213,264.12,0.010723272,5.0
10.214,264.15,0.01072449,5.0
10.215,264.18,0.010725708,5.0
10.216,264.21,0.010726926,5.0
10.217,264.24,0.010728144,5.0
10.218,264.27,0.010729362,5.0
10.219,264.3,0.01073058,5.0
10.22,264.33,0.010731798,5.0
10.221,264.36,0.010733016,5.0
10.222,264.39,0.010734234,5.0
10.223,264.42,0.010735452,5.0
10.224,264.45,0.01073667,5.0
10.225,264.48,0.010737888,5.0
10.226,264.51,0.010739106,5.0
10.227,264.54,0.010740324,5.0
10.228,264.57,0.010741542,5.0
10.229,264.6,0.01074276,5.0
10.23,264.63,0.010743978,5.0
10.231,264.66,0.010745196,5.0
10.232,264.69,0.010746414,5.0
10.233,264.72,0.010747632,5.0
10.234,264.75,0.01074885,5.0
10.235,264.78,0.010750068,5.0
10.236,264.81,0.010751286,5.0
10.237,264.84,0.010752504,5.0
10.238,264.87,0.010753722,5.0
10.239,264.9,0.01075494,5.0
10.24,264.93,0.010756158,5.0
10.241,264.96,0.010757376,5.0
10.242,264.99,0.010758594,5.0
10.243,265.02,0.010759812,5.0
10.244,265.05,0.01076103,5.0
10.245,265.08,0.010762248,5.0
10.246,265.11,0.010763466,5.0
10.247,265.14,0.010764684,5.0
10.248,265.17,0.010765902,5.0
10.249,265.2,0.01076712,5.0
10.25,265.23,0.010768338,5.0
10.251,265.26,0.010769556,5.0
10.252,265.29,0.010770774,5.0
10.253,265.32,0.010771992,5.0
10.254,265.35,0.01077321,5.0
10.255,265.38,0.010774428,5.0
10.256,265.41,0.010775646,5.0
10.257,265.44,0.010776864,5.0
10.258,265.47,0.010778082,5.0
10.259,265.5,0.0107793,5.0
10.26,265.53,0.010780518,5.0
10.261,265.56,0.010781736,5.0
10.262,265.59,0.010782954,5.0
10.263,265.62,0.010784172,5.0
10.264,265.65,0.01078539,5.0
10.265,265.68,0.010786608,5.0
10.266,265.71,0.010787826,5.0
10.267,265.74,0.010789044,5.0
10.268,265.77,0.010790262,5.0
10.269,265.8,0.01079148,5.0
10.27,265.83,0.010792698,5.0
10.271,265.86,0.010793916,5.0
10.272,265.89,0.010795134,5.0
10.273,265.92,0.010796352,5.0
10.274,265.95,0.01079757,5.0
10.275,265.98,0.010798788,5.0
10.276,266.01,0.010800006,5.0
10.277,266.04,0.010801224,5.0
10.278,266.07,0.010802442,5.0
10.279,266.1,0.01080366,5.0
10.28,266.13,0.010804878,5.0
10.281,266.16,0.010806096,5.0
10.282,266.19,0.010807314,5.0
10.283,266.22,0.010808532,5.0
10.284,266.25,0.01080975,5.0
10.285,266.28,0.010810968,5.0
10.286,266.31,0.010812186,5.0
10.287,266.34,0.010813404,5.0
10.288,266.37,0.010814622,5.0
10.289,266.4,0.01081584,5.0
10.29,266.43,0.010817058,5.0
10.291,266.46,0.010818276,5.0
10.292,266.49,0.010819494,5.0
10.293,266.52,0.010820712,5.0
10.294,266.55,0.01082193,5.0
10.295,266.58,0.010823148,5.0
10.296,266.61,0.010824366,5.0
10.297,266.64,0.010825584,5.0
10.298,266.67,0.010826802,5.0
10.299,266.7,0.01082802,5.0
10.3,266.73,0.010829238,5.0
10.301,266.76,0.010830456,5.0
10.302,266.79,0.010831674,5.0
10.303,266.82,0.010832892,5.0
10.304,266.85,0.01083411,5.0
10.305,266.88,0.010835328,5.0
10.306,266.91,0.010836546,5.0
10.307,266.94,0.010837764,5.0
10.308,266.97,0.010838982,5.0
10.309,267.0,0.0108402,5.0
10.31,267.03,0.010841418,5.0
10.311,267.06,0.010842636,5.0
10.312,267.09,0.010843854,5.0
10.313,267.12,0.010845072,5.0
10.314,267.15,0.01084629,5.0
10.315,267.18,0.010847508,5.0
10.316,267.21,0.010848726,5.0
10.317,267.24,0.010849944,5.0
10.318,267.27,0.010851162,5.0
10.319,267.3,0.01085238,5.0
10.32,267.33,0.010853598,5.0
10.321,267.36,0.010854816,5.0
10.322,267.39,0.010856034,5.0
10.323,267.42,0.010857252,5.0
10.324,267.45,0.01085847,5.0
10.325,267.48,0.010859688,5.0
10.326,267.51,0.010860906,5.0
10.327,267.54,0.010862124,5.0
10.328,267.57,0.010863342,5.0
10.329,267.6,0.01086456,5.0
10.33,267.63,0.010865778,5.0
10.331,267.66,0.010866996,5.0
10.332,267.69,0.010868214,5.0
10.333,267.72,0.010869432,5.0
10.334,267.75,0.01087065,5.0
10.335,267.78,0.010871868,5.0
10.336,267.81,0.010873086,5.0
10.337,267.84,0.010874304,5.0
10.338,267.87,0.010875522,5.0
10.339,267.9,0.01087674,5.0
10.34,267.93,0.010877958,5.0
10.341,267.96,0.010879176,5.0
10.342,267.99,0.010880394,5.0
10.343,268.02,0.010881612,5.0
10.344,268.05,0.01088283,5.0
10.345,268.08,0.010884048,5.0
10.346,268.11,0.010885266,5.0
10.347,268.14,0.010886484,5.0
10.348,268.17,0.010887702,5.0
10.349,268.2,0.01088892,5.0
10.35,268.23,0.010890138,5.0
10.351,268.26,0.010891356,5.0
10.352,268.29,0.010892574,5.0
10.353,268.32,0.010893792,5.0
10.354,268.35,0.01089501,5.0
10.355,268.38,0.010896228,5.0
10.356,268.41,0.010897446,5.0
10.357,268.44,0.010898664,5.0
10.358,268.47,0.010899882,5.0
10.359,268.5,0.0109011,5.0
10.36,268.53,0.010902318,5.0
10.361,268.56,0.010903536,5.0
10.362,268.59,0.010904754,5.0
10.363,268.62,0.010905972,5.0
10.364,268.65,0.01090719,5.0
10.365,268.68,0.010908408,5.0
10.366,268.71,0.010909626,5.0
10.367,268.74,0.010910844,5.0
10.368,268.77,0.010912062,5.0
10.369,268.8,0.01091328,5.0
10.37,268.83,0.010914498,5.0
10.371,268.86,0.010915716,5.0
10.372,268.89,0.010916934,5.0
10.373,268.92,0.010918152,5.0
10.374,268.95,0.01091937,5.0
10.375,268.98,0.010920588,5.0
10.376,269.01,0.010921806,5.0
10.377,269.04,0.010923024,5.0
10.378,269.07,0.010924242,5.0
10.379,269.1,0.01092546,5.0
10.38,269.13,0.010926678,5.0
10.381,269.16,0.010927896,5.0
10.382,269.19,0.010929114,5.0
10.383,269.22,0.010930332,5.0
10.384,269.25,0.01093155,5.0
10.385,269.28,0.010932768,5.0
10.386,269.31,0.010933986,5.0
10.387,269.34,0.010935204,5.0
10.388,269.37,0.010936422,5.0
10.389,269.4,0.01093764,5.0
10.39,269.43,0.010938858,5.0
10.391,269.46,0.010940076,5.0
10.392,269.49,0.010941294,5.0
10.393,269.52,0.010942512,5.0
10.394,269.55,0.01094373,5.0
10.395,269.58,0.010944948,5.0
10.396,269.61,0.010946166,5.0
10.397,269.64,0.010947384,5.0
10.398,269.67,0.010948602,5.0
10.399,269.7,0.01094982,5.0
10.4,269.73,0.010951038,5.0
10.401,269.76,0.010952256,5.0
10.402,269.79,0.010953474,5.0
10.403,269.82,0.010954692,5.0
10.404,269.85,0.01095591,5.0
10.405,269.88,0.010957128,5.0
10.406,269.91,0.010958346,5.0
10.407,269.94,0.010959564,5.0
10.408,269.97,0.010960782,5.0
10.409,270.0,0.010962,5.0
10.41,270.03,0.010963218,5.0
10.411,270.06,0.010964436,5.0
10.412,270.09,0.010965654,5.0
10.413,270.12,0.010966872,5.0
10.414,270.15,0.01096809,5.0
10.415,270.18,0.010969308,5.0
10.416,270.21,0.010970526,5.0
10.417,270.24,0.010971744,5.0
10.418,270.27,0.010972962,5.0
10.419,270.3,0.01097418,5.0
10.42,270.33,0.010975398,5.0
10.421,270.36,0.010976616,5.0
10.422,270.39,0.010977834,5.0
10.423,270.42,0.010979052,5.0
10.424,270.45,0.01098027,5.0
10.425,270.48,0.010981488,5.0
10.426,270.51,0.010982706,5.0
10.427,270.54,0.010983924,5.0
10.428,270.57,0.010985142,5.0
10.429,270.6,0.01098636,5.0
10.43,270.63,0.010987578,5.0
10.431,270.66,0.010988796,5.0
10.432,270.69,0.010990014,5.0
10.433,270.72,0.010991232,5.0
10.434,270.75,0.01099245,5.0
10.435,270.78,0.010993668,5.0
10.436,270.81,0.010994886,5.0
10.437,270.84,0.010996104,5.0
10.438,270.87,0.010997322,5.0
10.439,270.9,0.01099854,5.0
10.44,270.93,0.010999758,5.0
10.441,270.96,0.011000976,5.0
10.442,270.99,0.011002194,5.0
10.443,271.02,0.011003412,5.0
10.444,271.05,0.01100463,5.0
10.445,271.08,0.011005848,5.0
10.446,271.11,0.011007066,5.0
10.447,271.14,0.011008284,5.0
10.448,271.17,0.011009502,5.0
10.449,271.2,0.01101072,5.0
10.45,271.23,0.011011938,5.0
10.451,271.26,0.011013156,5.0
10.452,271.29,0.011014374,5.0
10.453,271.32,0.011015592,5.0
10.454,271.35,0.01101681,5.0
10.455,271.38,0.011018028,5.0
10.456,271.41,0.011019246,5.0
10.457,271.44,0.011020464,5.0
10.458,271.47,0.011021682,5.0
10.459,271.5,0.0110229,5.0
10.46,271.53,0.011024118,5.0
10.461,271.56,0.011025336,5.0
10.462,271.59,0.011026554,5.0
10.463,271.62,0.011027772,5.0
10.464,271.65,0.01102899,5.0
10.465,271.68,0.011030208,5.0
10.466,271.71,0.011031426,5.0
10.467,271.74,0.011032644,5.0
10.468,271.77,0.011033862,5.0
10.469,271.8,0.01103508,5.0
10.47,271.83,0.011036298,5.0
10.471,271.86,0.011037516,5.0
10.472,271.89,0.011038734,5.0
10.473,271.92,0.011039952,5.0
10.474,271.95,0.01104117,5.0
10.475,271.98,0.011042388,5.0
10.476,272.01,0.011043606,5.0
10.477,272.04,0.011044824,5.0
10.478,272.07,0.011046042,5.0
10.479,272.1,0.01104726,5.0
10.48,272.13,0.011048478,5.0
10.481,272.16,0.011049696,5.0
10.482,272.19,0.011050914,5.0
10.483,272.22,0.011052132,5.0
10.484,272.25,0.01105335,5.0
10.485,272.28,0.011054568,5.0
10.486,272.31,0.011055786,5.0
10.487,272.34,0.011057004,5.0
10.488,272.37,0.011058222,5.0
10.489,272.4,0.01105944,5.0
10.49,272.43,0.011060658,5.0
10.491,272.46,0.011061876,5.0
10.492,272.49,0.011063094,5.0
10.493,272.52,0.011064312,5.0
10.494,272.55,0.01106553,5.0
10.495,272.58,0.011066748,5.0
10.496,272.61,0.011067966,5.0
10.497,272.64,0.011069184,5.0
10.498,272.67,0.011070402,5.0
10.499,272.7,0.01107162,5.0
10.5,272.73,0.011072838,5.0
10.501,272.76,0.011074056,5.0
10.502,272.79,0.011075274,5.0
10.503,272.82,0.011076492,5.0
10.504,272.85,0.01107771,5.0
10.505,272.88,0.011078928,5.0
10.506,272.91,0.011080146,5.0
10.507,272.94,0.011081364,5.0
10.508,272.97,0.011082582,5.0
10.509,273.0,0.0110838,5.0
10.51,273.03,0.011085018,5.0
10.511,273.06,0.011086236,5.0
10.512,273.09,0.011087454,5.0
10.513,273.12,0.011088672,5.0
10.514,273.15,0.01108989,5.0
10.515,273.18,0.011091108,5.0
10.516,273.21,0.011092326,5.0
10.517,273.24,0.011093544,5.0
10.518,273.27,0.011094762,5.0
10.519,273.3,0.01109598,5.0
10.52,273.33,0.011097198,5.0
10.521,273.36,0.011098416,5.0
10.522,273.39,0.011099634,5.0
10.523,273.42,0.011100852,5.0
10.524,273.45,0.01110207,5.0
10.525,273.48,0.011103288,5.0
10.526,273.51,0.011104506,5.0
10.527,273.54,0.011105724,5.0
10.528,273.57,0.011106942,5.0
10.529,273.6,0.01110816,5.0
10.53,273.63,0.011109378,5.0
10.531,273.66,0.011110596,5.0
10.532,273.69,0.011111814,5.0
10.533,273.72,0.011113032,5.0
10.534,273.75,0.01111425,5.0
10.535,273.78,0.011115468,5.0
10.536,273.81,0.011116686,5.0
10.537,273.84,0.011117904,5.0
10.538,273.87,0.011119122,5.0
10.539,273.9,0.01112034,5.0
10.54,273.93,0.011121558,5.0
10.541,273.96,0.011122776,5.0
10.542,273.99,0.011123994,5.0
10.543,274.02,0.011125212,5.0
10.544,274.05,0.01112643,5.0
10.545,274.08,0.011127648,5.0
10.546,274.11,0.011128866,5.0
10.547,274.14,0.011130084,5.0
10.548,274.17,0.011131302,5.0
10.549,274.2,0.01113252,5.0
10.55,274.23,0.011133738,5.0
10.551,274.26,0.011134956,5.0
10.552,274.29,0.011136174,5.0
10.553,274.32,0.011137392,5.0
10.554,274.35,0.01113861,5.0
10.555,274.38,0.011139828,5.0
10.556,274.41,0.011141046,5.0
10.557,274.44,0.011142264,5.0
10.558,274.47,0.011143482,5.0
10.559,274.5,0.0111447,5.0
10.56,274.53,0.011145918,5.0
10.561,274.56,0.011147136,5.0
10.562,274.59,0.011148354,5.0
10.563,274.62,0.011149572,5.0
10.564,274.65,0.01115079,5.0
10.565,274.68,0.011152008,5.0
10.566,274.71,0.011153226,5.0
10.567,274.74,0.011154444,5.0
10.568,274.77,0.011155662,5.0
10.569,274.8,0.01115688,5.0
10.57,274.83,0.011158098,5.0
10.571,274.86,0.011159316,5.0
10.572,274.89,0.011160534,5.0
10.573,274.92,0.011161752,5.0
10.574,274.95,0.01116297,5.0
10.575,274.98,0.011164188,5.0
10.576,275.01,0.011165406,5.0
10.577,275.04,0.011166624,5.0
10.578,275.07,0.011167842,5.0
10.579,275.1,0.01116906,5.0
10.58,275.13,0.011170278,5.0
10.581,275.16,0.011171496,5.0
10.582,275.19,0.011172714,5.0
10.583,275.22,0.011173932,5.0
10.584,275.25,0.01117515,5.0
10.585,275.28,0.011176368,5.0
10.586,275.31,0.011177586,5.0
10.587,275.34,0.011178804,5.0
10.588,275.37,0.011180022,5.0
10.589,275.4,0.01118124,5.0
10.59,275.43,0.011182458,5.0
10.591,275.46,0.011183676,5.0
10.592,275.49,0.011184894,5.0
10.593,275.52,0.011186112,5.0
10.594,275.55,0.01118733,5.0
10.595,275.58,0.011188548,5.0
10.596,275.61,0.011189766,5.0
10.597,275.64,0.011190984,5.0
10.598,275.67,0.011192202,5.0
10.599,275.7,0.01119342,5.0
10.6,275.73,0.011194638,5.0
10.601,275.76,0.011195856,5.0
10.602,275.79,0.011197074,5.0
10.603,275.82,0.011198292,5.0
10.604,275.85,0.01119951,5.0
10.605,275.88,0.011200728,5.0
10.606,275.91,0.011201946,5.0
10.607,275.94,0.011203164,5.0
10.608,275.97,0.011204382,5.0
10.609,276.0,0.0112056,5.0
10.61,276.03,0.011206818,5.0
10.611,276.06,0.011208036,5.0
10.612,276.09,0.011209254,5.0
10.613,276.12,0.011210472,5.0
10.614,276.15,0.01121169,5.0
10.615,276.18,0.011212908,5.0
10.616,276.21,0.011214126,5.0
10.617,276.24,0.011215344,5.0
10.618,276.27,0.011216562,5.0
10.619,276.3,0.01121778,5.0
10.62,276.33,0.011218998,5.0
10.621,276.36,0.011220216,5.0
10.622,276.39,0.011221434,5.0
10.623,276.42,0.011222652,5.0
10.624,276.45,0.01122387,5.0
10.625,276.48,0.011225088,5.0
10.626,276.51,0.011226306,5.0
10.627,276.54,0.011227524,5.0
10.628,276.57,0.011228742,5.0
10.629,276.6,0.01122996,5.0
10.63,276.63,0.011231178,5.0
10.631,276.66,0.011232396,5.0
10.632,276.69,0.011233614,5.0
10.633,276.72,0.011234832,5.0
10.634,276.75,0.01123605,5.0
10.635,276.78,0.011237268,5.0
10.636,276.81,0.011238486,5.0
10.637,276.84,0.011239704,5.0
10.638,276.87,0.011240922,5.0
10.639,276.9,0.01124214,5.0
10.64,276.93,0.011243358,5.0
10.641,276.96,0.011244576,5.0
10.642,276.99,0.011245794,5.0
10.643,277.02,0.011247012,5.0
10.644,277.05,0.01124823,5.0
10.645,277.08,0.011249448,5.0
10.646,277.11,0.011250666,5.0
10.647,277.14,0.011251884,5.0
10.648,277.17,0.011253102,5.0
10.649,277.2,0.01125432,5.0
10.65,277.23,0.011255538,5.0
10.651,277.26,0.011256756,5.0
10.652,277.29,0.011257974,5.0
10.653,277.32,0.011259192,5.0
10.654,277.35,0.01126041,5.0
10.655,277.38,0.011261628,5.0
10.656,277.41,0.011262846,5.0
10.657,277.44,0.011264064,5.0
10.658,277.47,0.011265282,5.0
10.659,277.5,0.0112665,5.0
10.66,277.53,0.011267718,5.0
10.661,277.56,0.011268936,5.0
10.662,277.59,0.011270154,5.0
10.663,277.62,0.011271372,5.0
10.664,277.65,0.01127259,5.0
10.665,277.68,0.011273808,5.0
10.666,277.71,0.011275026,5.0
10.667,277.74,0.011276244,5.0
10.668,277.77,0.011277462,5.0
10.669,277.8,0.01127868,5.0
10.67,277.83,0.011279898,5.0
10.671,277.86,0.011281116,5.0
10.672,277.89,0.011282334,5.0
10.673,277.92,0.011283552,5.0
10.674,277.95,0.01128477,5.0
10.675,277.98,0.011285988,5.0
10.676,278.01,0.011287206,5.0
10.677,278.04,0.011288424,5.0
10.678,278.07,0.011289642,5.0
10.679,278.1,0.01129086,5.0
10.68,278.13,0.011292078,5.0
10.681,278.16,0.011293296,5.0
10.682,278.19,0.011294514,5.0
10.683,278.22,0.011295732,5.0
10.684,278.25,0.01129695,5.0
10.685,278.28,0.011298168,5.0
10.686,278.31,0.011299386,5.0
10.687,278.34,0.011300604,5.0
10.688,278.37,0.011301822,5.0
10.689,278.4,0.01130304,5.0
10.69,278.43,0.011304258,5.0
10.691,278.46,0.011305476,5.0
10.692,278.49,0.011306694,5.0
10.693,278.52,0.011307912,5.0
10.694,278.55,0.01130913,5.0
10.695,278.58,0.011310348,5.0
10.696,278.61,0.011311566,5.0
10.697,278.64,0.011312784,5.0
10.698,278.67,0.011314002,5.0
10.699,278.7,0.01131522,5.0
10.7,278.73,0.011316438,5.0
10.701,278.76,0.011317656,5.0
10.702,278.79,0.011318874,5.0
10.703,278.82,0.011320092,5.0
10.704,278.85,0.01132131,5.0
10.705,278.88,0.011322528,5.0
10.706,278.91,0.011323746,5.0
10.707,278.94,0.011324964,5.0
10.708,278.97,0.011326182,5.0
10.709,279.0,0.0113274,5.0
10.71,279.03,0.011328618,5.0
10.711,279.06,0.011329836,5.0
10.712,279.09,0.011331054,5.0
10.713,279.12,0.011332272,5.0
10.714,279.15,0.01133349,5.0
10.715,279.18,0.011334708,5.0
10.716,279.21,0.011335926,5.0
10.717,279.24,0.011337144,5.0
10.718,279.27,0.011338362,5.0
10.719,279.3,0.01133958,5.0
10.72,279.33,0.011340798,5.0
10.721,279.36,0.011342016,5.0
10.722,279.39,0.011343234,5.0
10.723,279.42,0.011344452,5.0
10.724,279.45,0.01134567,5.0
10.725,279.48,0.011346888,5.0
10.726,279.51,0.011348106,5.0
10.727,279.54,0.011349324,5.0
10.728,279.57,0.011350542,5.0
10.729,279.6,0.01135176,5.0
10.73,279.63,0.011352978,5.0
10.731,279.66,0.011354196,5.0
10.732,279.69,0.011355414,5.0
10.733,279.72,0.011356632,5.0
10.734,279.75,0.01135785,5.0
10.735,279.78,0.011359068,5.0
10.736,279.81,0.011360286,5.0
10.737,279.84,0.011361504,5.0
10.737999,279.87,0.011362722,5.0
10.739,279.9,0.01136394,5.0
10.74,279.93,0.011365158,5.0
10.740999,279.96,0.011366376,5.0
10.742,279.99,0.011367594,5.0
10.743,280.02,0.011368812,5.0
10.744,280.05,0.01137003,5.0
10.745,280.08,0.011371248,5.0
10.746,280.11,0.011372466,5.0
10.747001,280.14,0.011373684,5.0
10.748,280.17,0.011374902,5.0
10.749,280.2,0.01137612,5.0
10.750001,280.23,0.011377338,5.0
10.751,280.26,0.011378556,5.0
10.752,280.29,0.011379774,5.0
10.752999,280.32,0.011380992,5.0
10.754,280.35,0.01138221,5.0
10.755,280.38,0.011383428,5.0
10.756,280.41,0.011384646,5.0
10.757,280.44,0.011385864,5.0
10.758,280.47,0.011387082,5.0
10.759001,280.5,0.0113883,5.0
10.76,280.53,0.011389518,5.0
10.761,280.56,0.011390736,5.0
10.762001,280.59,0.011391954,5.0
10.762999,280.62,0.011393172,5.0
10.764,280.65,0.01139439,5.0
10.765001,280.68,0.011395608,5.0
10.766,280.71,0.011396826,5.0
10.767,280.74,0.011398044,5.0
10.768,280.77,0.011399262,5.0
10.769,280.8,0.01140048,5.0
10.77,280.83,0.011401698,5.0
10.771,280.86,0.011402916,5.0
10.772,280.89,0.011404134,5.0
10.773,280.92,0.011405352,5.0
10.774,280.95,0.01140657,5.0
10.774999,280.98,0.011407788,5.0
10.776,281.01,0.011409006,5.0
10.777001,281.04,0.011410224,5.0
10.777999,281.07,0.011411442,5.0
10.779,281.1,0.01141266,5.0
10.78,281.13,0.011413878,5.0
10.781,281.16,0.011415096,5.0
10.782,281.19,0.011416314,5.0
10.783,281.22,0.011417532,5.0
10.784,281.25,0.01141875,5.0
10.785,281.28,0.011419968,5.0
10.786,281.31,0.011421186,5.0
10.787001,281.34,0.011422404,5.0
10.788,281.37,0.011423622,5.0
10.789,281.4,0.01142484,5.0
10.789999,281.43,0.011426058,5.0
10.791,281.46,0.011427276,5.0
10.792,281.49,0.011428494,5.0
10.792999,281.52,0.011429712,5.0
10.794,281.55,0.01143093,5.0
10.795,281.58,0.011432148,5.0
10.796,281.61,0.011433366,5.0
10.797,281.64,0.011434584,5.0
10.798,281.67,0.011435802,5.0
10.799001,281.7,0.01143702,5.0
10.8,281.73,0.011438238,5.0
10.801,281.76,0.011439456,5.0
10.802001,281.79,0.011440674,5.0
10.803,281.82,0.011441892,5.0
10.804,281.85,0.01144311,5.0
10.804999,281.88,0.011444328,5.0
10.806,281.91,0.011445546,5.0
10.807,281.94,0.011446764,5.0
10.808,281.97,0.011447982,5.0
10.809,282.0,0.0114492,5.0
10.81,282.03,0.011450418,5.0
10.811,282.06,0.011451636,5.0
10.812,282.09,0.011452854,5.0
10.813,282.12,0.011454072,5.0
10.814001,282.15,0.01145529,5.0
10.814999,282.18,0.011456508,5.0
10.816,282.21,0.011457726,5.0
10.817001,282.24,0.011458944,5.0
10.817999,282.27,0.011460162,5.0
10.819,282.3,0.01146138,5.0
10.82,282.33,0.011462598,5.0
10.821,282.36,0.011463816,5.0
10.822,282.39,0.011465034,5.0
10.823,282.42,0.011466252,5.0
10.824,282.45,0.01146747,5.0
10.825,282.48,0.011468688,5.0
10.826,282.51,0.011469906,5.0
10.826999,282.54,0.011471124,5.0
10.828,282.57,0.011472342,5.0
10.829001,282.6,0.01147356,5.0
10.829999,282.63,0.011474778,5.0
10.831,282.66,0.011475996,5.0
10.832,282.69,0.011477214,5.0
10.832999,282.72,0.011478432,5.0
10.834,282.75,0.01147965,5.0
10.835,282.78,0.011480868,5.0
10.836,282.81,0.011482086,5.0
10.837,282.84,0.011483304,5.0
10.838,282.87,0.011484522,5.0
10.839001,282.9,0.01148574,5.0
10.84,282.93,0.011486958,5.0
10.841,282.96,0.011488176,5.0
10.842001,282.99,0.011489394,5.0
10.843,283.02,0.011490612,5.0
10.844,283.05,0.01149183,5.0
10.844999,283.08,0.011493048,5.0
10.846,283.11,0.011494266,5.0
10.847,283.14,0.011495484,5.0
10.848,283.17,0.011496702,5.0
10.849,283.2,0.01149792,5.0
10.85,283.23,0.011499138,5.0
10.851001,283.26,0.011500356,5.0
10.852,283.29,0.011501574,5.0
10.853,283.32,0.011502792,5.0
10.854001,283.35,0.01150401,5.0
10.854999,283.38,0.011505228,5.0
10.856,283.41,0.011506446,5.0
10.857001,283.44,0.011507664,5.0
10.858,283.47,0.011508882,5.0
10.859,283.5,0.0115101,5.0
10.86,283.53,0.011511318,5.0
10.861,283.56,0.011512536,5.0
10.862,283.59,0.011513754,5.0
10.863,283.62,0.011514972,5.0
10.864,283.65,0.01151619,5.0
10.865,283.68,0.011517408,5.0
10.866,283.71,0.011518626,5.0
10.866999,283.74,0.011519844,5.0
10.868,283.77,0.011521062,5.0
10.869001,283.8,0.01152228,5.0
10.869999,283.83,0.011523498,5.0
10.871,283.86,0.011524716,5.0
10.872,283.89,0.011525934,5.0
10.873,283.92,0.011527152,5.0
10.874,283.95,0.01152837,5.0
10.875,283.98,0.011529588,5.0
10.876,284.01,0.011530806,5.0
10.877,284.04,0.011532024,5.0
10.878,284.07,0.011533242,5.0
10.879001,284.1,0.01153446,5.0
10.88,284.13,0.011535678,5.0
10.881,284.16,0.011536896,5.0
10.881999,284.19,0.011538114,5.0
10.883,284.22,0.011539332,5.0
10.884,284.25,0.01154055,5.0
10.884999,284.28,0.011541768,5.0
10.886,284.31,0.011542986,5.0
10.887,284.34,0.011544204,5.0
10.888,284.37,0.011545422,5.0
10.889,284.4,0.01154664,5.0
10.89,284.43,0.011547858,5.0
10.891001,284.46,0.011549076,5.0
10.892,284.49,0.011550294,5.0
10.893,284.52,0.011551512,5.0
10.894001,284.55,0.01155273,5.0
10.895,284.58,0.011553948,5.0
10.896,284.61,0.011555166,5.0
10.896999,284.64,0.011556384,5.0
10.898,284.67,0.011557602,5.0
10.899,284.7,0.01155882,5.0
10.9,284.73,0.011560038,5.0
10.901,284.76,0.011561256,5.0
10.902,284.79,0.011562474,5.0
10.903,284.82,0.011563692,5.0
10.904,284.85,0.01156491,5.0
10.905,284.88,0.011566128,5.0
10.906001,284.91,0.011567346,5.0
10.906999,284.94,0.011568564,5.0
10.908,284.97,0.011569782,5.0
10.909001,285.0,0.011571,5.0
10.909999,285.03,0.011572218,5.0
10.911,285.06,0.011573436,5.0
10.912,285.09,0.011574654,5.0
10.913,285.12,0.011575872,5.0
10.914,285.15,0.01157709,5.0
10.915,285.18,0.011578308,5.0
10.916,285.21,0.011579526,5.0
10.917,285.24,0.011580744,5.0
10.918,285.27,0.011581962,5.0
10.918999,285.3,0.01158318,5.0
10.92,285.33,0.011584398,5.0
10.921,285.36,0.011585616,5.0
10.921999,285.39,0.011586834,5.0
10.923,285.42,0.011588052,5.0
10.924,285.45,0.01158927,5.0
10.924999,285.48,0.011590488,5.0
10.926,285.51,0.011591706,5.0
10.927,285.54,0.011592924,5.0
10.928,285.57,0.011594142,5.0
10.929,285.6,0.01159536,5.0
10.93,285.63,0.011596578,5.0
10.931001,285.66,0.011597796,5.0
10.932,285.69,0.011599014,5.0
10.933,285.72,0.011600232,5.0
10.934001,285.75,0.01160145,5.0
10.935,285.78,0.011602668,5.0
10.936,285.81,0.011603886,5.0
10.936999,285.84,0.011605104,5.0
10.938,285.87,0.011606322,5.0
10.939,285.9,0.01160754,5.0
10.94,285.93,0.011608758,5.0
10.941,285.96,0.011609976,5.0
10.942,285.99,0.011611194,5.0
10.943001,286.02,0.011612412,5.0
10.944,286.05,0.01161363,5.0
10.945,286.08,0.011614848,5.0
10.946001,286.11,0.011616066,5.0
10.946999,286.14,0.011617284,5.0
10.948,286.17,0.011618502,5.0
10.949001,286.2,0.01161972,5.0
10.95,286.23,0.011620938,5.0
10.951,286.26,0.011622156,5.0
10.952,286.29,0.011623374,5.0
10.953,286.32,0.011624592,5.0
10.954,286.35,0.01162581,5.0
10.955,286.38,0.011627028,5.0
10.956,286.41,0.011628246,5.0
10.957,286.44,0.011629464,5.0
10.958,286.47,0.011630682,5.0
10.958999,286.5,0.0116319,5.0
10.96,286.53,0.011633118,5.0
10.961001,286.56,0.011634336,5.0
10.961999,286.59,0.011635554,5.0
10.963,286.62,0.011636772,5.0
10.964,286.65,0.01163799,5.0
10.965,286.68,0.011639208,5.0
10.966,286.71,0.011640426,5.0
10.967,286.74,0.011641644,5.0
10.968,286.77,0.011642862,5.0
10.969,286.8,0.01164408,5.0
10.97,286.83,0.011645298,5.0
10.971001,286.86,0.011646516,5.0
10.972,286.89,0.011647734,5.0
10.973,286.92,0.011648952,5.0
10.973999,286.95,0.01165017,5.0
10.975,286.98,0.011651388,5.0
10.976,287.01,0.011652606,5.0
10.976999,287.04,0.011653824,5.0
10.978,287.07,0.011655042,5.0
10.979,287.1,0.01165626,5.0
10.98,287.13,0.011657478,5.0
10.981,287.16,0.011658696,5.0
10.982,287.19,0.011659914,5.0
10.983001,287.22,0.011661132,5.0
10.984,287.25,0.01166235,5.0
10.985,287.28,0.011663568,5.0
10.986001,287.31,0.011664786,5.0
10.987,287.34,0.011666004,5.0
10.988,287.37,0.011667222,5.0
10.989001,287.4,0.01166844,5.0
10.99,287.43,0.011669658,5.0
10.991,287.46,0.011670876,5.0
10.992,287.49,0.011672094,5.0
10.993,287.52,0.011673312,5.0
10.994,287.55,0.01167453,5.0
10.995,287.58,0.011675748,5.0
10.996,287.61,0.011676966,5.0
10.997,287.64,0.011678184,5.0
10.998001,287.67,0.011679402,5.0
10.998999,287.7,0.01168062,5.0
11.0,287.73,0.011681838,5.0
11.001001,287.76,0.011683056,5.0
11.001999,287.79,0.011684274,5.0
11.003,287.82,0.011685492,5.0
11.004,287.85,0.01168671,5.0
11.005,287.88,0.011687928,5.0
11.006,287.91,0.011689146,5.0
11.007,287.94,0.011690364,5.0
11.008,287.97,0.011691582,5.0
11.009,288.0,0.0116928,5.0
11.01,288.03,0.011694018,5.0
11.010999,288.06,0.011695236,5.0
11.012,288.09,0.011696454,5.0
11.013,288.12,0.011697672,5.0
11.013999,288.15,0.01169889,5.0
11.015,288.18,0.011700108,5.0
11.016,288.21,0.011701326,5.0
11.016999,288.24,0.011702544,5.0
11.018,288.27,0.011703762,5.0
11.019,288.3,0.01170498,5.0
11.02,288.33,0.011706198,5.0
11.021,288.36,0.011707416,5.0
11.022,288.39,0.011708634,5.0
11.023001,288.42,0.011709852,5.0
11.024,288.45,0.01171107,5.0
11.025,288.48,0.011712288,5.0
11.026001,288.51,0.011713506,5.0
11.027,288.54,0.011714724,5.0
11.028,288.57,0.011715942,5.0
11.028999,288.6,0.01171716,5.0
11.03,288.63,0.011718378,5.0
11.031,288.66,0.011719596,5.0
11.032,288.69,0.011720814,5.0
11.033,288.72,0.011722032,5.0
11.034,288.75,0.01172325,5.0
11.035,288.78,0.011724468,5.0
11.036,288.81,0.011725686,5.0
11.037,288.84,0.011726904,5.0
11.038001,288.87,0.011728122,5.0
11.038999,288.9,0.01172934,5.0
11.04,288.93,0.011730558,5.0
11.041001,288.96,0.011731776,5.0
11.042,288.99,0.011732994,5.0
11.043,289.02,0.011734212,5.0
11.044,289.05,0.01173543,5.0
11.045,289.08,0.011736648,5.0
11.046,289.11,0.011737866,5.0
11.047,289.14,0.011739084,5.0
11.048,289.17,0.011740302,5.0
11.049,289.2,0.01174152,5.0
11.05,289.23,0.011742738,5.0
11.050999,289.26,0.011743956,5.0
11.052,289.29,0.011745174,5.0
11.053001,289.32,0.011746392,5.0
11.053999,289.35,0.01174761,5.0
11.055,289.38,0.011748828,5.0
11.056,289.41,0.011750046,5.0
11.056999,289.44,0.011751264,5.0
11.058,289.47,0.011752482,5.0
11.059,289.5,0.0117537,5.0
11.06,289.53,0.011754918,5.0
11.061,289.56,0.011756136,5.0
11.062,289.59,0.011757354,5.0
11.063001,289.62,0.011758572,5.0
11.064,289.65,0.01175979,5.0
11.065,289.68,0.011761008,5.0
11.065999,289.71,0.011762226,5.0
11.067,289.74,0.011763444,5.0
11.068,289.77,0.011764662,5.0
11.068999,289.8,0.01176588,5.0
11.07,289.83,0.011767098,5.0
11.071,289.86,0.011768316,5.0
11.072,289.89,0.011769534,5.0
11.073,289.92,0.011770752,5.0
11.074,289.95,0.01177197,5.0
11.075001,289.98,0.011773188,5.0
11.076,290.01,0.011774406,5.0
11.077,290.04,0.011775624,5.0
11.078001,290.07,0.011776842,5.0
11.079,290.1,0.01177806,5.0
11.08,290.13,0.011779278,5.0
11.081001,290.16,0.011780496,5.0
11.082,290.19,0.011781714,5.0
11.083,290.22,0.011782932,5.0
11.084,290.25,0.01178415,5.0
11.085,290.28,0.011785368,5.0
11.086,290.31,0.011786586,5.0
11.087,290.34,0.011787804,5.0
11.088,290.37,0.011789022,5.0
11.089,290.4,0.01179024,5.0
11.090001,290.43,0.011791458,5.0
11.090999,290.46,0.011792676,5.0
11.092,290.49,0.011793894,5.0
11.093001,290.52,0.011795112,5.0
11.093999,290.55,0.01179633,5.0
11.095,290.58,0.011797548,5.0
11.096,290.61,0.011798766,5.0
11.097,290.64,0.011799984,5.0
11.098,290.67,0.011801202,5.0
11.099,290.7,0.01180242,5.0
11.1,290.73,0.011803638,5.0
11.101,290.76,0.011804856,5.0
11.102,290.79,0.011806074,5.0
11.103001,290.82,0.011807292,5.0
11.104,290.85,0.01180851,5.0
11.105,290.88,0.011809728,5.0
11.105999,290.91,0.011810946,5.0
11.107,290.94,0.011812164,5.0
11.108,290.97,0.011813382,5.0
11.108999,291.0,0.0118146,5.0
11.11,291.03,0.011815818,5.0
11.111,291.06,0.011817036,5.0
11.112,291.09,0.011818254,5.0
11.113,291.12,0.011819472,5.0
11.114,291.15,0.01182069,5.0
11.115001,291.18,0.011821908,5.0
11.116,291.21,0.011823126,5.0
11.117,291.24,0.011824344,5.0
11.118001,291.27,0.011825562,5.0
11.119,291.3,0.01182678,5.0
11.12,291.33,0.011827998,5.0
11.120999,291.36,0.011829216,5.0
11.122,291.39,0.011830434,5.0
11.123,291.42,0.011831652,5.0
11.124,291.45,0.01183287,5.0
11.125,291.48,0.011834088,5.0
11.126,291.51,0.011835306,5.0
11.127,291.54,0.011836524,5.0
11.128,291.57,0.011837742,5.0
11.129,291.6,0.01183896,5.0
11.130001,291.63,0.011840178,5.0
11.130999,291.66,0.011841396,5.0
11.132,291.69,0.011842614,5.0
11.133001,291.72,0.011843832,5.0
11.134,291.75,0.01184505,5.0
11.135,291.78,0.011846268,5.0
11.136,291.81,0.011847486,5.0
11.137,291.84,0.011848704,5.0
11.138,291.87,0.011849922,5.0
11.139,291.9,0.01185114,5.0
11.14,291.93,0.011852358,5.0
11.141,291.96,0.011853576,5.0
11.142,291.99,0.011854794,5.0
11.142999,292.02,0.011856012,5.0
11.144,292.05,0.01185723,5.0
11.145001,292.08,0.011858448,5.0
11.145999,292.11,0.011859666,5.0
11.147,292.14,0.011860884,5.0
11.148,292.17,0.011862102,5.0
11.148999,292.2,0.01186332,5.0
11.15,292.23,0.011864538,5.0
11.151,292.26,0.011865756,5.0
11.152,292.29,0.011866974,5.0
11.153,292.32,0.011868192,5.0
11.154,292.35,0.01186941,5.0
11.155001,292.38,0.011870628,5.0
11.156,292.41,0.011871846,5.0
11.157,292.44,0.011873064,5.0
11.157999,292.47,0.011874282,5.0
11.159,292.5,0.0118755,5.0
11.16,292.53,0.011876718,5.0
11.160999,292.56,0.011877936,5.0
11.162,292.59,0.011879154,5.0
11.163,292.62,0.011880372,5.0
11.164,292.65,0.01188159,5.0
11.165,292.68,0.011882808,5.0
11.166,292.71,0.011884026,5.0
11.167001,292.74,0.011885244,5.0
11.168,292.77,0.011886462,5.0
11.169,292.8,0.01188768,5.0
11.170001,292.83,0.011888898,5.0
11.170999,292.86,0.011890116,5.0
11.172,292.89,0.011891334,5.0
11.173001,292.92,0.011892552,5.0
11.174,292.95,0.01189377,5.0
11.175,292.98,0.011894988,5.0
11.176,293.01,0.011896206,5.0
11.177,293.04,0.011897424,5.0
11.178,293.07,0.011898642,5.0
11.179,293.1,0.01189986,5.0
11.18,293.13,0.011901078,5.0
11.181,293.16,0.011902296,5.0
11.182001,293.19,0.011903514,5.0
11.182999,293.22,0.011904732,5.0
11.184,293.25,0.01190595,5.0
11.185001,293.28,0.011907168,5.0
11.185999,293.31,0.011908386,5.0
11.187,293.34,0.011909604,5.0
11.188,293.37,0.011910822,5.0
11.189,293.4,0.01191204,5.0
11.19,293.43,0.011913258,5.0
11.191,293.46,0.011914476,5.0
11.192,293.49,0.011915694,5.0
11.193,293.52,0.011916912,5.0
11.194,293.55,0.01191813,5.0
11.195001,293.58,0.011919348,5.0
11.196,293.61,0.011920566,5.0
11.197,293.64,0.011921784,5.0
11.197999,293.67,0.011923002,5.0
11.199,293.7,0.01192422,5.0
11.2,293.73,0.011925438,5.0
11.200999,293.76,0.011926656,5.0
11.202,293.79,0.011927874,5.0
11.203,293.82,0.011929092,5.0
11.204,293.85,0.01193031,5.0
11.205,293.88,0.011931528,5.0
11.206,293.91,0.011932746,5.0
11.207001,293.94,0.011933964,5.0
11.208,293.97,0.011935182,5.0
11.209,294.0,0.0119364,5.0
11.210001,294.03,0.011937618,5.0
11.211,294.06,0.011938836,5.0
11.212,294.09,0.011940054,5.0
11.212999,294.12,0.011941272,5.0
11.214,294.15,0.01194249,5.0
11.215,294.18,0.011943708,5.0
11.216,294.21,0.011944926,5.0
11.217,294.24,0.011946144,5.0
11.218,294.27,0.011947362,5.0
11.219,294.3,0.01194858,5.0
11.22,294.33,0.011949798,5.0
11.221,294.36,0.011951016,5.0
11.222001,294.39,0.011952234,5.0
11.222999,294.42,0.011953452,5.0
11.224,294.45,0.01195467,5.0
11.225001,294.48,0.011955888,5.0
11.226,294.51,0.011957106,5.0
11.227,294.54,0.011958324,5.0
11.228,294.57,0.011959542,5.0
11.229,294.6,0.01196076,5.0
11.23,294.63,0.011961978,5.0
11.231,294.66,0.011963196,5.0
11.232,294.69,0.011964414,5.0
11.233,294.72,0.011965632,5.0
11.234,294.75,0.01196685,5.0
11.234999,294.78,0.011968068,5.0
11.236,294.81,0.011969286,5.0
11.237001,294.84,0.011970504,5.0
11.237999,294.87,0.011971722,5.0
11.239,294.9,0.01197294,5.0
11.24,294.93,0.011974158,5.0
11.240999,294.96,0.011975376,5.0
11.242,294.99,0.011976594,5.0
11.243,295.02,0.011977812,5.0
11.244,295.05,0.01197903,5.0
11.245,295.08,0.011980248,5.0
11.246,295.11,0.011981466,5.0
11.247001,295.14,0.011982684,5.0
11.248,295.17,0.011983902,5.0
11.249,295.2,0.01198512,5.0
11.249999,295.23,0.011986338,5.0
11.251,295.26,0.011987556,5.0
11.252,295.29,0.011988774,5.0
11.252999,295.32,0.011989992,5.0
11.254,295.35,0.01199121,5.0
11.255,295.38,0.011992428,5.0
11.256,295.41,0.011993646,5.0
11.257,295.44,0.011994864,5.0
11.258,295.47,0.011996082,5.0
11.259001,295.5,0.0119973,5.0
11.26,295.53,0.011998518,5.0
11.261,295.56,0.011999736,5.0
11.262001,295.59,0.012000954,5.0
11.262999,295.62,0.012002172,5.0
11.264,295.65,0.01200339,5.0
11.265001,295.68,0.012004608,5.0
11.266,295.71,0.012005826,5.0
11.267,295.74,0.012007044,5.0
11.268,295.77,0.012008262,5.0
11.269,295.8,0.01200948,5.0
11.27,295.83,0.012010698,5.0
11.271,295.86,0.012011916,5.0
11.272,295.89,0.012013134,5.0
11.273,295.92,0.012014352,5.0
11.274,295.95,0.01201557,5.0
11.274999,295.98,0.012016788,5.0
11.276,296.01,0.012018006,5.0
11.277001,296.04,0.012019224,5.0
11.277999,296.07,0.012020442,5.0
11.279,296.1,0.01202166,5.0
11.28,296.13,0.012022878,5.0
11.281,296.16,0.012024096,5.0
11.282,296.19,0.012025314,5.0
11.283,296.22,0.012026532,5.0
11.284,296.25,0.01202775,5.0
11.285,296.28,0.012028968,5.0
11.286,296.31,0.012030186,5.0
11.287001,296.34,0.012031404,5.0
11.288,296.37,0.012032622,5.0
11.289,296.4,0.01203384,5.0
11.289999,296.43,0.012035058,5.0
11.291,296.46,0.012036276,5.0
11.292,296.49,0.012037494,5.0
11.292999,296.52,0.012038712,5.0
11.294,296.55,0.01203993,5.0
11.295,296.58,0.012041148,5.0
11.296,296.61,0.012042366,5.0
11.297,296.64,0.012043584,5.0
11.298,296.67,0.012044802,5.0
11.299001,296.7,0.01204602,5.0
11.3,296.73,0.012047238,5.0
11.301,296.76,0.012048456,5.0
11.302001,296.79,0.012049674,5.0
11.303,296.82,0.012050892,5.0
11.304,296.85,0.01205211,5.0
11.304999,296.88,0.012053328,5.0
11.306,296.91,0.012054546,5.0
11.307,296.94,0.012055764,5.0
11.308,296.97,0.012056982,5.0
11.309,297.0,0.0120582,5.0
11.31,297.03,0.012059418,5.0
11.311,297.06,0.012060636,5.0
11.312,297.09,0.012061854,5.0
11.313,297.12,0.012063072,5.0
11.314001,297.15,0.01206429,5.0
11.314999,297.18,0.012065508,5.0
11.316,297.21,0.012066726,5.0
11.317001,297.24,0.012067944,5.0
11.317999,297.27,0.012069162,5.0
11.319,297.3,0.01207038,5.0
11.32,297.33,0.012071598,5.0
11.321,297.36,0.012072816,5.0
11.322,297.39,0.012074034,5.0
11.323,297.42,0.012075252,5.0
11.324,297.45,0.01207647,5.0
11.325,297.48,0.012077688,5.0
11.326,297.51,0.012078906,5.0
11.326999,297.54,0.012080124,5.0
11.328,297.57,0.012081342,5.0
11.329001,297.6,0.01208256,5.0
11.329999,297.63,0.012083778,5.0
11.331,297.66,0.012084996,5.0
11.332,297.69,0.012086214,5.0
11.332999,297.72,0.012087432,5.0
11.334,297.75,0.01208865,5.0
11.335,297.78,0.012089868,5.0
11.336,297.81,0.012091086,5.0
11.337,297.84,0.012092304,5.0
11.338,297.87,0.012093522,5.0
11.339001,297.9,0.01209474,5.0
11.34,297.93,0.012095958,5.0
11.341,297.96,0.012097176,5.0
11.342001,297.99,0.012098394,5.0
11.343,298.02,0.012099612,5.0
11.344,298.05,0.01210083,5.0
11.344999,298.08,0.012102048,5.0
11.346,298.11,0.012103266,5.0
11.347,298.14,0.012104484,5.0
11.348,298.17,0.012105702,5.0
11.349,298.2,0.01210692,5.0
11.35,298.23,0.012108138,5.0
11.351001,298.26,0.012109356,5.0
11.352,298.29,0.012110574,5.0
11.353,298.32,0.012111792,5.0
11.354001,298.35,0.01211301,5.0
11.354999,298.38,0.012114228,5.0
11.356,298.41,0.012115446,5.0
11.357001,298.44,0.012116664,5.0
11.358,298.47,0.012117882,5.0
11.359,298.5,0.0121191,5.0
11.36,298.53,0.012120318,5.0
11.361,298.56,0.012121536,5.0
11.362,298.59,0.012122754,5.0
11.363,298.62,0.012123972,5.0
11.364,298.65,0.01212519,5.0
11.365,298.68,0.012126408,5.0
11.366,298.71,0.012127626,5.0
11.366999,298.74,0.012128844,5.0
11.368,298.77,0.012130062,5.0
11.369001,298.8,0.01213128,5.0
11.369999,298.83,0.012132498,5.0
11.371,298.86,0.012133716,5.0
11.372,298.89,0.012134934,5.0
11.373,298.92,0.012136152,5.0
11.374,298.95,0.01213737,5.0
11.375,298.98,0.012138588,5.0
11.376,299.01,0.012139806,5.0
11.377,299.04,0.012141024,5.0
11.378,299.07,0.012142242,5.0
11.379001,299.1,0.01214346,5.0
11.38,299.13,0.012144678,5.0
11.381,299.16,0.012145896,5.0
11.381999,299.19,0.012147114,5.0
11.383,299.22,0.012148332,5.0
11.384,299.25,0.01214955,5.0
11.384999,299.28,0.012150768,5.0
11.386,299.31,0.012151986,5.0
11.387,299.34,0.012153204,5.0
11.388,299.37,0.012154422,5.0
11.389,299.4,0.01215564,5.0
11.39,299.43,0.012156858,5.0
11.391001,299.46,0.012158076,5.0
11.392,299.49,0.012159294,5.0
11.393,299.52,0.012160512,5.0
11.394001,299.55,0.01216173,5.0
11.395,299.58,0.012162948,5.0
11.396,299.61,0.012164166,5.0
11.396999,299.64,0.012165384,5.0
11.398,299.67,0.012166602,5.0
11.399,299.7,0.01216782,5.0
11.4,299.73,0.012169038,5.0
11.401,299.76,0.012170256,5.0
11.402,299.79,0.012171474,5.0
11.403,299.82,0.012172692,5.0
11.404,299.85,0.01217391,5.0
11.405,299.88,0.012175128,5.0
11.406001,299.91,0.012176346,5.0
11.406999,299.94,0.012177564,5.0
11.408,299.97,0.012178782,5.0
11.409001,300.0,0.01218,5.0
11.409999,300.03,0.012181218,5.0
11.411,300.06,0.012182436,5.0
11.412,300.09,0.012183654,5.0
11.413,300.12,0.012184872,5.0
11.414,300.15,0.01218609,5.0
11.415,300.18,0.012187308,5.0
11.416,300.21,0.012188526,5.0
11.417,300.24,0.012189744,5.0
11.418,300.27,0.012190962,5.0
11.418999,300.3,0.01219218,5.0
11.42,300.33,0.012193398,5.0
11.421,300.36,0.012194616,5.0
11.421999,300.39,0.012195834,5.0
11.423,300.42,0.012197052,5.0
11.424,300.45,0.01219827,5.0
11.424999,300.48,0.012199488,5.0
11.426,300.51,0.012200706,5.0
11.427,300.54,0.012201924,5.0
11.428,300.57,0.012203142,5.0
11.429,300.6,0.01220436,5.0
11.43,300.63,0.012205578,5.0
11.431001,300.66,0.012206796,5.0
11.432,300.69,0.012208014,5.0
11.433,300.72,0.012209232,5.0
11.434001,300.75,0.01221045,5.0
11.435,300.78,0.012211668,5.0
11.436,300.81,0.012212886,5.0
11.436999,300.84,0.012214104,5.0
11.438,300.87,0.012215322,5.0
11.439,300.9,0.01221654,5.0
11.44,300.93,0.012217758,5.0
11.441,300.96,0.012218976,5.0
11.442,300.99,0.012220194,5.0
11.443001,301.02,0.012221412,5.0
11.444,301.05,0.01222263,5.0
11.445,301.08,0.012223848,5.0
11.446001,301.11,0.012225066,5.0
11.446999,301.14,0.012226284,5.0
11.448,301.17,0.012227502,5.0
11.449001,301.2,0.01222872,5.0
11.45,301.23,0.012229938,5.0
11.451,301.26,0.012231156,5.0
11.452,301.29,0.012232374,5.0
11.453,301.32,0.012233592,5.0
11.454,301.35,0.01223481,5.0
11.455,301.38,0.012236028,5.0
11.456,301.41,0.012237246,5.0
11.457,301.44,0.012238464,5.0
11.458,301.47,0.012239682,5.0
11.458999,301.5,0.0122409,5.0
11.46,301.53,0.012242118,5.0
11.461001,301.56,0.012243336,5.0
11.461999,301.59,0.012244554,5.0
11.463,301.62,0.012245772,5.0
11.464,301.65,0.01224699,5.0
11.465,301.68,0.012248208,5.0
11.466,301.71,0.012249426,5.0
11.467,301.74,0.012250644,5.0
11.468,301.77,0.012251862,5.0
11.469,301.8,0.01225308,5.0
11.47,301.83,0.012254298,5.0
11.471001,301.86,0.012255516,5.0
11.472,301.89,0.012256734,5.0
11.473,301.92,0.012257952,5.0
11.473999,301.95,0.01225917,5.0
11.475,301.98,0.012260388,5.0
11.476,302.01,0.012261606,5.0
11.476999,302.04,0.012262824,5.0
11.478,302.07,0.012264042,5.0
11.479,302.1,0.01226526,5.0
11.48,302.13,0.012266478,5.0
11.481,302.16,0.012267696,5.0
11.482,302.19,0.012268914,5.0
11.483001,302.22,0.012270132,5.0
11.484,302.25,0.01227135,5.0
11.485,302.28,0.012272568,5.0
11.486001,302.31,0.012273786,5.0
11.487,302.34,0.012275004,5.0
11.488,302.37,0.012276222,5.0
11.489001,302.4,0.01227744,5.0
11.49,302.43,0.012278658,5.0
11.491,302.46,0.012279876,5.0
11.492,302.49,0.012281094,5.0
11.493,302.52,0.012282312,5.0
11.494,302.55,0.01228353,5.0
11.495,302.58,0.012284748,5.0
11.496,302.61,0.012285966,5.0
11.497,302.64,0.012287184,5.0
11.498001,302.67,0.012288402,5.0
11.498999,302.7,0.01228962,5.0
11.5,302.73,0.012290838,5.0
11.501001,302.76,0.012292056,5.0
11.501999,302.79,0.012293274,5.0
11.503,302.82,0.012294492,5.0
11.504,302.85,0.01229571,5.0
11.505,302.88,0.012296928,5.0
11.506,302.91,0.012298146,5.0
11.507,302.94,0.012299364,5.0
11.508,302.97,0.012300582,5.0
11.509,303.0,0.0123018,5.0
11.51,303.03,0.012303018,5.0
11.510999,303.06,0.012304236,5.0
11.512,303.09,0.012305454,5.0
11.513,303.12,0.012306672,5.0
11.513999,303.15,0.01230789,5.0
11.515,303.18,0.012309108,5.0
11.516,303.21,0.012310326,5.0
11.516999,303.24,0.012311544,5.0
11.518,303.27,0.012312762,5.0
11.519,303.3,0.01231398,5.0
11.52,303.33,0.012315198,5.0
11.521,303.36,0.012316416,5.0
11.522,303.39,0.012317634,5.0
11.523001,303.42,0.012318852,5.0
11.524,303.45,0.01232007,5.0
11.525,303.48,0.012321288,5.0
11.526001,303.51,0.012322506,5.0
11.527,303.54,0.012323724,5.0
11.528,303.57,0.012324942,5.0
11.528999,303.6,0.01232616,5.0
11.53,303.63,0.012327378,5.0
11.531,303.66,0.012328596,5.0
11.532,303.69,0.012329814,5.0
11.533,303.72,0.012331032,5.0
11.534,303.75,0.01233225,5.0
11.535,303.78,0.012333468,5.0
11.536,303.81,0.012334686,5.0
11.537,303.84,0.012335904,5.0
11.538001,303.87,0.012337122,5.0
11.538999,303.9,0.01233834,5.0
11.54,303.93,0.012339558,5.0
11.541001,303.96,0.012340776,5.0
11.542,303.99,0.012341994,5.0
11.543,304.02,0.012343212,5.0
11.544,304.05,0.01234443,5.0
11.545,304.08,0.012345648,5.0
11.546,304.11,0.012346866,5.0
11.547,304.14,0.012348084,5.0
11.548,304.17,0.012349302,5.0
11.549,304.2,0.01235052,5.0
11.55,304.23,0.012351738,5.0
11.550999,304.26,0.012352956,5.0
11.552,304.29,0.012354174,5.0
11.553001,304.32,0.012355392,5.0
11.553999,304.35,0.01235661,5.0
11.555,304.38,0.012357828,5.0
11.556,304.41,0.012359046,5.0
11.556999,304.44,0.012360264,5.0
11.558,304.47,0.012361482,5.0
11.559,304.5,0.0123627,5.0
11.56,304.53,0.012363918,5.0
11.561,304.56,0.012365136,5.0
11.562,304.59,0.012366354,5.0
11.563001,304.62,0.012367572,5.0
11.564,304.65,0.01236879,5.0
11.565,304.68,0.012370008,5.0
11.565999,304.71,0.012371226,5.0
11.567,304.74,0.012372444,5.0
11.568,304.77,0.012373662,5.0
11.568999,304.8,0.01237488,5.0
11.57,304.83,0.012376098,5.0
11.571,304.86,0.012377316,5.0
11.572,304.89,0.012378534,5.0
11.573,304.92,0.012379752,5.0
11.574,304.95,0.01238097,5.0
11.575001,304.98,0.012382188,5.0
11.576,305.01,0.012383406,5.0
11.577,305.04,0.012384624,5.0
11.578001,305.07,0.012385842,5.0
11.579,305.1,0.01238706,5.0
11.58,305.13,0.012388278,5.0
11.581001,305.16,0.012389496,5.0
11.582,305.19,0.012390714,5.0
11.583,305.22,0.012391932,5.0
11.584,305.25,0.01239315,5.0
11.585,305.28,0.012394368,5.0
11.586,305.31,0.012395586,5.0
11.587,305.34,0.012396804,5.0
11.588,305.37,0.012398022,5.0
11.589,305.4,0.01239924,5.0
11.590001,305.43,0.012400458,5.0
11.590999,305.46,0.012401676,5.0
11.592,305.49,0.012402894,5.0
11.593001,305.52,0.012404112,5.0
11.593999,305.55,0.01240533,5.0
11.595,305.58,0.012406548,5.0
11.596,305.61,0.012407766,5.0
11.597,305.64,0.012408984,5.0
11.598,305.67,0.012410202,5.0
11.599,305.7,0.01241142,5.0
11.6,305.73,0.012412638,5.0
11.601,305.76,0.012413856,5.0
11.602,305.79,0.012415074,5.0
11.603001,305.82,0.012416292,5.0
11.604,305.85,0.01241751,5.0
11.605,305.88,0.012418728,5.0
11.605999,305.91,0.012419946,5.0
11.607,305.94,0.012421164,5.0
11.608,305.97,0.012422382,5.0
11.608999,306.0,0.0124236,5.0
11.61,306.03,0.012424818,5.0
11.611,306.06,0.012426036,5.0
11.612,306.09,0.012427254,5.0
11.613,306.12,0.012428472,5.0
11.614,306.15,0.01242969,5.0
11.615001,306.18,0.012430908,5.0
11.616,306.21,0.012432126,5.0
11.617,306.24,0.012433344,5.0
11.618001,306.27,0.012434562,5.0
11.619,306.3,0.01243578,5.0
11.62,306.33,0.012436998,5.0
11.620999,306.36,0.012438216,5.0
11.622,306.39,0.012439434,5.0
11.623,306.42,0.012440652,5.0
11.624,306.45,0.01244187,5.0
11.625,306.48,0.012443088,5.0
11.626,306.51,0.012444306,5.0
11.627,306.54,0.012445524,5.0
11.628,306.57,0.012446742,5.0
11.629,306.6,0.01244796,5.0
11.630001,306.63,0.012449178,5.0
11.630999,306.66,0.012450396,5.0
11.632,306.69,0.012451614,5.0
11.633001,306.72,0.012452832,5.0
11.634,306.75,0.01245405,5.0
11.635,306.78,0.012455268,5.0
11.636,306.81,0.012456486,5.0
11.637,306.84,0.012457704,5.0
11.638,306.87,0.012458922,5.0
11.639,306.9,0.01246014,5.0
11.64,306.93,0.012461358,5.0
11.641,306.96,0.012462576,5.0
11.642,306.99,0.012463794,5.0
11.642999,307.02,0.012465012,5.0
11.644,307.05,0.01246623,5.0
11.645001,307.08,0.012467448,5.0
11.645999,307.11,0.012468666,5.0
11.647,307.14,0.012469884,5.0
11.648,307.17,0.012471102,5.0
11.648999,307.2,0.01247232,5.0
11.65,307.23,0.012473538,5.0
11.651,307.26,0.012474756,5.0
11.652,307.29,0.012475974,5.0
11.653,307.32,0.012477192,5.0
11.654,307.35,0.01247841,5.0
11.655001,307.38,0.012479628,5.0
11.656,307.41,0.012480846,5.0
11.657,307.44,0.012482064,5.0
11.657999,307.47,0.012483282,5.0
11.659,307.5,0.0124845,5.0
11.66,307.53,0.012485718,5.0
11.660999,307.56,0.012486936,5.0
11.662,307.59,0.012488154,5.0
11.663,307.62,0.012489372,5.0
11.664,307.65,0.01249059,5.0
11.665,307.68,0.012491808,5.0
11.666,307.71,0.012493026,5.0
11.667001,307.74,0.012494244,5.0
11.668,307.77,0.012495462,5.0
11.669,307.8,0.01249668,5.0
11.670001,307.83,0.012497898,5.0
11.670999,307.86,0.012499116,5.0
11.672,307.89,0.012500334,5.0
11.673001,307.92,0.012501552,5.0
11.674,307.95,0.01250277,5.0
11.675,307.98,0.012503988,5.0
11.676,308.01,0.012505206,5.0
11.677,308.04,0.012506424,5.0
11.678,308.07,0.012507642,5.0
11.679,308.1,0.01250886,5.0
11.68,308.13,0.012510078,5.0
11.681,308.16,0.012511296,5.0
11.682001,308.19,0.012512514,5.0
11.682999,308.22,0.012513732,5.0
11.684,308.25,0.01251495,5.0
11.685001,308.28,0.012516168,5.0
11.685999,308.31,0.012517386,5.0
11.687,308.34,0.012518604,5.0
11.688,308.37,0.012519822,5.0
11.689,308.4,0.01252104,5.0
11.69,308.43,0.012522258,5.0
11.691,308.46,0.012523476,5.0
11.692,308.49,0.012524694,5.0
11.693,308.52,0.012525912,5.0
11.694,308.55,0.01252713,5.0
11.695001,308.58,0.012528348,5.0
11.696,308.61,0.012529566,5.0
11.697,308.64,0.012530784,5.0
11.697999,308.67,0.012532002,5.0
11.699,308.7,0.01253322,5.0
11.7,308.73,0.012534438,5.0
11.700999,308.76,0.012535656,5.0
11.702,308.79,0.012536874,5.0
11.703,308.82,0.012538092,5.0
11.704,308.85,0.01253931,5.0
11.705,308.88,0.012540528,5.0
11.706,308.91,0.012541746,5.0
11.707001,308.94,0.012542964,5.0
11.708,308.97,0.012544182,5.0
11.709,309.0,0.0125454,5.0
11.710001,309.03,0.012546618,5.0
11.711,309.06,0.012547836,5.0
11.712,309.09,0.012549054,5.0
11.712999,309.12,0.012550272,5.0
11.714,309.15,0.01255149,5.0
11.715,309.18,0.012552708,5.0
11.716,309.21,0.012553926,5.0
11.717,309.24,0.012555144,5.0
11.718,309.27,0.012556362,5.0
11.719,309.3,0.01255758,5.0
11.72,309.33,0.012558798,5.0
11.721,309.36,0.012560016,5.0
11.722001,309.39,0.012561234,5.0
11.722999,309.42,0.012562452,5.0
11.724,309.45,0.01256367,5.0
11.725001,309.48,0.012564888,5.0
11.726,309.51,0.012566106,5.0
11.727,309.54,0.012567324,5.0
11.728,309.57,0.012568542,5.0
11.729,309.6,0.01256976,5.0
11.73,309.63,0.012570978,5.0
11.731,309.66,0.012572196,5.0
11.732,309.69,0.012573414,5.0
11.733,309.72,0.012574632,5.0
11.734,309.75,0.01257585,5.0
11.734999,309.78,0.012577068,5.0
11.736,309.81,0.012578286,5.0
11.737001,309.84,0.012579504,5.0
11.737999,309.87,0.012580722,5.0
11.739,309.9,0.01258194,5.0
11.74,309.93,0.012583158,5.0
11.740999,309.96,0.012584376,5.0
11.742,309.99,0.012585594,5.0
11.743,310.02,0.012586812,5.0
11.744,310.05,0.01258803,5.0
11.745,310.08,0.012589248,5.0
11.746,310.11,0.012590466,5.0
11.747001,310.14,0.012591684,5.0
11.748,310.17,0.012592902,5.0
11.749,310.2,0.01259412,5.0
11.750001,310.23,0.012595338,5.0
11.751,310.26,0.012596556,5.0
11.752,310.29,0.012597774,5.0
11.752999,310.32,0.012598992,5.0
11.754,310.35,0.01260021,5.0
11.755,310.38,0.012601428,5.0
11.756,310.41,0.012602646,5.0
11.757,310.44,0.012603864,5.0
11.758,310.47,0.012605082,5.0
11.759001,310.5,0.0126063,5.0
11.76,310.53,0.012607518,5.0
11.761,310.56,0.012608736,5.0
11.762001,310.59,0.012609954,5.0
11.762999,310.62,0.012611172,5.0
11.764,310.65,0.01261239,5.0
11.765001,310.68,0.012613608,5.0
11.766,310.71,0.012614826,5.0
11.767,310.74,0.012616044,5.0
11.768,310.77,0.012617262,5.0
11.769,310.8,0.01261848,5.0
11.77,310.83,0.012619698,5.0
11.771,310.86,0.012620916,5.0
11.772,310.89,0.012622134,5.0
11.773,310.92,0.012623352,5.0
11.774,310.95,0.01262457,5.0
11.774999,310.98,0.012625788,5.0
11.776,311.01,0.012627006,5.0
11.777001,311.04,0.012628224,5.0
11.777999,311.07,0.012629442,5.0
11.779,311.1,0.01263066,5.0
11.78,311.13,0.012631878,5.0
11.781,311.16,0.012633096,5.0
11.782,311.19,0.012634314,5.0
11.783,311.22,0.012635532,5.0
11.784,311.25,0.01263675,5.0
11.785,311.28,0.012637968,5.0
11.786,311.31,0.012639186,5.0
11.787001,311.34,0.012640404,5.0
11.788,311.37,0.012641622,5.0
11.789,311.4,0.01264284,5.0
11.789999,311.43,0.012644058,5.0
11.791,311.46,0.012645276,5.0
11.792,311.49,0.012646494,5.0
11.792999,311.52,0.012647712,5.0
11.794,311.55,0.01264893,5.0
11.795,311.58,0.012650148,5.0
11.796,311.61,0.012651366,5.0
11.797,311.64,0.012652584,5.0
11.798,311.67,0.012653802,5.0
11.799001,311.7,0.01265502,5.0
11.8,311.73,0.012656238,5.0
11.801,311.76,0.012657456,5.0
11.802001,311.79,0.012658674,5.0
11.803,311.82,0.012659892,5.0
11.804,311.85,0.01266111,5.0
11.804999,311.88,0.012662328,5.0
11.806,311.91,0.012663546,5.0
11.807,311.94,0.012664764,5.0
11.808,311.97,0.012665982,5.0
11.809,312.0,0.0126672,5.0
11.81,312.03,0.012668418,5.0
11.811,312.06,0.012669636,5.0
11.812,312.09,0.012670854,5.0
11.813,312.12,0.012672072,5.0
11.814001,312.15,0.01267329,5.0
11.814999,312.18,0.012674508,5.0
11.816,312.21,0.012675726,5.0
11.817001,312.24,0.012676944,5.0
11.817999,312.27,0.012678162,5.0
11.819,312.3,0.01267938,5.0
11.82,312.33,0.012680598,5.0
11.821,312.36,0.012681816,5.0
11.822,312.39,0.012683034,5.0
11.823,312.42,0.012684252,5.0
11.824,312.45,0.01268547,5.0
11.825,312.48,0.012686688,5.0
11.826,312.51,0.012687906,5.0
11.826999,312.54,0.012689124,5.0
11.828,312.57,0.012690342,5.0
11.829001,312.6,0.01269156,5.0
11.829999,312.63,0.012692778,5.0
11.831,312.66,0.012693996,5.0
11.832,312.69,0.012695214,5.0
11.832999,312.72,0.012696432,5.0
11.834,312.75,0.01269765,5.0
11.835,312.78,0.012698868,5.0
11.836,312.81,0.012700086,5.0
11.837,312.84,0.012701304,5.0
11.838,312.87,0.012702522,5.0
11.839001,312.9,0.01270374,5.0
11.84,312.93,0.012704958,5.0
11.841,312.96,0.012706176,5.0
11.842001,312.99,0.012707394,5.0
11.843,313.02,0.012708612,5.0
11.844,313.05,0.01270983,5.0
11.844999,313.08,0.012711048,5.0
11.846,313.11,0.012712266,5.0
11.847,313.14,0.012713484,5.0
11.848,313.17,0.012714702,5.0
11.849,313.2,0.01271592,5.0
11.85,313.23,0.012717138,5.0
11.851001,313.26,0.012718356,5.0
11.852,313.29,0.012719574,5.0
11.853,313.32,0.012720792,5.0
11.854001,313.35,0.01272201,5.0
11.854999,313.38,0.012723228,5.0
11.856,313.41,0.012724446,5.0
11.857001,313.44,0.012725664,5.0
11.858,313.47,0.012726882,5.0
11.859,313.5,0.0127281,5.0
11.86,313.53,0.012729318,5.0
11.861,313.56,0.012730536,5.0
11.862,313.59,0.012731754,5.0
11.863,313.62,0.012732972,5.0
11.864,313.65,0.01273419,5.0
11.865,313.68,0.012735408,5.0
11.866,313.71,0.012736626,5.0
11.866999,313.74,0.012737844,5.0
11.868,313.77,0.012739062,5.0
11.869001,313.8,0.01274028,5.0
11.869999,313.83,0.012741498,5.0
11.871,313.86,0.012742716,5.0
11.872,313.89,0.012743934,5.0
11.873,313.92,0.012745152,5.0
11.874,313.95,0.01274637,5.0
11.875,313.98,0.012747588,5.0
11.876,314.01,0.012748806,5.0
11.877,314.04,0.012750024,5.0
11.878,314.07,0.012751242,5.0
11.879001,314.1,0.01275246,5.0
11.88,314.13,0.012753678,5.0
11.881,314.16,0.012754896,5.0
11.881999,314.19,0.012756114,5.0
11.883,314.22,0.012757332,5.0
11.884,314.25,0.01275855,5.0
11.884999,314.28,0.012759768,5.0
11.886,314.31,0.012760986,5.0
11.887,314.34,0.012762204,5.0
11.888,314.37,0.012763422,5.0
11.889,314.4,0.01276464,5.0
11.89,314.43,0.012765858,5.0
11.891001,314.46,0.012767076,5.0
11.892,314.49,0.012768294,5.0
11.893,314.52,0.012769512,5.0
11.894001,314.55,0.01277073,5.0
11.895,314.58,0.012771948,5.0
11.896,314.61,0.012773166,5.0
11.896999,314.64,0.012774384,5.0
11.898,314.67,0.012775602,5.0
11.899,314.7,0.01277682,5.0
11.9,314.73,0.012778038,5.0
11.901,314.76,0.012779256,5.0
11.902,314.79,0.012780474,5.0
11.903,314.82,0.012781692,5.0
11.904,314.85,0.01278291,5.0
11.905,314.88,0.012784128,5.0
11.906001,314.91,0.012785346,5.0
11.906999,314.94,0.012786564,5.0
11.908,314.97,0.012787782,5.0
11.909001,315.0,0.012789,5.0
11.909999,315.03,0.012790218,5.0
11.911,315.06,0.012791436,5.0
11.912,315.09,0.012792654,5.0
11.913,315.12,0.012793872,5.0
11.914,315.15,0.01279509,5.0
11.915,315.18,0.012796308,5.0
11.916,315.21,0.012797526,5.0
11.917,315.24,0.012798744,5.0
11.918,315.27,0.012799962,5.0
11.918999,315.3,0.01280118,5.0
11.92,315.33,0.012802398,5.0
11.921,315.36,0.012803616,5.0
11.921999,315.39,0.012804834,5.0
11.923,315.42,0.012806052,5.0
11.924,315.45,0.01280727,5.0
11.924999,315.48,0.012808488,5.0
11.926,315.51,0.012809706,5.0
11.927,315.54,0.012810924,5.0
11.928,315.57,0.012812142,5.0
11.929,315.6,0.01281336,5.0
11.93,315.63,0.012814578,5.0
11.931001,315.66,0.012815796,5.0
11.932,315.69,0.012817014,5.0
11.933,315.72,0.012818232,5.0
11.934001,315.75,0.01281945,5.0
11.935,315.78,0.012820668,5.0
11.936,315.81,0.012821886,5.0
11.936999,315.84,0.012823104,5.0
11.938,315.87,0.012824322,5.0
11.939,315.9,0.01282554,5.0
11.94,315.93,0.012826758,5.0
11.941,315.96,0.012827976,5.0
11.942,315.99,0.012829194,5.0
11.943001,316.02,0.012830412,5.0
11.944,316.05,0.01283163,5.0
11.945,316.08,0.012832848,5.0
11.946001,316.11,0.012834066,5.0
11.946999,316.14,0.012835284,5.0
11.948,316.17,0.012836502,5.0
11.949001,316.2,0.01283772,5.0
11.95,316.23,0.012838938,5.0
11.951,316.26,0.012840156,5.0
11.952,316.29,0.012841374,5.0
11.953,316.32,0.012842592,5.0
11.954,316.35,0.01284381,5.0
11.955,316.38,0.012845028,5.0
11.956,316.41,0.012846246,5.0
11.957,316.44,0.012847464,5.0
11.958,316.47,0.012848682,5.0
11.958999,316.5,0.0128499,5.0
11.96,316.53,0.012851118,5.0
11.961001,316.56,0.012852336,5.0
11.961999,316.59,0.012853554,5.0
11.963,316.62,0.012854772,5.0
11.964,316.65,0.01285599,5.0
11.965,316.68,0.012857208,5.0
11.966,316.71,0.012858426,5.0
11.967,316.74,0.012859644,5.0
11.968,316.77,0.012860862,5.0
11.969,316.8,0.01286208,5.0
11.97,316.83,0.012863298,5.0
11.971001,316.86,0.012864516,5.0
11.972,316.89,0.012865734,5.0
11.973,316.92,0.012866952,5.0
11.973999,316.95,0.01286817,5.0
11.975,316.98,0.012869388,5.0
11.976,317.01,0.012870606,5.0
11.976999,317.04,0.012871824,5.0
11.978,317.07,0.012873042,5.0
11.979,317.1,0.01287426,5.0
11.98,317.13,0.012875478,5.0
11.981,317.16,0.012876696,5.0
11.982,317.19,0.012877914,5.0
11.983001,317.22,0.012879132,5.0
11.984,317.25,0.01288035,5.0
11.985,317.28,0.012881568,5.0
11.986001,317.31,0.012882786,5.0
11.987,317.34,0.012884004,5.0
11.988,317.37,0.012885222,5.0
11.989001,317.4,0.01288644,5.0
11.99,317.43,0.012887658,5.0
11.991,317.46,0.012888876,5.0
11.992,317.49,0.012890094,5.0
11.993,317.52,0.012891312,5.0
11.994,317.55,0.01289253,5.0
11.995,317.58,0.012893748,5.0
11.996,317.61,0.012894966,5.0
11.997,317.64,0.012896184,5.0
11.998001,317.67,0.012897402,5.0
11.998999,317.7,0.01289862,5.0
