t_s,theta_ref_graus,I_loop_mA,V_RL_V
0,0,3.99361022,0.998402556
0.001,0.36,3.99521279,0.998803197
0.002,0.72,3.99681535,0.999203838
0.003,1.08,3.99841792,0.999604479
0.004,1.44,4.00002048,1.00000512
0.005,1.8,4.00162304,1.00040576
0.006,2.16,4.00322561,1.0008064
0.007,2.52,4.00482817,1.00120704
0.008,2.88,4.00643074,1.00160768
0.009,3.24,4.0080333,1.00200833
0.01,3.6,4.00963586,1.00240897
0.011,3.96,4.01123843,1.00280961
0.012,4.32,4.01284099,1.00321025
0.013,4.68,4.01444356,1.00361089
0.014,5.04,4.01604612,1.00401153
0.015,5.4,4.01764869,1.00441217
0.016,5.76,4.01925125,1.00481281
0.017,6.12,4.02085381,1.00521345
0.018,6.48,4.02245638,1.00561409
0.019,6.84,4.02405894,1.00601474
0.02,7.2,4.02566151,1.00641538
0.021,7.56,4.02726407,1.00681602
0.022,7.92,4.02886663,1.00721666
0.023,8.28,4.0304692,1.0076173
0.024,8.64,4.03207176,1.00801794
0.025,9,4.03367433,1.00841858
0.026,9.36,4.03527689,1.00881922
0.027,9.72,4.03687945,1.00921986
0.028,10.08,4.03848202,1.0096205
0.029,10.44,4.04008458,1.01002115
0.03,10.8,4.04168715,1.01042179
0.031,11.16,4.04328971,1.01082243
0.032,11.52,4.04489227,1.01122307
0.033,11.88,4.04649484,1.01162371
0.034,12.24,4.0480974,1.01202435
0.035,12.6,4.04969997,1.01242499
0.036,12.96,4.05130253,1.01282563
0.037,13.32,4.0529051,1.01322627
0.038,13.68,4.05450766,1.01362691
0.039,14.04,4.05611022,1.01402756
0.04,14.4,4.05771279,1.0144282
0.041,14.76,4.05931535,1.01482884
0.042,15.12,4.06091792,1.01522948
0.043,15.48,4.06252048,1.01563012
0.044,15.84,4.06412304,1.01603076
0.045,16.2,4.06572561,1.0164314
0.046,16.56,4.06732817,1.01683204
0.047,16.92,4.06893074,1.01723268
0.048,17.28,4.0705333,1.01763333
0.049,17.64,4.07213586,1.01803397
0.05,18,4.07373843,1.01843461
0.051,18.36,4.07534099,1.01883525
0.052,18.72,4.07694356,1.01923589
0.053,19.08,4.07854612,1.01963653
0.054,19.44,4.08014869,1.02003717
0.055,19.8,4.08175125,1.02043781
0.056,20.16,4.08335381,1.02083845
0.057,20.52,4.08495638,1.02123909
0.058,20.88,4.08655894,1.02163974
0.059,21.24,4.08816151,1.02204038
0.06,21.6,4.08976407,1.02244102
0.061,21.96,4.09136663,1.02284166
0.062,22.32,4.0929692,1.0232423
0.063,22.68,4.09457176,1.02364294
0.064,23.04,4.09617433,1.02404358
0.065,23.4,4.09777689,1.02444422
0.066,23.76,4.09937945,1.02484486
0.067,24.12,4.10098202,1.0252455
0.068,24.48,4.10258458,1.02564615
0.069,24.84,4.10418715,1.02604679
0.07,25.2,4.10578971,1.02644743
0.071,25.56,4.10739227,1.02684807
0.072,25.92,4.10899484,1.02724871
0.073,26.28,4.1105974,1.02764935
0.074,26.64,4.11219997,1.02804999
0.075,27,4.11380253,1.02845063
0.076,27.36,4.1154051,1.02885127
0.077,27.72,4.11700766,1.02925191
0.078,28.08,4.11861022,1.02965256
0.079,28.44,4.12021279,1.0300532
0.08,28.8,4.12181535,1.03045384
0.081,29.16,4.12341792,1.03085448
0.082,29.52,4.12502048,1.03125512
0.083,29.88,4.12662304,1.03165576
0.084,30.24,4.12822561,1.0320564
0.085,30.6,4.12982817,1.03245704
0.086,30.96,4.13143074,1.03285768
0.087,31.32,4.1330333,1.03325833
0.088,31.68,4.13463586,1.03365897
0.089,32.04,4.13623843,1.03405961
0.09,32.4,4.13784099,1.03446025
0.091,32.76,4.13944356,1.03486089
0.092,33.12,4.14104612,1.03526153
0.093,33.48,4.14264869,1.03566217
0.094,33.84,4.14425125,1.03606281
0.095,34.2,4.14585381,1.03646345
0.096,34.56,4.14745638,1.03686409
0.097,34.92,4.14905894,1.03726474
0.098,35.28,4.15066151,1.03766538
0.099,35.64,4.15226407,1.03806602
0.1,36,4.15386663,1.03846666
0.101,36.36,4.1554692,1.0388673
0.102,36.72,4.15707176,1.03926794
0.103,37.08,4.15867433,1.03966858
0.104,37.44,4.16027689,1.04006922
0.105,37.8,4.16187945,1.04046986
0.106,38.16,4.16348202,1.0408705
0.107,38.52,4.16508458,1.04127115
0.108,38.88,4.16668715,1.04167179
0.109,39.24,4.16828971,1.04207243
0.11,39.6,4.16989227,1.04247307
0.111,39.96,4.17149484,1.04287371
0.112,40.32,4.1730974,1.04327435
0.113,40.68,4.17469997,1.04367499
0.114,41.04,4.17630253,1.04407563
0.115,41.4,4.1779051,1.04447627
0.116,41.76,4.17950766,1.04487691
0.117,42.12,4.18111022,1.04527756
0.118,42.48,4.18271279,1.0456782
0.119,42.84,4.18431535,1.04607884
0.12,43.2,4.18591792,1.04647948
0.121,43.56,4.18752048,1.04688012
0.122,43.92,4.18912304,1.04728076
0.123,44.28,4.19072561,1.0476814
0.124,44.64,4.19232817,1.04808204
0.125,45,4.19393074,1.04848268
0.126,45.36,4.1955333,1.04888333
0.127,45.72,4.19713586,1.04928397
0.128,46.08,4.19873843,1.04968461
0.129,46.44,4.20034099,1.05008525
0.13,46.8,4.20194356,1.05048589
0.131,47.16,4.20354612,1.05088653
0.132,47.52,4.20514869,1.05128717
0.133,47.88,4.20675125,1.05168781
0.134,48.24,4.20835381,1.05208845
0.135,48.6,4.20995638,1.05248909
0.136,48.96,4.21155894,1.05288974
0.137,49.32,4.21316151,1.05329038
0.138,49.68,4.21476407,1.05369102
0.139,50.04,4.21636663,1.05409166
0.14,50.4,4.2179692,1.0544923
0.141,50.76,4.21957176,1.05489294
0.142,51.12,4.22117433,1.05529358
0.143,51.48,4.22277689,1.05569422
0.144,51.84,4.22437945,1.05609486
0.145,52.2,4.22598202,1.0564955
0.146,52.56,4.22758458,1.05689615
0.147,52.92,4.22918715,1.05729679
0.148,53.28,4.23078971,1.05769743
0.149,53.64,4.23239227,1.05809807
0.15,54,4.23399484,1.05849871
0.151,54.36,4.2355974,1.05889935
0.152,54.72,4.23719997,1.05929999
0.153,55.08,4.23880253,1.05970063
0.154,55.44,4.2404051,1.06010127
0.155,55.8,4.24200766,1.06050191
0.156,56.16,4.24361022,1.06090256
0.157,56.52,4.24521279,1.0613032
0.158,56.88,4.24681535,1.06170384
0.159,57.24,4.24841792,1.06210448
0.16,57.6,4.25002048,1.06250512
0.161,57.96,4.25162304,1.06290576
0.162,58.32,4.25322561,1.0633064
0.163,58.68,4.25482817,1.06370704
0.164,59.04,4.25643074,1.06410768
0.165,59.4,4.2580333,1.06450833
0.166,59.76,4.25963586,1.06490897
0.167,60.12,4.26123843,1.06530961
0.168,60.48,4.26284099,1.06571025
0.169,60.84,4.26444356,1.06611089
0.17,61.2,4.26604612,1.06651153
0.171,61.56,4.26764869,1.06691217
0.172,61.92,4.26925125,1.06731281
0.173,62.28,4.27085381,1.06771345
0.174,62.64,4.27245638,1.06811409
0.175,63,4.27405894,1.06851474
0.176,63.36,4.27566151,1.06891538
0.177,63.72,4.27726407,1.06931602
0.178,64.08,4.27886663,1.06971666
0.179,64.44,4.2804692,1.0701173
0.18,64.8,4.28207176,1.07051794
0.181,65.16,4.28367433,1.07091858
0.182,65.52,4.28527689,1.07131922
0.183,65.88,4.28687945,1.07171986
0.184,66.24,4.28848202,1.0721205
0.185,66.6,4.29008458,1.07252115
0.186,66.96,4.29168715,1.07292179
0.187,67.32,4.29328971,1.07332243
0.188,67.68,4.29489227,1.07372307
0.189,68.04,4.29649484,1.07412371
0.19,68.4,4.2980974,1.07452435
0.191,68.76,4.29969997,1.07492499
0.192,69.12,4.30130253,1.07532563
0.193,69.48,4.3029051,1.07572627
0.194,69.84,4.30450766,1.07612691
0.195,70.2,4.30611022,1.07652756
0.196,70.56,4.30771279,1.0769282
0.197,70.92,4.30931535,1.07732884
0.198,71.28,4.31091792,1.07772948
0.199,71.64,4.31252048,1.07813012
0.2,72,4.31412304,1.07853076
0.201,72.36,4.31572561,1.0789314
0.202,72.72,4.31732817,1.07933204
0.203,73.08,4.31893074,1.07973268
0.204,73.44,4.3205333,1.08013333
0.205,73.8,4.32213586,1.08053397
0.206,74.16,4.32373843,1.08093461
0.207,74.52,4.32534099,1.08133525
0.208,74.88,4.32694356,1.08173589
0.209,75.24,4.32854612,1.08213653
0.21,75.6,4.33014869,1.08253717
0.211,75.96,4.33175125,1.08293781
0.212,76.32,4.33335381,1.08333845
0.213,76.68,4.33495638,1.08373909
0.214,77.04,4.33655894,1.08413974
0.215,77.4,4.33816151,1.08454038
0.216,77.76,4.33976407,1.08494102
0.217,78.12,4.34136663,1.08534166
0.218,78.48,4.3429692,1.0857423
0.219,78.84,4.34457176,1.08614294
0.22,79.2,4.34617433,1.08654358
0.221,79.56,4.34777689,1.08694422
0.222,79.92,4.34937945,1.08734486
0.223,80.28,4.35098202,1.0877455
0.224,80.64,4.35258458,1.08814615
0.225,81,4.35418715,1.08854679
0.226,81.36,4.35578971,1.08894743
0.227,81.72,4.35739227,1.08934807
0.228,82.08,4.35899484,1.08974871
0.229,82.44,4.3605974,1.09014935
0.23,82.8,4.36219997,1.09054999
0.231,83.16,4.36380253,1.09095063
0.232,83.52,4.3654051,1.09135127
0.233,83.88,4.36700766,1.09175191
0.234,84.24,4.36861022,1.09215256
0.235,84.6,4.37021279,1.0925532
0.236,84.96,4.37181535,1.09295384
0.237,85.32,4.37341792,1.09335448
0.238,85.68,4.37502048,1.09375512
0.239,86.04,4.37662304,1.09415576
0.24,86.4,4.37822561,1.0945564
0.241,86.76,4.37982817,1.09495704
0.242,87.12,4.38143074,1.09535768
0.243,87.48,4.3830333,1.09575833
0.244,87.84,4.38463586,1.09615897
0.245,88.2,4.38623843,1.09655961
0.246,88.56,4.38784099,1.09696025
0.247,88.92,4.38944356,1.09736089
0.248,89.28,4.39104612,1.09776153
0.249,89.64,4.39264869,1.09816217
0.25,90,4.39425125,1.09856281
0.251,90.36,4.39585381,1.09896345
0.252,90.72,4.39745638,1.09936409
0.253,91.08,4.39905894,1.09976474
0.254,91.44,4.40066151,1.10016538
0.255,91.8,4.40226407,1.10056602
0.256,92.16,4.40386663,1.10096666
0.257,92.52,4.4054692,1.1013673
0.258,92.88,4.40707176,1.10176794
0.259,93.24,4.40867433,1.10216858
0.26,93.6,4.41027689,1.10256922
0.261,93.96,4.41187945,1.10296986
0.262,94.32,4.41348202,1.1033705
0.263,94.68,4.41508458,1.10377115
0.264,95.04,4.41668715,1.10417179
0.265,95.4,4.41828971,1.10457243
0.266,95.76,4.41989227,1.10497307
0.267,96.12,4.42149484,1.10537371
0.268,96.48,4.4230974,1.10577435
0.269,96.84,4.42469997,1.10617499
0.27,97.2,4.42630253,1.10657563
0.271,97.56,4.4279051,1.10697627
0.272,97.92,4.42950766,1.10737691
0.273,98.28,4.43111022,1.10777756
0.274,98.64,4.43271279,1.1081782
0.275,99,4.43431535,1.10857884
0.276,99.36,4.43591792,1.10897948
0.277,99.72,4.43752048,1.10938012
0.278,100.08,4.43912304,1.10978076
0.279,100.44,4.44072561,1.1101814
0.28,100.8,4.44232817,1.11058204
0.281,101.16,4.44393074,1.11098268
0.282,101.52,4.4455333,1.11138333
0.283,101.88,4.44713586,1.11178397
0.284,102.24,4.44873843,1.11218461
0.285,102.6,4.45034099,1.11258525
0.286,102.96,4.45194356,1.11298589
0.287,103.32,4.45354612,1.11338653
0.288,103.68,4.45514869,1.11378717
0.289,104.04,4.45675125,1.11418781
0.29,104.4,4.45835381,1.11458845
0.291,104.76,4.45995638,1.11498909
0.292,105.12,4.46155894,1.11538974
0.293,105.48,4.46316151,1.11579038
0.294,105.84,4.46476407,1.11619102
0.295,106.2,4.46636663,1.11659166
0.296,106.56,4.4679692,1.1169923
0.297,106.92,4.46957176,1.11739294
0.298,107.28,4.47117433,1.11779358
0.299,107.64,4.47277689,1.11819422
0.3,108,4.47437945,1.11859486
0.301,108.36,4.47598202,1.1189955
0.302,108.72,4.47758458,1.11939615
0.303,109.08,4.47918715,1.11979679
0.304,109.44,4.48078971,1.12019743
0.305,109.8,4.48239227,1.12059807
0.306,110.16,4.48399484,1.12099871
0.307,110.52,4.4855974,1.12139935
0.308,110.88,4.48719997,1.12179999
0.309,111.24,4.48880253,1.12220063
0.31,111.6,4.4904051,1.12260127
0.311,111.96,4.49200766,1.12300191
0.312,112.32,4.49361022,1.12340256
0.313,112.68,4.49521279,1.1238032
0.314,113.04,4.49681535,1.12420384
0.315,113.4,4.49841792,1.12460448
0.316,113.76,4.50002048,1.12500512
0.317,114.12,4.50162304,1.12540576
0.318,114.48,4.50322561,1.1258064
0.319,114.84,4.50482817,1.12620704
0.32,115.2,4.50643074,1.12660768
0.321,115.56,4.5080333,1.12700833
0.322,115.92,4.50963586,1.12740897
0.323,116.28,4.51123843,1.12780961
0.324,116.64,4.51284099,1.12821025
0.325,117,4.51444356,1.12861089
0.326,117.36,4.51604612,1.12901153
0.327,117.72,4.51764869,1.12941217
0.328,118.08,4.51925125,1.12981281
0.329,118.44,4.52085381,1.13021345
0.33,118.8,4.52245638,1.13061409
0.331,119.16,4.52405894,1.13101474
0.332,119.52,4.52566151,1.13141538
0.333,119.88,4.52726407,1.13181602
0.334,120.24,4.52886663,1.13221666
0.335,120.6,4.5304692,1.1326173
0.336,120.96,4.53207176,1.13301794
0.337,121.32,4.53367433,1.13341858
0.338,121.68,4.53527689,1.13381922
0.339,122.04,4.53687945,1.13421986
0.34,122.4,4.53848202,1.1346205
0.341,122.76,4.54008458,1.13502115
0.342,123.12,4.54168715,1.13542179
0.343,123.48,4.54328971,1.13582243
0.344,123.84,4.54489227,1.13622307
0.345,124.2,4.54649484,1.13662371
0.346,124.56,4.5480974,1.13702435
0.347,124.92,4.54969997,1.13742499
0.348,125.28,4.55130253,1.13782563
0.349,125.64,4.5529051,1.13822627
0.35,126,4.55450766,1.13862691
0.351,126.36,4.55611022,1.13902756
0.352,126.72,4.55771279,1.1394282
0.353,127.08,4.55931535,1.13982884
0.354,127.44,4.56091792,1.14022948
0.355,127.8,4.56252048,1.14063012
0.356,128.16,4.56412304,1.14103076
0.357,128.52,4.56572561,1.1414314
0.358,128.88,4.56732817,1.14183204
0.359,129.24,4.56893074,1.14223268
0.36,129.6,4.5705333,1.14263333
0.361,129.96,4.57213586,1.14303397
0.362,130.32,4.57373843,1.14343461
0.363,130.68,4.57534099,1.14383525
0.364,131.04,4.57694356,1.14423589
0.365,131.4,4.57854612,1.14463653
0.366,131.76,4.58014869,1.14503717
0.367,132.12,4.58175125,1.14543781
0.368,132.48,4.58335381,1.14583845
0.369,132.84,4.58495638,1.14623909
0.37,133.2,4.58655894,1.14663974
0.371,133.56,4.58816151,1.14704038
0.372,133.92,4.58976407,1.14744102
0.373,134.28,4.59136663,1.14784166
0.374,134.64,4.5929692,1.1482423
0.375,135,4.59457176,1.14864294
0.376,135.36,4.59617433,1.14904358
0.377,135.72,4.59777689,1.14944422
0.378,136.08,4.59937945,1.14984486
0.379,136.44,4.60098202,1.1502455
0.38,136.8,4.60258458,1.15064615
0.381,137.16,4.60418715,1.15104679
0.382,137.52,4.60578971,1.15144743
0.383,137.88,4.60739227,1.15184807
0.384,138.24,4.60899484,1.15224871
0.385,138.6,4.6105974,1.15264935
0.386,138.96,4.61219997,1.15304999
0.387,139.32,4.61380253,1.15345063
0.388,139.68,4.6154051,1.15385127
0.389,140.04,4.61700766,1.15425191
0.39,140.4,4.61861022,1.15465256
0.391,140.76,4.62021279,1.1550532
0.392,141.12,4.62181535,1.15545384
0.393,141.48,4.62341792,1.15585448
0.394,141.84,4.62502048,1.15625512
0.395,142.2,4.62662304,1.15665576
0.396,142.56,4.62822561,1.1570564
0.397,142.92,4.62982817,1.15745704
0.398,143.28,4.63143074,1.15785768
0.399,143.64,4.6330333,1.15825833
0.4,144,4.63463586,1.15865897
0.401,144.36,4.63623843,1.15905961
0.402,144.72,4.63784099,1.15946025
0.403,145.08,4.63944356,1.15986089
0.404,145.44,4.64104612,1.16026153
0.405,145.8,4.64264869,1.16066217
0.406,146.16,4.64425125,1.16106281
0.407,146.52,4.64585381,1.16146345
0.408,146.88,4.64745638,1.16186409
0.409,147.24,4.64905894,1.16226474
0.41,147.6,4.65066151,1.16266538
0.411,147.96,4.65226407,1.16306602
0.412,148.32,4.65386663,1.16346666
0.413,148.68,4.6554692,1.1638673
0.414,149.04,4.65707176,1.16426794
0.415,149.4,4.65867433,1.16466858
0.416,149.76,4.66027689,1.16506922
0.417,150.12,4.66187945,1.16546986
0.418,150.48,4.66348202,1.1658705
0.419,150.84,4.66508458,1.16627115
0.42,151.2,4.66668715,1.16667179
0.421,151.56,4.66828971,1.16707243
0.422,151.92,4.66989227,1.16747307
0.423,152.28,4.67149484,1.16787371
0.424,152.64,4.6730974,1.16827435
0.425,153,4.67469997,1.16867499
0.426,153.36,4.67630253,1.16907563
0.427,153.72,4.6779051,1.16947627
0.428,154.08,4.67950766,1.16987691
0.429,154.44,4.68111022,1.17027756
0.43,154.8,4.68271279,1.1706782
0.431,155.16,4.68431535,1.17107884
0.432,155.52,4.68591792,1.17147948
0.433,155.88,4.68752048,1.17188012
0.434,156.24,4.68912304,1.17228076
0.435,156.6,4.69072561,1.1726814
0.436,156.96,4.69232817,1.17308204
0.437,157.32,4.69393074,1.17348268
0.438,157.68,4.6955333,1.17388333
0.439,158.04,4.69713586,1.17428397
0.44,158.4,4.69873843,1.17468461
0.441,158.76,4.70034099,1.17508525
0.442,159.12,4.70194356,1.17548589
0.443,159.48,4.70354612,1.17588653
0.444,159.84,4.70514869,1.17628717
0.445,160.2,4.70675125,1.17668781
0.446,160.56,4.70835381,1.17708845
0.447,160.92,4.70995638,1.17748909
0.448,161.28,4.71155894,1.17788974
0.449,161.64,4.71316151,1.17829038
0.45,162,4.71476407,1.17869102
0.451,162.36,4.71636663,1.17909166
0.452,162.72,4.7179692,1.1794923
0.453,163.08,4.71957176,1.17989294
0.454,163.44,4.72117433,1.18029358
0.455,163.8,4.72277689,1.18069422
0.456,164.16,4.72437945,1.18109486
0.457,164.52,4.72598202,1.1814955
0.458,164.88,4.72758458,1.18189615
0.459,165.24,4.72918715,1.18229679
0.46,165.6,4.73078971,1.18269743
0.461,165.96,4.73239227,1.18309807
0.462,166.32,4.73399484,1.18349871
0.463,166.68,4.7355974,1.18389935
0.464,167.04,4.73719997,1.18429999
0.465,167.4,4.73880253,1.18470063
0.466,167.76,4.7404051,1.18510127
0.467,168.12,4.74200766,1.18550191
0.468,168.48,4.74361022,1.18590256
0.469,168.84,4.74521279,1.1863032
0.47,169.2,4.74681535,1.18670384
0.471,169.56,4.74841792,1.18710448
0.472,169.92,4.75002048,1.18750512
0.473,170.28,4.75162304,1.18790576
0.474,170.64,4.75322561,1.1883064
0.475,171,4.75482817,1.18870704
0.476,171.36,4.75643074,1.18910768
0.477,171.72,4.7580333,1.18950833
0.478,172.08,4.75963586,1.18990897
0.479,172.44,4.76123843,1.19030961
0.48,172.8,4.76284099,1.19071025
0.481,173.16,4.76444356,1.19111089
0.482,173.52,4.76604612,1.19151153
0.483,173.88,4.76764869,1.19191217
0.484,174.24,4.76925125,1.19231281
0.485,174.6,4.77085381,1.19271345
0.486,174.96,4.77245638,1.19311409
0.487,175.32,4.77405894,1.19351474
0.488,175.68,4.77566151,1.19391538
0.489,176.04,4.77726407,1.19431602
0.49,176.4,4.77886663,1.19471666
0.491,176.76,4.7804692,1.1951173
0.492,177.12,4.78207176,1.19551794
0.493,177.48,4.78367433,1.19591858
0.494,177.84,4.78527689,1.19631922
0.495,178.2,4.78687945,1.19671986
0.496,178.56,4.78848202,1.1971205
0.497,178.92,4.79008458,1.19752115
0.498,179.28,4.79168715,1.19792179
0.499,179.64,4.79328971,1.19832243
0.5,180,4.79489227,1.19872307
0.501,180.36,4.79649484,1.19912371
0.502,180.72,4.7980974,1.19952435
0.503,181.08,4.79969997,1.19992499
0.504,181.44,4.80130253,1.20032563
0.505,181.8,4.8029051,1.20072627
0.506,182.16,4.80450766,1.20112691
0.507,182.52,4.80611022,1.20152756
0.508,182.88,4.80771279,1.2019282
0.509,183.24,4.80931535,1.20232884
0.51,183.6,4.81091792,1.20272948
0.511,183.96,4.81252048,1.20313012
0.512,184.32,4.81412304,1.20353076
0.513,184.68,4.81572561,1.2039314
0.514,185.04,4.81732817,1.20433204
0.515,185.4,4.81893074,1.20473268
0.516,185.76,4.8205333,1.20513333
0.517,186.12,4.82213586,1.20553397
0.518,186.48,4.82373843,1.20593461
0.519,186.84,4.82534099,1.20633525
0.52,187.2,4.82694356,1.20673589
0.521,187.56,4.82854612,1.20713653
0.522,187.92,4.83014869,1.20753717
0.523,188.28,4.83175125,1.20793781
0.524,188.64,4.83335381,1.20833845
0.525,189,4.83495638,1.20873909
0.526,189.36,4.83655894,1.20913974
0.527,189.72,4.83816151,1.20954038
0.528,190.08,4.83976407,1.20994102
0.529,190.44,4.84136663,1.21034166
0.53,190.8,4.8429692,1.2107423
0.531,191.16,4.84457176,1.21114294
0.532,191.52,4.84617433,1.21154358
0.533,191.88,4.84777689,1.21194422
0.534,192.24,4.84937945,1.21234486
0.535,192.6,4.85098202,1.2127455
0.536,192.96,4.85258458,1.21314615
0.537,193.32,4.85418715,1.21354679
0.538,193.68,4.85578971,1.21394743
0.539,194.04,4.85739227,1.21434807
0.54,194.4,4.85899484,1.21474871
0.541,194.76,4.8605974,1.21514935
0.542,195.12,4.86219997,1.21554999
0.543,195.48,4.86380253,1.21595063
0.544,195.84,4.8654051,1.21635127
0.545,196.2,4.86700766,1.21675191
0.546,196.56,4.86861022,1.21715256
0.547,196.92,4.87021279,1.2175532
0.548,197.28,4.87181535,1.21795384
0.549,197.64,4.87341792,1.21835448
0.55,198,4.87502048,1.21875512
0.551,198.36,4.87662304,1.21915576
0.552,198.72,4.87822561,1.2195564
0.553,199.08,4.87982817,1.21995704
0.554,199.44,4.88143074,1.22035768
0.555,199.8,4.8830333,1.22075833
0.556,200.16,4.88463586,1.22115897
0.557,200.52,4.88623843,1.22155961
0.558,200.88,4.88784099,1.22196025
0.559,201.24,4.88944356,1.22236089
0.56,201.6,4.89104612,1.22276153
0.561,201.96,4.89264869,1.22316217
0.562,202.32,4.89425125,1.22356281
0.563,202.68,4.89585381,1.22396345
0.564,203.04,4.89745638,1.22436409
0.565,203.4,4.89905894,1.22476474
0.566,203.76,4.90066151,1.22516538
0.567,204.12,4.90226407,1.22556602
0.568,204.48,4.90386663,1.22596666
0.569,204.84,4.9054692,1.2263673
0.57,205.2,4.90707176,1.22676794
0.571,205.56,4.90867433,1.22716858
0.572,205.92,4.91027689,1.22756922
0.573,206.28,4.91187945,1.22796986
0.574,206.64,4.91348202,1.2283705
0.575,207,4.91508458,1.22877115
0.576,207.36,4.91668715,1.22917179
0.577,207.72,4.91828971,1.22957243
0.578,208.08,4.91989227,1.22997307
0.579,208.44,4.92149484,1.23037371
0.58,208.8,4.9230974,1.23077435
0.581,209.16,4.92469997,1.23117499
0.582,209.52,4.92630253,1.23157563
0.583,209.88,4.9279051,1.23197627
0.584,210.24,4.92950766,1.23237691
0.585,210.6,4.93111022,1.23277756
0.586,210.96,4.93271279,1.2331782
0.587,211.32,4.93431535,1.23357884
0.588,211.68,4.93591792,1.23397948
0.589,212.04,4.93752048,1.23438012
0.59,212.4,4.93912304,1.23478076
0.591,212.76,4.94072561,1.2351814
0.592,213.12,4.94232817,1.23558204
0.593,213.48,4.94393074,1.23598268
0.594,213.84,4.9455333,1.23638333
0.595,214.2,4.94713586,1.23678397
0.596,214.56,4.94873843,1.23718461
0.597,214.92,4.95034099,1.23758525
0.598,215.28,4.95194356,1.23798589
0.599,215.64,4.95354612,1.23838653
0.6,216,4.95514869,1.23878717
0.601,216.36,4.95675125,1.23918781
0.602,216.72,4.95835381,1.23958845
0.603,217.08,4.95995638,1.23998909
0.604,217.44,4.96155894,1.24038974
0.605,217.8,4.96316151,1.24079038
0.606,218.16,4.96476407,1.24119102
0.607,218.52,4.96636663,1.24159166
0.608,218.88,4.9679692,1.2419923
0.609,219.24,4.96957176,1.24239294
0.61,219.6,4.97117433,1.24279358
0.611,219.96,4.97277689,1.24319422
0.612,220.32,4.97437945,1.24359486
0.613,220.68,4.97598202,1.2439955
0.614,221.04,4.97758458,1.24439615
0.615,221.4,4.97918715,1.24479679
0.616,221.76,4.98078971,1.24519743
0.617,222.12,4.98239227,1.24559807
0.618,222.48,4.98399484,1.24599871
0.619,222.84,4.9855974,1.24639935
0.62,223.2,4.98719997,1.24679999
0.621,223.56,4.98880253,1.24720063
0.622,223.92,4.9904051,1.24760127
0.623,224.28,4.99200766,1.24800191
0.624,224.64,4.99361022,1.24840256
0.625,225,4.99521279,1.2488032
0.626,225.36,4.99681535,1.24920384
0.627,225.72,4.99841792,1.24960448
0.628,226.08,5.00002048,1.25000512
0.629,226.44,5.00162304,1.25040576
0.63,226.8,5.00322561,1.2508064
0.631,227.16,5.00482817,1.25120704
0.632,227.52,5.00643074,1.25160768
0.633,227.88,5.0080333,1.25200833
0.634,228.24,5.00963586,1.25240897
0.635,228.6,5.01123843,1.25280961
0.636,228.96,5.01284099,1.25321025
0.637,229.32,5.01444356,1.25361089
0.638,229.68,5.01604612,1.25401153
0.639,230.04,5.01764869,1.25441217
0.64,230.4,5.01925125,1.25481281
0.641,230.76,5.02085381,1.25521345
0.642,231.12,5.02245638,1.25561409
0.643,231.48,5.02405894,1.25601474
0.644,231.84,5.02566151,1.25641538
0.645,232.2,5.02726407,1.25681602
0.646,232.56,5.02886663,1.25721666
0.647,232.92,5.0304692,1.2576173
0.648,233.28,5.03207176,1.25801794
0.649,233.64,5.03367433,1.25841858
0.65,234,5.03527689,1.25881922
0.651,234.36,5.03687945,1.25921986
0.652,234.72,5.03848202,1.2596205
0.653,235.08,5.04008458,1.26002115
0.654,235.44,5.04168715,1.26042179
0.655,235.8,5.04328971,1.26082243
0.656,236.16,5.04489227,1.26122307
0.657,236.52,5.04649484,1.26162371
0.658,236.88,5.0480974,1.26202435
0.659,237.24,5.04969997,1.26242499
0.66,237.6,5.05130253,1.26282563
0.661,237.96,5.0529051,1.26322627
0.662,238.32,5.05450766,1.26362691
0.663,238.68,5.05611022,1.26402756
0.664,239.04,5.05771279,1.2644282
0.665,239.4,5.05931535,1.26482884
0.666,239.76,5.06091792,1.26522948
0.667,240.12,5.06252048,1.26563012
0.668,240.48,5.06412304,1.26603076
0.669,240.84,5.06572561,1.2664314
0.67,241.2,5.06732817,1.26683204
0.671,241.56,5.06893074,1.26723268
0.672,241.92,5.0705333,1.26763333
0.673,242.28,5.07213586,1.26803397
0.674,242.64,5.07373843,1.26843461
0.675,243,5.07534099,1.26883525
0.676,243.36,5.07694356,1.26923589
0.677,243.72,5.07854612,1.26963653
0.678,244.08,5.08014869,1.27003717
0.679,244.44,5.08175125,1.27043781
0.68,244.8,5.08335381,1.27083845
0.681,245.16,5.08495638,1.27123909
0.682,245.52,5.08655894,1.27163974
0.683,245.88,5.08816151,1.27204038
0.684,246.24,5.08976407,1.27244102
0.685,246.6,5.09136663,1.27284166
0.686,246.96,5.0929692,1.2732423
0.687,247.32,5.09457176,1.27364294
0.688,247.68,5.09617433,1.27404358
0.689,248.04,5.09777689,1.27444422
0.69,248.4,5.09937945,1.27484486
0.691,248.76,5.10098202,1.2752455
0.692,249.12,5.10258458,1.27564615
0.693,249.48,5.10418715,1.27604679
0.694,249.84,5.10578971,1.27644743
0.695,250.2,5.10739227,1.27684807
0.696,250.56,5.10899484,1.27724871
0.697,250.92,5.1105974,1.27764935
0.698,251.28,5.11219997,1.27804999
0.699,251.64,5.11380253,1.27845063
0.7,252,5.1154051,1.27885127
0.701,252.36,5.11700766,1.27925191
0.702,252.72,5.11861022,1.27965256
0.703,253.08,5.12021279,1.2800532
0.704,253.44,5.12181535,1.28045384
0.705,253.8,5.12341792,1.28085448
0.706,254.16,5.12502048,1.28125512
0.707,254.52,5.12662304,1.28165576
0.708,254.88,5.12822561,1.2820564
0.709,255.24,5.12982817,1.28245704
0.71,255.6,5.13143074,1.28285768
0.711,255.96,5.1330333,1.28325833
0.712,256.32,5.13463586,1.28365897
0.713,256.68,5.13623843,1.28405961
0.714,257.04,5.13784099,1.28446025
0.715,257.4,5.13944356,1.28486089
0.716,257.76,5.14104612,1.28526153
0.717,258.12,5.14264869,1.28566217
0.718,258.48,5.14425125,1.28606281
0.719,258.84,5.14585381,1.28646345
0.72,259.2,5.14745638,1.28686409
0.721,259.56,5.14905894,1.28726474
0.722,259.92,5.15066151,1.28766538
0.723,260.28,5.15226407,1.28806602
0.724,260.64,5.15386663,1.28846666
0.725,261,5.1554692,1.2888673
0.726,261.36,5.15707176,1.28926794
0.727,261.72,5.15867433,1.28966858
0.728,262.08,5.16027689,1.29006922
0.729,262.44,5.16187945,1.29046986
0.73,262.8,5.16348202,1.2908705
0.731,263.16,5.16508458,1.29127115
0.732,263.52,5.16668715,1.29167179
0.733,263.88,5.16828971,1.29207243
0.734,264.24,5.16989227,1.29247307
0.735,264.6,5.17149484,1.29287371
0.736,264.96,5.1730974,1.29327435
0.737,265.32,5.17469997,1.29367499
0.738,265.68,5.17630253,1.29407563
0.739,266.04,5.1779051,1.29447627
0.74,266.4,5.17950766,1.29487691
0.741,266.76,5.18111022,1.29527756
0.742,267.12,5.18271279,1.2956782
0.743,267.48,5.18431535,1.29607884
0.744,267.84,5.18591792,1.29647948
0.745,268.2,5.18752048,1.29688012
0.746,268.56,5.18912304,1.29728076
0.747,268.92,5.19072561,1.2976814
0.748,269.28,5.19232817,1.29808204
0.749,269.64,5.19393074,1.29848268
0.75,270,5.1955333,1.29888333
0.751,270.36,5.19713586,1.29928397
0.752,270.72,5.19873843,1.29968461
0.753,271.08,5.20034099,1.30008525
0.754,271.44,5.20194356,1.30048589
0.755,271.8,5.20354612,1.30088653
0.756,272.16,5.20514869,1.30128717
0.757,272.52,5.20675125,1.30168781
0.758,272.88,5.20835381,1.30208845
0.759,273.24,5.20995638,1.30248909
0.76,273.6,5.21155894,1.30288974
0.761,273.96,5.21316151,1.30329038
0.762,274.32,5.21476407,1.30369102
0.763,274.68,5.21636663,1.30409166
0.764,275.04,5.2179692,1.3044923
0.765,275.4,5.21957176,1.30489294
0.766,275.76,5.22117433,1.30529358
0.767,276.12,5.22277689,1.30569422
0.768,276.48,5.22437945,1.30609486
0.769,276.84,5.22598202,1.3064955
0.77,277.2,5.22758458,1.30689615
0.771,277.56,5.22918715,1.30729679
0.772,277.92,5.23078971,1.30769743
0.773,278.28,5.23239227,1.30809807
0.774,278.64,5.23399484,1.30849871
0.775,279,5.2355974,1.30889935
0.776,279.36,5.23719997,1.30929999
0.777,279.72,5.23880253,1.30970063
0.778,280.08,5.2404051,1.31010127
0.779,280.44,5.24200766,1.31050191
0.78,280.8,5.24361022,1.31090256
0.781,281.16,5.24521279,1.3113032
0.782,281.52,5.24681535,1.31170384
0.783,281.88,5.24841792,1.31210448
0.784,282.24,5.25002048,1.31250512
0.785,282.6,5.25162304,1.31290576
0.786,282.96,5.25322561,1.3133064
0.787,283.32,5.25482817,1.31370704
0.788,283.68,5.25643074,1.31410768
0.789,284.04,5.2580333,1.31450833
0.79,284.4,5.25963586,1.31490897
0.791,284.76,5.26123843,1.31530961
0.792,285.12,5.26284099,1.31571025
0.793,285.48,5.26444356,1.31611089
0.794,285.84,5.26604612,1.31651153
0.795,286.2,5.26764869,1.31691217
0.796,286.56,5.26925125,1.31731281
0.797,286.92,5.27085381,1.31771345
0.798,287.28,5.27245638,1.31811409
0.799,287.64,5.27405894,1.31851474
0.8,288,5.27566151,1.31891538
0.801,288.36,5.27726407,1.31931602
0.802,288.72,5.27886663,1.31971666
0.803,289.08,5.2804692,1.3201173
0.804,289.44,5.28207176,1.32051794
0.805,289.8,5.28367433,1.32091858
0.806,290.16,5.28527689,1.32131922
0.807,290.52,5.28687945,1.32171986
0.808,290.88,5.28848202,1.3221205
0.809,291.24,5.29008458,1.32252115
0.81,291.6,5.29168715,1.32292179
0.811,291.96,5.29328971,1.32332243
0.812,292.32,5.29489227,1.32372307
0.813,292.68,5.29649484,1.32412371
0.814,293.04,5.2980974,1.32452435
0.815,293.4,5.29969997,1.32492499
0.816,293.76,5.30130253,1.32532563
0.817,294.12,5.3029051,1.32572627
0.818,294.48,5.30450766,1.32612691
0.819,294.84,5.30611022,1.32652756
0.82,295.2,5.30771279,1.3269282
0.821,295.56,5.30931535,1.32732884
0.822,295.92,5.31091792,1.32772948
0.823,296.28,5.31252048,1.32813012
0.824,296.64,5.31412304,1.32853076
0.825,297,5.31572561,1.3289314
0.826,297.36,5.31732817,1.32933204
0.827,297.72,5.31893074,1.32973268
0.828,298.08,5.3205333,1.33013333
0.829,298.44,5.32213586,1.33053397
0.83,298.8,5.32373843,1.33093461
0.831,299.16,5.32534099,1.33133525
0.832,299.52,5.32694356,1.33173589
0.833,299.88,5.32854612,1.33213653
0.834,300.24,5.33014869,1.33253717
0.835,300.6,5.33175125,1.33293781
0.836,300.96,5.33335381,1.33333845
0.837,301.32,5.33495638,1.33373909
0.838,301.68,5.33655894,1.33413974
0.839,302.04,5.33816151,1.33454038
0.84,302.4,5.33976407,1.33494102
0.841,302.76,5.34136663,1.33534166
0.842,303.12,5.3429692,1.3357423
0.843,303.48,5.34457176,1.33614294
0.844,303.84,5.34617433,1.33654358
0.845,304.2,5.34777689,1.33694422
0.846,304.56,5.34937945,1.33734486
0.847,304.92,5.35098202,1.3377455
0.848,305.28,5.35258458,1.33814615
0.849,305.64,5.35418715,1.33854679
0.85,306,5.35578971,1.33894743
0.851,306.36,5.35739227,1.33934807
0.852,306.72,5.35899484,1.33974871
0.853,307.08,5.3605974,1.34014935
0.854,307.44,5.36219997,1.34054999
0.855,307.8,5.36380253,1.34095063
0.856,308.16,5.3654051,1.34135127
0.857,308.52,5.36700766,1.34175191
0.858,308.88,5.36861022,1.34215256
0.859,309.24,5.37021279,1.3425532
0.86,309.6,5.37181535,1.34295384
0.861,309.96,5.37341792,1.34335448
0.862,310.32,5.37502048,1.34375512
0.863,310.68,5.37662304,1.34415576
0.864,311.04,5.37822561,1.3445564
0.865,311.4,5.37982817,1.34495704
0.866,311.76,5.38143074,1.34535768
0.867,312.12,5.3830333,1.34575833
0.868,312.48,5.38463586,1.34615897
0.869,312.84,5.38623843,1.34655961
0.87,313.2,5.38784099,1.34696025
0.871,313.56,5.38944356,1.34736089
0.872,313.92,5.39104612,1.34776153
0.873,314.28,5.39264869,1.34816217
0.874,314.64,5.39425125,1.34856281
0.875,315,5.39585381,1.34896345
0.876,315.36,5.39745638,1.34936409
0.877,315.72,5.39905894,1.34976474
0.878,316.08,5.40066151,1.35016538
0.879,316.44,5.40226407,1.35056602
0.88,316.8,5.40386663,1.35096666
0.881,317.16,5.4054692,1.3513673
0.882,317.52,5.40707176,1.35176794
0.883,317.88,5.40867433,1.35216858
0.884,318.24,5.41027689,1.35256922
0.885,318.6,5.41187945,1.35296986
0.886,318.96,5.41348202,1.3533705
0.887,319.32,5.41508458,1.35377115
0.888,319.68,5.41668715,1.35417179
0.889,320.04,5.41828971,1.35457243
0.89,320.4,5.41989227,1.35497307
0.891,320.76,5.42149484,1.35537371
0.892,321.12,5.4230974,1.35577435
0.893,321.48,5.42469997,1.35617499
0.894,321.84,5.42630253,1.35657563
0.895,322.2,5.4279051,1.35697627
0.896,322.56,5.42950766,1.35737691
0.897,322.92,5.43111022,1.35777756
0.898,323.28,5.43271279,1.3581782
0.899,323.64,5.43431535,1.35857884
0.9,324,5.43591792,1.35897948
0.901,324.36,5.43752048,1.35938012
0.902,324.72,5.43912304,1.35978076
0.903,325.08,5.44072561,1.3601814
0.904,325.44,5.44232817,1.36058204
0.905,325.8,5.44393074,1.36098268
0.906,326.16,5.4455333,1.36138333
0.907,326.52,5.44713586,1.36178397
0.908,326.88,5.44873843,1.36218461
0.909,327.24,5.45034099,1.36258525
0.91,327.6,5.45194356,1.36298589
0.911,327.96,5.45354612,1.36338653
0.912,328.32,5.45514869,1.36378717
0.913,328.68,5.45675125,1.36418781
0.914,329.04,5.45835381,1.36458845
0.915,329.4,5.45995638,1.36498909
0.916,329.76,5.46155894,1.36538974
0.917,330.12,5.46316151,1.36579038
0.918,330.48,5.46476407,1.36619102
0.919,330.84,5.46636663,1.36659166
0.92,331.2,5.4679692,1.3669923
0.921,331.56,5.46957176,1.36739294
0.922,331.92,5.47117433,1.36779358
0.923,332.28,5.47277689,1.36819422
0.924,332.64,5.47437945,1.36859486
0.925,333,5.47598202,1.3689955
0.926,333.36,5.47758458,1.36939615
0.927,333.72,5.47918715,1.36979679
0.928,334.08,5.48078971,1.37019743
0.929,334.44,5.48239227,1.37059807
0.93,334.8,5.48399484,1.37099871
0.931,335.16,5.4855974,1.37139935
0.932,335.52,5.48719997,1.37179999
0.933,335.88,5.48880253,1.37220063
0.934,336.24,5.4904051,1.37260127
0.935,336.6,5.49200766,1.37300191
0.936,336.96,5.49361022,1.37340256
0.937,337.32,5.49521279,1.3738032
0.938,337.68,5.49681535,1.37420384
0.939,338.04,5.49841792,1.37460448
0.94,338.4,5.50002048,1.37500512
0.941,338.76,5.50162304,1.37540576
0.942,339.12,5.50322561,1.3758064
0.943,339.48,5.50482817,1.37620704
0.944,339.84,5.50643074,1.37660768
0.945,340.2,5.5080333,1.37700833
0.946,340.56,5.50963586,1.37740897
0.947,340.92,5.51123843,1.37780961
0.948,341.28,5.51284099,1.37821025
0.949,341.64,5.51444356,1.37861089
0.95,342,5.51604612,1.37901153
0.951,342.36,5.51764869,1.37941217
0.952,342.72,5.51925125,1.37981281
0.953,343.08,5.52085381,1.38021345
0.954,343.44,5.52245638,1.38061409
0.955,343.8,5.52405894,1.38101474
0.956,344.16,5.52566151,1.38141538
0.957,344.52,5.52726407,1.38181602
0.958,344.88,5.52886663,1.38221666
0.959,345.24,5.5304692,1.3826173
0.96,345.6,5.53207176,1.38301794
0.961,345.96,5.53367433,1.38341858
0.962,346.32,5.53527689,1.38381922
0.963,346.68,5.53687945,1.38421986
0.964,347.04,5.53848202,1.3846205
0.965,347.4,5.54008458,1.38502115
0.966,347.76,5.54168715,1.38542179
0.967,348.12,5.54328971,1.38582243
0.968,348.48,5.54489227,1.38622307
0.969,348.84,5.54649484,1.38662371
0.97,349.2,5.5480974,1.38702435
0.971,349.56,5.54969997,1.38742499
0.972,349.92,5.55130253,1.38782563
0.973,350.28,5.5529051,1.38822627
0.974,350.64,5.55450766,1.38862691
0.975,351,5.55611022,1.38902756
0.976,351.36,5.55771279,1.3894282
0.977,351.72,5.55931535,1.38982884
0.978,352.08,5.56091792,1.39022948
0.979,352.44,5.56252048,1.39063012
0.98,352.8,5.56412304,1.39103076
0.981,353.16,5.56572561,1.3914314
0.982,353.52,5.56732817,1.39183204
0.983,353.88,5.56893074,1.39223268
0.984,354.24,5.5705333,1.39263333
0.985,354.6,5.57213586,1.39303397
0.986,354.96,5.57373843,1.39343461
0.987,355.32,5.57534099,1.39383525
0.988,355.68,5.57694356,1.39423589
0.989,356.04,5.57854612,1.39463653
0.99,356.4,5.58014869,1.39503717
0.991,356.76,5.58175125,1.39543781
0.992,357.12,5.58335381,1.39583845
0.993,357.48,5.58495638,1.39623909
0.994,357.84,5.58655894,1.39663974
0.995,358.2,5.58816151,1.39704038
0.996,358.56,5.58976407,1.39744102
0.997,358.92,5.59136663,1.39784166
0.998,359.28,5.5929692,1.3982423
0.999,359.64,5.59457176,1.39864294
1,360,5.59617433,1.39904358
1.001,360.36,5.59777689,1.39944422
1.002,360.72,5.59937945,1.39984486
1.003,361.08,5.60098202,1.4002455
1.004,361.44,5.60258458,1.40064615
1.005,361.8,5.60418715,1.40104679
1.006,362.16,5.60578971,1.40144743
1.007,362.52,5.60739227,1.40184807
1.008,362.88,5.60899484,1.40224871
1.009,363.24,5.6105974,1.40264935
1.01,363.6,5.61219997,1.40304999
1.011,363.96,5.61380253,1.40345063
1.012,364.32,5.6154051,1.40385127
1.013,364.68,5.61700766,1.40425191
1.014,365.04,5.61861022,1.40465256
1.015,365.4,5.62021279,1.4050532
1.016,365.76,5.62181535,1.40545384
1.017,366.12,5.62341792,1.40585448
1.018,366.48,5.62502048,1.40625512
1.019,366.84,5.62662304,1.40665576
1.02,367.2,5.62822561,1.4070564
1.021,367.56,5.62982817,1.40745704
1.022,367.92,5.63143074,1.40785768
1.023,368.28,5.6330333,1.40825833
1.024,368.64,5.63463586,1.40865897
1.025,369,5.63623843,1.40905961
1.026,369.36,5.63784099,1.40946025
1.027,369.72,5.63944356,1.40986089
1.028,370.08,5.64104612,1.41026153
1.029,370.44,5.64264869,1.41066217
1.03,370.8,5.64425125,1.41106281
1.031,371.16,5.64585381,1.41146345
1.032,371.52,5.64745638,1.41186409
1.033,371.88,5.64905894,1.41226474
1.034,372.24,5.65066151,1.41266538
1.035,372.6,5.65226407,1.41306602
1.036,372.96,5.65386663,1.41346666
1.037,373.32,5.6554692,1.4138673
1.038,373.68,5.65707176,1.41426794
1.039,374.04,5.65867433,1.41466858
1.04,374.4,5.66027689,1.41506922
1.041,374.76,5.66187945,1.41546986
1.042,375.12,5.66348202,1.4158705
1.043,375.48,5.66508458,1.41627115
1.044,375.84,5.66668715,1.41667179
1.045,376.2,5.66828971,1.41707243
1.046,376.56,5.66989227,1.41747307
1.047,376.92,5.67149484,1.41787371
1.048,377.28,5.6730974,1.41827435
1.049,377.64,5.67469997,1.41867499
1.05,378,5.67630253,1.41907563
1.051,378.36,5.6779051,1.41947627
1.052,378.72,5.67950766,1.41987691
1.053,379.08,5.68111022,1.42027756
1.054,379.44,5.68271279,1.4206782
1.055,379.8,5.68431535,1.42107884
1.056,380.16,5.68591792,1.42147948
1.057,380.52,5.68752048,1.42188012
1.058,380.88,5.68912304,1.42228076
1.059,381.24,5.69072561,1.4226814
1.06,381.6,5.69232817,1.42308204
1.061,381.96,5.69393074,1.42348268
1.062,382.32,5.6955333,1.42388333
1.063,382.68,5.69713586,1.42428397
1.064,383.04,5.69873843,1.42468461
1.065,383.4,5.70034099,1.42508525
1.066,383.76,5.70194356,1.42548589
1.067,384.12,5.70354612,1.42588653
1.068,384.48,5.70514869,1.42628717
1.069,384.84,5.70675125,1.42668781
1.07,385.2,5.70835381,1.42708845
1.071,385.56,5.70995638,1.42748909
1.072,385.92,5.71155894,1.42788974
1.073,386.28,5.71316151,1.42829038
1.074,386.64,5.71476407,1.42869102
1.075,387,5.71636663,1.42909166
1.076,387.36,5.7179692,1.4294923
1.077,387.72,5.71957176,1.42989294
1.078,388.08,5.72117433,1.43029358
1.079,388.44,5.72277689,1.43069422
1.08,388.8,5.72437945,1.43109486
1.081,389.16,5.72598202,1.4314955
1.082,389.52,5.72758458,1.43189615
1.083,389.88,5.72918715,1.43229679
1.084,390.24,5.73078971,1.43269743
1.085,390.6,5.73239227,1.43309807
1.086,390.96,5.73399484,1.43349871
1.087,391.32,5.7355974,1.43389935
1.088,391.68,5.73719997,1.43429999
1.089,392.04,5.73880253,1.43470063
1.09,392.4,5.7404051,1.43510127
1.091,392.76,5.74200766,1.43550191
1.092,393.12,5.74361022,1.43590256
1.093,393.48,5.74521279,1.4363032
1.094,393.84,5.74681535,1.43670384
1.095,394.2,5.74841792,1.43710448
1.096,394.56,5.75002048,1.43750512
1.097,394.92,5.75162304,1.43790576
1.098,395.28,5.75322561,1.4383064
1.099,395.64,5.75482817,1.43870704
1.1,396,5.75643074,1.43910768
1.101,396.36,5.7580333,1.43950833
1.102,396.72,5.75963586,1.43990897
1.103,397.08,5.76123843,1.44030961
1.104,397.44,5.76284099,1.44071025
1.105,397.8,5.76444356,1.44111089
1.106,398.16,5.76604612,1.44151153
1.107,398.52,5.76764869,1.44191217
1.108,398.88,5.76925125,1.44231281
1.109,399.24,5.77085381,1.44271345
1.11,399.6,5.77245638,1.44311409
1.111,399.96,5.77405894,1.44351474
1.112,400.32,5.77566151,1.44391538
1.113,400.68,5.77726407,1.44431602
1.114,401.04,5.77886663,1.44471666
1.115,401.4,5.7804692,1.4451173
1.116,401.76,5.78207176,1.44551794
1.117,402.12,5.78367433,1.44591858
1.118,402.48,5.78527689,1.44631922
1.119,402.84,5.78687945,1.44671986
1.12,403.2,5.78848202,1.4471205
1.121,403.56,5.79008458,1.44752115
1.122,403.92,5.79168715,1.44792179
1.123,404.28,5.79328971,1.44832243
1.124,404.64,5.79489227,1.44872307
1.125,405,5.79649484,1.44912371
1.126,405.36,5.7980974,1.44952435
1.127,405.72,5.79969997,1.44992499
1.128,406.08,5.80130253,1.45032563
1.129,406.44,5.8029051,1.45072627
1.13,406.8,5.80450766,1.45112691
1.131,407.16,5.80611022,1.45152756
1.132,407.52,5.80771279,1.4519282
1.133,407.88,5.80931535,1.45232884
1.134,408.24,5.81091792,1.45272948
1.135,408.6,5.81252048,1.45313012
1.136,408.96,5.81412304,1.45353076
1.137,409.32,5.81572561,1.4539314
1.138,409.68,5.81732817,1.45433204
1.139,410.04,5.81893074,1.45473268
1.14,410.4,5.8205333,1.45513333
1.141,410.76,5.82213586,1.45553397
1.142,411.12,5.82373843,1.45593461
1.143,411.48,5.82534099,1.45633525
1.144,411.84,5.82694356,1.45673589
1.145,412.2,5.82854612,1.45713653
1.146,412.56,5.83014869,1.45753717
1.147,412.92,5.83175125,1.45793781
1.148,413.28,5.83335381,1.45833845
1.149,413.64,5.83495638,1.45873909
1.15,414,5.83655894,1.45913974
1.151,414.36,5.83816151,1.45954038
1.152,414.72,5.83976407,1.45994102
1.153,415.08,5.84136663,1.46034166
1.154,415.44,5.8429692,1.4607423
1.155,415.8,5.84457176,1.46114294
1.156,416.16,5.84617433,1.46154358
1.157,416.52,5.84777689,1.46194422
1.158,416.88,5.84937945,1.46234486
1.159,417.24,5.85098202,1.4627455
1.16,417.6,5.85258458,1.46314615
1.161,417.96,5.85418715,1.46354679
1.162,418.32,5.85578971,1.46394743
1.163,418.68,5.85739227,1.46434807
1.164,419.04,5.85899484,1.46474871
1.165,419.4,5.8605974,1.46514935
1.166,419.76,5.86219997,1.46554999
1.167,420.12,5.86380253,1.46595063
1.168,420.48,5.8654051,1.46635127
1.169,420.84,5.86700766,1.46675191
1.17,421.2,5.86861022,1.46715256
1.171,421.56,5.87021279,1.4675532
1.172,421.92,5.87181535,1.46795384
1.173,422.28,5.87341792,1.46835448
1.174,422.64,5.87502048,1.46875512
1.175,423,5.87662304,1.46915576
1.176,423.36,5.87822561,1.4695564
1.177,423.72,5.87982817,1.46995704
1.178,424.08,5.88143074,1.47035768
1.179,424.44,5.8830333,1.47075833
1.18,424.8,5.88463586,1.47115897
1.181,425.16,5.88623843,1.47155961
1.182,425.52,5.88784099,1.47196025
1.183,425.88,5.88944356,1.47236089
1.184,426.24,5.89104612,1.47276153
1.185,426.6,5.89264869,1.47316217
1.186,426.96,5.89425125,1.47356281
1.187,427.32,5.89585381,1.47396345
1.188,427.68,5.89745638,1.47436409
1.189,428.04,5.89905894,1.47476474
1.19,428.4,5.90066151,1.47516538
1.191,428.76,5.90226407,1.47556602
1.192,429.12,5.90386663,1.47596666
1.193,429.48,5.9054692,1.4763673
1.194,429.84,5.90707176,1.47676794
1.195,430.2,5.90867433,1.47716858
1.196,430.56,5.91027689,1.47756922
1.197,430.92,5.91187945,1.47796986
1.198,431.28,5.91348202,1.4783705
1.199,431.64,5.91508458,1.47877115
1.2,432,5.91668715,1.47917179
1.201,432.36,5.91828971,1.47957243
1.202,432.72,5.91989227,1.47997307
1.203,433.08,5.92149484,1.48037371
1.204,433.44,5.9230974,1.48077435
1.205,433.8,5.92469997,1.48117499
1.206,434.16,5.92630253,1.48157563
1.207,434.52,5.9279051,1.48197627
1.208,434.88,5.92950766,1.48237691
1.209,435.24,5.93111022,1.48277756
1.21,435.6,5.93271279,1.4831782
1.211,435.96,5.93431535,1.48357884
1.212,436.32,5.93591792,1.48397948
1.213,436.68,5.93752048,1.48438012
1.214,437.04,5.93912304,1.48478076
1.215,437.4,5.94072561,1.4851814
1.216,437.76,5.94232817,1.48558204
1.217,438.12,5.94393074,1.48598268
1.218,438.48,5.9455333,1.48638333
1.219,438.84,5.94713586,1.48678397
1.22,439.2,5.94873843,1.48718461
1.221,439.56,5.95034099,1.48758525
1.222,439.92,5.95194356,1.48798589
1.223,440.28,5.95354612,1.48838653
1.224,440.64,5.95514869,1.48878717
1.225,441,5.95675125,1.48918781
1.226,441.36,5.95835381,1.48958845
1.227,441.72,5.95995638,1.48998909
1.228,442.08,5.96155894,1.49038974
1.229,442.44,5.96316151,1.49079038
1.23,442.8,5.96476407,1.49119102
1.231,443.16,5.96636663,1.49159166
1.232,443.52,5.9679692,1.4919923
1.233,443.88,5.96957176,1.49239294
1.234,444.24,5.97117433,1.49279358
1.235,444.6,5.97277689,1.49319422
1.236,444.96,5.97437945,1.49359486
1.237,445.32,5.97598202,1.4939955
1.238,445.68,5.97758458,1.49439615
1.239,446.04,5.97918715,1.49479679
1.24,446.4,5.98078971,1.49519743
1.241,446.76,5.98239227,1.49559807
1.242,447.12,5.98399484,1.49599871
1.243,447.48,5.9855974,1.49639935
1.244,447.84,5.98719997,1.49679999
1.245,448.2,5.98880253,1.49720063
1.246,448.56,5.9904051,1.49760127
1.247,448.92,5.99200766,1.49800191
1.248,449.28,5.99361022,1.49840256
1.249,449.64,5.99521279,1.4988032
1.25,450,5.99681535,1.49920384
1.251,450.36,5.99841792,1.49960448
1.252,450.72,6.00002048,1.50000512
1.253,451.08,6.00162304,1.50040576
1.254,451.44,6.00322561,1.5008064
1.255,451.8,6.00482817,1.50120704
1.256,452.16,6.00643074,1.50160768
1.257,452.52,6.0080333,1.50200833
1.258,452.88,6.00963586,1.50240897
1.259,453.24,6.01123843,1.50280961
1.26,453.6,6.01284099,1.50321025
1.261,453.96,6.01444356,1.50361089
1.262,454.32,6.01604612,1.50401153
1.263,454.68,6.01764869,1.50441217
1.264,455.04,6.01925125,1.50481281
1.265,455.4,6.02085381,1.50521345
1.266,455.76,6.02245638,1.50561409
1.267,456.12,6.02405894,1.50601474
1.268,456.48,6.02566151,1.50641538
1.269,456.84,6.02726407,1.50681602
1.27,457.2,6.02886663,1.50721666
1.271,457.56,6.0304692,1.5076173
1.272,457.92,6.03207176,1.50801794
1.273,458.28,6.03367433,1.50841858
1.274,458.64,6.03527689,1.50881922
1.275,459,6.03687945,1.50921986
1.276,459.36,6.03848202,1.5096205
1.277,459.72,6.04008458,1.51002115
1.278,460.08,6.04168715,1.51042179
1.279,460.44,6.04328971,1.51082243
1.28,460.8,6.04489227,1.51122307
1.281,461.16,6.04649484,1.51162371
1.282,461.52,6.0480974,1.51202435
1.283,461.88,6.04969997,1.51242499
1.284,462.24,6.05130253,1.51282563
1.285,462.6,6.0529051,1.51322627
1.286,462.96,6.05450766,1.51362691
1.287,463.32,6.05611022,1.51402756
1.288,463.68,6.05771279,1.5144282
1.289,464.04,6.05931535,1.51482884
1.29,464.4,6.06091792,1.51522948
1.291,464.76,6.06252048,1.51563012
1.292,465.12,6.06412304,1.51603076
1.293,465.48,6.06572561,1.5164314
1.294,465.84,6.06732817,1.51683204
1.295,466.2,6.06893074,1.51723268
1.296,466.56,6.0705333,1.51763333
1.297,466.92,6.07213586,1.51803397
1.298,467.28,6.07373843,1.51843461
1.299,467.64,6.07534099,1.51883525
1.3,468,6.07694356,1.51923589
1.301,468.36,6.07854612,1.51963653
1.302,468.72,6.08014869,1.52003717
1.303,469.08,6.08175125,1.52043781
1.304,469.44,6.08335381,1.52083845
1.305,469.8,6.08495638,1.52123909
1.306,470.16,6.08655894,1.52163974
1.307,470.52,6.08816151,1.52204038
1.308,470.88,6.08976407,1.52244102
1.309,471.24,6.09136663,1.52284166
1.31,471.6,6.0929692,1.5232423
1.311,471.96,6.09457176,1.52364294
1.312,472.32,6.09617433,1.52404358
1.313,472.68,6.09777689,1.52444422
1.314,473.04,6.09937945,1.52484486
1.315,473.4,6.10098202,1.5252455
1.316,473.76,6.10258458,1.52564615
1.317,474.12,6.10418715,1.52604679
1.318,474.48,6.10578971,1.52644743
1.319,474.84,6.10739227,1.52684807
1.32,475.2,6.10899484,1.52724871
1.321,475.56,6.1105974,1.52764935
1.322,475.92,6.11219997,1.52804999
1.323,476.28,6.11380253,1.52845063
1.324,476.64,6.1154051,1.52885127
1.325,477,6.11700766,1.52925191
1.326,477.36,6.11861022,1.52965256
1.327,477.72,6.12021279,1.5300532
1.328,478.08,6.12181535,1.53045384
1.329,478.44,6.12341792,1.53085448
1.33,478.8,6.12502048,1.53125512
1.331,479.16,6.12662304,1.53165576
1.332,479.52,6.12822561,1.5320564
1.333,479.88,6.12982817,1.53245704
1.334,480.24,6.13143074,1.53285768
1.335,480.6,6.1330333,1.53325833
1.336,480.96,6.13463586,1.53365897
1.337,481.32,6.13623843,1.53405961
1.338,481.68,6.13784099,1.53446025
1.339,482.04,6.13944356,1.53486089
1.34,482.4,6.14104612,1.53526153
1.341,482.76,6.14264869,1.53566217
1.342,483.12,6.14425125,1.53606281
1.343,483.48,6.14585381,1.53646345
1.344,483.84,6.14745638,1.53686409
1.345,484.2,6.14905894,1.53726474
1.346,484.56,6.15066151,1.53766538
1.347,484.92,6.15226407,1.53806602
1.348,485.28,6.15386663,1.53846666
1.349,485.64,6.1554692,1.5388673
1.35,486,6.15707176,1.53926794
1.351,486.36,6.15867433,1.53966858
1.352,486.72,6.16027689,1.54006922
1.353,487.08,6.16187945,1.54046986
1.354,487.44,6.16348202,1.5408705
1.355,487.8,6.16508458,1.54127115
1.356,488.16,6.16668715,1.54167179
1.357,488.52,6.16828971,1.54207243
1.358,488.88,6.16989227,1.54247307
1.359,489.24,6.17149484,1.54287371
1.36,489.6,6.1730974,1.54327435
1.361,489.96,6.17469997,1.54367499
1.362,490.32,6.17630253,1.54407563
1.363,490.68,6.1779051,1.54447627
1.364,491.04,6.17950766,1.54487691
1.365,491.4,6.18111022,1.54527756
1.366,491.76,6.18271279,1.5456782
1.367,492.12,6.18431535,1.54607884
1.368,492.48,6.18591792,1.54647948
1.369,492.84,6.18752048,1.54688012
1.37,493.2,6.18912304,1.54728076
1.371,493.56,6.19072561,1.5476814
1.372,493.92,6.19232817,1.54808204
1.373,494.28,6.19393074,1.54848268
1.374,494.64,6.1955333,1.54888333
1.375,495,6.19713586,1.54928397
1.376,495.36,6.19873843,1.54968461
1.377,495.72,6.20034099,1.55008525
1.378,496.08,6.20194356,1.55048589
1.379,496.44,6.20354612,1.55088653
1.38,496.8,6.20514869,1.55128717
1.381,497.16,6.20675125,1.55168781
1.382,497.52,6.20835381,1.55208845
1.383,497.88,6.20995638,1.55248909
1.384,498.24,6.21155894,1.55288974
1.385,498.6,6.21316151,1.55329038
1.386,498.96,6.21476407,1.55369102
1.387,499.32,6.21636663,1.55409166
1.388,499.68,6.2179692,1.5544923
1.389,500.04,6.21957176,1.55489294
1.39,500.4,6.22117433,1.55529358
1.391,500.76,6.22277689,1.55569422
1.392,501.12,6.22437945,1.55609486
1.393,501.48,6.22598202,1.5564955
1.394,501.84,6.22758458,1.55689615
1.395,502.2,6.22918715,1.55729679
1.396,502.56,6.23078971,1.55769743
1.397,502.92,6.23239227,1.55809807
1.398,503.28,6.23399484,1.55849871
1.399,503.64,6.2355974,1.55889935
1.4,504,6.23719997,1.55929999
1.401,504.36,6.23880253,1.55970063
1.402,504.72,6.2404051,1.56010127
1.403,505.08,6.24200766,1.56050191
1.404,505.44,6.24361022,1.56090256
1.405,505.8,6.24521279,1.5613032
1.406,506.16,6.24681535,1.56170384
1.407,506.52,6.24841792,1.56210448
1.408,506.88,6.25002048,1.56250512
1.409,507.24,6.25162304,1.56290576
1.41,507.6,6.25322561,1.5633064
1.411,507.96,6.25482817,1.56370704
1.412,508.32,6.25643074,1.56410768
1.413,508.68,6.2580333,1.56450833
1.414,509.04,6.25963586,1.56490897
1.415,509.4,6.26123843,1.56530961
1.416,509.76,6.26284099,1.56571025
1.417,510.12,6.26444356,1.56611089
1.418,510.48,6.26604612,1.56651153
1.419,510.84,6.26764869,1.56691217
1.42,511.2,6.26925125,1.56731281
1.421,511.56,6.27085381,1.56771345
1.422,511.92,6.27245638,1.56811409
1.423,512.28,6.27405894,1.56851474
1.424,512.64,6.27566151,1.56891538
1.425,513,6.27726407,1.56931602
1.426,513.36,6.27886663,1.56971666
1.427,513.72,6.2804692,1.5701173
1.428,514.08,6.28207176,1.57051794
1.429,514.44,6.28367433,1.57091858
1.43,514.8,6.28527689,1.57131922
1.431,515.16,6.28687945,1.57171986
1.432,515.52,6.28848202,1.5721205
1.433,515.88,6.29008458,1.57252115
1.434,516.24,6.29168715,1.57292179
1.435,516.6,6.29328971,1.57332243
1.436,516.96,6.29489227,1.57372307
1.437,517.32,6.29649484,1.57412371
1.438,517.68,6.2980974,1.57452435
1.439,518.04,6.29969997,1.57492499
1.44,518.4,6.30130253,1.57532563
1.441,518.76,6.3029051,1.57572627
1.442,519.12,6.30450766,1.57612691
1.443,519.48,6.30611022,1.57652756
1.444,519.84,6.30771279,1.5769282
1.445,520.2,6.30931535,1.57732884
1.446,520.56,6.31091792,1.57772948
1.447,520.92,6.31252048,1.57813012
1.448,521.28,6.31412304,1.57853076
1.449,521.64,6.31572561,1.5789314
1.45,522,6.31732817,1.57933204
1.451,522.36,6.31893074,1.57973268
1.452,522.72,6.3205333,1.58013333
1.453,523.08,6.32213586,1.58053397
1.454,523.44,6.32373843,1.58093461
1.455,523.8,6.32534099,1.58133525
1.456,524.16,6.32694356,1.58173589
1.457,524.52,6.32854612,1.58213653
1.458,524.88,6.33014869,1.58253717
1.459,525.24,6.33175125,1.58293781
1.46,525.6,6.33335381,1.58333845
1.461,525.96,6.33495638,1.58373909
1.462,526.32,6.33655894,1.58413974
1.463,526.68,6.33816151,1.58454038
1.464,527.04,6.33976407,1.58494102
1.465,527.4,6.34136663,1.58534166
1.466,527.76,6.3429692,1.5857423
1.467,528.12,6.34457176,1.58614294
1.468,528.48,6.34617433,1.58654358
1.469,528.84,6.34777689,1.58694422
1.47,529.2,6.34937945,1.58734486
1.471,529.56,6.35098202,1.5877455
1.472,529.92,6.35258458,1.58814615
1.473,530.28,6.35418715,1.58854679
1.474,530.64,6.35578971,1.58894743
1.475,531,6.35739227,1.58934807
1.476,531.36,6.35899484,1.58974871
1.477,531.72,6.3605974,1.59014935
1.478,532.08,6.36219997,1.59054999
1.479,532.44,6.36380253,1.59095063
1.48,532.8,6.3654051,1.59135127
1.481,533.16,6.36700766,1.59175191
1.482,533.52,6.36861022,1.59215256
1.483,533.88,6.37021279,1.5925532
1.484,534.24,6.37181535,1.59295384
1.485,534.6,6.37341792,1.59335448
1.486,534.96,6.37502048,1.59375512
1.487,535.32,6.37662304,1.59415576
1.488,535.68,6.37822561,1.5945564
1.489,536.04,6.37982817,1.59495704
1.49,536.4,6.38143074,1.59535768
1.491,536.76,6.3830333,1.59575833
1.492,537.12,6.38463586,1.59615897
1.493,537.48,6.38623843,1.59655961
1.494,537.84,6.38784099,1.59696025
1.495,538.2,6.38944356,1.59736089
1.496,538.56,6.39104612,1.59776153
1.497,538.92,6.39264869,1.59816217
1.498,539.28,6.39425125,1.59856281
1.499,539.64,6.39585381,1.59896345
1.5,540,6.39745638,1.59936409
1.501,540.36,6.39905894,1.59976474
1.502,540.72,6.40066151,1.60016538
1.503,541.08,6.40226407,1.60056602
1.504,541.44,6.40386663,1.60096666
1.505,541.8,6.4054692,1.6013673
1.506,542.16,6.40707176,1.60176794
1.507,542.52,6.40867433,1.60216858
1.508,542.88,6.41027689,1.60256922
1.509,543.24,6.41187945,1.60296986
1.51,543.6,6.41348202,1.6033705
1.511,543.96,6.41508458,1.60377115
1.512,544.32,6.41668715,1.60417179
1.513,544.68,6.41828971,1.60457243
1.514,545.04,6.41989227,1.60497307
1.515,545.4,6.42149484,1.60537371
1.516,545.76,6.4230974,1.60577435
1.517,546.12,6.42469997,1.60617499
1.518,546.48,6.42630253,1.60657563
1.519,546.84,6.4279051,1.60697627
1.52,547.2,6.42950766,1.60737691
1.521,547.56,6.43111022,1.60777756
1.522,547.92,6.43271279,1.6081782
1.523,548.28,6.43431535,1.60857884
1.524,548.64,6.43591792,1.60897948
1.525,549,6.43752048,1.60938012
1.526,549.36,6.43912304,1.60978076
1.527,549.72,6.44072561,1.6101814
1.528,550.08,6.44232817,1.61058204
1.529,550.44,6.44393074,1.61098268
1.53,550.8,6.4455333,1.61138333
1.531,551.16,6.44713586,1.61178397
1.532,551.52,6.44873843,1.61218461
1.533,551.88,6.45034099,1.61258525
1.534,552.24,6.45194356,1.61298589
1.535,552.6,6.45354612,1.61338653
1.536,552.96,6.45514869,1.61378717
1.537,553.32,6.45675125,1.61418781
1.538,553.68,6.45835381,1.61458845
1.539,554.04,6.45995638,1.61498909
1.54,554.4,6.46155894,1.61538974
1.541,554.76,6.46316151,1.61579038
1.542,555.12,6.46476407,1.61619102
1.543,555.48,6.46636663,1.61659166
1.544,555.84,6.4679692,1.6169923
1.545,556.2,6.46957176,1.61739294
1.546,556.56,6.47117433,1.61779358
1.547,556.92,6.47277689,1.61819422
1.548,557.28,6.47437945,1.61859486
1.549,557.64,6.47598202,1.6189955
1.55,558,6.47758458,1.61939615
1.551,558.36,6.47918715,1.61979679
1.552,558.72,6.48078971,1.62019743
1.553,559.08,6.48239227,1.62059807
1.554,559.44,6.48399484,1.62099871
1.555,559.8,6.4855974,1.62139935
1.556,560.16,6.48719997,1.62179999
1.557,560.52,6.48880253,1.62220063
1.558,560.88,6.4904051,1.62260127
1.559,561.24,6.49200766,1.62300191
1.56,561.6,6.49361022,1.62340256
1.561,561.96,6.49521279,1.6238032
1.562,562.32,6.49681535,1.62420384
1.563,562.68,6.49841792,1.62460448
1.564,563.04,6.50002048,1.62500512
1.565,563.4,6.50162304,1.62540576
1.566,563.76,6.50322561,1.6258064
1.567,564.12,6.50482817,1.62620704
1.568,564.48,6.50643074,1.62660768
1.569,564.84,6.5080333,1.62700833
1.57,565.2,6.50963586,1.62740897
1.571,565.56,6.51123843,1.62780961
1.572,565.92,6.51284099,1.62821025
1.573,566.28,6.51444356,1.62861089
1.574,566.64,6.51604612,1.62901153
1.575,567,6.51764869,1.62941217
1.576,567.36,6.51925125,1.62981281
1.577,567.72,6.52085381,1.63021345
1.578,568.08,6.52245638,1.63061409
1.579,568.44,6.52405894,1.63101474
1.58,568.8,6.52566151,1.63141538
1.581,569.16,6.52726407,1.63181602
1.582,569.52,6.52886663,1.63221666
1.583,569.88,6.5304692,1.6326173
1.584,570.24,6.53207176,1.63301794
1.585,570.6,6.53367433,1.63341858
1.586,570.96,6.53527689,1.63381922
1.587,571.32,6.53687945,1.63421986
1.588,571.68,6.53848202,1.6346205
1.589,572.04,6.54008458,1.63502115
1.59,572.4,6.54168715,1.63542179
1.591,572.76,6.54328971,1.63582243
1.592,573.12,6.54489227,1.63622307
1.593,573.48,6.54649484,1.63662371
1.594,573.84,6.5480974,1.63702435
1.595,574.2,6.54969997,1.63742499
1.596,574.56,6.55130253,1.63782563
1.597,574.92,6.5529051,1.63822627
1.598,575.28,6.55450766,1.63862691
1.599,575.64,6.55611022,1.63902756
1.6,576,6.55771279,1.6394282
1.601,576.36,6.55931535,1.63982884
1.602,576.72,6.56091792,1.64022948
1.603,577.08,6.56252048,1.64063012
1.604,577.44,6.56412304,1.64103076
1.605,577.8,6.56572561,1.6414314
1.606,578.16,6.56732817,1.64183204
1.607,578.52,6.56893074,1.64223268
1.608,578.88,6.5705333,1.64263333
1.609,579.24,6.57213586,1.64303397
1.61,579.6,6.57373843,1.64343461
1.611,579.96,6.57534099,1.64383525
1.612,580.32,6.57694356,1.64423589
1.613,580.68,6.57854612,1.64463653
1.614,581.04,6.58014869,1.64503717
1.615,581.4,6.58175125,1.64543781
1.616,581.76,6.58335381,1.64583845
1.617,582.12,6.58495638,1.64623909
1.618,582.48,6.58655894,1.64663974
1.619,582.84,6.58816151,1.64704038
1.62,583.2,6.58976407,1.64744102
1.621,583.56,6.59136663,1.64784166
1.622,583.92,6.5929692,1.6482423
1.623,584.28,6.59457176,1.64864294
1.624,584.64,6.59617433,1.64904358
1.625,585,6.59777689,1.64944422
1.626,585.36,6.59937945,1.64984486
1.627,585.72,6.60098202,1.6502455
1.628,586.08,6.60258458,1.65064615
1.629,586.44,6.60418715,1.65104679
1.63,586.8,6.60578971,1.65144743
1.631,587.16,6.60739227,1.65184807
1.632,587.52,6.60899484,1.65224871
1.633,587.88,6.6105974,1.65264935
1.634,588.24,6.61219997,1.65304999
1.635,588.6,6.61380253,1.65345063
1.636,588.96,6.6154051,1.65385127
1.637,589.32,6.61700766,1.65425191
1.638,589.68,6.61861022,1.65465256
1.639,590.04,6.62021279,1.6550532
1.64,590.4,6.62181535,1.65545384
1.641,590.76,6.62341792,1.65585448
1.642,591.12,6.62502048,1.65625512
1.643,591.48,6.62662304,1.65665576
1.644,591.84,6.62822561,1.6570564
1.645,592.2,6.62982817,1.65745704
1.646,592.56,6.63143074,1.65785768
1.647,592.92,6.6330333,1.65825833
1.648,593.28,6.63463586,1.65865897
1.649,593.64,6.63623843,1.65905961
1.65,594,6.63784099,1.65946025
1.651,594.36,6.63944356,1.65986089
1.652,594.72,6.64104612,1.66026153
1.653,595.08,6.64264869,1.66066217
1.654,595.44,6.64425125,1.66106281
1.655,595.8,6.64585381,1.66146345
1.656,596.16,6.64745638,1.66186409
1.657,596.52,6.64905894,1.66226474
1.658,596.88,6.65066151,1.66266538
1.659,597.24,6.65226407,1.66306602
1.66,597.6,6.65386663,1.66346666
1.661,597.96,6.6554692,1.6638673
1.662,598.32,6.65707176,1.66426794
1.663,598.68,6.65867433,1.66466858
1.664,599.04,6.66027689,1.66506922
1.665,599.4,6.66187945,1.66546986
1.666,599.76,6.66348202,1.6658705
1.667,600.12,6.66508458,1.66627115
1.668,600.48,6.66668715,1.66667179
1.669,600.84,6.66828971,1.66707243
1.67,601.2,6.66989227,1.66747307
1.671,601.56,6.67149484,1.66787371
1.672,601.92,6.6730974,1.66827435
1.673,602.28,6.67469997,1.66867499
1.674,602.64,6.67630253,1.66907563
1.675,603,6.6779051,1.66947627
1.676,603.36,6.67950766,1.66987691
1.677,603.72,6.68111022,1.67027756
1.678,604.08,6.68271279,1.6706782
1.679,604.44,6.68431535,1.67107884
1.68,604.8,6.68591792,1.67147948
1.681,605.16,6.68752048,1.67188012
1.682,605.52,6.68912304,1.67228076
1.683,605.88,6.69072561,1.6726814
1.684,606.24,6.69232817,1.67308204
1.685,606.6,6.69393074,1.67348268
1.686,606.96,6.6955333,1.67388333
1.687,607.32,6.69713586,1.67428397
1.688,607.68,6.69873843,1.67468461
1.689,608.04,6.70034099,1.67508525
1.69,608.4,6.70194356,1.67548589
1.691,608.76,6.70354612,1.67588653
1.692,609.12,6.70514869,1.67628717
1.693,609.48,6.70675125,1.67668781
1.694,609.84,6.70835381,1.67708845
1.695,610.2,6.70995638,1.67748909
1.696,610.56,6.71155894,1.67788974
1.697,610.92,6.71316151,1.67829038
1.698,611.28,6.71476407,1.67869102
1.699,611.64,6.71636663,1.67909166
1.7,612,6.7179692,1.6794923
1.701,612.36,6.71957176,1.67989294
1.702,612.72,6.72117433,1.68029358
1.703,613.08,6.72277689,1.68069422
1.704,613.44,6.72437945,1.68109486
1.705,613.8,6.72598202,1.6814955
1.706,614.16,6.72758458,1.68189615
1.707,614.52,6.72918715,1.68229679
1.708,614.88,6.73078971,1.68269743
1.709,615.24,6.73239227,1.68309807
1.71,615.6,6.73399484,1.68349871
1.711,615.96,6.7355974,1.68389935
1.712,616.32,6.73719997,1.68429999
1.713,616.68,6.73880253,1.68470063
1.714,617.04,6.7404051,1.68510127
1.715,617.4,6.74200766,1.68550191
1.716,617.76,6.74361022,1.68590256
1.717,618.12,6.74521279,1.6863032
1.718,618.48,6.74681535,1.68670384
1.719,618.84,6.74841792,1.68710448
1.72,619.2,6.75002048,1.68750512
1.721,619.56,6.75162304,1.68790576
1.722,619.92,6.75322561,1.6883064
1.723,620.28,6.75482817,1.68870704
1.724,620.64,6.75643074,1.68910768
1.725,621,6.7580333,1.68950833
1.726,621.36,6.75963586,1.68990897
1.727,621.72,6.76123843,1.69030961
1.728,622.08,6.76284099,1.69071025
1.729,622.44,6.76444356,1.69111089
1.73,622.8,6.76604612,1.69151153
1.731,623.16,6.76764869,1.69191217
1.732,623.52,6.76925125,1.69231281
1.733,623.88,6.77085381,1.69271345
1.734,624.24,6.77245638,1.69311409
1.735,624.6,6.77405894,1.69351474
1.736,624.96,6.77566151,1.69391538
1.737,625.32,6.77726407,1.69431602
1.738,625.68,6.77886663,1.69471666
1.739,626.04,6.7804692,1.6951173
1.74,626.4,6.78207176,1.69551794
1.741,626.76,6.78367433,1.69591858
1.742,627.12,6.78527689,1.69631922
1.743,627.48,6.78687945,1.69671986
1.744,627.84,6.78848202,1.6971205
1.745,628.2,6.79008458,1.69752115
1.746,628.56,6.79168715,1.69792179
1.747,628.92,6.79328971,1.69832243
1.748,629.28,6.79489227,1.69872307
1.749,629.64,6.79649484,1.69912371
1.75,630,6.7980974,1.69952435
1.751,630.36,6.79969997,1.69992499
1.752,630.72,6.80130253,1.70032563
1.753,631.08,6.8029051,1.70072627
1.754,631.44,6.80450766,1.70112691
1.755,631.8,6.80611022,1.70152756
1.756,632.16,6.80771279,1.7019282
1.757,632.52,6.80931535,1.70232884
1.758,632.88,6.81091792,1.70272948
1.759,633.24,6.81252048,1.70313012
1.76,633.6,6.81412304,1.70353076
1.761,633.96,6.81572561,1.7039314
1.762,634.32,6.81732817,1.70433204
1.763,634.68,6.81893074,1.70473268
1.764,635.04,6.8205333,1.70513333
1.765,635.4,6.82213586,1.70553397
1.766,635.76,6.82373843,1.70593461
1.767,636.12,6.82534099,1.70633525
1.768,636.48,6.82694356,1.70673589
1.769,636.84,6.82854612,1.70713653
1.77,637.2,6.83014869,1.70753717
1.771,637.56,6.83175125,1.70793781
1.772,637.92,6.83335381,1.70833845
1.773,638.28,6.83495638,1.70873909
1.774,638.64,6.83655894,1.70913974
1.775,639,6.83816151,1.70954038
1.776,639.36,6.83976407,1.70994102
1.777,639.72,6.84136663,1.71034166
1.778,640.08,6.8429692,1.7107423
1.779,640.44,6.84457176,1.71114294
1.78,640.8,6.84617433,1.71154358
1.781,641.16,6.84777689,1.71194422
1.782,641.52,6.84937945,1.71234486
1.783,641.88,6.85098202,1.7127455
1.784,642.24,6.85258458,1.71314615
1.785,642.6,6.85418715,1.71354679
1.786,642.96,6.85578971,1.71394743
1.787,643.32,6.85739227,1.71434807
1.788,643.68,6.85899484,1.71474871
1.789,644.04,6.8605974,1.71514935
1.79,644.4,6.86219997,1.71554999
1.791,644.76,6.86380253,1.71595063
1.792,645.12,6.8654051,1.71635127
1.793,645.48,6.86700766,1.71675191
1.794,645.84,6.86861022,1.71715256
1.795,646.2,6.87021279,1.7175532
1.796,646.56,6.87181535,1.71795384
1.797,646.92,6.87341792,1.71835448
1.798,647.28,6.87502048,1.71875512
1.799,647.64,6.87662304,1.71915576
1.8,648,6.87822561,1.7195564
1.801,648.36,6.87982817,1.71995704
1.802,648.72,6.88143074,1.72035768
1.803,649.08,6.8830333,1.72075833
1.804,649.44,6.88463586,1.72115897
1.805,649.8,6.88623843,1.72155961
1.806,650.16,6.88784099,1.72196025
1.807,650.52,6.88944356,1.72236089
1.808,650.88,6.89104612,1.72276153
1.809,651.24,6.89264869,1.72316217
1.81,651.6,6.89425125,1.72356281
1.811,651.96,6.89585381,1.72396345
1.812,652.32,6.89745638,1.72436409
1.813,652.68,6.89905894,1.72476474
1.814,653.04,6.90066151,1.72516538
1.815,653.4,6.90226407,1.72556602
1.816,653.76,6.90386663,1.72596666
1.817,654.12,6.9054692,1.7263673
1.818,654.48,6.90707176,1.72676794
1.819,654.84,6.90867433,1.72716858
1.82,655.2,6.91027689,1.72756922
1.821,655.56,6.91187945,1.72796986
1.822,655.92,6.91348202,1.7283705
1.823,656.28,6.91508458,1.72877115
1.824,656.64,6.91668715,1.72917179
1.825,657,6.91828971,1.72957243
1.826,657.36,6.91989227,1.72997307
1.827,657.72,6.92149484,1.73037371
1.828,658.08,6.9230974,1.73077435
1.829,658.44,6.92469997,1.73117499
1.83,658.8,6.92630253,1.73157563
1.831,659.16,6.9279051,1.73197627
1.832,659.52,6.92950766,1.73237691
1.833,659.88,6.93111022,1.73277756
1.834,660.24,6.93271279,1.7331782
1.835,660.6,6.93431535,1.73357884
1.836,660.96,6.93591792,1.73397948
1.837,661.32,6.93752048,1.73438012
1.838,661.68,6.93912304,1.73478076
1.839,662.04,6.94072561,1.7351814
1.84,662.4,6.94232817,1.73558204
1.841,662.76,6.94393074,1.73598268
1.842,663.12,6.9455333,1.73638333
1.843,663.48,6.94713586,1.73678397
1.844,663.84,6.94873843,1.73718461
1.845,664.2,6.95034099,1.73758525
1.846,664.56,6.95194356,1.73798589
1.847,664.92,6.95354612,1.73838653
1.848,665.28,6.95514869,1.73878717
1.849,665.64,6.95675125,1.73918781
1.85,666,6.95835381,1.73958845
1.851,666.36,6.95995638,1.73998909
1.852,666.72,6.96155894,1.74038974
1.853,667.08,6.96316151,1.74079038
1.854,667.44,6.96476407,1.74119102
1.855,667.8,6.96636663,1.74159166
1.856,668.16,6.9679692,1.7419923
1.857,668.52,6.96957176,1.74239294
1.858,668.88,6.97117433,1.74279358
1.859,669.24,6.97277689,1.74319422
1.86,669.6,6.97437945,1.74359486
1.861,669.96,6.97598202,1.7439955
1.862,670.32,6.97758458,1.74439615
1.863,670.68,6.97918715,1.74479679
1.864,671.04,6.98078971,1.74519743
1.865,671.4,6.98239227,1.74559807
1.866,671.76,6.98399484,1.74599871
1.867,672.12,6.9855974,1.74639935
1.868,672.48,6.98719997,1.74679999
1.869,672.84,6.98880253,1.74720063
1.87,673.2,6.9904051,1.74760127
1.871,673.56,6.99200766,1.74800191
1.872,673.92,6.99361022,1.74840256
1.873,674.28,6.99521279,1.7488032
1.874,674.64,6.99681535,1.74920384
1.875,675,6.99841792,1.74960448
1.876,675.36,7.00002048,1.75000512
1.877,675.72,7.00162304,1.75040576
1.878,676.08,7.00322561,1.7508064
1.879,676.44,7.00482817,1.75120704
1.88,676.8,7.00643074,1.75160768
1.881,677.16,7.0080333,1.75200833
1.882,677.52,7.00963586,1.75240897
1.883,677.88,7.01123843,1.75280961
1.884,678.24,7.01284099,1.75321025
1.885,678.6,7.01444356,1.75361089
1.886,678.96,7.01604612,1.75401153
1.887,679.32,7.01764869,1.75441217
1.888,679.68,7.01925125,1.75481281
1.889,680.04,7.02085381,1.75521345
1.89,680.4,7.02245638,1.75561409
1.891,680.76,7.02405894,1.75601474
1.892,681.12,7.02566151,1.75641538
1.893,681.48,7.02726407,1.75681602
1.894,681.84,7.02886663,1.75721666
1.895,682.2,7.0304692,1.7576173
1.896,682.56,7.03207176,1.75801794
1.897,682.92,7.03367433,1.75841858
1.898,683.28,7.03527689,1.75881922
1.899,683.64,7.03687945,1.75921986
1.9,684,7.03848202,1.7596205
1.901,684.36,7.04008458,1.76002115
1.902,684.72,7.04168715,1.76042179
1.903,685.08,7.04328971,1.76082243
1.904,685.44,7.04489227,1.76122307
1.905,685.8,7.04649484,1.76162371
1.906,686.16,7.0480974,1.76202435
1.907,686.52,7.04969997,1.76242499
1.908,686.88,7.05130253,1.76282563
1.909,687.24,7.0529051,1.76322627
1.91,687.6,7.05450766,1.76362691
1.911,687.96,7.05611022,1.76402756
1.912,688.32,7.05771279,1.7644282
1.913,688.68,7.05931535,1.76482884
1.914,689.04,7.06091792,1.76522948
1.915,689.4,7.06252048,1.76563012
1.916,689.76,7.06412304,1.76603076
1.917,690.12,7.06572561,1.7664314
1.918,690.48,7.06732817,1.76683204
1.919,690.84,7.06893074,1.76723268
1.92,691.2,7.0705333,1.76763333
1.921,691.56,7.07213586,1.76803397
1.922,691.92,7.07373843,1.76843461
1.923,692.28,7.07534099,1.76883525
1.924,692.64,7.07694356,1.76923589
1.925,693,7.07854612,1.76963653
1.926,693.36,7.08014869,1.77003717
1.927,693.72,7.08175125,1.77043781
1.928,694.08,7.08335381,1.77083845
1.929,694.44,7.08495638,1.77123909
1.93,694.8,7.08655894,1.77163974
1.931,695.16,7.08816151,1.77204038
1.932,695.52,7.08976407,1.77244102
1.933,695.88,7.09136663,1.77284166
1.934,696.24,7.0929692,1.7732423
1.935,696.6,7.09457176,1.77364294
1.936,696.96,7.09617433,1.77404358
1.937,697.32,7.09777689,1.77444422
1.938,697.68,7.09937945,1.77484486
1.939,698.04,7.10098202,1.7752455
1.94,698.4,7.10258458,1.77564615
1.941,698.76,7.10418715,1.77604679
1.942,699.12,7.10578971,1.77644743
1.943,699.48,7.10739227,1.77684807
1.944,699.84,7.10899484,1.77724871
1.945,700.2,7.1105974,1.77764935
1.946,700.56,7.11219997,1.77804999
1.947,700.92,7.11380253,1.77845063
1.948,701.28,7.1154051,1.77885127
1.949,701.64,7.11700766,1.77925191
1.95,702,7.11861022,1.77965256
1.951,702.36,7.12021279,1.7800532
1.952,702.72,7.12181535,1.78045384
1.953,703.08,7.12341792,1.78085448
1.954,703.44,7.12502048,1.78125512
1.955,703.8,7.12662304,1.78165576
1.956,704.16,7.12822561,1.7820564
1.957,704.52,7.12982817,1.78245704
1.958,704.88,7.13143074,1.78285768
1.959,705.24,7.1330333,1.78325833
1.96,705.6,7.13463586,1.78365897
1.961,705.96,7.13623843,1.78405961
1.962,706.32,7.13784099,1.78446025
1.963,706.68,7.13944356,1.78486089
1.964,707.04,7.14104612,1.78526153
1.965,707.4,7.14264869,1.78566217
1.966,707.76,7.14425125,1.78606281
1.967,708.12,7.14585381,1.78646345
1.968,708.48,7.14745638,1.78686409
1.969,708.84,7.14905894,1.78726474
1.97,709.2,7.15066151,1.78766538
1.971,709.56,7.15226407,1.78806602
1.972,709.92,7.15386663,1.78846666
1.973,710.28,7.1554692,1.7888673
1.974,710.64,7.15707176,1.78926794
1.975,711,7.15867433,1.78966858
1.976,711.36,7.16027689,1.79006922
1.977,711.72,7.16187945,1.79046986
1.978,712.08,7.16348202,1.7908705
1.979,712.44,7.16508458,1.79127115
1.98,712.8,7.16668715,1.79167179
1.981,713.16,7.16828971,1.79207243
1.982,713.52,7.16989227,1.79247307
1.983,713.88,7.17149484,1.79287371
1.984,714.24,7.1730974,1.79327435
1.985,714.6,7.17469997,1.79367499
1.986,714.96,7.17630253,1.79407563
1.987,715.32,7.1779051,1.79447627
1.988,715.68,7.17950766,1.79487691
1.989,716.04,7.18111022,1.79527756
1.99,716.4,7.18271279,1.7956782
1.991,716.76,7.18431535,1.79607884
1.992,717.12,7.18591792,1.79647948
1.993,717.48,7.18752048,1.79688012
1.994,717.84,7.18912304,1.79728076
1.995,718.2,7.19072561,1.7976814
1.996,718.56,7.19232817,1.79808204
1.997,718.92,7.19393074,1.79848268
1.998,719.28,7.1955333,1.79888333
1.999,719.64,7.19713586,1.79928397
2,720,7.19873843,1.79968461
2.001,720.36,7.20034099,1.80008525
2.002,720.72,7.20194356,1.80048589
2.003,721.08,7.20354612,1.80088653
2.004,721.44,7.20514869,1.80128717
2.005,721.8,7.20675125,1.80168781
2.006,722.16,7.20835381,1.80208845
2.007,722.52,7.20995638,1.80248909
2.008,722.88,7.21155894,1.80288974
2.009,723.24,7.21316151,1.80329038
2.01,723.6,7.21476407,1.80369102
2.011,723.96,7.21636663,1.80409166
2.012,724.32,7.2179692,1.8044923
2.013,724.68,7.21957176,1.80489294
2.014,725.04,7.22117433,1.80529358
2.015,725.4,7.22277689,1.80569422
2.016,725.76,7.22437945,1.80609486
2.017,726.12,7.22598202,1.8064955
2.018,726.48,7.22758458,1.80689615
2.019,726.84,7.22918715,1.80729679
2.02,727.2,7.23078971,1.80769743
2.021,727.56,7.23239227,1.80809807
2.022,727.92,7.23399484,1.80849871
2.023,728.28,7.2355974,1.80889935
2.024,728.64,7.23719997,1.80929999
2.025,729,7.23880253,1.80970063
2.026,729.36,7.2404051,1.81010127
2.027,729.72,7.24200766,1.81050191
2.028,730.08,7.24361022,1.81090256
2.029,730.44,7.24521279,1.8113032
2.03,730.8,7.24681535,1.81170384
2.031,731.16,7.24841792,1.81210448
2.032,731.52,7.25002048,1.81250512
2.033,731.88,7.25162304,1.81290576
2.034,732.24,7.25322561,1.8133064
2.035,732.6,7.25482817,1.81370704
2.036,732.96,7.25643074,1.81410768
2.037,733.32,7.2580333,1.81450833
2.038,733.68,7.25963586,1.81490897
2.039,734.04,7.26123843,1.81530961
2.04,734.4,7.26284099,1.81571025
2.041,734.76,7.26444356,1.81611089
2.042,735.12,7.26604612,1.81651153
2.043,735.48,7.26764869,1.81691217
2.044,735.84,7.26925125,1.81731281
2.045,736.2,7.27085381,1.81771345
2.046,736.56,7.27245638,1.81811409
2.047,736.92,7.27405894,1.81851474
2.048,737.28,7.27566151,1.81891538
2.049,737.64,7.27726407,1.81931602
2.05,738,7.27886663,1.81971666
2.051,738.36,7.2804692,1.8201173
2.052,738.72,7.28207176,1.82051794
2.053,739.08,7.28367433,1.82091858
2.054,739.44,7.28527689,1.82131922
2.055,739.8,7.28687945,1.82171986
2.056,740.16,7.28848202,1.8221205
2.057,740.52,7.29008458,1.82252115
2.058,740.88,7.29168715,1.82292179
2.059,741.24,7.29328971,1.82332243
2.06,741.6,7.29489227,1.82372307
2.061,741.96,7.29649484,1.82412371
2.062,742.32,7.2980974,1.82452435
2.063,742.68,7.29969997,1.82492499
2.064,743.04,7.30130253,1.82532563
2.065,743.4,7.3029051,1.82572627
2.066,743.76,7.30450766,1.82612691
2.067,744.12,7.30611022,1.82652756
2.068,744.48,7.30771279,1.8269282
2.069,744.84,7.30931535,1.82732884
2.07,745.2,7.31091792,1.82772948
2.071,745.56,7.31252048,1.82813012
2.072,745.92,7.31412304,1.82853076
2.073,746.28,7.31572561,1.8289314
2.074,746.64,7.31732817,1.82933204
2.075,747,7.31893074,1.82973268
2.076,747.36,7.3205333,1.83013333
2.077,747.72,7.32213586,1.83053397
2.078,748.08,7.32373843,1.83093461
2.079,748.44,7.32534099,1.83133525
2.08,748.8,7.32694356,1.83173589
2.081,749.16,7.32854612,1.83213653
2.082,749.52,7.33014869,1.83253717
2.083,749.88,7.33175125,1.83293781
2.084,750.24,7.33335381,1.83333845
2.085,750.6,7.33495638,1.83373909
2.086,750.96,7.33655894,1.83413974
2.087,751.32,7.33816151,1.83454038
2.088,751.68,7.33976407,1.83494102
2.089,752.04,7.34136663,1.83534166
2.09,752.4,7.3429692,1.8357423
2.091,752.76,7.34457176,1.83614294
2.092,753.12,7.34617433,1.83654358
2.093,753.48,7.34777689,1.83694422
2.094,753.84,7.34937945,1.83734486
2.095,754.2,7.35098202,1.8377455
2.096,754.56,7.35258458,1.83814615
2.097,754.92,7.35418715,1.83854679
2.098,755.28,7.35578971,1.83894743
2.099,755.64,7.35739227,1.83934807
2.1,756,7.35899484,1.83974871
2.101,756.36,7.3605974,1.84014935
2.102,756.72,7.36219997,1.84054999
2.103,757.08,7.36380253,1.84095063
2.104,757.44,7.3654051,1.84135127
2.105,757.8,7.36700766,1.84175191
2.106,758.16,7.36861022,1.84215256
2.107,758.52,7.37021279,1.8425532
2.108,758.88,7.37181535,1.84295384
2.109,759.24,7.37341792,1.84335448
2.11,759.6,7.37502048,1.84375512
2.111,759.96,7.37662304,1.84415576
2.112,760.32,7.37822561,1.8445564
2.113,760.68,7.37982817,1.84495704
2.114,761.04,7.38143074,1.84535768
2.115,761.4,7.3830333,1.84575833
2.116,761.76,7.38463586,1.84615897
2.117,762.12,7.38623843,1.84655961
2.118,762.48,7.38784099,1.84696025
2.119,762.84,7.38944356,1.84736089
2.12,763.2,7.39104612,1.84776153
2.121,763.56,7.39264869,1.84816217
2.122,763.92,7.39425125,1.84856281
2.123,764.28,7.39585381,1.84896345
2.124,764.64,7.39745638,1.84936409
2.125,765,7.39905894,1.84976474
2.126,765.36,7.40066151,1.85016538
2.127,765.72,7.40226407,1.85056602
2.128,766.08,7.40386663,1.85096666
2.129,766.44,7.4054692,1.8513673
2.13,766.8,7.40707176,1.85176794
2.131,767.16,7.40867433,1.85216858
2.132,767.52,7.41027689,1.85256922
2.133,767.88,7.41187945,1.85296986
2.134,768.24,7.41348202,1.8533705
2.135,768.6,7.41508458,1.85377115
2.136,768.96,7.41668715,1.85417179
2.137,769.32,7.41828971,1.85457243
2.138,769.68,7.41989227,1.85497307
2.139,770.04,7.42149484,1.85537371
2.14,770.4,7.4230974,1.85577435
2.141,770.76,7.42469997,1.85617499
2.142,771.12,7.42630253,1.85657563
2.143,771.48,7.4279051,1.85697627
2.144,771.84,7.42950766,1.85737691
2.145,772.2,7.43111022,1.85777756
2.146,772.56,7.43271279,1.8581782
2.147,772.92,7.43431535,1.85857884
2.148,773.28,7.43591792,1.85897948
2.149,773.64,7.43752048,1.85938012
2.15,774,7.43912304,1.85978076
2.151,774.36,7.44072561,1.8601814
2.152,774.72,7.44232817,1.86058204
2.153,775.08,7.44393074,1.86098268
2.154,775.44,7.4455333,1.86138333
2.155,775.8,7.44713586,1.86178397
2.156,776.16,7.44873843,1.86218461
2.157,776.52,7.45034099,1.86258525
2.158,776.88,7.45194356,1.86298589
2.159,777.24,7.45354612,1.86338653
2.16,777.6,7.45514869,1.86378717
2.161,777.96,7.45675125,1.86418781
2.162,778.32,7.45835381,1.86458845
2.163,778.68,7.45995638,1.86498909
2.164,779.04,7.46155894,1.86538974
2.165,779.4,7.46316151,1.86579038
2.166,779.76,7.46476407,1.86619102
2.167,780.12,7.46636663,1.86659166
2.168,780.48,7.4679692,1.8669923
2.169,780.84,7.46957176,1.86739294
2.17,781.2,7.47117433,1.86779358
2.171,781.56,7.47277689,1.86819422
2.172,781.92,7.47437945,1.86859486
2.173,782.28,7.47598202,1.8689955
2.174,782.64,7.47758458,1.86939615
2.175,783,7.47918715,1.86979679
2.176,783.36,7.48078971,1.87019743
2.177,783.72,7.48239227,1.87059807
2.178,784.08,7.48399484,1.87099871
2.179,784.44,7.4855974,1.87139935
2.18,784.8,7.48719997,1.87179999
2.181,785.16,7.48880253,1.87220063
2.182,785.52,7.4904051,1.87260127
2.183,785.88,7.49200766,1.87300191
2.184,786.24,7.49361022,1.87340256
2.185,786.6,7.49521279,1.8738032
2.186,786.96,7.49681535,1.87420384
2.187,787.32,7.49841792,1.87460448
2.188,787.68,7.50002048,1.87500512
2.189,788.04,7.50162304,1.87540576
2.19,788.4,7.50322561,1.8758064
2.191,788.76,7.50482817,1.87620704
2.192,789.12,7.50643074,1.87660768
2.193,789.48,7.5080333,1.87700833
2.194,789.84,7.50963586,1.87740897
2.195,790.2,7.51123843,1.87780961
2.196,790.56,7.51284099,1.87821025
2.197,790.92,7.51444356,1.87861089
2.198,791.28,7.51604612,1.87901153
2.199,791.64,7.51764869,1.87941217
2.2,792,7.51925125,1.87981281
2.201,792.36,7.52085381,1.88021345
2.202,792.72,7.52245638,1.88061409
2.203,793.08,7.52405894,1.88101474
2.204,793.44,7.52566151,1.88141538
2.205,793.8,7.52726407,1.88181602
2.206,794.16,7.52886663,1.88221666
2.207,794.52,7.5304692,1.8826173
2.208,794.88,7.53207176,1.88301794
2.209,795.24,7.53367433,1.88341858
2.21,795.6,7.53527689,1.88381922
2.211,795.96,7.53687945,1.88421986
2.212,796.32,7.53848202,1.8846205
2.213,796.68,7.54008458,1.88502115
2.214,797.04,7.54168715,1.88542179
2.215,797.4,7.54328971,1.88582243
2.216,797.76,7.54489227,1.88622307
2.217,798.12,7.54649484,1.88662371
2.218,798.48,7.5480974,1.88702435
2.219,798.84,7.54969997,1.88742499
2.22,799.2,7.55130253,1.88782563
2.221,799.56,7.5529051,1.88822627
2.222,799.92,7.55450766,1.88862691
2.223,800.28,7.55611022,1.88902756
2.224,800.64,7.55771279,1.8894282
2.225,801,7.55931535,1.88982884
2.226,801.36,7.56091792,1.89022948
2.227,801.72,7.56252048,1.89063012
2.228,802.08,7.56412304,1.89103076
2.229,802.44,7.56572561,1.8914314
2.23,802.8,7.56732817,1.89183204
2.231,803.16,7.56893074,1.89223268
2.232,803.52,7.5705333,1.89263333
2.233,803.88,7.57213586,1.89303397
2.234,804.24,7.57373843,1.89343461
2.235,804.6,7.57534099,1.89383525
2.236,804.96,7.57694356,1.89423589
2.237,805.32,7.57854612,1.89463653
2.238,805.68,7.58014869,1.89503717
2.239,806.04,7.58175125,1.89543781
2.24,806.4,7.58335381,1.89583845
2.241,806.76,7.58495638,1.89623909
2.242,807.12,7.58655894,1.89663974
2.243,807.48,7.58816151,1.89704038
2.244,807.84,7.58976407,1.89744102
2.245,808.2,7.59136663,1.89784166
2.246,808.56,7.5929692,1.8982423
2.247,808.92,7.59457176,1.89864294
2.248,809.28,7.59617433,1.89904358
2.249,809.64,7.59777689,1.89944422
2.25,810,7.59937945,1.89984486
2.251,810.36,7.60098202,1.9002455
2.252,810.72,7.60258458,1.90064615
2.253,811.08,7.60418715,1.90104679
2.254,811.44,7.60578971,1.90144743
2.255,811.8,7.60739227,1.90184807
2.256,812.16,7.60899484,1.90224871
2.257,812.52,7.6105974,1.90264935
2.258,812.88,7.61219997,1.90304999
2.259,813.24,7.61380253,1.90345063
2.26,813.6,7.6154051,1.90385127
2.261,813.96,7.61700766,1.90425191
2.262,814.32,7.61861022,1.90465256
2.263,814.68,7.62021279,1.9050532
2.264,815.04,7.62181535,1.90545384
2.265,815.4,7.62341792,1.90585448
2.266,815.76,7.62502048,1.90625512
2.267,816.12,7.62662304,1.90665576
2.268,816.48,7.62822561,1.9070564
2.269,816.84,7.62982817,1.90745704
2.27,817.2,7.63143074,1.90785768
2.271,817.56,7.6330333,1.90825833
2.272,817.92,7.63463586,1.90865897
2.273,818.28,7.63623843,1.90905961
2.274,818.64,7.63784099,1.90946025
2.275,819,7.63944356,1.90986089
2.276,819.36,7.64104612,1.91026153
2.277,819.72,7.64264869,1.91066217
2.278,820.08,7.64425125,1.91106281
2.279,820.44,7.64585381,1.91146345
2.28,820.8,7.64745638,1.91186409
2.281,821.16,7.64905894,1.91226474
2.282,821.52,7.65066151,1.91266538
2.283,821.88,7.65226407,1.91306602
2.284,822.24,7.65386663,1.91346666
2.285,822.6,7.6554692,1.9138673
2.286,822.96,7.65707176,1.91426794
2.287,823.32,7.65867433,1.91466858
2.288,823.68,7.66027689,1.91506922
2.289,824.04,7.66187945,1.91546986
2.29,824.4,7.66348202,1.9158705
2.291,824.76,7.66508458,1.91627115
2.292,825.12,7.66668715,1.91667179
2.293,825.48,7.66828971,1.91707243
2.294,825.84,7.66989227,1.91747307
2.295,826.2,7.67149484,1.91787371
2.296,826.56,7.6730974,1.91827435
2.297,826.92,7.67469997,1.91867499
2.298,827.28,7.67630253,1.91907563
2.299,827.64,7.6779051,1.91947627
2.3,828,7.67950766,1.91987691
2.301,828.36,7.68111022,1.92027756
2.302,828.72,7.68271279,1.9206782
2.303,829.08,7.68431535,1.92107884
2.304,829.44,7.68591792,1.92147948
2.305,829.8,7.68752048,1.92188012
2.306,830.16,7.68912304,1.92228076
2.307,830.52,7.69072561,1.9226814
2.308,830.88,7.69232817,1.92308204
2.309,831.24,7.69393074,1.92348268
2.31,831.6,7.6955333,1.92388333
2.311,831.96,7.69713586,1.92428397
2.312,832.32,7.69873843,1.92468461
2.313,832.68,7.70034099,1.92508525
2.314,833.04,7.70194356,1.92548589
2.315,833.4,7.70354612,1.92588653
2.316,833.76,7.70514869,1.92628717
2.317,834.12,7.70675125,1.92668781
2.318,834.48,7.70835381,1.92708845
2.319,834.84,7.70995638,1.92748909
2.32,835.2,7.71155894,1.92788974
2.321,835.56,7.71316151,1.92829038
2.322,835.92,7.71476407,1.92869102
2.323,836.28,7.71636663,1.92909166
2.324,836.64,7.7179692,1.9294923
2.325,837,7.71957176,1.92989294
2.326,837.36,7.72117433,1.93029358
2.327,837.72,7.72277689,1.93069422
2.328,838.08,7.72437945,1.93109486
2.329,838.44,7.72598202,1.9314955
2.33,838.8,7.72758458,1.93189615
2.331,839.16,7.72918715,1.93229679
2.332,839.52,7.73078971,1.93269743
2.333,839.88,7.73239227,1.93309807
2.334,840.24,7.73399484,1.93349871
2.335,840.6,7.7355974,1.93389935
2.336,840.96,7.73719997,1.93429999
2.337,841.32,7.73880253,1.93470063
2.338,841.68,7.7404051,1.93510127
2.339,842.04,7.74200766,1.93550191
2.34,842.4,7.74361022,1.93590256
2.341,842.76,7.74521279,1.9363032
2.342,843.12,7.74681535,1.93670384
2.343,843.48,7.74841792,1.93710448
2.344,843.84,7.75002048,1.93750512
2.345,844.2,7.75162304,1.93790576
2.346,844.56,7.75322561,1.9383064
2.347,844.92,7.75482817,1.93870704
2.348,845.28,7.75643074,1.93910768
2.349,845.64,7.7580333,1.93950833
2.35,846,7.75963586,1.93990897
2.351,846.36,7.76123843,1.94030961
2.352,846.72,7.76284099,1.94071025
2.353,847.08,7.76444356,1.94111089
2.354,847.44,7.76604612,1.94151153
2.355,847.8,7.76764869,1.94191217
2.356,848.16,7.76925125,1.94231281
2.357,848.52,7.77085381,1.94271345
2.358,848.88,7.77245638,1.94311409
2.359,849.24,7.77405894,1.94351474
2.36,849.6,7.77566151,1.94391538
2.361,849.96,7.77726407,1.94431602
2.362,850.32,7.77886663,1.94471666
2.363,850.68,7.7804692,1.9451173
2.364,851.04,7.78207176,1.94551794
2.365,851.4,7.78367433,1.94591858
2.366,851.76,7.78527689,1.94631922
2.367,852.12,7.78687945,1.94671986
2.368,852.48,7.78848202,1.9471205
2.369,852.84,7.79008458,1.94752115
2.37,853.2,7.79168715,1.94792179
2.371,853.56,7.79328971,1.94832243
2.372,853.92,7.79489227,1.94872307
2.373,854.28,7.79649484,1.94912371
2.374,854.64,7.7980974,1.94952435
2.375,855,7.79969997,1.94992499
2.376,855.36,7.80130253,1.95032563
2.377,855.72,7.8029051,1.95072627
2.378,856.08,7.80450766,1.95112691
2.379,856.44,7.80611022,1.95152756
2.38,856.8,7.80771279,1.9519282
2.381,857.16,7.80931535,1.95232884
2.382,857.52,7.81091792,1.95272948
2.383,857.88,7.81252048,1.95313012
2.384,858.24,7.81412304,1.95353076
2.385,858.6,7.81572561,1.9539314
2.386,858.96,7.81732817,1.95433204
2.387,859.32,7.81893074,1.95473268
2.388,859.68,7.8205333,1.95513333
2.389,860.04,7.82213586,1.95553397
2.39,860.4,7.82373843,1.95593461
2.391,860.76,7.82534099,1.95633525
2.392,861.12,7.82694356,1.95673589
2.393,861.48,7.82854612,1.95713653
2.394,861.84,7.83014869,1.95753717
2.395,862.2,7.83175125,1.95793781
2.396,862.56,7.83335381,1.95833845
2.397,862.92,7.83495638,1.95873909
2.398,863.28,7.83655894,1.95913974
2.399,863.64,7.83816151,1.95954038
2.4,864,7.83976407,1.95994102
2.401,864.36,7.84136663,1.96034166
2.402,864.72,7.8429692,1.9607423
2.403,865.08,7.84457176,1.96114294
2.404,865.44,7.84617433,1.96154358
2.405,865.8,7.84777689,1.96194422
2.406,866.16,7.84937945,1.96234486
2.407,866.52,7.85098202,1.9627455
2.408,866.88,7.85258458,1.96314615
2.409,867.24,7.85418715,1.96354679
2.41,867.6,7.85578971,1.96394743
2.411,867.96,7.85739227,1.96434807
2.412,868.32,7.85899484,1.96474871
2.413,868.68,7.8605974,1.96514935
2.414,869.04,7.86219997,1.96554999
2.415,869.4,7.86380253,1.96595063
2.416,869.76,7.8654051,1.96635127
2.417,870.12,7.86700766,1.96675191
2.418,870.48,7.86861022,1.96715256
2.419,870.84,7.87021279,1.9675532
2.42,871.2,7.87181535,1.96795384
2.421,871.56,7.87341792,1.96835448
2.422,871.92,7.87502048,1.96875512
2.423,872.28,7.87662304,1.96915576
2.424,872.64,7.87822561,1.9695564
2.425,873,7.87982817,1.96995704
2.426,873.36,7.88143074,1.97035768
2.427,873.72,7.8830333,1.97075833
2.428,874.08,7.88463586,1.97115897
2.429,874.44,7.88623843,1.97155961
2.43,874.8,7.88784099,1.97196025
2.431,875.16,7.88944356,1.97236089
2.432,875.52,7.89104612,1.97276153
2.433,875.88,7.89264869,1.97316217
2.434,876.24,7.89425125,1.97356281
2.435,876.6,7.89585381,1.97396345
2.436,876.96,7.89745638,1.97436409
2.437,877.32,7.89905894,1.97476474
2.438,877.68,7.90066151,1.97516538
2.439,878.04,7.90226407,1.97556602
2.44,878.4,7.90386663,1.97596666
2.441,878.76,7.9054692,1.9763673
2.442,879.12,7.90707176,1.97676794
2.443,879.48,7.90867433,1.97716858
2.444,879.84,7.91027689,1.97756922
2.445,880.2,7.91187945,1.97796986
2.446,880.56,7.91348202,1.9783705
2.447,880.92,7.91508458,1.97877115
2.448,881.28,7.91668715,1.97917179
2.449,881.64,7.91828971,1.97957243
2.45,882,7.91989227,1.97997307
2.451,882.36,7.92149484,1.98037371
2.452,882.72,7.9230974,1.98077435
2.453,883.08,7.92469997,1.98117499
2.454,883.44,7.92630253,1.98157563
2.455,883.8,7.9279051,1.98197627
2.456,884.16,7.92950766,1.98237691
2.457,884.52,7.93111022,1.98277756
2.458,884.88,7.93271279,1.9831782
2.459,885.24,7.93431535,1.98357884
2.46,885.6,7.93591792,1.98397948
2.461,885.96,7.93752048,1.98438012
2.462,886.32,7.93912304,1.98478076
2.463,886.68,7.94072561,1.9851814
2.464,887.04,7.94232817,1.98558204
2.465,887.4,7.94393074,1.98598268
2.466,887.76,7.9455333,1.98638333
2.467,888.12,7.94713586,1.98678397
2.468,888.48,7.94873843,1.98718461
2.469,888.84,7.95034099,1.98758525
2.47,889.2,7.95194356,1.98798589
2.471,889.56,7.95354612,1.98838653
2.472,889.92,7.95514869,1.98878717
2.473,890.28,7.95675125,1.98918781
2.474,890.64,7.95835381,1.98958845
2.475,891,7.95995638,1.98998909
2.476,891.36,7.96155894,1.99038974
2.477,891.72,7.96316151,1.99079038
2.478,892.08,7.96476407,1.99119102
2.479,892.44,7.96636663,1.99159166
2.48,892.8,7.9679692,1.9919923
2.481,893.16,7.96957176,1.99239294
2.482,893.52,7.97117433,1.99279358
2.483,893.88,7.97277689,1.99319422
2.484,894.24,7.97437945,1.99359486
2.485,894.6,7.97598202,1.9939955
2.486,894.96,7.97758458,1.99439615
2.487,895.32,7.97918715,1.99479679
2.488,895.68,7.98078971,1.99519743
2.489,896.04,7.98239227,1.99559807
2.49,896.4,7.98399484,1.99599871
2.491,896.76,7.9855974,1.99639935
2.492,897.12,7.98719997,1.99679999
2.493,897.48,7.98880253,1.99720063
2.494,897.84,7.9904051,1.99760127
2.495,898.2,7.99200766,1.99800191
2.496,898.56,7.99361022,1.99840256
2.497,898.92,7.99521279,1.9988032
2.498,899.28,7.99681535,1.99920384
2.499,899.64,7.99841792,1.99960448
2.5,900,8.00002048,2.00000512
2.501,900.36,8.00162304,2.00040576
2.502,900.72,8.00322561,2.0008064
2.503,901.08,8.00482817,2.00120704
2.504,901.44,8.00643074,2.00160768
2.505,901.8,8.0080333,2.00200833
2.506,902.16,8.00963586,2.00240897
2.507,902.52,8.01123843,2.00280961
2.508,902.88,8.01284099,2.00321025
2.509,903.24,8.01444356,2.00361089
2.51,903.6,8.01604612,2.00401153
2.511,903.96,8.01764869,2.00441217
2.512,904.32,8.01925125,2.00481281
2.513,904.68,8.02085381,2.00521345
2.514,905.04,8.02245638,2.00561409
2.515,905.4,8.02405894,2.00601474
2.516,905.76,8.02566151,2.00641538
2.517,906.12,8.02726407,2.00681602
2.518,906.48,8.02886663,2.00721666
2.519,906.84,8.0304692,2.0076173
2.52,907.2,8.03207176,2.00801794
2.521,907.56,8.03367433,2.00841858
2.522,907.92,8.03527689,2.00881922
2.523,908.28,8.03687945,2.00921986
2.524,908.64,8.03848202,2.0096205
2.525,909,8.04008458,2.01002115
2.526,909.36,8.04168715,2.01042179
2.527,909.72,8.04328971,2.01082243
2.528,910.08,8.04489227,2.01122307
2.529,910.44,8.04649484,2.01162371
2.53,910.8,8.0480974,2.01202435
2.531,911.16,8.04969997,2.01242499
2.532,911.52,8.05130253,2.01282563
2.533,911.88,8.0529051,2.01322627
2.534,912.24,8.05450766,2.01362691
2.535,912.6,8.05611022,2.01402756
2.536,912.96,8.05771279,2.0144282
2.537,913.32,8.05931535,2.01482884
2.538,913.68,8.06091792,2.01522948
2.539,914.04,8.06252048,2.01563012
2.54,914.4,8.06412304,2.01603076
2.541,914.76,8.06572561,2.0164314
2.542,915.12,8.06732817,2.01683204
2.543,915.48,8.06893074,2.01723268
2.544,915.84,8.0705333,2.01763333
2.545,916.2,8.07213586,2.01803397
2.546,916.56,8.07373843,2.01843461
2.547,916.92,8.07534099,2.01883525
2.548,917.28,8.07694356,2.01923589
2.549,917.64,8.07854612,2.01963653
2.55,918,8.08014869,2.02003717
2.551,918.36,8.08175125,2.02043781
2.552,918.72,8.08335381,2.02083845
2.553,919.08,8.08495638,2.02123909
2.554,919.44,8.08655894,2.02163974
2.555,919.8,8.08816151,2.02204038
2.556,920.16,8.08976407,2.02244102
2.557,920.52,8.09136663,2.02284166
2.558,920.88,8.0929692,2.0232423
2.559,921.24,8.09457176,2.02364294
2.56,921.6,8.09617433,2.02404358
2.561,921.96,8.09777689,2.02444422
2.562,922.32,8.09937945,2.02484486
2.563,922.68,8.10098202,2.0252455
2.564,923.04,8.10258458,2.02564615
2.565,923.4,8.10418715,2.02604679
2.566,923.76,8.10578971,2.02644743
2.567,924.12,8.10739227,2.02684807
2.568,924.48,8.10899484,2.02724871
2.569,924.84,8.1105974,2.02764935
2.57,925.2,8.11219997,2.02804999
2.571,925.56,8.11380253,2.02845063
2.572,925.92,8.1154051,2.02885127
2.573,926.28,8.11700766,2.02925191
2.574,926.64,8.11861022,2.02965256
2.575,927,8.12021279,2.0300532
2.576,927.36,8.12181535,2.03045384
2.577,927.72,8.12341792,2.03085448
2.578,928.08,8.12502048,2.03125512
2.579,928.44,8.12662304,2.03165576
2.58,928.8,8.12822561,2.0320564
2.581,929.16,8.12982817,2.03245704
2.582,929.52,8.13143074,2.03285768
2.583,929.88,8.1330333,2.03325833
2.584,930.24,8.13463586,2.03365897
2.585,930.6,8.13623843,2.03405961
2.586,930.96,8.13784099,2.03446025
2.587,931.32,8.13944356,2.03486089
2.588,931.68,8.14104612,2.03526153
2.589,932.04,8.14264869,2.03566217
2.59,932.4,8.14425125,2.03606281
2.591,932.76,8.14585381,2.03646345
2.592,933.12,8.14745638,2.03686409
2.593,933.48,8.14905894,2.03726474
2.594,933.84,8.15066151,2.03766538
2.595,934.2,8.15226407,2.03806602
2.596,934.56,8.15386663,2.03846666
2.597,934.92,8.1554692,2.0388673
2.598,935.28,8.15707176,2.03926794
2.599,935.64,8.15867433,2.03966858
2.6,936,8.16027689,2.04006922
2.601,936.36,8.16187945,2.04046986
2.602,936.72,8.16348202,2.0408705
2.603,937.08,8.16508458,2.04127115
2.604,937.44,8.16668715,2.04167179
2.605,937.8,8.16828971,2.04207243
2.606,938.16,8.16989227,2.04247307
2.607,938.52,8.17149484,2.04287371
2.608,938.88,8.1730974,2.04327435
2.609,939.24,8.17469997,2.04367499
2.61,939.6,8.17630253,2.04407563
2.611,939.96,8.1779051,2.04447627
2.612,940.32,8.17950766,2.04487691
2.613,940.68,8.18111022,2.04527756
2.614,941.04,8.18271279,2.0456782
2.615,941.4,8.18431535,2.04607884
2.616,941.76,8.18591792,2.04647948
2.617,942.12,8.18752048,2.04688012
2.618,942.48,8.18912304,2.04728076
2.619,942.84,8.19072561,2.0476814
2.62,943.2,8.19232817,2.04808204
2.621,943.56,8.19393074,2.04848268
2.622,943.92,8.1955333,2.04888333
2.623,944.28,8.19713586,2.04928397
2.624,944.64,8.19873843,2.04968461
2.625,945,8.20034099,2.05008525
2.626,945.36,8.20194356,2.05048589
2.627,945.72,8.20354612,2.05088653
2.628,946.08,8.20514869,2.05128717
2.629,946.44,8.20675125,2.05168781
2.63,946.8,8.20835381,2.05208845
2.631,947.16,8.20995638,2.05248909
2.632,947.52,8.21155894,2.05288974
2.633,947.88,8.21316151,2.05329038
2.634,948.24,8.21476407,2.05369102
2.635,948.6,8.21636663,2.05409166
2.636,948.96,8.2179692,2.0544923
2.637,949.32,8.21957176,2.05489294
2.638,949.68,8.22117433,2.05529358
2.639,950.04,8.22277689,2.05569422
2.64,950.4,8.22437945,2.05609486
2.641,950.76,8.22598202,2.0564955
2.642,951.12,8.22758458,2.05689615
2.643,951.48,8.22918715,2.05729679
2.644,951.84,8.23078971,2.05769743
2.645,952.2,8.23239227,2.05809807
2.646,952.56,8.23399484,2.05849871
2.647,952.92,8.2355974,2.05889935
2.648,953.28,8.23719997,2.05929999
2.649,953.64,8.23880253,2.05970063
2.65,954,8.2404051,2.06010127
2.651,954.36,8.24200766,2.06050191
2.652,954.72,8.24361022,2.06090256
2.653,955.08,8.24521279,2.0613032
2.654,955.44,8.24681535,2.06170384
2.655,955.8,8.24841792,2.06210448
2.656,956.16,8.25002048,2.06250512
2.657,956.52,8.25162304,2.06290576
2.658,956.88,8.25322561,2.0633064
2.659,957.24,8.25482817,2.06370704
2.66,957.6,8.25643074,2.06410768
2.661,957.96,8.2580333,2.06450833
2.662,958.32,8.25963586,2.06490897
2.663,958.68,8.26123843,2.06530961
2.664,959.04,8.26284099,2.06571025
2.665,959.4,8.26444356,2.06611089
2.666,959.76,8.26604612,2.06651153
2.667,960.12,8.26764869,2.06691217
2.668,960.48,8.26925125,2.06731281
2.669,960.84,8.27085381,2.06771345
2.67,961.2,8.27245638,2.06811409
2.671,961.56,8.27405894,2.06851474
2.672,961.92,8.27566151,2.06891538
2.673,962.28,8.27726407,2.06931602
2.674,962.64,8.27886663,2.06971666
2.675,963,8.2804692,2.0701173
2.676,963.36,8.28207176,2.07051794
2.677,963.72,8.28367433,2.07091858
2.678,964.08,8.28527689,2.07131922
2.679,964.44,8.28687945,2.07171986
2.68,964.8,8.28848202,2.0721205
2.681,965.16,8.29008458,2.07252115
2.682,965.52,8.29168715,2.07292179
2.683,965.88,8.29328971,2.07332243
2.684,966.24,8.29489227,2.07372307
2.685,966.6,8.29649484,2.07412371
2.686,966.96,8.2980974,2.07452435
2.687,967.32,8.29969997,2.07492499
2.688,967.68,8.30130253,2.07532563
2.689,968.04,8.3029051,2.07572627
2.69,968.4,8.30450766,2.07612691
2.691,968.76,8.30611022,2.07652756
2.692,969.12,8.30771279,2.0769282
2.693,969.48,8.30931535,2.07732884
2.694,969.84,8.31091792,2.07772948
2.695,970.2,8.31252048,2.07813012
2.696,970.56,8.31412304,2.07853076
2.697,970.92,8.31572561,2.0789314
2.698,971.28,8.31732817,2.07933204
2.699,971.64,8.31893074,2.07973268
2.7,972,8.3205333,2.08013333
2.701,972.36,8.32213586,2.08053397
2.702,972.72,8.32373843,2.08093461
2.703,973.08,8.32534099,2.08133525
2.704,973.44,8.32694356,2.08173589
2.705,973.8,8.32854612,2.08213653
2.706,974.16,8.33014869,2.08253717
2.707,974.52,8.33175125,2.08293781
2.708,974.88,8.33335381,2.08333845
2.709,975.24,8.33495638,2.08373909
2.71,975.6,8.33655894,2.08413974
2.711,975.96,8.33816151,2.08454038
2.712,976.32,8.33976407,2.08494102
2.713,976.68,8.34136663,2.08534166
2.714,977.04,8.3429692,2.0857423
2.715,977.4,8.34457176,2.08614294
2.716,977.76,8.34617433,2.08654358
2.717,978.12,8.34777689,2.08694422
2.718,978.48,8.34937945,2.08734486
2.719,978.84,8.35098202,2.0877455
2.72,979.2,8.35258458,2.08814615
2.721,979.56,8.35418715,2.08854679
2.722,979.92,8.35578971,2.08894743
2.723,980.28,8.35739227,2.08934807
2.724,980.64,8.35899484,2.08974871
2.725,981,8.3605974,2.09014935
2.726,981.36,8.36219997,2.09054999
2.727,981.72,8.36380253,2.09095063
2.728,982.08,8.3654051,2.09135127
2.729,982.44,8.36700766,2.09175191
2.73,982.8,8.36861022,2.09215256
2.731,983.16,8.37021279,2.0925532
2.732,983.52,8.37181535,2.09295384
2.733,983.88,8.37341792,2.09335448
2.734,984.24,8.37502048,2.09375512
2.735,984.6,8.37662304,2.09415576
2.736,984.96,8.37822561,2.0945564
2.737,985.32,8.37982817,2.09495704
2.738,985.68,8.38143074,2.09535768
2.739,986.04,8.3830333,2.09575833
2.74,986.4,8.38463586,2.09615897
2.741,986.76,8.38623843,2.09655961
2.742,987.12,8.38784099,2.09696025
2.743,987.48,8.38944356,2.09736089
2.744,987.84,8.39104612,2.09776153
2.745,988.2,8.39264869,2.09816217
2.746,988.56,8.39425125,2.09856281
2.747,988.92,8.39585381,2.09896345
2.748,989.28,8.39745638,2.09936409
2.749,989.64,8.39905894,2.09976474
2.75,990,8.40066151,2.10016538
2.751,990.36,8.40226407,2.10056602
2.752,990.72,8.40386663,2.10096666
2.753,991.08,8.4054692,2.1013673
2.754,991.44,8.40707176,2.10176794
2.755,991.8,8.40867433,2.10216858
2.756,992.16,8.41027689,2.10256922
2.757,992.52,8.41187945,2.10296986
2.758,992.88,8.41348202,2.1033705
2.759,993.24,8.41508458,2.10377115
2.76,993.6,8.41668715,2.10417179
2.761,993.96,8.41828971,2.10457243
2.762,994.32,8.41989227,2.10497307
2.763,994.68,8.42149484,2.10537371
2.764,995.04,8.4230974,2.10577435
2.765,995.4,8.42469997,2.10617499
2.766,995.76,8.42630253,2.10657563
2.767,996.12,8.4279051,2.10697627
2.768,996.48,8.42950766,2.10737691
2.769,996.84,8.43111022,2.10777756
2.77,997.2,8.43271279,2.1081782
2.771,997.56,8.43431535,2.10857884
2.772,997.92,8.43591792,2.10897948
2.773,998.28,8.43752048,2.10938012
2.774,998.64,8.43912304,2.10978076
2.775,999,8.44072561,2.1101814
2.776,999.36,8.44232817,2.11058204
2.777,999.72,8.44393074,2.11098268
2.778,1000.08,8.4455333,2.11138333
2.779,1000.44,8.44713586,2.11178397
2.78,1000.8,8.44873843,2.11218461
2.781,1001.16,8.45034099,2.11258525
2.782,1001.52,8.45194356,2.11298589
2.783,1001.88,8.45354612,2.11338653
2.784,1002.24,8.45514869,2.11378717
2.785,1002.6,8.45675125,2.11418781
2.786,1002.96,8.45835381,2.11458845
2.787,1003.32,8.45995638,2.11498909
2.788,1003.68,8.46155894,2.11538974
2.789,1004.04,8.46316151,2.11579038
2.79,1004.4,8.46476407,2.11619102
2.791,1004.76,8.46636663,2.11659166
2.792,1005.12,8.4679692,2.1169923
2.793,1005.48,8.46957176,2.11739294
2.794,1005.84,8.47117433,2.11779358
2.795,1006.2,8.47277689,2.11819422
2.796,1006.56,8.47437945,2.11859486
2.797,1006.92,8.47598202,2.1189955
2.798,1007.28,8.47758458,2.11939615
2.799,1007.64,8.47918715,2.11979679
2.8,1008,8.48078971,2.12019743
2.801,1008.36,8.48239227,2.12059807
2.802,1008.72,8.48399484,2.12099871
2.803,1009.08,8.4855974,2.12139935
2.804,1009.44,8.48719997,2.12179999
2.805,1009.8,8.48880253,2.12220063
2.806,1010.16,8.4904051,2.12260127
2.807,1010.52,8.49200766,2.12300191
2.808,1010.88,8.49361022,2.12340256
2.809,1011.24,8.49521279,2.1238032
2.81,1011.6,8.49681535,2.12420384
2.811,1011.96,8.49841792,2.12460448
2.812,1012.32,8.50002048,2.12500512
2.813,1012.68,8.50162304,2.12540576
2.814,1013.04,8.50322561,2.1258064
2.815,1013.4,8.50482817,2.12620704
2.816,1013.76,8.50643074,2.12660768
2.817,1014.12,8.5080333,2.12700833
2.818,1014.48,8.50963586,2.12740897
2.819,1014.84,8.51123843,2.12780961
2.82,1015.2,8.51284099,2.12821025
2.821,1015.56,8.51444356,2.12861089
2.822,1015.92,8.51604612,2.12901153
2.823,1016.28,8.51764869,2.12941217
2.824,1016.64,8.51925125,2.12981281
2.825,1017,8.52085381,2.13021345
2.826,1017.36,8.52245638,2.13061409
2.827,1017.72,8.52405894,2.13101474
2.828,1018.08,8.52566151,2.13141538
2.829,1018.44,8.52726407,2.13181602
2.83,1018.8,8.52886663,2.13221666
2.831,1019.16,8.5304692,2.1326173
2.832,1019.52,8.53207176,2.13301794
2.833,1019.88,8.53367433,2.13341858
2.834,1020.24,8.53527689,2.13381922
2.835,1020.6,8.53687945,2.13421986
2.836,1020.96,8.53848202,2.1346205
2.837,1021.32,8.54008458,2.13502115
2.838,1021.68,8.54168715,2.13542179
2.839,1022.04,8.54328971,2.13582243
2.84,1022.4,8.54489227,2.13622307
2.841,1022.76,8.54649484,2.13662371
2.842,1023.12,8.5480974,2.13702435
2.843,1023.48,8.54969997,2.13742499
2.844,1023.84,8.55130253,2.13782563
2.845,1024.2,8.5529051,2.13822627
2.846,1024.56,8.55450766,2.13862691
2.847,1024.92,8.55611022,2.13902756
2.848,1025.28,8.55771279,2.1394282
2.849,1025.64,8.55931535,2.13982884
2.85,1026,8.56091792,2.14022948
2.851,1026.36,8.56252048,2.14063012
2.852,1026.72,8.56412304,2.14103076
2.853,1027.08,8.56572561,2.1414314
2.854,1027.44,8.56732817,2.14183204
2.855,1027.8,8.56893074,2.14223268
2.856,1028.16,8.5705333,2.14263333
2.857,1028.52,8.57213586,2.14303397
2.858,1028.88,8.57373843,2.14343461
2.859,1029.24,8.57534099,2.14383525
2.86,1029.6,8.57694356,2.14423589
2.861,1029.96,8.57854612,2.14463653
2.862,1030.32,8.58014869,2.14503717
2.863,1030.68,8.58175125,2.14543781
2.864,1031.04,8.58335381,2.14583845
2.865,1031.4,8.58495638,2.14623909
2.866,1031.76,8.58655894,2.14663974
2.867,1032.12,8.58816151,2.14704038
2.868,1032.48,8.58976407,2.14744102
2.869,1032.84,8.59136663,2.14784166
2.87,1033.2,8.5929692,2.1482423
2.871,1033.56,8.59457176,2.14864294
2.872,1033.92,8.59617433,2.14904358
2.873,1034.28,8.59777689,2.14944422
2.874,1034.64,8.59937945,2.14984486
2.875,1035,8.60098202,2.1502455
2.876,1035.36,8.60258458,2.15064615
2.877,1035.72,8.60418715,2.15104679
2.878,1036.08,8.60578971,2.15144743
2.879,1036.44,8.60739227,2.15184807
2.88,1036.8,8.60899484,2.15224871
2.881,1037.16,8.6105974,2.15264935
2.882,1037.52,8.61219997,2.15304999
2.883,1037.88,8.61380253,2.15345063
2.884,1038.24,8.6154051,2.15385127
2.885,1038.6,8.61700766,2.15425191
2.886,1038.96,8.61861022,2.15465256
2.887,1039.32,8.62021279,2.1550532
2.888,1039.68,8.62181535,2.15545384
2.889,1040.04,8.62341792,2.15585448
2.89,1040.4,8.62502048,2.15625512
2.891,1040.76,8.62662304,2.15665576
2.892,1041.12,8.62822561,2.1570564
2.893,1041.48,8.62982817,2.15745704
2.894,1041.84,8.63143074,2.15785768
2.895,1042.2,8.6330333,2.15825833
2.896,1042.56,8.63463586,2.15865897
2.897,1042.92,8.63623843,2.15905961
2.898,1043.28,8.63784099,2.15946025
2.899,1043.64,8.63944356,2.15986089
2.9,1044,8.64104612,2.16026153
2.901,1044.36,8.64264869,2.16066217
2.902,1044.72,8.64425125,2.16106281
2.903,1045.08,8.64585381,2.16146345
2.904,1045.44,8.64745638,2.16186409
2.905,1045.8,8.64905894,2.16226474
2.906,1046.16,8.65066151,2.16266538
2.907,1046.52,8.65226407,2.16306602
2.908,1046.88,8.65386663,2.16346666
2.909,1047.24,8.6554692,2.1638673
2.91,1047.6,8.65707176,2.16426794
2.911,1047.96,8.65867433,2.16466858
2.912,1048.32,8.66027689,2.16506922
2.913,1048.68,8.66187945,2.16546986
2.914,1049.04,8.66348202,2.1658705
2.915,1049.4,8.66508458,2.16627115
2.916,1049.76,8.66668715,2.16667179
2.917,1050.12,8.66828971,2.16707243
2.918,1050.48,8.66989227,2.16747307
2.919,1050.84,8.67149484,2.16787371
2.92,1051.2,8.6730974,2.16827435
2.921,1051.56,8.67469997,2.16867499
2.922,1051.92,8.67630253,2.16907563
2.923,1052.28,8.6779051,2.16947627
2.924,1052.64,8.67950766,2.16987691
2.925,1053,8.68111022,2.17027756
2.926,1053.36,8.68271279,2.1706782
2.927,1053.72,8.68431535,2.17107884
2.928,1054.08,8.68591792,2.17147948
2.929,1054.44,8.68752048,2.17188012
2.93,1054.8,8.68912304,2.17228076
2.931,1055.16,8.69072561,2.1726814
2.932,1055.52,8.69232817,2.17308204
2.933,1055.88,8.69393074,2.17348268
2.934,1056.24,8.6955333,2.17388333
2.935,1056.6,8.69713586,2.17428397
2.936,1056.96,8.69873843,2.17468461
2.937,1057.32,8.70034099,2.17508525
2.938,1057.68,8.70194356,2.17548589
2.939,1058.04,8.70354612,2.17588653
2.94,1058.4,8.70514869,2.17628717
2.941,1058.76,8.70675125,2.17668781
2.942,1059.12,8.70835381,2.17708845
2.943,1059.48,8.70995638,2.17748909
2.944,1059.84,8.71155894,2.17788974
2.945,1060.2,8.71316151,2.17829038
2.946,1060.56,8.71476407,2.17869102
2.947,1060.92,8.71636663,2.17909166
2.948,1061.28,8.7179692,2.1794923
2.949,1061.64,8.71957176,2.17989294
2.95,1062,8.72117433,2.18029358
2.951,1062.36,8.72277689,2.18069422
2.952,1062.72,8.72437945,2.18109486
2.953,1063.08,8.72598202,2.1814955
2.954,1063.44,8.72758458,2.18189615
2.955,1063.8,8.72918715,2.18229679
2.956,1064.16,8.73078971,2.18269743
2.957,1064.52,8.73239227,2.18309807
2.958,1064.88,8.73399484,2.18349871
2.959,1065.24,8.7355974,2.18389935
2.96,1065.6,8.73719997,2.18429999
2.961,1065.96,8.73880253,2.18470063
2.962,1066.32,8.7404051,2.18510127
2.963,1066.68,8.74200766,2.18550191
2.964,1067.04,8.74361022,2.18590256
2.965,1067.4,8.74521279,2.1863032
2.966,1067.76,8.74681535,2.18670384
2.967,1068.12,8.74841792,2.18710448
2.968,1068.48,8.75002048,2.18750512
2.969,1068.84,8.75162304,2.18790576
2.97,1069.2,8.75322561,2.1883064
2.971,1069.56,8.75482817,2.18870704
2.972,1069.92,8.75643074,2.18910768
2.973,1070.28,8.7580333,2.18950833
2.974,1070.64,8.75963586,2.18990897
2.975,1071,8.76123843,2.19030961
2.976,1071.36,8.76284099,2.19071025
2.977,1071.72,8.76444356,2.19111089
2.978,1072.08,8.76604612,2.19151153
2.979,1072.44,8.76764869,2.19191217
2.98,1072.8,8.76925125,2.19231281
2.981,1073.16,8.77085381,2.19271345
2.982,1073.52,8.77245638,2.19311409
2.983,1073.88,8.77405894,2.19351474
2.984,1074.24,8.77566151,2.19391538
2.985,1074.6,8.77726407,2.19431602
2.986,1074.96,8.77886663,2.19471666
2.987,1075.32,8.7804692,2.1951173
2.988,1075.68,8.78207176,2.19551794
2.989,1076.04,8.78367433,2.19591858
2.99,1076.4,8.78527689,2.19631922
2.991,1076.76,8.78687945,2.19671986
2.992,1077.12,8.78848202,2.1971205
2.993,1077.48,8.79008458,2.19752115
2.994,1077.84,8.79168715,2.19792179
2.995,1078.2,8.79328971,2.19832243
2.996,1078.56,8.79489227,2.19872307
2.997,1078.92,8.79649484,2.19912371
2.998,1079.28,8.7980974,2.19952435
2.999,1079.64,8.79969997,2.19992499
3,1080,8.80130253,2.20032563
3.001,1080.36,8.8029051,2.20072627
3.002,1080.72,8.80450766,2.20112691
3.003,1081.08,8.80611022,2.20152756
3.004,1081.44,8.80771279,2.2019282
3.005,1081.8,8.80931535,2.20232884
3.006,1082.16,8.81091792,2.20272948
3.007,1082.52,8.81252048,2.20313012
3.008,1082.88,8.81412304,2.20353076
3.009,1083.24,8.81572561,2.2039314
3.01,1083.6,8.81732817,2.20433204
3.011,1083.96,8.81893074,2.20473268
3.012,1084.32,8.8205333,2.20513333
3.013,1084.68,8.82213586,2.20553397
3.014,1085.04,8.82373843,2.20593461
3.015,1085.4,8.82534099,2.20633525
3.016,1085.76,8.82694356,2.20673589
3.017,1086.12,8.82854612,2.20713653
3.018,1086.48,8.83014869,2.20753717
3.019,1086.84,8.83175125,2.20793781
3.02,1087.2,8.83335381,2.20833845
3.021,1087.56,8.83495638,2.20873909
3.022,1087.92,8.83655894,2.20913974
3.023,1088.28,8.83816151,2.20954038
3.024,1088.64,8.83976407,2.20994102
3.025,1089,8.84136663,2.21034166
3.026,1089.36,8.8429692,2.2107423
3.027,1089.72,8.84457176,2.21114294
3.028,1090.08,8.84617433,2.21154358
3.029,1090.44,8.84777689,2.21194422
3.03,1090.8,8.84937945,2.21234486
3.031,1091.16,8.85098202,2.2127455
3.032,1091.52,8.85258458,2.21314615
3.033,1091.88,8.85418715,2.21354679
3.034,1092.24,8.85578971,2.21394743
3.035,1092.6,8.85739227,2.21434807
3.036,1092.96,8.85899484,2.21474871
3.037,1093.32,8.8605974,2.21514935
3.038,1093.68,8.86219997,2.21554999
3.039,1094.04,8.86380253,2.21595063
3.04,1094.4,8.8654051,2.21635127
3.041,1094.76,8.86700766,2.21675191
3.042,1095.12,8.86861022,2.21715256
3.043,1095.48,8.87021279,2.2175532
3.044,1095.84,8.87181535,2.21795384
3.045,1096.2,8.87341792,2.21835448
3.046,1096.56,8.87502048,2.21875512
3.047,1096.92,8.87662304,2.21915576
3.048,1097.28,8.87822561,2.2195564
3.049,1097.64,8.87982817,2.21995704
3.05,1098,8.88143074,2.22035768
3.051,1098.36,8.8830333,2.22075833
3.052,1098.72,8.88463586,2.22115897
3.053,1099.08,8.88623843,2.22155961
3.054,1099.44,8.88784099,2.22196025
3.055,1099.8,8.88944356,2.22236089
3.056,1100.16,8.89104612,2.22276153
3.057,1100.52,8.89264869,2.22316217
3.058,1100.88,8.89425125,2.22356281
3.059,1101.24,8.89585381,2.22396345
3.06,1101.6,8.89745638,2.22436409
3.061,1101.96,8.89905894,2.22476474
3.062,1102.32,8.90066151,2.22516538
3.063,1102.68,8.90226407,2.22556602
3.064,1103.04,8.90386663,2.22596666
3.065,1103.4,8.9054692,2.2263673
3.066,1103.76,8.90707176,2.22676794
3.067,1104.12,8.90867433,2.22716858
3.068,1104.48,8.91027689,2.22756922
3.069,1104.84,8.91187945,2.22796986
3.07,1105.2,8.91348202,2.2283705
3.071,1105.56,8.91508458,2.22877115
3.072,1105.92,8.91668715,2.22917179
3.073,1106.28,8.91828971,2.22957243
3.074,1106.64,8.91989227,2.22997307
3.075,1107,8.92149484,2.23037371
3.076,1107.36,8.9230974,2.23077435
3.077,1107.72,8.92469997,2.23117499
3.078,1108.08,8.92630253,2.23157563
3.079,1108.44,8.9279051,2.23197627
3.08,1108.8,8.92950766,2.23237691
3.081,1109.16,8.93111022,2.23277756
3.082,1109.52,8.93271279,2.2331782
3.083,1109.88,8.93431535,2.23357884
3.084,1110.24,8.93591792,2.23397948
3.085,1110.6,8.93752048,2.23438012
3.086,1110.96,8.93912304,2.23478076
3.087,1111.32,8.94072561,2.2351814
3.088,1111.68,8.94232817,2.23558204
3.089,1112.04,8.94393074,2.23598268
3.09,1112.4,8.9455333,2.23638333
3.091,1112.76,8.94713586,2.23678397
3.092,1113.12,8.94873843,2.23718461
3.093,1113.48,8.95034099,2.23758525
3.094,1113.84,8.95194356,2.23798589
3.095,1114.2,8.95354612,2.23838653
3.096,1114.56,8.95514869,2.23878717
3.097,1114.92,8.95675125,2.23918781
3.098,1115.28,8.95835381,2.23958845
3.099,1115.64,8.95995638,2.23998909
3.1,1116,8.96155894,2.24038974
3.101,1116.36,8.96316151,2.24079038
3.102,1116.72,8.96476407,2.24119102
3.103,1117.08,8.96636663,2.24159166
3.104,1117.44,8.9679692,2.2419923
3.105,1117.8,8.96957176,2.24239294
3.106,1118.16,8.97117433,2.24279358
3.107,1118.52,8.97277689,2.24319422
3.108,1118.88,8.97437945,2.24359486
3.109,1119.24,8.97598202,2.2439955
3.11,1119.6,8.97758458,2.24439615
3.111,1119.96,8.97918715,2.24479679
3.112,1120.32,8.98078971,2.24519743
3.113,1120.68,8.98239227,2.24559807
3.114,1121.04,8.98399484,2.24599871
3.115,1121.4,8.9855974,2.24639935
3.116,1121.76,8.98719997,2.24679999
3.117,1122.12,8.98880253,2.24720063
3.118,1122.48,8.9904051,2.24760127
3.119,1122.84,8.99200766,2.24800191
3.12,1123.2,8.99361022,2.24840256
3.121,1123.56,8.99521279,2.2488032
3.122,1123.92,8.99681535,2.24920384
3.123,1124.28,8.99841792,2.24960448
3.124,1124.64,9.00002048,2.25000512
3.125,1125,9.00162304,2.25040576
3.126,1125.36,9.00322561,2.2508064
3.127,1125.72,9.00482817,2.25120704
3.128,1126.08,9.00643074,2.25160768
3.129,1126.44,9.0080333,2.25200833
3.13,1126.8,9.00963586,2.25240897
3.131,1127.16,9.01123843,2.25280961
3.132,1127.52,9.01284099,2.25321025
3.133,1127.88,9.01444356,2.25361089
3.134,1128.24,9.01604612,2.25401153
3.135,1128.6,9.01764869,2.25441217
3.136,1128.96,9.01925125,2.25481281
3.137,1129.32,9.02085381,2.25521345
3.138,1129.68,9.02245638,2.25561409
3.139,1130.04,9.02405894,2.25601474
3.14,1130.4,9.02566151,2.25641538
3.141,1130.76,9.02726407,2.25681602
3.142,1131.12,9.02886663,2.25721666
3.143,1131.48,9.0304692,2.2576173
3.144,1131.84,9.03207176,2.25801794
3.145,1132.2,9.03367433,2.25841858
3.146,1132.56,9.03527689,2.25881922
3.147,1132.92,9.03687945,2.25921986
3.148,1133.28,9.03848202,2.2596205
3.149,1133.64,9.04008458,2.26002115
3.15,1134,9.04168715,2.26042179
3.151,1134.36,9.04328971,2.26082243
3.152,1134.72,9.04489227,2.26122307
3.153,1135.08,9.04649484,2.26162371
3.154,1135.44,9.0480974,2.26202435
3.155,1135.8,9.04969997,2.26242499
3.156,1136.16,9.05130253,2.26282563
3.157,1136.52,9.0529051,2.26322627
3.158,1136.88,9.05450766,2.26362691
3.159,1137.24,9.05611022,2.26402756
3.16,1137.6,9.05771279,2.2644282
3.161,1137.96,9.05931535,2.26482884
3.162,1138.32,9.06091792,2.26522948
3.163,1138.68,9.06252048,2.26563012
3.164,1139.04,9.06412304,2.26603076
3.165,1139.4,9.06572561,2.2664314
3.166,1139.76,9.06732817,2.26683204
3.167,1140.12,9.06893074,2.26723268
3.168,1140.48,9.0705333,2.26763333
3.169,1140.84,9.07213586,2.26803397
3.17,1141.2,9.07373843,2.26843461
3.171,1141.56,9.07534099,2.26883525
3.172,1141.92,9.07694356,2.26923589
3.173,1142.28,9.07854612,2.26963653
3.174,1142.64,9.08014869,2.27003717
3.175,1143,9.08175125,2.27043781
3.176,1143.36,9.08335381,2.27083845
3.177,1143.72,9.08495638,2.27123909
3.178,1144.08,9.08655894,2.27163974
3.179,1144.44,9.08816151,2.27204038
3.18,1144.8,9.08976407,2.27244102
3.181,1145.16,9.09136663,2.27284166
3.182,1145.52,9.0929692,2.2732423
3.183,1145.88,9.09457176,2.27364294
3.184,1146.24,9.09617433,2.27404358
3.185,1146.6,9.09777689,2.27444422
3.186,1146.96,9.09937945,2.27484486
3.187,1147.32,9.10098202,2.2752455
3.188,1147.68,9.10258458,2.27564615
3.189,1148.04,9.10418715,2.27604679
3.19,1148.4,9.10578971,2.27644743
3.191,1148.76,9.10739227,2.27684807
3.192,1149.12,9.10899484,2.27724871
3.193,1149.48,9.1105974,2.27764935
3.194,1149.84,9.11219997,2.27804999
3.195,1150.2,9.11380253,2.27845063
3.196,1150.56,9.1154051,2.27885127
3.197,1150.92,9.11700766,2.27925191
3.198,1151.28,9.11861022,2.27965256
3.199,1151.64,9.12021279,2.2800532
3.2,1152,9.12181535,2.28045384
3.201,1152.36,9.12341792,2.28085448
3.202,1152.72,9.12502048,2.28125512
3.203,1153.08,9.12662304,2.28165576
3.204,1153.44,9.12822561,2.2820564
3.205,1153.8,9.12982817,2.28245704
3.206,1154.16,9.13143074,2.28285768
3.207,1154.52,9.1330333,2.28325833
3.208,1154.88,9.13463586,2.28365897
3.209,1155.24,9.13623843,2.28405961
3.21,1155.6,9.13784099,2.28446025
3.211,1155.96,9.13944356,2.28486089
3.212,1156.32,9.14104612,2.28526153
3.213,1156.68,9.14264869,2.28566217
3.214,1157.04,9.14425125,2.28606281
3.215,1157.4,9.14585381,2.28646345
3.216,1157.76,9.14745638,2.28686409
3.217,1158.12,9.14905894,2.28726474
3.218,1158.48,9.15066151,2.28766538
3.219,1158.84,9.15226407,2.28806602
3.22,1159.2,9.15386663,2.28846666
3.221,1159.56,9.1554692,2.2888673
3.222,1159.92,9.15707176,2.28926794
3.223,1160.28,9.15867433,2.28966858
3.224,1160.64,9.16027689,2.29006922
3.225,1161,9.16187945,2.29046986
3.226,1161.36,9.16348202,2.2908705
3.227,1161.72,9.16508458,2.29127115
3.228,1162.08,9.16668715,2.29167179
3.229,1162.44,9.16828971,2.29207243
3.23,1162.8,9.16989227,2.29247307
3.231,1163.16,9.17149484,2.29287371
3.232,1163.52,9.1730974,2.29327435
3.233,1163.88,9.17469997,2.29367499
3.234,1164.24,9.17630253,2.29407563
3.235,1164.6,9.1779051,2.29447627
3.236,1164.96,9.17950766,2.29487691
3.237,1165.32,9.18111022,2.29527756
3.238,1165.68,9.18271279,2.2956782
3.239,1166.04,9.18431535,2.29607884
3.24,1166.4,9.18591792,2.29647948
3.241,1166.76,9.18752048,2.29688012
3.242,1167.12,9.18912304,2.29728076
3.243,1167.48,9.19072561,2.2976814
3.244,1167.84,9.19232817,2.29808204
3.245,1168.2,9.19393074,2.29848268
3.246,1168.56,9.1955333,2.29888333
3.247,1168.92,9.19713586,2.29928397
3.248,1169.28,9.19873843,2.29968461
3.249,1169.64,9.20034099,2.30008525
3.25,1170,9.20194356,2.30048589
3.251,1170.36,9.20354612,2.30088653
3.252,1170.72,9.20514869,2.30128717
3.253,1171.08,9.20675125,2.30168781
3.254,1171.44,9.20835381,2.30208845
3.255,1171.8,9.20995638,2.30248909
3.256,1172.16,9.21155894,2.30288974
3.257,1172.52,9.21316151,2.30329038
3.258,1172.88,9.21476407,2.30369102
3.259,1173.24,9.21636663,2.30409166
3.26,1173.6,9.2179692,2.3044923
3.261,1173.96,9.21957176,2.30489294
3.262,1174.32,9.22117433,2.30529358
3.263,1174.68,9.22277689,2.30569422
3.264,1175.04,9.22437945,2.30609486
3.265,1175.4,9.22598202,2.3064955
3.266,1175.76,9.22758458,2.30689615
3.267,1176.12,9.22918715,2.30729679
3.268,1176.48,9.23078971,2.30769743
3.269,1176.84,9.23239227,2.30809807
3.27,1177.2,9.23399484,2.30849871
3.271,1177.56,9.2355974,2.30889935
3.272,1177.92,9.23719997,2.30929999
3.273,1178.28,9.23880253,2.30970063
3.274,1178.64,9.2404051,2.31010127
3.275,1179,9.24200766,2.31050191
3.276,1179.36,9.24361022,2.31090256
3.277,1179.72,9.24521279,2.3113032
3.278,1180.08,9.24681535,2.31170384
3.279,1180.44,9.24841792,2.31210448
3.28,1180.8,9.25002048,2.31250512
3.281,1181.16,9.25162304,2.31290576
3.282,1181.52,9.25322561,2.3133064
3.283,1181.88,9.25482817,2.31370704
3.284,1182.24,9.25643074,2.31410768
3.285,1182.6,9.2580333,2.31450833
3.286,1182.96,9.25963586,2.31490897
3.287,1183.32,9.26123843,2.31530961
3.288,1183.68,9.26284099,2.31571025
3.289,1184.04,9.26444356,2.31611089
3.29,1184.4,9.26604612,2.31651153
3.291,1184.76,9.26764869,2.31691217
3.292,1185.12,9.26925125,2.31731281
3.293,1185.48,9.27085381,2.31771345
3.294,1185.84,9.27245638,2.31811409
3.295,1186.2,9.27405894,2.31851474
3.296,1186.56,9.27566151,2.31891538
3.297,1186.92,9.27726407,2.31931602
3.298,1187.28,9.27886663,2.31971666
3.299,1187.64,9.2804692,2.3201173
3.3,1188,9.28207176,2.32051794
3.301,1188.36,9.28367433,2.32091858
3.302,1188.72,9.28527689,2.32131922
3.303,1189.08,9.28687945,2.32171986
3.304,1189.44,9.28848202,2.3221205
3.305,1189.8,9.29008458,2.32252115
3.306,1190.16,9.29168715,2.32292179
3.307,1190.52,9.29328971,2.32332243
3.308,1190.88,9.29489227,2.32372307
3.309,1191.24,9.29649484,2.32412371
3.31,1191.6,9.2980974,2.32452435
3.311,1191.96,9.29969997,2.32492499
3.312,1192.32,9.30130253,2.32532563
3.313,1192.68,9.3029051,2.32572627
3.314,1193.04,9.30450766,2.32612691
3.315,1193.4,9.30611022,2.32652756
3.316,1193.76,9.30771279,2.3269282
3.317,1194.12,9.30931535,2.32732884
3.318,1194.48,9.31091792,2.32772948
3.319,1194.84,9.31252048,2.32813012
3.32,1195.2,9.31412304,2.32853076
3.321,1195.56,9.31572561,2.3289314
3.322,1195.92,9.31732817,2.32933204
3.323,1196.28,9.31893074,2.32973268
3.324,1196.64,9.3205333,2.33013333
3.325,1197,9.32213586,2.33053397
3.326,1197.36,9.32373843,2.33093461
3.327,1197.72,9.32534099,2.33133525
3.328,1198.08,9.32694356,2.33173589
3.329,1198.44,9.32854612,2.33213653
3.33,1198.8,9.33014869,2.33253717
3.331,1199.16,9.33175125,2.33293781
3.332,1199.52,9.33335381,2.33333845
3.333,1199.88,9.33495638,2.33373909
3.334,1200.24,9.33655894,2.33413974
3.335,1200.6,9.33816151,2.33454038
3.336,1200.96,9.33976407,2.33494102
3.337,1201.32,9.34136663,2.33534166
3.338,1201.68,9.3429692,2.3357423
3.339,1202.04,9.34457176,2.33614294
3.34,1202.4,9.34617433,2.33654358
3.341,1202.76,9.34777689,2.33694422
3.342,1203.12,9.34937945,2.33734486
3.343,1203.48,9.35098202,2.3377455
3.344,1203.84,9.35258458,2.33814615
3.345,1204.2,9.35418715,2.33854679
3.346,1204.56,9.35578971,2.33894743
3.347,1204.92,9.35739227,2.33934807
3.348,1205.28,9.35899484,2.33974871
3.349,1205.64,9.3605974,2.34014935
3.35,1206,9.36219997,2.34054999
3.351,1206.36,9.36380253,2.34095063
3.352,1206.72,9.3654051,2.34135127
3.353,1207.08,9.36700766,2.34175191
3.354,1207.44,9.36861022,2.34215256
3.355,1207.8,9.37021279,2.3425532
3.356,1208.16,9.37181535,2.34295384
3.357,1208.52,9.37341792,2.34335448
3.358,1208.88,9.37502048,2.34375512
3.359,1209.24,9.37662304,2.34415576
3.36,1209.6,9.37822561,2.3445564
3.361,1209.96,9.37982817,2.34495704
3.362,1210.32,9.38143074,2.34535768
3.363,1210.68,9.3830333,2.34575833
3.364,1211.04,9.38463586,2.34615897
3.365,1211.4,9.38623843,2.34655961
3.366,1211.76,9.38784099,2.34696025
3.367,1212.12,9.38944356,2.34736089
3.368,1212.48,9.39104612,2.34776153
3.369,1212.84,9.39264869,2.34816217
3.37,1213.2,9.39425125,2.34856281
3.371,1213.56,9.39585381,2.34896345
3.372,1213.92,9.39745638,2.34936409
3.373,1214.28,9.39905894,2.34976474
3.374,1214.64,9.40066151,2.35016538
3.375,1215,9.40226407,2.35056602
3.376,1215.36,9.40386663,2.35096666
3.377,1215.72,9.4054692,2.3513673
3.378,1216.08,9.40707176,2.35176794
3.379,1216.44,9.40867433,2.35216858
3.38,1216.8,9.41027689,2.35256922
3.381,1217.16,9.41187945,2.35296986
3.382,1217.52,9.41348202,2.3533705
3.383,1217.88,9.41508458,2.35377115
3.384,1218.24,9.41668715,2.35417179
3.385,1218.6,9.41828971,2.35457243
3.386,1218.96,9.41989227,2.35497307
3.387,1219.32,9.42149484,2.35537371
3.388,1219.68,9.4230974,2.35577435
3.389,1220.04,9.42469997,2.35617499
3.39,1220.4,9.42630253,2.35657563
3.391,1220.76,9.4279051,2.35697627
3.392,1221.12,9.42950766,2.35737691
3.393,1221.48,9.43111022,2.35777756
3.394,1221.84,9.43271279,2.3581782
3.395,1222.2,9.43431535,2.35857884
3.396,1222.56,9.43591792,2.35897948
3.397,1222.92,9.43752048,2.35938012
3.398,1223.28,9.43912304,2.35978076
3.399,1223.64,9.44072561,2.3601814
3.4,1224,9.44232817,2.36058204
3.401,1224.36,9.44393074,2.36098268
3.402,1224.72,9.4455333,2.36138333
3.403,1225.08,9.44713586,2.36178397
3.404,1225.44,9.44873843,2.36218461
3.405,1225.8,9.45034099,2.36258525
3.406,1226.16,9.45194356,2.36298589
3.407,1226.52,9.45354612,2.36338653
3.408,1226.88,9.45514869,2.36378717
3.409,1227.24,9.45675125,2.36418781
3.41,1227.6,9.45835381,2.36458845
3.411,1227.96,9.45995638,2.36498909
3.412,1228.32,9.46155894,2.36538974
3.413,1228.68,9.46316151,2.36579038
3.414,1229.04,9.46476407,2.36619102
3.415,1229.4,9.46636663,2.36659166
3.416,1229.76,9.4679692,2.3669923
3.417,1230.12,9.46957176,2.36739294
3.418,1230.48,9.47117433,2.36779358
3.419,1230.84,9.47277689,2.36819422
3.42,1231.2,9.47437945,2.36859486
3.421,1231.56,9.47598202,2.3689955
3.422,1231.92,9.47758458,2.36939615
3.423,1232.28,9.47918715,2.36979679
3.424,1232.64,9.48078971,2.37019743
3.425,1233,9.48239227,2.37059807
3.426,1233.36,9.48399484,2.37099871
3.427,1233.72,9.4855974,2.37139935
3.428,1234.08,9.48719997,2.37179999
3.429,1234.44,9.48880253,2.37220063
3.43,1234.8,9.4904051,2.37260127
3.431,1235.16,9.49200766,2.37300191
3.432,1235.52,9.49361022,2.37340256
3.433,1235.88,9.49521279,2.3738032
3.434,1236.24,9.49681535,2.37420384
3.435,1236.6,9.49841792,2.37460448
3.436,1236.96,9.50002048,2.37500512
3.437,1237.32,9.50162304,2.37540576
3.438,1237.68,9.50322561,2.3758064
3.439,1238.04,9.50482817,2.37620704
3.44,1238.4,9.50643074,2.37660768
3.441,1238.76,9.5080333,2.37700833
3.442,1239.12,9.50963586,2.37740897
3.443,1239.48,9.51123843,2.37780961
3.444,1239.84,9.51284099,2.37821025
3.445,1240.2,9.51444356,2.37861089
3.446,1240.56,9.51604612,2.37901153
3.447,1240.92,9.51764869,2.37941217
3.448,1241.28,9.51925125,2.37981281
3.449,1241.64,9.52085381,2.38021345
3.45,1242,9.52245638,2.38061409
3.451,1242.36,9.52405894,2.38101474
3.452,1242.72,9.52566151,2.38141538
3.453,1243.08,9.52726407,2.38181602
3.454,1243.44,9.52886663,2.38221666
3.455,1243.8,9.5304692,2.3826173
3.456,1244.16,9.53207176,2.38301794
3.457,1244.52,9.53367433,2.38341858
3.458,1244.88,9.53527689,2.38381922
3.459,1245.24,9.53687945,2.38421986
3.46,1245.6,9.53848202,2.3846205
3.461,1245.96,9.54008458,2.38502115
3.462,1246.32,9.54168715,2.38542179
3.463,1246.68,9.54328971,2.38582243
3.464,1247.04,9.54489227,2.38622307
3.465,1247.4,9.54649484,2.38662371
3.466,1247.76,9.5480974,2.38702435
3.467,1248.12,9.54969997,2.38742499
3.468,1248.48,9.55130253,2.38782563
3.469,1248.84,9.5529051,2.38822627
3.47,1249.2,9.55450766,2.38862691
3.471,1249.56,9.55611022,2.38902756
3.472,1249.92,9.55771279,2.3894282
3.473,1250.28,9.55931535,2.38982884
3.474,1250.64,9.56091792,2.39022948
3.475,1251,9.56252048,2.39063012
3.476,1251.36,9.56412304,2.39103076
3.477,1251.72,9.56572561,2.3914314
3.478,1252.08,9.56732817,2.39183204
3.479,1252.44,9.56893074,2.39223268
3.48,1252.8,9.5705333,2.39263333
3.481,1253.16,9.57213586,2.39303397
3.482,1253.52,9.57373843,2.39343461
3.483,1253.88,9.57534099,2.39383525
3.484,1254.24,9.57694356,2.39423589
3.485,1254.6,9.57854612,2.39463653
3.486,1254.96,9.58014869,2.39503717
3.487,1255.32,9.58175125,2.39543781
3.488,1255.68,9.58335381,2.39583845
3.489,1256.04,9.58495638,2.39623909
3.49,1256.4,9.58655894,2.39663974
3.491,1256.76,9.58816151,2.39704038
3.492,1257.12,9.58976407,2.39744102
3.493,1257.48,9.59136663,2.39784166
3.494,1257.84,9.5929692,2.3982423
3.495,1258.2,9.59457176,2.39864294
3.496,1258.56,9.59617433,2.39904358
3.497,1258.92,9.59777689,2.39944422
3.498,1259.28,9.59937945,2.39984486
3.499,1259.64,9.60098202,2.4002455
3.5,1260,9.60258458,2.40064615
3.501,1260.36,9.60418715,2.40104679
3.502,1260.72,9.60578971,2.40144743
3.503,1261.08,9.60739227,2.40184807
3.504,1261.44,9.60899484,2.40224871
3.505,1261.8,9.6105974,2.40264935
3.506,1262.16,9.61219997,2.40304999
3.507,1262.52,9.61380253,2.40345063
3.508,1262.88,9.6154051,2.40385127
3.509,1263.24,9.61700766,2.40425191
3.51,1263.6,9.61861022,2.40465256
3.511,1263.96,9.62021279,2.4050532
3.512,1264.32,9.62181535,2.40545384
3.513,1264.68,9.62341792,2.40585448
3.514,1265.04,9.62502048,2.40625512
3.515,1265.4,9.62662304,2.40665576
3.516,1265.76,9.62822561,2.4070564
3.517,1266.12,9.62982817,2.40745704
3.518,1266.48,9.63143074,2.40785768
3.519,1266.84,9.6330333,2.40825833
3.52,1267.2,9.63463586,2.40865897
3.521,1267.56,9.63623843,2.40905961
3.522,1267.92,9.63784099,2.40946025
3.523,1268.28,9.63944356,2.40986089
3.524,1268.64,9.64104612,2.41026153
3.525,1269,9.64264869,2.41066217
3.526,1269.36,9.64425125,2.41106281
3.527,1269.72,9.64585381,2.41146345
3.528,1270.08,9.64745638,2.41186409
3.529,1270.44,9.64905894,2.41226474
3.53,1270.8,9.65066151,2.41266538
3.531,1271.16,9.65226407,2.41306602
3.532,1271.52,9.65386663,2.41346666
3.533,1271.88,9.6554692,2.4138673
3.534,1272.24,9.65707176,2.41426794
3.535,1272.6,9.65867433,2.41466858
3.536,1272.96,9.66027689,2.41506922
3.537,1273.32,9.66187945,2.41546986
3.538,1273.68,9.66348202,2.4158705
3.539,1274.04,9.66508458,2.41627115
3.54,1274.4,9.66668715,2.41667179
3.541,1274.76,9.66828971,2.41707243
3.542,1275.12,9.66989227,2.41747307
3.543,1275.48,9.67149484,2.41787371
3.544,1275.84,9.6730974,2.41827435
3.545,1276.2,9.67469997,2.41867499
3.546,1276.56,9.67630253,2.41907563
3.547,1276.92,9.6779051,2.41947627
3.548,1277.28,9.67950766,2.41987691
3.549,1277.64,9.68111022,2.42027756
3.55,1278,9.68271279,2.4206782
3.551,1278.36,9.68431535,2.42107884
3.552,1278.72,9.68591792,2.42147948
3.553,1279.08,9.68752048,2.42188012
3.554,1279.44,9.68912304,2.42228076
3.555,1279.8,9.69072561,2.4226814
3.556,1280.16,9.69232817,2.42308204
3.557,1280.52,9.69393074,2.42348268
3.558,1280.88,9.6955333,2.42388333
3.559,1281.24,9.69713586,2.42428397
3.56,1281.6,9.69873843,2.42468461
3.561,1281.96,9.70034099,2.42508525
3.562,1282.32,9.70194356,2.42548589
3.563,1282.68,9.70354612,2.42588653
3.564,1283.04,9.70514869,2.42628717
3.565,1283.4,9.70675125,2.42668781
3.566,1283.76,9.70835381,2.42708845
3.567,1284.12,9.70995638,2.42748909
3.568,1284.48,9.71155894,2.42788974
3.569,1284.84,9.71316151,2.42829038
3.57,1285.2,9.71476407,2.42869102
3.571,1285.56,9.71636663,2.42909166
3.572,1285.92,9.7179692,2.4294923
3.573,1286.28,9.71957176,2.42989294
3.574,1286.64,9.72117433,2.43029358
3.575,1287,9.72277689,2.43069422
3.576,1287.36,9.72437945,2.43109486
3.577,1287.72,9.72598202,2.4314955
3.578,1288.08,9.72758458,2.43189615
3.579,1288.44,9.72918715,2.43229679
3.58,1288.8,9.73078971,2.43269743
3.581,1289.16,9.73239227,2.43309807
3.582,1289.52,9.73399484,2.43349871
3.583,1289.88,9.7355974,2.43389935
3.584,1290.24,9.73719997,2.43429999
3.585,1290.6,9.73880253,2.43470063
3.586,1290.96,9.7404051,2.43510127
3.587,1291.32,9.74200766,2.43550191
3.588,1291.68,9.74361022,2.43590256
3.589,1292.04,9.74521279,2.4363032
3.59,1292.4,9.74681535,2.43670384
3.591,1292.76,9.74841792,2.43710448
3.592,1293.12,9.75002048,2.43750512
3.593,1293.48,9.75162304,2.43790576
3.594,1293.84,9.75322561,2.4383064
3.595,1294.2,9.75482817,2.43870704
3.596,1294.56,9.75643074,2.43910768
3.597,1294.92,9.7580333,2.43950833
3.598,1295.28,9.75963586,2.43990897
3.599,1295.64,9.76123843,2.44030961
3.6,1296,9.76284099,2.44071025
3.601,1296.36,9.76444356,2.44111089
3.602,1296.72,9.76604612,2.44151153
3.603,1297.08,9.76764869,2.44191217
3.604,1297.44,9.76925125,2.44231281
3.605,1297.8,9.77085381,2.44271345
3.606,1298.16,9.77245638,2.44311409
3.607,1298.52,9.77405894,2.44351474
3.608,1298.88,9.77566151,2.44391538
3.609,1299.24,9.77726407,2.44431602
3.61,1299.6,9.77886663,2.44471666
3.611,1299.96,9.7804692,2.4451173
3.612,1300.32,9.78207176,2.44551794
3.613,1300.68,9.78367433,2.44591858
3.614,1301.04,9.78527689,2.44631922
3.615,1301.4,9.78687945,2.44671986
3.616,1301.76,9.78848202,2.4471205
3.617,1302.12,9.79008458,2.44752115
3.618,1302.48,9.79168715,2.44792179
3.619,1302.84,9.79328971,2.44832243
3.62,1303.2,9.79489227,2.44872307
3.621,1303.56,9.79649484,2.44912371
3.622,1303.92,9.7980974,2.44952435
3.623,1304.28,9.79969997,2.44992499
3.624,1304.64,9.80130253,2.45032563
3.625,1305,9.8029051,2.45072627
3.626,1305.36,9.80450766,2.45112691
3.627,1305.72,9.80611022,2.45152756
3.628,1306.08,9.80771279,2.4519282
3.629,1306.44,9.80931535,2.45232884
3.63,1306.8,9.81091792,2.45272948
3.631,1307.16,9.81252048,2.45313012
3.632,1307.52,9.81412304,2.45353076
3.633,1307.88,9.81572561,2.4539314
3.634,1308.24,9.81732817,2.45433204
3.635,1308.6,9.81893074,2.45473268
3.636,1308.96,9.8205333,2.45513333
3.637,1309.32,9.82213586,2.45553397
3.638,1309.68,9.82373843,2.45593461
3.639,1310.04,9.82534099,2.45633525
3.64,1310.4,9.82694356,2.45673589
3.641,1310.76,9.82854612,2.45713653
3.642,1311.12,9.83014869,2.45753717
3.643,1311.48,9.83175125,2.45793781
3.644,1311.84,9.83335381,2.45833845
3.645,1312.2,9.83495638,2.45873909
3.646,1312.56,9.83655894,2.45913974
3.647,1312.92,9.83816151,2.45954038
3.648,1313.28,9.83976407,2.45994102
3.649,1313.64,9.84136663,2.46034166
3.65,1314,9.8429692,2.4607423
3.651,1314.36,9.84457176,2.46114294
3.652,1314.72,9.84617433,2.46154358
3.653,1315.08,9.84777689,2.46194422
3.654,1315.44,9.84937945,2.46234486
3.655,1315.8,9.85098202,2.4627455
3.656,1316.16,9.85258458,2.46314615
3.657,1316.52,9.85418715,2.46354679
3.658,1316.88,9.85578971,2.46394743
3.659,1317.24,9.85739227,2.46434807
3.66,1317.6,9.85899484,2.46474871
3.661,1317.96,9.8605974,2.46514935
3.662,1318.32,9.86219997,2.46554999
3.663,1318.68,9.86380253,2.46595063
3.664,1319.04,9.8654051,2.46635127
3.665,1319.4,9.86700766,2.46675191
3.666,1319.76,9.86861022,2.46715256
3.667,1320.12,9.87021279,2.4675532
3.668,1320.48,9.87181535,2.46795384
3.669,1320.84,9.87341792,2.46835448
3.67,1321.2,9.87502048,2.46875512
3.671,1321.56,9.87662304,2.46915576
3.672,1321.92,9.87822561,2.4695564
3.673,1322.28,9.87982817,2.46995704
3.674,1322.64,9.88143074,2.47035768
3.675,1323,9.8830333,2.47075833
3.676,1323.36,9.88463586,2.47115897
3.677,1323.72,9.88623843,2.47155961
3.678,1324.08,9.88784099,2.47196025
3.679,1324.44,9.88944356,2.47236089
3.68,1324.8,9.89104612,2.47276153
3.681,1325.16,9.89264869,2.47316217
3.682,1325.52,9.89425125,2.47356281
3.683,1325.88,9.89585381,2.47396345
3.684,1326.24,9.89745638,2.47436409
3.685,1326.6,9.89905894,2.47476474
3.686,1326.96,9.90066151,2.47516538
3.687,1327.32,9.90226407,2.47556602
3.688,1327.68,9.90386663,2.47596666
3.689,1328.04,9.9054692,2.4763673
3.69,1328.4,9.90707176,2.47676794
3.691,1328.76,9.90867433,2.47716858
3.692,1329.12,9.91027689,2.47756922
3.693,1329.48,9.91187945,2.47796986
3.694,1329.84,9.91348202,2.4783705
3.695,1330.2,9.91508458,2.47877115
3.696,1330.56,9.91668715,2.47917179
3.697,1330.92,9.91828971,2.47957243
3.698,1331.28,9.91989227,2.47997307
3.699,1331.64,9.92149484,2.48037371
3.7,1332,9.9230974,2.48077435
3.701,1332.36,9.92469997,2.48117499
3.702,1332.72,9.92630253,2.48157563
3.703,1333.08,9.9279051,2.48197627
3.704,1333.44,9.92950766,2.48237691
3.705,1333.8,9.93111022,2.48277756
3.706,1334.16,9.93271279,2.4831782
3.707,1334.52,9.93431535,2.48357884
3.708,1334.88,9.93591792,2.48397948
3.709,1335.24,9.93752048,2.48438012
3.71,1335.6,9.93912304,2.48478076
3.711,1335.96,9.94072561,2.4851814
3.712,1336.32,9.94232817,2.48558204
3.713,1336.68,9.94393074,2.48598268
3.714,1337.04,9.9455333,2.48638333
3.715,1337.4,9.94713586,2.48678397
3.716,1337.76,9.94873843,2.48718461
3.717,1338.12,9.95034099,2.48758525
3.718,1338.48,9.95194356,2.48798589
3.719,1338.84,9.95354612,2.48838653
3.72,1339.2,9.95514869,2.48878717
3.721,1339.56,9.95675125,2.48918781
3.722,1339.92,9.95835381,2.48958845
3.723,1340.28,9.95995638,2.48998909
3.724,1340.64,9.96155894,2.49038974
3.725,1341,9.96316151,2.49079038
3.726,1341.36,9.96476407,2.49119102
3.727,1341.72,9.96636663,2.49159166
3.728,1342.08,9.9679692,2.4919923
3.729,1342.44,9.96957176,2.49239294
3.73,1342.8,9.97117433,2.49279358
3.731,1343.16,9.97277689,2.49319422
3.732,1343.52,9.97437945,2.49359486
3.733,1343.88,9.97598202,2.4939955
3.734,1344.24,9.97758458,2.49439615
3.735,1344.6,9.97918715,2.49479679
3.736,1344.96,9.98078971,2.49519743
3.737,1345.32,9.98239227,2.49559807
3.738,1345.68,9.98399484,2.49599871
3.739,1346.04,9.9855974,2.49639935
3.74,1346.4,9.98719997,2.49679999
3.741,1346.76,9.98880253,2.49720063
3.742,1347.12,9.9904051,2.49760127
3.743,1347.48,9.99200766,2.49800191
3.744,1347.84,9.99361022,2.49840256
3.745,1348.2,9.99521279,2.4988032
3.746,1348.56,9.99681535,2.49920384
3.747,1348.92,9.99841792,2.49960448
3.748,1349.28,10.0000205,2.50000512
3.749,1349.64,10.001623,2.50040576
3.75,1350,10.0032256,2.5008064
3.751,1350.36,10.0048282,2.50120704
3.752,1350.72,10.0064307,2.50160768
3.753,1351.08,10.0080333,2.50200833
3.754,1351.44,10.0096359,2.50240897
3.755,1351.8,10.0112384,2.50280961
3.756,1352.16,10.012841,2.50321025
3.757,1352.52,10.0144436,2.50361089
3.758,1352.88,10.0160461,2.50401153
3.759,1353.24,10.0176487,2.50441217
3.76,1353.6,10.0192512,2.50481281
3.761,1353.96,10.0208538,2.50521345
3.762,1354.32,10.0224564,2.50561409
3.763,1354.68,10.0240589,2.50601474
3.764,1355.04,10.0256615,2.50641538
3.765,1355.4,10.0272641,2.50681602
3.766,1355.76,10.0288666,2.50721666
3.767,1356.12,10.0304692,2.5076173
3.768,1356.48,10.0320718,2.50801794
3.769,1356.84,10.0336743,2.50841858
3.77,1357.2,10.0352769,2.50881922
3.771,1357.56,10.0368795,2.50921986
3.772,1357.92,10.038482,2.5096205
3.773,1358.28,10.0400846,2.51002115
3.774,1358.64,10.0416871,2.51042179
3.775,1359,10.0432897,2.51082243
3.776,1359.36,10.0448923,2.51122307
3.777,1359.72,10.0464948,2.51162371
3.778,1360.08,10.0480974,2.51202435
3.779,1360.44,10.0497,2.51242499
3.78,1360.8,10.0513025,2.51282563
3.781,1361.16,10.0529051,2.51322627
3.782,1361.52,10.0545077,2.51362691
3.783,1361.88,10.0561102,2.51402756
3.784,1362.24,10.0577128,2.5144282
3.785,1362.6,10.0593154,2.51482884
3.786,1362.96,10.0609179,2.51522948
3.787,1363.32,10.0625205,2.51563012
3.788,1363.68,10.064123,2.51603076
3.789,1364.04,10.0657256,2.5164314
3.79,1364.4,10.0673282,2.51683204
3.791,1364.76,10.0689307,2.51723268
3.792,1365.12,10.0705333,2.51763333
3.793,1365.48,10.0721359,2.51803397
3.794,1365.84,10.0737384,2.51843461
3.795,1366.2,10.075341,2.51883525
3.796,1366.56,10.0769436,2.51923589
3.797,1366.92,10.0785461,2.51963653
3.798,1367.28,10.0801487,2.52003717
3.799,1367.64,10.0817512,2.52043781
3.8,1368,10.0833538,2.52083845
3.801,1368.36,10.0849564,2.52123909
3.802,1368.72,10.0865589,2.52163974
3.803,1369.08,10.0881615,2.52204038
3.804,1369.44,10.0897641,2.52244102
3.805,1369.8,10.0913666,2.52284166
3.806,1370.16,10.0929692,2.5232423
3.807,1370.52,10.0945718,2.52364294
3.808,1370.88,10.0961743,2.52404358
3.809,1371.24,10.0977769,2.52444422
3.81,1371.6,10.0993795,2.52484486
3.811,1371.96,10.100982,2.5252455
3.812,1372.32,10.1025846,2.52564615
3.813,1372.68,10.1041871,2.52604679
3.814,1373.04,10.1057897,2.52644743
3.815,1373.4,10.1073923,2.52684807
3.816,1373.76,10.1089948,2.52724871
3.817,1374.12,10.1105974,2.52764935
3.818,1374.48,10.1122,2.52804999
3.819,1374.84,10.1138025,2.52845063
3.82,1375.2,10.1154051,2.52885127
3.821,1375.56,10.1170077,2.52925191
3.822,1375.92,10.1186102,2.52965256
3.823,1376.28,10.1202128,2.5300532
3.824,1376.64,10.1218154,2.53045384
3.825,1377,10.1234179,2.53085448
3.826,1377.36,10.1250205,2.53125512
3.827,1377.72,10.126623,2.53165576
3.828,1378.08,10.1282256,2.5320564
3.829,1378.44,10.1298282,2.53245704
3.83,1378.8,10.1314307,2.53285768
3.831,1379.16,10.1330333,2.53325833
3.832,1379.52,10.1346359,2.53365897
3.833,1379.88,10.1362384,2.53405961
3.834,1380.24,10.137841,2.53446025
3.835,1380.6,10.1394436,2.53486089
3.836,1380.96,10.1410461,2.53526153
3.837,1381.32,10.1426487,2.53566217
3.838,1381.68,10.1442512,2.53606281
3.839,1382.04,10.1458538,2.53646345
3.84,1382.4,10.1474564,2.53686409
3.841,1382.76,10.1490589,2.53726474
3.842,1383.12,10.1506615,2.53766538
3.843,1383.48,10.1522641,2.53806602
3.844,1383.84,10.1538666,2.53846666
3.845,1384.2,10.1554692,2.5388673
3.846,1384.56,10.1570718,2.53926794
3.847,1384.92,10.1586743,2.53966858
3.848,1385.28,10.1602769,2.54006922
3.849,1385.64,10.1618795,2.54046986
3.85,1386,10.163482,2.5408705
3.851,1386.36,10.1650846,2.54127115
3.852,1386.72,10.1666871,2.54167179
3.853,1387.08,10.1682897,2.54207243
3.854,1387.44,10.1698923,2.54247307
3.855,1387.8,10.1714948,2.54287371
3.856,1388.16,10.1730974,2.54327435
3.857,1388.52,10.1747,2.54367499
3.858,1388.88,10.1763025,2.54407563
3.859,1389.24,10.1779051,2.54447627
3.86,1389.6,10.1795077,2.54487691
3.861,1389.96,10.1811102,2.54527756
3.862,1390.32,10.1827128,2.5456782
3.863,1390.68,10.1843154,2.54607884
3.864,1391.04,10.1859179,2.54647948
3.865,1391.4,10.1875205,2.54688012
3.866,1391.76,10.189123,2.54728076
3.867,1392.12,10.1907256,2.5476814
3.868,1392.48,10.1923282,2.54808204
3.869,1392.84,10.1939307,2.54848268
3.87,1393.2,10.1955333,2.54888333
3.871,1393.56,10.1971359,2.54928397
3.872,1393.92,10.1987384,2.54968461
3.873,1394.28,10.200341,2.55008525
3.874,1394.64,10.2019436,2.55048589
3.875,1395,10.2035461,2.55088653
3.876,1395.36,10.2051487,2.55128717
3.877,1395.72,10.2067512,2.55168781
3.878,1396.08,10.2083538,2.55208845
3.879,1396.44,10.2099564,2.55248909
3.88,1396.8,10.2115589,2.55288974
3.881,1397.16,10.2131615,2.55329038
3.882,1397.52,10.2147641,2.55369102
3.883,1397.88,10.2163666,2.55409166
3.884,1398.24,10.2179692,2.5544923
3.885,1398.6,10.2195718,2.55489294
3.886,1398.96,10.2211743,2.55529358
3.887,1399.32,10.2227769,2.55569422
3.888,1399.68,10.2243795,2.55609486
3.889,1400.04,10.225982,2.5564955
3.89,1400.4,10.2275846,2.55689615
3.891,1400.76,10.2291871,2.55729679
3.892,1401.12,10.2307897,2.55769743
3.893,1401.48,10.2323923,2.55809807
3.894,1401.84,10.2339948,2.55849871
3.895,1402.2,10.2355974,2.55889935
3.896,1402.56,10.2372,2.55929999
3.897,1402.92,10.2388025,2.55970063
3.898,1403.28,10.2404051,2.56010127
3.899,1403.64,10.2420077,2.56050191
3.9,1404,10.2436102,2.56090256
3.901,1404.36,10.2452128,2.5613032
3.902,1404.72,10.2468154,2.56170384
3.903,1405.08,10.2484179,2.56210448
3.904,1405.44,10.2500205,2.56250512
3.905,1405.8,10.251623,2.56290576
3.906,1406.16,10.2532256,2.5633064
3.907,1406.52,10.2548282,2.56370704
3.908,1406.88,10.2564307,2.56410768
3.909,1407.24,10.2580333,2.56450833
3.91,1407.6,10.2596359,2.56490897
3.911,1407.96,10.2612384,2.56530961
3.912,1408.32,10.262841,2.56571025
3.913,1408.68,10.2644436,2.56611089
3.914,1409.04,10.2660461,2.56651153
3.915,1409.4,10.2676487,2.56691217
3.916,1409.76,10.2692512,2.56731281
3.917,1410.12,10.2708538,2.56771345
3.918,1410.48,10.2724564,2.56811409
3.919,1410.84,10.2740589,2.56851474
3.92,1411.2,10.2756615,2.56891538
3.921,1411.56,10.2772641,2.56931602
3.922,1411.92,10.2788666,2.56971666
3.923,1412.28,10.2804692,2.5701173
3.924,1412.64,10.2820718,2.57051794
3.925,1413,10.2836743,2.57091858
3.926,1413.36,10.2852769,2.57131922
3.927,1413.72,10.2868795,2.57171986
3.928,1414.08,10.288482,2.5721205
3.929,1414.44,10.2900846,2.57252115
3.93,1414.8,10.2916871,2.57292179
3.931,1415.16,10.2932897,2.57332243
3.932,1415.52,10.2948923,2.57372307
3.933,1415.88,10.2964948,2.57412371
3.934,1416.24,10.2980974,2.57452435
3.935,1416.6,10.2997,2.57492499
3.936,1416.96,10.3013025,2.57532563
3.937,1417.32,10.3029051,2.57572627
3.938,1417.68,10.3045077,2.57612691
3.939,1418.04,10.3061102,2.57652756
3.94,1418.4,10.3077128,2.5769282
3.941,1418.76,10.3093154,2.57732884
3.942,1419.12,10.3109179,2.57772948
3.943,1419.48,10.3125205,2.57813012
3.944,1419.84,10.314123,2.57853076
3.945,1420.2,10.3157256,2.5789314
3.946,1420.56,10.3173282,2.57933204
3.947,1420.92,10.3189307,2.57973268
3.948,1421.28,10.3205333,2.58013333
3.949,1421.64,10.3221359,2.58053397
3.95,1422,10.3237384,2.58093461
3.951,1422.36,10.325341,2.58133525
3.952,1422.72,10.3269436,2.58173589
3.953,1423.08,10.3285461,2.58213653
3.954,1423.44,10.3301487,2.58253717
3.955,1423.8,10.3317512,2.58293781
3.956,1424.16,10.3333538,2.58333845
3.957,1424.52,10.3349564,2.58373909
3.958,1424.88,10.3365589,2.58413974
3.959,1425.24,10.3381615,2.58454038
3.96,1425.6,10.3397641,2.58494102
3.961,1425.96,10.3413666,2.58534166
3.962,1426.32,10.3429692,2.5857423
3.963,1426.68,10.3445718,2.58614294
3.964,1427.04,10.3461743,2.58654358
3.965,1427.4,10.3477769,2.58694422
3.966,1427.76,10.3493795,2.58734486
3.967,1428.12,10.350982,2.5877455
3.968,1428.48,10.3525846,2.58814615
3.969,1428.84,10.3541871,2.58854679
3.97,1429.2,10.3557897,2.58894743
3.971,1429.56,10.3573923,2.58934807
3.972,1429.92,10.3589948,2.58974871
3.973,1430.28,10.3605974,2.59014935
3.974,1430.64,10.3622,2.59054999
3.975,1431,10.3638025,2.59095063
3.976,1431.36,10.3654051,2.59135127
3.977,1431.72,10.3670077,2.59175191
3.978,1432.08,10.3686102,2.59215256
3.979,1432.44,10.3702128,2.5925532
3.98,1432.8,10.3718154,2.59295384
3.981,1433.16,10.3734179,2.59335448
3.982,1433.52,10.3750205,2.59375512
3.983,1433.88,10.376623,2.59415576
3.984,1434.24,10.3782256,2.5945564
3.985,1434.6,10.3798282,2.59495704
3.986,1434.96,10.3814307,2.59535768
3.987,1435.32,10.3830333,2.59575833
3.988,1435.68,10.3846359,2.59615897
3.989,1436.04,10.3862384,2.59655961
3.99,1436.4,10.387841,2.59696025
3.991,1436.76,10.3894436,2.59736089
3.992,1437.12,10.3910461,2.59776153
3.993,1437.48,10.3926487,2.59816217
3.994,1437.84,10.3942512,2.59856281
3.995,1438.2,10.3958538,2.59896345
3.996,1438.56,10.3974564,2.59936409
3.997,1438.92,10.3990589,2.59976474
3.998,1439.28,10.4006615,2.60016538
3.999,1439.64,10.4022641,2.60056602
4,1440,10.4038666,2.60096666
4.001,1440.36,10.4054692,2.6013673
4.002,1440.72,10.4070718,2.60176794
4.003,1441.08,10.4086743,2.60216858
4.004,1441.44,10.4102769,2.60256922
4.005,1441.8,10.4118795,2.60296986
4.006,1442.16,10.413482,2.6033705
4.007,1442.52,10.4150846,2.60377115
4.008,1442.88,10.4166871,2.60417179
4.009,1443.24,10.4182897,2.60457243
4.01,1443.6,10.4198923,2.60497307
4.011,1443.96,10.4214948,2.60537371
4.012,1444.32,10.4230974,2.60577435
4.013,1444.68,10.4247,2.60617499
4.014,1445.04,10.4263025,2.60657563
4.015,1445.4,10.4279051,2.60697627
4.016,1445.76,10.4295077,2.60737691
4.017,1446.12,10.4311102,2.60777756
4.018,1446.48,10.4327128,2.6081782
4.019,1446.84,10.4343154,2.60857884
4.02,1447.2,10.4359179,2.60897948
4.021,1447.56,10.4375205,2.60938012
4.022,1447.92,10.439123,2.60978076
4.023,1448.28,10.4407256,2.6101814
4.024,1448.64,10.4423282,2.61058204
4.025,1449,10.4439307,2.61098268
4.026,1449.36,10.4455333,2.61138333
4.027,1449.72,10.4471359,2.61178397
4.028,1450.08,10.4487384,2.61218461
4.029,1450.44,10.450341,2.61258525
4.03,1450.8,10.4519436,2.61298589
4.031,1451.16,10.4535461,2.61338653
4.032,1451.52,10.4551487,2.61378717
4.033,1451.88,10.4567512,2.61418781
4.034,1452.24,10.4583538,2.61458845
4.035,1452.6,10.4599564,2.61498909
4.036,1452.96,10.4615589,2.61538974
4.037,1453.32,10.4631615,2.61579038
4.038,1453.68,10.4647641,2.61619102
4.039,1454.04,10.4663666,2.61659166
4.04,1454.4,10.4679692,2.6169923
4.041,1454.76,10.4695718,2.61739294
4.042,1455.12,10.4711743,2.61779358
4.043,1455.48,10.4727769,2.61819422
4.044,1455.84,10.4743795,2.61859486
4.045,1456.2,10.475982,2.6189955
4.046,1456.56,10.4775846,2.61939615
4.047,1456.92,10.4791871,2.61979679
4.048,1457.28,10.4807897,2.62019743
4.049,1457.64,10.4823923,2.62059807
4.05,1458,10.4839948,2.62099871
4.051,1458.36,10.4855974,2.62139935
4.052,1458.72,10.4872,2.62179999
4.053,1459.08,10.4888025,2.62220063
4.054,1459.44,10.4904051,2.62260127
4.055,1459.8,10.4920077,2.62300191
4.056,1460.16,10.4936102,2.62340256
4.057,1460.52,10.4952128,2.6238032
4.058,1460.88,10.4968154,2.62420384
4.059,1461.24,10.4984179,2.62460448
4.06,1461.6,10.5000205,2.62500512
4.061,1461.96,10.501623,2.62540576
4.062,1462.32,10.5032256,2.6258064
4.063,1462.68,10.5048282,2.62620704
4.064,1463.04,10.5064307,2.62660768
4.065,1463.4,10.5080333,2.62700833
4.066,1463.76,10.5096359,2.62740897
4.067,1464.12,10.5112384,2.62780961
4.068,1464.48,10.512841,2.62821025
4.069,1464.84,10.5144436,2.62861089
4.07,1465.2,10.5160461,2.62901153
4.071,1465.56,10.5176487,2.62941217
4.072,1465.92,10.5192512,2.62981281
4.073,1466.28,10.5208538,2.63021345
4.074,1466.64,10.5224564,2.63061409
4.075,1467,10.5240589,2.63101474
4.076,1467.36,10.5256615,2.63141538
4.077,1467.72,10.5272641,2.63181602
4.078,1468.08,10.5288666,2.63221666
4.079,1468.44,10.5304692,2.6326173
4.08,1468.8,10.5320718,2.63301794
4.081,1469.16,10.5336743,2.63341858
4.082,1469.52,10.5352769,2.63381922
4.083,1469.88,10.5368795,2.63421986
4.084,1470.24,10.538482,2.6346205
4.085,1470.6,10.5400846,2.63502115
4.086,1470.96,10.5416871,2.63542179
4.087,1471.32,10.5432897,2.63582243
4.088,1471.68,10.5448923,2.63622307
4.089,1472.04,10.5464948,2.63662371
4.09,1472.4,10.5480974,2.63702435
4.091,1472.76,10.5497,2.63742499
4.092,1473.12,10.5513025,2.63782563
4.093,1473.48,10.5529051,2.63822627
4.094,1473.84,10.5545077,2.63862691
4.095,1474.2,10.5561102,2.63902756
4.096,1474.56,10.5577128,2.6394282
4.097,1474.92,10.5593154,2.63982884
4.098,1475.28,10.5609179,2.64022948
4.099,1475.64,10.5625205,2.64063012
4.1,1476,10.564123,2.64103076
4.101,1476.36,10.5657256,2.6414314
4.102,1476.72,10.5673282,2.64183204
4.103,1477.08,10.5689307,2.64223268
4.104,1477.44,10.5705333,2.64263333
4.105,1477.8,10.5721359,2.64303397
4.106,1478.16,10.5737384,2.64343461
4.107,1478.52,10.575341,2.64383525
4.108,1478.88,10.5769436,2.64423589
4.109,1479.24,10.5785461,2.64463653
4.11,1479.6,10.5801487,2.64503717
4.111,1479.96,10.5817512,2.64543781
4.112,1480.32,10.5833538,2.64583845
4.113,1480.68,10.5849564,2.64623909
4.114,1481.04,10.5865589,2.64663974
4.115,1481.4,10.5881615,2.64704038
4.116,1481.76,10.5897641,2.64744102
4.117,1482.12,10.5913666,2.64784166
4.118,1482.48,10.5929692,2.6482423
4.119,1482.84,10.5945718,2.64864294
4.12,1483.2,10.5961743,2.64904358
4.121,1483.56,10.5977769,2.64944422
4.122,1483.92,10.5993795,2.64984486
4.123,1484.28,10.600982,2.6502455
4.124,1484.64,10.6025846,2.65064615
4.125,1485,10.6041871,2.65104679
4.126,1485.36,10.6057897,2.65144743
4.127,1485.72,10.6073923,2.65184807
4.128,1486.08,10.6089948,2.65224871
4.129,1486.44,10.6105974,2.65264935
4.13,1486.8,10.6122,2.65304999
4.131,1487.16,10.6138025,2.65345063
4.132,1487.52,10.6154051,2.65385127
4.133,1487.88,10.6170077,2.65425191
4.134,1488.24,10.6186102,2.65465256
4.135,1488.6,10.6202128,2.6550532
4.136,1488.96,10.6218154,2.65545384
4.137,1489.32,10.6234179,2.65585448
4.138,1489.68,10.6250205,2.65625512
4.139,1490.04,10.626623,2.65665576
4.14,1490.4,10.6282256,2.6570564
4.141,1490.76,10.6298282,2.65745704
4.142,1491.12,10.6314307,2.65785768
4.143,1491.48,10.6330333,2.65825833
4.144,1491.84,10.6346359,2.65865897
4.145,1492.2,10.6362384,2.65905961
4.146,1492.56,10.637841,2.65946025
4.147,1492.92,10.6394436,2.65986089
4.148,1493.28,10.6410461,2.66026153
4.149,1493.64,10.6426487,2.66066217
4.15,1494,10.6442512,2.66106281
4.151,1494.36,10.6458538,2.66146345
4.152,1494.72,10.6474564,2.66186409
4.153,1495.08,10.6490589,2.66226474
4.154,1495.44,10.6506615,2.66266538
4.155,1495.8,10.6522641,2.66306602
4.156,1496.16,10.6538666,2.66346666
4.157,1496.52,10.6554692,2.6638673
4.158,1496.88,10.6570718,2.66426794
4.159,1497.24,10.6586743,2.66466858
4.16,1497.6,10.6602769,2.66506922
4.161,1497.96,10.6618795,2.66546986
4.162,1498.32,10.663482,2.6658705
4.163,1498.68,10.6650846,2.66627115
4.164,1499.04,10.6666871,2.66667179
4.165,1499.4,10.6682897,2.66707243
4.166,1499.76,10.6698923,2.66747307
4.167,1500.12,10.6714948,2.66787371
4.168,1500.48,10.6730974,2.66827435
4.169,1500.84,10.6747,2.66867499
4.17,1501.2,10.6763025,2.66907563
4.171,1501.56,10.6779051,2.66947627
4.172,1501.92,10.6795077,2.66987691
4.173,1502.28,10.6811102,2.67027756
4.174,1502.64,10.6827128,2.6706782
4.175,1503,10.6843154,2.67107884
4.176,1503.36,10.6859179,2.67147948
4.177,1503.72,10.6875205,2.67188012
4.178,1504.08,10.689123,2.67228076
4.179,1504.44,10.6907256,2.6726814
4.18,1504.8,10.6923282,2.67308204
4.181,1505.16,10.6939307,2.67348268
4.182,1505.52,10.6955333,2.67388333
4.183,1505.88,10.6971359,2.67428397
4.184,1506.24,10.6987384,2.67468461
4.185,1506.6,10.700341,2.67508525
4.186,1506.96,10.7019436,2.67548589
4.187,1507.32,10.7035461,2.67588653
4.188,1507.68,10.7051487,2.67628717
4.189,1508.04,10.7067512,2.67668781
4.19,1508.4,10.7083538,2.67708845
4.191,1508.76,10.7099564,2.67748909
4.192,1509.12,10.7115589,2.67788974
4.193,1509.48,10.7131615,2.67829038
4.194,1509.84,10.7147641,2.67869102
4.195,1510.2,10.7163666,2.67909166
4.196,1510.56,10.7179692,2.6794923
4.197,1510.92,10.7195718,2.67989294
4.198,1511.28,10.7211743,2.68029358
4.199,1511.64,10.7227769,2.68069422
4.2,1512,10.7243795,2.68109486
4.201,1512.36,10.725982,2.6814955
4.202,1512.72,10.7275846,2.68189615
4.203,1513.08,10.7291871,2.68229679
4.204,1513.44,10.7307897,2.68269743
4.205,1513.8,10.7323923,2.68309807
4.206,1514.16,10.7339948,2.68349871
4.207,1514.52,10.7355974,2.68389935
4.208,1514.88,10.7372,2.68429999
4.209,1515.24,10.7388025,2.68470063
4.21,1515.6,10.7404051,2.68510127
4.211,1515.96,10.7420077,2.68550191
4.212,1516.32,10.7436102,2.68590256
4.213,1516.68,10.7452128,2.6863032
4.214,1517.04,10.7468154,2.68670384
4.215,1517.4,10.7484179,2.68710448
4.216,1517.76,10.7500205,2.68750512
4.217,1518.12,10.751623,2.68790576
4.218,1518.48,10.7532256,2.6883064
4.219,1518.84,10.7548282,2.68870704
4.22,1519.2,10.7564307,2.68910768
4.221,1519.56,10.7580333,2.68950833
4.222,1519.92,10.7596359,2.68990897
4.223,1520.28,10.7612384,2.69030961
4.224,1520.64,10.762841,2.69071025
4.225,1521,10.7644436,2.69111089
4.226,1521.36,10.7660461,2.69151153
4.227,1521.72,10.7676487,2.69191217
4.228,1522.08,10.7692512,2.69231281
4.229,1522.44,10.7708538,2.69271345
4.23,1522.8,10.7724564,2.69311409
4.231,1523.16,10.7740589,2.69351474
4.232,1523.52,10.7756615,2.69391538
4.233,1523.88,10.7772641,2.69431602
4.234,1524.24,10.7788666,2.69471666
4.235,1524.6,10.7804692,2.6951173
4.236,1524.96,10.7820718,2.69551794
4.237,1525.32,10.7836743,2.69591858
4.238,1525.68,10.7852769,2.69631922
4.239,1526.04,10.7868795,2.69671986
4.24,1526.4,10.788482,2.6971205
4.241,1526.76,10.7900846,2.69752115
4.242,1527.12,10.7916871,2.69792179
4.243,1527.48,10.7932897,2.69832243
4.244,1527.84,10.7948923,2.69872307
4.245,1528.2,10.7964948,2.69912371
4.246,1528.56,10.7980974,2.69952435
4.247,1528.92,10.7997,2.69992499
4.248,1529.28,10.8013025,2.70032563
4.249,1529.64,10.8029051,2.70072627
4.25,1530,10.8045077,2.70112691
4.251,1530.36,10.8061102,2.70152756
4.252,1530.72,10.8077128,2.7019282
4.253,1531.08,10.8093154,2.70232884
4.254,1531.44,10.8109179,2.70272948
4.255,1531.8,10.8125205,2.70313012
4.256,1532.16,10.814123,2.70353076
4.257,1532.52,10.8157256,2.7039314
4.258,1532.88,10.8173282,2.70433204
4.259,1533.24,10.8189307,2.70473268
4.26,1533.6,10.8205333,2.70513333
4.261,1533.96,10.8221359,2.70553397
4.262,1534.32,10.8237384,2.70593461
4.263,1534.68,10.825341,2.70633525
4.264,1535.04,10.8269436,2.70673589
4.265,1535.4,10.8285461,2.70713653
4.266,1535.76,10.8301487,2.70753717
4.267,1536.12,10.8317512,2.70793781
4.268,1536.48,10.8333538,2.70833845
4.269,1536.84,10.8349564,2.70873909
4.27,1537.2,10.8365589,2.70913974
4.271,1537.56,10.8381615,2.70954038
4.272,1537.92,10.8397641,2.70994102
4.273,1538.28,10.8413666,2.71034166
4.274,1538.64,10.8429692,2.7107423
4.275,1539,10.8445718,2.71114294
4.276,1539.36,10.8461743,2.71154358
4.277,1539.72,10.8477769,2.71194422
4.278,1540.08,10.8493795,2.71234486
4.279,1540.44,10.850982,2.7127455
4.28,1540.8,10.8525846,2.71314615
4.281,1541.16,10.8541871,2.71354679
4.282,1541.52,10.8557897,2.71394743
4.283,1541.88,10.8573923,2.71434807
4.284,1542.24,10.8589948,2.71474871
4.285,1542.6,10.8605974,2.71514935
4.286,1542.96,10.8622,2.71554999
4.287,1543.32,10.8638025,2.71595063
4.288,1543.68,10.8654051,2.71635127
4.289,1544.04,10.8670077,2.71675191
4.29,1544.4,10.8686102,2.71715256
4.291,1544.76,10.8702128,2.7175532
4.292,1545.12,10.8718154,2.71795384
4.293,1545.48,10.8734179,2.71835448
4.294,1545.84,10.8750205,2.71875512
4.295,1546.2,10.876623,2.71915576
4.296,1546.56,10.8782256,2.7195564
4.297,1546.92,10.8798282,2.71995704
4.298,1547.28,10.8814307,2.72035768
4.299,1547.64,10.8830333,2.72075833
4.3,1548,10.8846359,2.72115897
4.301,1548.36,10.8862384,2.72155961
4.302,1548.72,10.887841,2.72196025
4.303,1549.08,10.8894436,2.72236089
4.304,1549.44,10.8910461,2.72276153
4.305,1549.8,10.8926487,2.72316217
4.306,1550.16,10.8942512,2.72356281
4.307,1550.52,10.8958538,2.72396345
4.308,1550.88,10.8974564,2.72436409
4.309,1551.24,10.8990589,2.72476474
4.31,1551.6,10.9006615,2.72516538
4.311,1551.96,10.9022641,2.72556602
4.312,1552.32,10.9038666,2.72596666
4.313,1552.68,10.9054692,2.7263673
4.314,1553.04,10.9070718,2.72676794
4.315,1553.4,10.9086743,2.72716858
4.316,1553.76,10.9102769,2.72756922
4.317,1554.12,10.9118795,2.72796986
4.318,1554.48,10.913482,2.7283705
4.319,1554.84,10.9150846,2.72877115
4.32,1555.2,10.9166871,2.72917179
4.321,1555.56,10.9182897,2.72957243
4.322,1555.92,10.9198923,2.72997307
4.323,1556.28,10.9214948,2.73037371
4.324,1556.64,10.9230974,2.73077435
4.325,1557,10.9247,2.73117499
4.326,1557.36,10.9263025,2.73157563
4.327,1557.72,10.9279051,2.73197627
4.328,1558.08,10.9295077,2.73237691
4.329,1558.44,10.9311102,2.73277756
4.33,1558.8,10.9327128,2.7331782
4.331,1559.16,10.9343154,2.73357884
4.332,1559.52,10.9359179,2.73397948
4.333,1559.88,10.9375205,2.73438012
4.334,1560.24,10.939123,2.73478076
4.335,1560.6,10.9407256,2.7351814
4.336,1560.96,10.9423282,2.73558204
4.337,1561.32,10.9439307,2.73598268
4.338,1561.68,10.9455333,2.73638333
4.339,1562.04,10.9471359,2.73678397
4.34,1562.4,10.9487384,2.73718461
4.341,1562.76,10.950341,2.73758525
4.342,1563.12,10.9519436,2.73798589
4.343,1563.48,10.9535461,2.73838653
4.344,1563.84,10.9551487,2.73878717
4.345,1564.2,10.9567512,2.73918781
4.346,1564.56,10.9583538,2.73958845
4.347,1564.92,10.9599564,2.73998909
4.348,1565.28,10.9615589,2.74038974
4.349,1565.64,10.9631615,2.74079038
4.35,1566,10.9647641,2.74119102
4.351,1566.36,10.9663666,2.74159166
4.352,1566.72,10.9679692,2.7419923
4.353,1567.08,10.9695718,2.74239294
4.354,1567.44,10.9711743,2.74279358
4.355,1567.8,10.9727769,2.74319422
4.356,1568.16,10.9743795,2.74359486
4.357,1568.52,10.975982,2.7439955
4.358,1568.88,10.9775846,2.74439615
4.359,1569.24,10.9791871,2.74479679
4.36,1569.6,10.9807897,2.74519743
4.361,1569.96,10.9823923,2.74559807
4.362,1570.32,10.9839948,2.74599871
4.363,1570.68,10.9855974,2.74639935
4.364,1571.04,10.9872,2.74679999
4.365,1571.4,10.9888025,2.74720063
4.366,1571.76,10.9904051,2.74760127
4.367,1572.12,10.9920077,2.74800191
4.368,1572.48,10.9936102,2.74840256
4.369,1572.84,10.9952128,2.7488032
4.37,1573.2,10.9968154,2.74920384
4.371,1573.56,10.9984179,2.74960448
4.372,1573.92,11.0000205,2.75000512
4.373,1574.28,11.001623,2.75040576
4.374,1574.64,11.0032256,2.7508064
4.375,1575,11.0048282,2.75120704
4.376,1575.36,11.0064307,2.75160768
4.377,1575.72,11.0080333,2.75200833
4.378,1576.08,11.0096359,2.75240897
4.379,1576.44,11.0112384,2.75280961
4.38,1576.8,11.012841,2.75321025
4.381,1577.16,11.0144436,2.75361089
4.382,1577.52,11.0160461,2.75401153
4.383,1577.88,11.0176487,2.75441217
4.384,1578.24,11.0192512,2.75481281
4.385,1578.6,11.0208538,2.75521345
4.386,1578.96,11.0224564,2.75561409
4.387,1579.32,11.0240589,2.75601474
4.388,1579.68,11.0256615,2.75641538
4.389,1580.04,11.0272641,2.75681602
4.39,1580.4,11.0288666,2.75721666
4.391,1580.76,11.0304692,2.7576173
4.392,1581.12,11.0320718,2.75801794
4.393,1581.48,11.0336743,2.75841858
4.394,1581.84,11.0352769,2.75881922
4.395,1582.2,11.0368795,2.75921986
4.396,1582.56,11.038482,2.7596205
4.397,1582.92,11.0400846,2.76002115
4.398,1583.28,11.0416871,2.76042179
4.399,1583.64,11.0432897,2.76082243
4.4,1584,11.0448923,2.76122307
4.401,1584.36,11.0464948,2.76162371
4.402,1584.72,11.0480974,2.76202435
4.403,1585.08,11.0497,2.76242499
4.404,1585.44,11.0513025,2.76282563
4.405,1585.8,11.0529051,2.76322627
4.406,1586.16,11.0545077,2.76362691
4.407,1586.52,11.0561102,2.76402756
4.408,1586.88,11.0577128,2.7644282
4.409,1587.24,11.0593154,2.76482884
4.41,1587.6,11.0609179,2.76522948
4.411,1587.96,11.0625205,2.76563012
4.412,1588.32,11.064123,2.76603076
4.413,1588.68,11.0657256,2.7664314
4.414,1589.04,11.0673282,2.76683204
4.415,1589.4,11.0689307,2.76723268
4.416,1589.76,11.0705333,2.76763333
4.417,1590.12,11.0721359,2.76803397
4.418,1590.48,11.0737384,2.76843461
4.419,1590.84,11.075341,2.76883525
4.42,1591.2,11.0769436,2.76923589
4.421,1591.56,11.0785461,2.76963653
4.422,1591.92,11.0801487,2.77003717
4.423,1592.28,11.0817512,2.77043781
4.424,1592.64,11.0833538,2.77083845
4.425,1593,11.0849564,2.77123909
4.426,1593.36,11.0865589,2.77163974
4.427,1593.72,11.0881615,2.77204038
4.428,1594.08,11.0897641,2.77244102
4.429,1594.44,11.0913666,2.77284166
4.43,1594.8,11.0929692,2.7732423
4.431,1595.16,11.0945718,2.77364294
4.432,1595.52,11.0961743,2.77404358
4.433,1595.88,11.0977769,2.77444422
4.434,1596.24,11.0993795,2.77484486
4.435,1596.6,11.100982,2.7752455
4.436,1596.96,11.1025846,2.77564615
4.437,1597.32,11.1041871,2.77604679
4.438,1597.68,11.1057897,2.77644743
4.439,1598.04,11.1073923,2.77684807
4.44,1598.4,11.1089948,2.77724871
4.441,1598.76,11.1105974,2.77764935
4.442,1599.12,11.1122,2.77804999
4.443,1599.48,11.1138025,2.77845063
4.444,1599.84,11.1154051,2.77885127
4.445,1600.2,11.1170077,2.77925191
4.446,1600.56,11.1186102,2.77965256
4.447,1600.92,11.1202128,2.7800532
4.448,1601.28,11.1218154,2.78045384
4.449,1601.64,11.1234179,2.78085448
4.45,1602,11.1250205,2.78125512
4.451,1602.36,11.126623,2.78165576
4.452,1602.72,11.1282256,2.7820564
4.453,1603.08,11.1298282,2.78245704
4.454,1603.44,11.1314307,2.78285768
4.455,1603.8,11.1330333,2.78325833
4.456,1604.16,11.1346359,2.78365897
4.457,1604.52,11.1362384,2.78405961
4.458,1604.88,11.137841,2.78446025
4.459,1605.24,11.1394436,2.78486089
4.46,1605.6,11.1410461,2.78526153
4.461,1605.96,11.1426487,2.78566217
4.462,1606.32,11.1442512,2.78606281
4.463,1606.68,11.1458538,2.78646345
4.464,1607.04,11.1474564,2.78686409
4.465,1607.4,11.1490589,2.78726474
4.466,1607.76,11.1506615,2.78766538
4.467,1608.12,11.1522641,2.78806602
4.468,1608.48,11.1538666,2.78846666
4.469,1608.84,11.1554692,2.7888673
4.47,1609.2,11.1570718,2.78926794
4.471,1609.56,11.1586743,2.78966858
4.472,1609.92,11.1602769,2.79006922
4.473,1610.28,11.1618795,2.79046986
4.474,1610.64,11.163482,2.7908705
4.475,1611,11.1650846,2.79127115
4.476,1611.36,11.1666871,2.79167179
4.477,1611.72,11.1682897,2.79207243
4.478,1612.08,11.1698923,2.79247307
4.479,1612.44,11.1714948,2.79287371
4.48,1612.8,11.1730974,2.79327435
4.481,1613.16,11.1747,2.79367499
4.482,1613.52,11.1763025,2.79407563
4.483,1613.88,11.1779051,2.79447627
4.484,1614.24,11.1795077,2.79487691
4.485,1614.6,11.1811102,2.79527756
4.486,1614.96,11.1827128,2.7956782
4.487,1615.32,11.1843154,2.79607884
4.488,1615.68,11.1859179,2.79647948
4.489,1616.04,11.1875205,2.79688012
4.49,1616.4,11.189123,2.79728076
4.491,1616.76,11.1907256,2.7976814
4.492,1617.12,11.1923282,2.79808204
4.493,1617.48,11.1939307,2.79848268
4.494,1617.84,11.1955333,2.79888333
4.495,1618.2,11.1971359,2.79928397
4.496,1618.56,11.1987384,2.79968461
4.497,1618.92,11.200341,2.80008525
4.498,1619.28,11.2019436,2.80048589
4.499,1619.64,11.2035461,2.80088653
4.5,1620,11.2051487,2.80128717
4.501,1620.36,11.2067512,2.80168781
4.502,1620.72,11.2083538,2.80208845
4.503,1621.08,11.2099564,2.80248909
4.504,1621.44,11.2115589,2.80288974
4.505,1621.8,11.2131615,2.80329038
4.506,1622.16,11.2147641,2.80369102
4.507,1622.52,11.2163666,2.80409166
4.508,1622.88,11.2179692,2.8044923
4.509,1623.24,11.2195718,2.80489294
4.51,1623.6,11.2211743,2.80529358
4.511,1623.96,11.2227769,2.80569422
4.512,1624.32,11.2243795,2.80609486
4.513,1624.68,11.225982,2.8064955
4.514,1625.04,11.2275846,2.80689615
4.515,1625.4,11.2291871,2.80729679
4.516,1625.76,11.2307897,2.80769743
4.517,1626.12,11.2323923,2.80809807
4.518,1626.48,11.2339948,2.80849871
4.519,1626.84,11.2355974,2.80889935
4.52,1627.2,11.2372,2.80929999
4.521,1627.56,11.2388025,2.80970063
4.522,1627.92,11.2404051,2.81010127
4.523,1628.28,11.2420077,2.81050191
4.524,1628.64,11.2436102,2.81090256
4.525,1629,11.2452128,2.8113032
4.526,1629.36,11.2468154,2.81170384
4.527,1629.72,11.2484179,2.81210448
4.528,1630.08,11.2500205,2.81250512
4.529,1630.44,11.251623,2.81290576
4.53,1630.8,11.2532256,2.8133064
4.531,1631.16,11.2548282,2.81370704
4.532,1631.52,11.2564307,2.81410768
4.533,1631.88,11.2580333,2.81450833
4.534,1632.24,11.2596359,2.81490897
4.535,1632.6,11.2612384,2.81530961
4.536,1632.96,11.262841,2.81571025
4.537,1633.32,11.2644436,2.81611089
4.538,1633.68,11.2660461,2.81651153
4.539,1634.04,11.2676487,2.81691217
4.54,1634.4,11.2692512,2.81731281
4.541,1634.76,11.2708538,2.81771345
4.542,1635.12,11.2724564,2.81811409
4.543,1635.48,11.2740589,2.81851474
4.544,1635.84,11.2756615,2.81891538
4.545,1636.2,11.2772641,2.81931602
4.546,1636.56,11.2788666,2.81971666
4.547,1636.92,11.2804692,2.8201173
4.548,1637.28,11.2820718,2.82051794
4.549,1637.64,11.2836743,2.82091858
4.55,1638,11.2852769,2.82131922
4.551,1638.36,11.2868795,2.82171986
4.552,1638.72,11.288482,2.8221205
4.553,1639.08,11.2900846,2.82252115
4.554,1639.44,11.2916871,2.82292179
4.555,1639.8,11.2932897,2.82332243
4.556,1640.16,11.2948923,2.82372307
4.557,1640.52,11.2964948,2.82412371
4.558,1640.88,11.2980974,2.82452435
4.559,1641.24,11.2997,2.82492499
4.56,1641.6,11.3013025,2.82532563
4.561,1641.96,11.3029051,2.82572627
4.562,1642.32,11.3045077,2.82612691
4.563,1642.68,11.3061102,2.82652756
4.564,1643.04,11.3077128,2.8269282
4.565,1643.4,11.3093154,2.82732884
4.566,1643.76,11.3109179,2.82772948
4.567,1644.12,11.3125205,2.82813012
4.568,1644.48,11.314123,2.82853076
4.569,1644.84,11.3157256,2.8289314
4.57,1645.2,11.3173282,2.82933204
4.571,1645.56,11.3189307,2.82973268
4.572,1645.92,11.3205333,2.83013333
4.573,1646.28,11.3221359,2.83053397
4.574,1646.64,11.3237384,2.83093461
4.575,1647,11.325341,2.83133525
4.576,1647.36,11.3269436,2.83173589
4.577,1647.72,11.3285461,2.83213653
4.578,1648.08,11.3301487,2.83253717
4.579,1648.44,11.3317512,2.83293781
4.58,1648.8,11.3333538,2.83333845
4.581,1649.16,11.3349564,2.83373909
4.582,1649.52,11.3365589,2.83413974
4.583,1649.88,11.3381615,2.83454038
4.584,1650.24,11.3397641,2.83494102
4.585,1650.6,11.3413666,2.83534166
4.586,1650.96,11.3429692,2.8357423
4.587,1651.32,11.3445718,2.83614294
4.588,1651.68,11.3461743,2.83654358
4.589,1652.04,11.3477769,2.83694422
4.59,1652.4,11.3493795,2.83734486
4.591,1652.76,11.350982,2.8377455
4.592,1653.12,11.3525846,2.83814615
4.593,1653.48,11.3541871,2.83854679
4.594,1653.84,11.3557897,2.83894743
4.595,1654.2,11.3573923,2.83934807
4.596,1654.56,11.3589948,2.83974871
4.597,1654.92,11.3605974,2.84014935
4.598,1655.28,11.3622,2.84054999
4.599,1655.64,11.3638025,2.84095063
4.6,1656,11.3654051,2.84135127
4.601,1656.36,11.3670077,2.84175191
4.602,1656.72,11.3686102,2.84215256
4.603,1657.08,11.3702128,2.8425532
4.604,1657.44,11.3718154,2.84295384
4.605,1657.8,11.3734179,2.84335448
4.606,1658.16,11.3750205,2.84375512
4.607,1658.52,11.376623,2.84415576
4.608,1658.88,11.3782256,2.8445564
4.609,1659.24,11.3798282,2.84495704
4.61,1659.6,11.3814307,2.84535768
4.611,1659.96,11.3830333,2.84575833
4.612,1660.32,11.3846359,2.84615897
4.613,1660.68,11.3862384,2.84655961
4.614,1661.04,11.387841,2.84696025
4.615,1661.4,11.3894436,2.84736089
4.616,1661.76,11.3910461,2.84776153
4.617,1662.12,11.3926487,2.84816217
4.618,1662.48,11.3942512,2.84856281
4.619,1662.84,11.3958538,2.84896345
4.62,1663.2,11.3974564,2.84936409
4.621,1663.56,11.3990589,2.84976474
4.622,1663.92,11.4006615,2.85016538
4.623,1664.28,11.4022641,2.85056602
4.624,1664.64,11.4038666,2.85096666
4.625,1665,11.4054692,2.8513673
4.626,1665.36,11.4070718,2.85176794
4.627,1665.72,11.4086743,2.85216858
4.628,1666.08,11.4102769,2.85256922
4.629,1666.44,11.4118795,2.85296986
4.63,1666.8,11.413482,2.8533705
4.631,1667.16,11.4150846,2.85377115
4.632,1667.52,11.4166871,2.85417179
4.633,1667.88,11.4182897,2.85457243
4.634,1668.24,11.4198923,2.85497307
4.635,1668.6,11.4214948,2.85537371
4.636,1668.96,11.4230974,2.85577435
4.637,1669.32,11.4247,2.85617499
4.638,1669.68,11.4263025,2.85657563
4.639,1670.04,11.4279051,2.85697627
4.64,1670.4,11.4295077,2.85737691
4.641,1670.76,11.4311102,2.85777756
4.642,1671.12,11.4327128,2.8581782
4.643,1671.48,11.4343154,2.85857884
4.644,1671.84,11.4359179,2.85897948
4.645,1672.2,11.4375205,2.85938012
4.646,1672.56,11.439123,2.85978076
4.647,1672.92,11.4407256,2.8601814
4.648,1673.28,11.4423282,2.86058204
4.649,1673.64,11.4439307,2.86098268
4.65,1674,11.4455333,2.86138333
4.651,1674.36,11.4471359,2.86178397
4.652,1674.72,11.4487384,2.86218461
4.653,1675.08,11.450341,2.86258525
4.654,1675.44,11.4519436,2.86298589
4.655,1675.8,11.4535461,2.86338653
4.656,1676.16,11.4551487,2.86378717
4.657,1676.52,11.4567512,2.86418781
4.658,1676.88,11.4583538,2.86458845
4.659,1677.24,11.4599564,2.86498909
4.66,1677.6,11.4615589,2.86538974
4.661,1677.96,11.4631615,2.86579038
4.662,1678.32,11.4647641,2.86619102
4.663,1678.68,11.4663666,2.86659166
4.664,1679.04,11.4679692,2.8669923
4.665,1679.4,11.4695718,2.86739294
4.666,1679.76,11.4711743,2.86779358
4.667,1680.12,11.4727769,2.86819422
4.668,1680.48,11.4743795,2.86859486
4.669,1680.84,11.475982,2.8689955
4.67,1681.2,11.4775846,2.86939615
4.671,1681.56,11.4791871,2.86979679
4.672,1681.92,11.4807897,2.87019743
4.673,1682.28,11.4823923,2.87059807
4.674,1682.64,11.4839948,2.87099871
4.675,1683,11.4855974,2.87139935
4.676,1683.36,11.4872,2.87179999
4.677,1683.72,11.4888025,2.87220063
4.678,1684.08,11.4904051,2.87260127
4.679,1684.44,11.4920077,2.87300191
4.68,1684.8,11.4936102,2.87340256
4.681,1685.16,11.4952128,2.8738032
4.682,1685.52,11.4968154,2.87420384
4.683,1685.88,11.4984179,2.87460448
4.684,1686.24,11.5000205,2.87500512
4.685,1686.6,11.501623,2.87540576
4.686,1686.96,11.5032256,2.8758064
4.687,1687.32,11.5048282,2.87620704
4.688,1687.68,11.5064307,2.87660768
4.689,1688.04,11.5080333,2.87700833
4.69,1688.4,11.5096359,2.87740897
4.691,1688.76,11.5112384,2.87780961
4.692,1689.12,11.512841,2.87821025
4.693,1689.48,11.5144436,2.87861089
4.694,1689.84,11.5160461,2.87901153
4.695,1690.2,11.5176487,2.87941217
4.696,1690.56,11.5192512,2.87981281
4.697,1690.92,11.5208538,2.88021345
4.698,1691.28,11.5224564,2.88061409
4.699,1691.64,11.5240589,2.88101474
4.7,1692,11.5256615,2.88141538
4.701,1692.36,11.5272641,2.88181602
4.702,1692.72,11.5288666,2.88221666
4.703,1693.08,11.5304692,2.8826173
4.704,1693.44,11.5320718,2.88301794
4.705,1693.8,11.5336743,2.88341858
4.706,1694.16,11.5352769,2.88381922
4.707,1694.52,11.5368795,2.88421986
4.708,1694.88,11.538482,2.8846205
4.709,1695.24,11.5400846,2.88502115
4.71,1695.6,11.5416871,2.88542179
4.711,1695.96,11.5432897,2.88582243
4.712,1696.32,11.5448923,2.88622307
4.713,1696.68,11.5464948,2.88662371
4.714,1697.04,11.5480974,2.88702435
4.715,1697.4,11.5497,2.88742499
4.716,1697.76,11.5513025,2.88782563
4.717,1698.12,11.5529051,2.88822627
4.718,1698.48,11.5545077,2.88862691
4.719,1698.84,11.5561102,2.88902756
4.72,1699.2,11.5577128,2.8894282
4.721,1699.56,11.5593154,2.88982884
4.722,1699.92,11.5609179,2.89022948
4.723,1700.28,11.5625205,2.89063012
4.724,1700.64,11.564123,2.89103076
4.725,1701,11.5657256,2.8914314
4.726,1701.36,11.5673282,2.89183204
4.727,1701.72,11.5689307,2.89223268
4.728,1702.08,11.5705333,2.89263333
4.729,1702.44,11.5721359,2.89303397
4.73,1702.8,11.5737384,2.89343461
4.731,1703.16,11.575341,2.89383525
4.732,1703.52,11.5769436,2.89423589
4.733,1703.88,11.5785461,2.89463653
4.734,1704.24,11.5801487,2.89503717
4.735,1704.6,11.5817512,2.89543781
4.736,1704.96,11.5833538,2.89583845
4.737,1705.32,11.5849564,2.89623909
4.738,1705.68,11.5865589,2.89663974
4.739,1706.04,11.5881615,2.89704038
4.74,1706.4,11.5897641,2.89744102
4.741,1706.76,11.5913666,2.89784166
4.742,1707.12,11.5929692,2.8982423
4.743,1707.48,11.5945718,2.89864294
4.744,1707.84,11.5961743,2.89904358
4.745,1708.2,11.5977769,2.89944422
4.746,1708.56,11.5993795,2.89984486
4.747,1708.92,11.600982,2.9002455
4.748,1709.28,11.6025846,2.90064615
4.749,1709.64,11.6041871,2.90104679
4.75,1710,11.6057897,2.90144743
4.751,1710.36,11.6073923,2.90184807
4.752,1710.72,11.6089948,2.90224871
4.753,1711.08,11.6105974,2.90264935
4.754,1711.44,11.6122,2.90304999
4.755,1711.8,11.6138025,2.90345063
4.756,1712.16,11.6154051,2.90385127
4.757,1712.52,11.6170077,2.90425191
4.758,1712.88,11.6186102,2.90465256
4.759,1713.24,11.6202128,2.9050532
4.76,1713.6,11.6218154,2.90545384
4.761,1713.96,11.6234179,2.90585448
4.762,1714.32,11.6250205,2.90625512
4.763,1714.68,11.626623,2.90665576
4.764,1715.04,11.6282256,2.9070564
4.765,1715.4,11.6298282,2.90745704
4.766,1715.76,11.6314307,2.90785768
4.767,1716.12,11.6330333,2.90825833
4.768,1716.48,11.6346359,2.90865897
4.769,1716.84,11.6362384,2.90905961
4.77,1717.2,11.637841,2.90946025
4.771,1717.56,11.6394436,2.90986089
4.772,1717.92,11.6410461,2.91026153
4.773,1718.28,11.6426487,2.91066217
4.774,1718.64,11.6442512,2.91106281
4.775,1719,11.6458538,2.91146345
4.776,1719.36,11.6474564,2.91186409
4.777,1719.72,11.6490589,2.91226474
4.778,1720.08,11.6506615,2.91266538
4.779,1720.44,11.6522641,2.91306602
4.78,1720.8,11.6538666,2.91346666
4.781,1721.16,11.6554692,2.9138673
4.782,1721.52,11.6570718,2.91426794
4.783,1721.88,11.6586743,2.91466858
4.784,1722.24,11.6602769,2.91506922
4.785,1722.6,11.6618795,2.91546986
4.786,1722.96,11.663482,2.9158705
4.787,1723.32,11.6650846,2.91627115
4.788,1723.68,11.6666871,2.91667179
4.789,1724.04,11.6682897,2.91707243
4.79,1724.4,11.6698923,2.91747307
4.791,1724.76,11.6714948,2.91787371
4.792,1725.12,11.6730974,2.91827435
4.793,1725.48,11.6747,2.91867499
4.794,1725.84,11.6763025,2.91907563
4.795,1726.2,11.6779051,2.91947627
4.796,1726.56,11.6795077,2.91987691
4.797,1726.92,11.6811102,2.92027756
4.798,1727.28,11.6827128,2.9206782
4.799,1727.64,11.6843154,2.92107884
4.8,1728,11.6859179,2.92147948
4.801,1728.36,11.6875205,2.92188012
4.802,1728.72,11.689123,2.92228076
4.803,1729.08,11.6907256,2.9226814
4.804,1729.44,11.6923282,2.92308204
4.805,1729.8,11.6939307,2.92348268
4.806,1730.16,11.6955333,2.92388333
4.807,1730.52,11.6971359,2.92428397
4.808,1730.88,11.6987384,2.92468461
4.809,1731.24,11.700341,2.92508525
4.81,1731.6,11.7019436,2.92548589
4.811,1731.96,11.7035461,2.92588653
4.812,1732.32,11.7051487,2.92628717
4.813,1732.68,11.7067512,2.92668781
4.814,1733.04,11.7083538,2.92708845
4.815,1733.4,11.7099564,2.92748909
4.816,1733.76,11.7115589,2.92788974
4.817,1734.12,11.7131615,2.92829038
4.818,1734.48,11.7147641,2.92869102
4.819,1734.84,11.7163666,2.92909166
4.82,1735.2,11.7179692,2.9294923
4.821,1735.56,11.7195718,2.92989294
4.822,1735.92,11.7211743,2.93029358
4.823,1736.28,11.7227769,2.93069422
4.824,1736.64,11.7243795,2.93109486
4.825,1737,11.725982,2.9314955
4.826,1737.36,11.7275846,2.93189615
4.827,1737.72,11.7291871,2.93229679
4.828,1738.08,11.7307897,2.93269743
4.829,1738.44,11.7323923,2.93309807
4.83,1738.8,11.7339948,2.93349871
4.831,1739.16,11.7355974,2.93389935
4.832,1739.52,11.7372,2.93429999
4.833,1739.88,11.7388025,2.93470063
4.834,1740.24,11.7404051,2.93510127
4.835,1740.6,11.7420077,2.93550191
4.836,1740.96,11.7436102,2.93590256
4.837,1741.32,11.7452128,2.9363032
4.838,1741.68,11.7468154,2.93670384
4.839,1742.04,11.7484179,2.93710448
4.84,1742.4,11.7500205,2.93750512
4.841,1742.76,11.751623,2.93790576
4.842,1743.12,11.7532256,2.9383064
4.843,1743.48,11.7548282,2.93870704
4.844,1743.84,11.7564307,2.93910768
4.845,1744.2,11.7580333,2.93950833
4.846,1744.56,11.7596359,2.93990897
4.847,1744.92,11.7612384,2.94030961
4.848,1745.28,11.762841,2.94071025
4.849,1745.64,11.7644436,2.94111089
4.85,1746,11.7660461,2.94151153
4.851,1746.36,11.7676487,2.94191217
4.852,1746.72,11.7692512,2.94231281
4.853,1747.08,11.7708538,2.94271345
4.854,1747.44,11.7724564,2.94311409
4.855,1747.8,11.7740589,2.94351474
4.856,1748.16,11.7756615,2.94391538
4.857,1748.52,11.7772641,2.94431602
4.858,1748.88,11.7788666,2.94471666
4.859,1749.24,11.7804692,2.9451173
4.86,1749.6,11.7820718,2.94551794
4.861,1749.96,11.7836743,2.94591858
4.862,1750.32,11.7852769,2.94631922
4.863,1750.68,11.7868795,2.94671986
4.864,1751.04,11.788482,2.9471205
4.865,1751.4,11.7900846,2.94752115
4.866,1751.76,11.7916871,2.94792179
4.867,1752.12,11.7932897,2.94832243
4.868,1752.48,11.7948923,2.94872307
4.869,1752.84,11.7964948,2.94912371
4.87,1753.2,11.7980974,2.94952435
4.871,1753.56,11.7997,2.94992499
4.872,1753.92,11.8013025,2.95032563
4.873,1754.28,11.8029051,2.95072627
4.874,1754.64,11.8045077,2.95112691
4.875,1755,11.8061102,2.95152756
4.876,1755.36,11.8077128,2.9519282
4.877,1755.72,11.8093154,2.95232884
4.878,1756.08,11.8109179,2.95272948
4.879,1756.44,11.8125205,2.95313012
4.88,1756.8,11.814123,2.95353076
4.881,1757.16,11.8157256,2.9539314
4.882,1757.52,11.8173282,2.95433204
4.883,1757.88,11.8189307,2.95473268
4.884,1758.24,11.8205333,2.95513333
4.885,1758.6,11.8221359,2.95553397
4.886,1758.96,11.8237384,2.95593461
4.887,1759.32,11.825341,2.95633525
4.888,1759.68,11.8269436,2.95673589
4.889,1760.04,11.8285461,2.95713653
4.89,1760.4,11.8301487,2.95753717
4.891,1760.76,11.8317512,2.95793781
4.892,1761.12,11.8333538,2.95833845
4.893,1761.48,11.8349564,2.95873909
4.894,1761.84,11.8365589,2.95913974
4.895,1762.2,11.8381615,2.95954038
4.896,1762.56,11.8397641,2.95994102
4.897,1762.92,11.8413666,2.96034166
4.898,1763.28,11.8429692,2.9607423
4.899,1763.64,11.8445718,2.96114294
4.9,1764,11.8461743,2.96154358
4.901,1764.36,11.8477769,2.96194422
4.902,1764.72,11.8493795,2.96234486
4.903,1765.08,11.850982,2.9627455
4.904,1765.44,11.8525846,2.96314615
4.905,1765.8,11.8541871,2.96354679
4.906,1766.16,11.8557897,2.96394743
4.907,1766.52,11.8573923,2.96434807
4.908,1766.88,11.8589948,2.96474871
4.909,1767.24,11.8605974,2.96514935
4.91,1767.6,11.8622,2.96554999
4.911,1767.96,11.8638025,2.96595063
4.912,1768.32,11.8654051,2.96635127
4.913,1768.68,11.8670077,2.96675191
4.914,1769.04,11.8686102,2.96715256
4.915,1769.4,11.8702128,2.9675532
4.916,1769.76,11.8718154,2.96795384
4.917,1770.12,11.8734179,2.96835448
4.918,1770.48,11.8750205,2.96875512
4.919,1770.84,11.876623,2.96915576
4.92,1771.2,11.8782256,2.9695564
4.921,1771.56,11.8798282,2.96995704
4.922,1771.92,11.8814307,2.97035768
4.923,1772.28,11.8830333,2.97075833
4.924,1772.64,11.8846359,2.97115897
4.925,1773,11.8862384,2.97155961
4.926,1773.36,11.887841,2.97196025
4.927,1773.72,11.8894436,2.97236089
4.928,1774.08,11.8910461,2.97276153
4.929,1774.44,11.8926487,2.97316217
4.93,1774.8,11.8942512,2.97356281
4.931,1775.16,11.8958538,2.97396345
4.932,1775.52,11.8974564,2.97436409
4.933,1775.88,11.8990589,2.97476474
4.934,1776.24,11.9006615,2.97516538
4.935,1776.6,11.9022641,2.97556602
4.936,1776.96,11.9038666,2.97596666
4.937,1777.32,11.9054692,2.9763673
4.938,1777.68,11.9070718,2.97676794
4.939,1778.04,11.9086743,2.97716858
4.94,1778.4,11.9102769,2.97756922
4.941,1778.76,11.9118795,2.97796986
4.942,1779.12,11.913482,2.9783705
4.943,1779.48,11.9150846,2.97877115
4.944,1779.84,11.9166871,2.97917179
4.945,1780.2,11.9182897,2.97957243
4.946,1780.56,11.9198923,2.97997307
4.947,1780.92,11.9214948,2.98037371
4.948,1781.28,11.9230974,2.98077435
4.949,1781.64,11.9247,2.98117499
4.95,1782,11.9263025,2.98157563
4.951,1782.36,11.9279051,2.98197627
4.952,1782.72,11.9295077,2.98237691
4.953,1783.08,11.9311102,2.98277756
4.954,1783.44,11.9327128,2.9831782
4.955,1783.8,11.9343154,2.98357884
4.956,1784.16,11.9359179,2.98397948
4.957,1784.52,11.9375205,2.98438012
4.958,1784.88,11.939123,2.98478076
4.959,1785.24,11.9407256,2.9851814
4.96,1785.6,11.9423282,2.98558204
4.961,1785.96,11.9439307,2.98598268
4.962,1786.32,11.9455333,2.98638333
4.963,1786.68,11.9471359,2.98678397
4.964,1787.04,11.9487384,2.98718461
4.965,1787.4,11.950341,2.98758525
4.966,1787.76,11.9519436,2.98798589
4.967,1788.12,11.9535461,2.98838653
4.968,1788.48,11.9551487,2.98878717
4.969,1788.84,11.9567512,2.98918781
4.97,1789.2,11.9583538,2.98958845
4.971,1789.56,11.9599564,2.98998909
4.972,1789.92,11.9615589,2.99038974
4.973,1790.28,11.9631615,2.99079038
4.974,1790.64,11.9647641,2.99119102
4.975,1791,11.9663666,2.99159166
4.976,1791.36,11.9679692,2.9919923
4.977,1791.72,11.9695718,2.99239294
4.978,1792.08,11.9711743,2.99279358
4.979,1792.44,11.9727769,2.99319422
4.98,1792.8,11.9743795,2.99359486
4.981,1793.16,11.975982,2.9939955
4.982,1793.52,11.9775846,2.99439615
4.983,1793.88,11.9791871,2.99479679
4.984,1794.24,11.9807897,2.99519743
4.985,1794.6,11.9823923,2.99559807
4.986,1794.96,11.9839948,2.99599871
4.987,1795.32,11.9855974,2.99639935
4.988,1795.68,11.9872,2.99679999
4.989,1796.04,11.9888025,2.99720063
4.99,1796.4,11.9904051,2.99760127
4.991,1796.76,11.9920077,2.99800191
4.992,1797.12,11.9936102,2.99840256
4.993,1797.48,11.9952128,2.9988032
4.994,1797.84,11.9968154,2.99920384
4.995,1798.2,11.9984179,2.99960448
4.996,1798.56,12.0000205,3.00000512
4.997,1798.92,12.001623,3.00040576
4.998,1799.28,12.0032256,3.0008064
4.999,1799.64,12.0048282,3.00120704
5,1800,12.0064307,3.00160768
5.001,1800.36,12.0080333,3.00200833
5.002,1800.72,12.0096359,3.00240897
5.003,1801.08,12.0112384,3.00280961
5.004,1801.44,12.012841,3.00321025
5.005,1801.8,12.0144436,3.00361089
5.006,1802.16,12.0160461,3.00401153
5.007,1802.52,12.0176487,3.00441217
5.008,1802.88,12.0192512,3.00481281
5.009,1803.24,12.0208538,3.00521345
5.01,1803.6,12.0224564,3.00561409
5.011,1803.96,12.0240589,3.00601474
5.012,1804.32,12.0256615,3.00641538
5.013,1804.68,12.0272641,3.00681602
5.014,1805.04,12.0288666,3.00721666
5.015,1805.4,12.0304692,3.0076173
5.016,1805.76,12.0320718,3.00801794
5.017,1806.12,12.0336743,3.00841858
5.018,1806.48,12.0352769,3.00881922
5.019,1806.84,12.0368795,3.00921986
5.02,1807.2,12.038482,3.0096205
5.021,1807.56,12.0400846,3.01002115
5.022,1807.92,12.0416871,3.01042179
5.023,1808.28,12.0432897,3.01082243
5.024,1808.64,12.0448923,3.01122307
5.025,1809,12.0464948,3.01162371
5.026,1809.36,12.0480974,3.01202435
5.027,1809.72,12.0497,3.01242499
5.028,1810.08,12.0513025,3.01282563
5.029,1810.44,12.0529051,3.01322627
5.03,1810.8,12.0545077,3.01362691
5.031,1811.16,12.0561102,3.01402756
5.032,1811.52,12.0577128,3.0144282
5.033,1811.88,12.0593154,3.01482884
5.034,1812.24,12.0609179,3.01522948
5.035,1812.6,12.0625205,3.01563012
5.036,1812.96,12.064123,3.01603076
5.037,1813.32,12.0657256,3.0164314
5.038,1813.68,12.0673282,3.01683204
5.039,1814.04,12.0689307,3.01723268
5.04,1814.4,12.0705333,3.01763333
5.041,1814.76,12.0721359,3.01803397
5.042,1815.12,12.0737384,3.01843461
5.043,1815.48,12.075341,3.01883525
5.044,1815.84,12.0769436,3.01923589
5.045,1816.2,12.0785461,3.01963653
5.046,1816.56,12.0801487,3.02003717
5.047,1816.92,12.0817512,3.02043781
5.048,1817.28,12.0833538,3.02083845
5.049,1817.64,12.0849564,3.02123909
5.05,1818,12.0865589,3.02163974
5.051,1818.36,12.0881615,3.02204038
5.052,1818.72,12.0897641,3.02244102
5.053,1819.08,12.0913666,3.02284166
5.054,1819.44,12.0929692,3.0232423
5.055,1819.8,12.0945718,3.02364294
5.056,1820.16,12.0961743,3.02404358
5.057,1820.52,12.0977769,3.02444422
5.058,1820.88,12.0993795,3.02484486
5.059,1821.24,12.100982,3.0252455
5.06,1821.6,12.1025846,3.02564615
5.061,1821.96,12.1041871,3.02604679
5.062,1822.32,12.1057897,3.02644743
5.063,1822.68,12.1073923,3.02684807
5.064,1823.04,12.1089948,3.02724871
5.065,1823.4,12.1105974,3.02764935
5.066,1823.76,12.1122,3.02804999
5.067,1824.12,12.1138025,3.02845063
5.068,1824.48,12.1154051,3.02885127
5.069,1824.84,12.1170077,3.02925191
5.07,1825.2,12.1186102,3.02965256
5.071,1825.56,12.1202128,3.0300532
5.072,1825.92,12.1218154,3.03045384
5.073,1826.28,12.1234179,3.03085448
5.074,1826.64,12.1250205,3.03125512
5.075,1827,12.126623,3.03165576
5.076,1827.36,12.1282256,3.0320564
5.077,1827.72,12.1298282,3.03245704
5.078,1828.08,12.1314307,3.03285768
5.079,1828.44,12.1330333,3.03325833
5.08,1828.8,12.1346359,3.03365897
5.081,1829.16,12.1362384,3.03405961
5.082,1829.52,12.137841,3.03446025
5.083,1829.88,12.1394436,3.03486089
5.084,1830.24,12.1410461,3.03526153
5.085,1830.6,12.1426487,3.03566217
5.086,1830.96,12.1442512,3.03606281
5.087,1831.32,12.1458538,3.03646345
5.088,1831.68,12.1474564,3.03686409
5.089,1832.04,12.1490589,3.03726474
5.09,1832.4,12.1506615,3.03766538
5.091,1832.76,12.1522641,3.03806602
5.092,1833.12,12.1538666,3.03846666
5.093,1833.48,12.1554692,3.0388673
5.094,1833.84,12.1570718,3.03926794
5.095,1834.2,12.1586743,3.03966858
5.096,1834.56,12.1602769,3.04006922
5.097,1834.92,12.1618795,3.04046986
5.098,1835.28,12.163482,3.0408705
5.099,1835.64,12.1650846,3.04127115
5.1,1836,12.1666871,3.04167179
5.101,1836.36,12.1682897,3.04207243
5.102,1836.72,12.1698923,3.04247307
5.103,1837.08,12.1714948,3.04287371
5.104,1837.44,12.1730974,3.04327435
5.105,1837.8,12.1747,3.04367499
5.106,1838.16,12.1763025,3.04407563
5.107,1838.52,12.1779051,3.04447627
5.108,1838.88,12.1795077,3.04487691
5.109,1839.24,12.1811102,3.04527756
5.11,1839.6,12.1827128,3.0456782
5.111,1839.96,12.1843154,3.04607884
5.112,1840.32,12.1859179,3.04647948
5.113,1840.68,12.1875205,3.04688012
5.114,1841.04,12.189123,3.04728076
5.115,1841.4,12.1907256,3.0476814
5.116,1841.76,12.1923282,3.04808204
5.117,1842.12,12.1939307,3.04848268
5.118,1842.48,12.1955333,3.04888333
5.119,1842.84,12.1971359,3.04928397
5.12,1843.2,12.1987384,3.04968461
5.121,1843.56,12.200341,3.05008525
5.122,1843.92,12.2019436,3.05048589
5.123,1844.28,12.2035461,3.05088653
5.124,1844.64,12.2051487,3.05128717
5.125,1845,12.2067512,3.05168781
5.126,1845.36,12.2083538,3.05208845
5.127,1845.72,12.2099564,3.05248909
5.128,1846.08,12.2115589,3.05288974
5.129,1846.44,12.2131615,3.05329038
5.13,1846.8,12.2147641,3.05369102
5.131,1847.16,12.2163666,3.05409166
5.132,1847.52,12.2179692,3.0544923
5.133,1847.88,12.2195718,3.05489294
5.134,1848.24,12.2211743,3.05529358
5.135,1848.6,12.2227769,3.05569422
5.136,1848.96,12.2243795,3.05609486
5.137,1849.32,12.225982,3.0564955
5.138,1849.68,12.2275846,3.05689615
5.139,1850.04,12.2291871,3.05729679
5.14,1850.4,12.2307897,3.05769743
5.141,1850.76,12.2323923,3.05809807
5.142,1851.12,12.2339948,3.05849871
5.143,1851.48,12.2355974,3.05889935
5.144,1851.84,12.2372,3.05929999
5.145,1852.2,12.2388025,3.05970063
5.146,1852.56,12.2404051,3.06010127
5.147,1852.92,12.2420077,3.06050191
5.148,1853.28,12.2436102,3.06090256
5.149,1853.64,12.2452128,3.0613032
5.15,1854,12.2468154,3.06170384
5.151,1854.36,12.2484179,3.06210448
5.152,1854.72,12.2500205,3.06250512
5.153,1855.08,12.251623,3.06290576
5.154,1855.44,12.2532256,3.0633064
5.155,1855.8,12.2548282,3.06370704
5.156,1856.16,12.2564307,3.06410768
5.157,1856.52,12.2580333,3.06450833
5.158,1856.88,12.2596359,3.06490897
5.159,1857.24,12.2612384,3.06530961
5.16,1857.6,12.262841,3.06571025
5.161,1857.96,12.2644436,3.06611089
5.162,1858.32,12.2660461,3.06651153
5.163,1858.68,12.2676487,3.06691217
5.164,1859.04,12.2692512,3.06731281
5.165,1859.4,12.2708538,3.06771345
5.166,1859.76,12.2724564,3.06811409
5.167,1860.12,12.2740589,3.06851474
5.168,1860.48,12.2756615,3.06891538
5.169,1860.84,12.2772641,3.06931602
5.17,1861.2,12.2788666,3.06971666
5.171,1861.56,12.2804692,3.0701173
5.172,1861.92,12.2820718,3.07051794
5.173,1862.28,12.2836743,3.07091858
5.174,1862.64,12.2852769,3.07131922
5.175,1863,12.2868795,3.07171986
5.176,1863.36,12.288482,3.0721205
5.177,1863.72,12.2900846,3.07252115
5.178,1864.08,12.2916871,3.07292179
5.179,1864.44,12.2932897,3.07332243
5.18,1864.8,12.2948923,3.07372307
5.181,1865.16,12.2964948,3.07412371
5.182,1865.52,12.2980974,3.07452435
5.183,1865.88,12.2997,3.07492499
5.184,1866.24,12.3013025,3.07532563
5.185,1866.6,12.3029051,3.07572627
5.186,1866.96,12.3045077,3.07612691
5.187,1867.32,12.3061102,3.07652756
5.188,1867.68,12.3077128,3.0769282
5.189,1868.04,12.3093154,3.07732884
5.19,1868.4,12.3109179,3.07772948
5.191,1868.76,12.3125205,3.07813012
5.192,1869.12,12.314123,3.07853076
5.193,1869.48,12.3157256,3.0789314
5.194,1869.84,12.3173282,3.07933204
5.195,1870.2,12.3189307,3.07973268
5.196,1870.56,12.3205333,3.08013333
5.197,1870.92,12.3221359,3.08053397
5.198,1871.28,12.3237384,3.08093461
5.199,1871.64,12.325341,3.08133525
5.2,1872,12.3269436,3.08173589
5.201,1872.36,12.3285461,3.08213653
5.202,1872.72,12.3301487,3.08253717
5.203,1873.08,12.3317512,3.08293781
5.204,1873.44,12.3333538,3.08333845
5.205,1873.8,12.3349564,3.08373909
5.206,1874.16,12.3365589,3.08413974
5.207,1874.52,12.3381615,3.08454038
5.208,1874.88,12.3397641,3.08494102
5.209,1875.24,12.3413666,3.08534166
5.21,1875.6,12.3429692,3.0857423
5.211,1875.96,12.3445718,3.08614294
5.212,1876.32,12.3461743,3.08654358
5.213,1876.68,12.3477769,3.08694422
5.214,1877.04,12.3493795,3.08734486
5.215,1877.4,12.350982,3.0877455
5.216,1877.76,12.3525846,3.08814615
5.217,1878.12,12.3541871,3.08854679
5.218,1878.48,12.3557897,3.08894743
5.219,1878.84,12.3573923,3.08934807
5.22,1879.2,12.3589948,3.08974871
5.221,1879.56,12.3605974,3.09014935
5.222,1879.92,12.3622,3.09054999
5.223,1880.28,12.3638025,3.09095063
5.224,1880.64,12.3654051,3.09135127
5.225,1881,12.3670077,3.09175191
5.226,1881.36,12.3686102,3.09215256
5.227,1881.72,12.3702128,3.0925532
5.228,1882.08,12.3718154,3.09295384
5.229,1882.44,12.3734179,3.09335448
5.23,1882.8,12.3750205,3.09375512
5.231,1883.16,12.376623,3.09415576
5.232,1883.52,12.3782256,3.0945564
5.233,1883.88,12.3798282,3.09495704
5.234,1884.24,12.3814307,3.09535768
5.235,1884.6,12.3830333,3.09575833
5.236,1884.96,12.3846359,3.09615897
5.237,1885.32,12.3862384,3.09655961
5.238,1885.68,12.387841,3.09696025
5.239,1886.04,12.3894436,3.09736089
5.24,1886.4,12.3910461,3.09776153
5.241,1886.76,12.3926487,3.09816217
5.242,1887.12,12.3942512,3.09856281
5.243,1887.48,12.3958538,3.09896345
5.244,1887.84,12.3974564,3.09936409
5.245,1888.2,12.3990589,3.09976474
5.246,1888.56,12.4006615,3.10016538
5.247,1888.92,12.4022641,3.10056602
5.248,1889.28,12.4038666,3.10096666
5.249,1889.64,12.4054692,3.1013673
5.25,1890,12.4070718,3.10176794
5.251,1890.36,12.4086743,3.10216858
5.252,1890.72,12.4102769,3.10256922
5.253,1891.08,12.4118795,3.10296986
5.254,1891.44,12.413482,3.1033705
5.255,1891.8,12.4150846,3.10377115
5.256,1892.16,12.4166871,3.10417179
5.257,1892.52,12.4182897,3.10457243
5.258,1892.88,12.4198923,3.10497307
5.259,1893.24,12.4214948,3.10537371
5.26,1893.6,12.4230974,3.10577435
5.261,1893.96,12.4247,3.10617499
5.262,1894.32,12.4263025,3.10657563
5.263,1894.68,12.4279051,3.10697627
5.264,1895.04,12.4295077,3.10737691
5.265,1895.4,12.4311102,3.10777756
5.266,1895.76,12.4327128,3.1081782
5.267,1896.12,12.4343154,3.10857884
5.268,1896.48,12.4359179,3.10897948
5.269,1896.84,12.4375205,3.10938012
5.27,1897.2,12.439123,3.10978076
5.271,1897.56,12.4407256,3.1101814
5.272,1897.92,12.4423282,3.11058204
5.273,1898.28,12.4439307,3.11098268
5.274,1898.64,12.4455333,3.11138333
5.275,1899,12.4471359,3.11178397
5.276,1899.36,12.4487384,3.11218461
5.277,1899.72,12.450341,3.11258525
5.278,1900.08,12.4519436,3.11298589
5.279,1900.44,12.4535461,3.11338653
5.28,1900.8,12.4551487,3.11378717
5.281,1901.16,12.4567512,3.11418781
5.282,1901.52,12.4583538,3.11458845
5.283,1901.88,12.4599564,3.11498909
5.284,1902.24,12.4615589,3.11538974
5.285,1902.6,12.4631615,3.11579038
5.286,1902.96,12.4647641,3.11619102
5.287,1903.32,12.4663666,3.11659166
5.288,1903.68,12.4679692,3.1169923
5.289,1904.04,12.4695718,3.11739294
5.29,1904.4,12.4711743,3.11779358
5.291,1904.76,12.4727769,3.11819422
5.292,1905.12,12.4743795,3.11859486
5.293,1905.48,12.475982,3.1189955
5.294,1905.84,12.4775846,3.11939615
5.295,1906.2,12.4791871,3.11979679
5.296,1906.56,12.4807897,3.12019743
5.297,1906.92,12.4823923,3.12059807
5.298,1907.28,12.4839948,3.12099871
5.299,1907.64,12.4855974,3.12139935
5.3,1908,12.4872,3.12179999
5.301,1908.36,12.4888025,3.12220063
5.302,1908.72,12.4904051,3.12260127
5.303,1909.08,12.4920077,3.12300191
5.304,1909.44,12.4936102,3.12340256
5.305,1909.8,12.4952128,3.1238032
5.306,1910.16,12.4968154,3.12420384
5.307,1910.52,12.4984179,3.12460448
5.308,1910.88,12.5000205,3.12500512
5.309,1911.24,12.501623,3.12540576
5.31,1911.6,12.5032256,3.1258064
5.311,1911.96,12.5048282,3.12620704
5.312,1912.32,12.5064307,3.12660768
5.313,1912.68,12.5080333,3.12700833
5.314,1913.04,12.5096359,3.12740897
5.315,1913.4,12.5112384,3.12780961
5.316,1913.76,12.512841,3.12821025
5.317,1914.12,12.5144436,3.12861089
5.318,1914.48,12.5160461,3.12901153
5.319,1914.84,12.5176487,3.12941217
5.32,1915.2,12.5192512,3.12981281
5.321,1915.56,12.5208538,3.13021345
5.322,1915.92,12.5224564,3.13061409
5.323,1916.28,12.5240589,3.13101474
5.324,1916.64,12.5256615,3.13141538
5.325,1917,12.5272641,3.13181602
5.326,1917.36,12.5288666,3.13221666
5.327,1917.72,12.5304692,3.1326173
5.328,1918.08,12.5320718,3.13301794
5.329,1918.44,12.5336743,3.13341858
5.33,1918.8,12.5352769,3.13381922
5.331,1919.16,12.5368795,3.13421986
5.332,1919.52,12.538482,3.1346205
5.333,1919.88,12.5400846,3.13502115
5.334,1920.24,12.5416871,3.13542179
5.335,1920.6,12.5432897,3.13582243
5.336,1920.96,12.5448923,3.13622307
5.337,1921.32,12.5464948,3.13662371
5.338,1921.68,12.5480974,3.13702435
5.339,1922.04,12.5497,3.13742499
5.34,1922.4,12.5513025,3.13782563
5.341,1922.76,12.5529051,3.13822627
5.342,1923.12,12.5545077,3.13862691
5.343,1923.48,12.5561102,3.13902756
5.344,1923.84,12.5577128,3.1394282
5.345,1924.2,12.5593154,3.13982884
5.346,1924.56,12.5609179,3.14022948
5.347,1924.92,12.5625205,3.14063012
5.348,1925.28,12.564123,3.14103076
5.349,1925.64,12.5657256,3.1414314
5.35,1926,12.5673282,3.14183204
5.351,1926.36,12.5689307,3.14223268
5.352,1926.72,12.5705333,3.14263333
5.353,1927.08,12.5721359,3.14303397
5.354,1927.44,12.5737384,3.14343461
5.355,1927.8,12.575341,3.14383525
5.356,1928.16,12.5769436,3.14423589
5.357,1928.52,12.5785461,3.14463653
5.358,1928.88,12.5801487,3.14503717
5.359,1929.24,12.5817512,3.14543781
5.36,1929.6,12.5833538,3.14583845
5.361,1929.96,12.5849564,3.14623909
5.362,1930.32,12.5865589,3.14663974
5.363,1930.68,12.5881615,3.14704038
5.364,1931.04,12.5897641,3.14744102
5.365,1931.4,12.5913666,3.14784166
5.366,1931.76,12.5929692,3.1482423
5.367,1932.12,12.5945718,3.14864294
5.368,1932.48,12.5961743,3.14904358
5.369,1932.84,12.5977769,3.14944422
5.37,1933.2,12.5993795,3.14984486
5.371,1933.56,12.600982,3.1502455
5.372,1933.92,12.6025846,3.15064615
5.373,1934.28,12.6041871,3.15104679
5.374,1934.64,12.6057897,3.15144743
5.375,1935,12.6073923,3.15184807
5.376,1935.36,12.6089948,3.15224871
5.377,1935.72,12.6105974,3.15264935
5.378,1936.08,12.6122,3.15304999
5.379,1936.44,12.6138025,3.15345063
5.38,1936.8,12.6154051,3.15385127
5.381,1937.16,12.6170077,3.15425191
5.382,1937.52,12.6186102,3.15465256
5.383,1937.88,12.6202128,3.1550532
5.384,1938.24,12.6218154,3.15545384
5.385,1938.6,12.6234179,3.15585448
5.386,1938.96,12.6250205,3.15625512
5.387,1939.32,12.626623,3.15665576
5.388,1939.68,12.6282256,3.1570564
5.389,1940.04,12.6298282,3.15745704
5.39,1940.4,12.6314307,3.15785768
5.391,1940.76,12.6330333,3.15825833
5.392,1941.12,12.6346359,3.15865897
5.393,1941.48,12.6362384,3.15905961
5.394,1941.84,12.637841,3.15946025
5.395,1942.2,12.6394436,3.15986089
5.396,1942.56,12.6410461,3.16026153
5.397,1942.92,12.6426487,3.16066217
5.398,1943.28,12.6442512,3.16106281
5.399,1943.64,12.6458538,3.16146345
5.4,1944,12.6474564,3.16186409
5.401,1944.36,12.6490589,3.16226474
5.402,1944.72,12.6506615,3.16266538
5.403,1945.08,12.6522641,3.16306602
5.404,1945.44,12.6538666,3.16346666
5.405,1945.8,12.6554692,3.1638673
5.406,1946.16,12.6570718,3.16426794
5.407,1946.52,12.6586743,3.16466858
5.408,1946.88,12.6602769,3.16506922
5.409,1947.24,12.6618795,3.16546986
5.41,1947.6,12.663482,3.1658705
5.411,1947.96,12.6650846,3.16627115
5.412,1948.32,12.6666871,3.16667179
5.413,1948.68,12.6682897,3.16707243
5.414,1949.04,12.6698923,3.16747307
5.415,1949.4,12.6714948,3.16787371
5.416,1949.76,12.6730974,3.16827435
5.417,1950.12,12.6747,3.16867499
5.418,1950.48,12.6763025,3.16907563
5.419,1950.84,12.6779051,3.16947627
5.42,1951.2,12.6795077,3.16987691
5.421,1951.56,12.6811102,3.17027756
5.422,1951.92,12.6827128,3.1706782
5.423,1952.28,12.6843154,3.17107884
5.424,1952.64,12.6859179,3.17147948
5.425,1953,12.6875205,3.17188012
5.426,1953.36,12.689123,3.17228076
5.427,1953.72,12.6907256,3.1726814
5.428,1954.08,12.6923282,3.17308204
5.429,1954.44,12.6939307,3.17348268
5.43,1954.8,12.6955333,3.17388333
5.431,1955.16,12.6971359,3.17428397
5.432,1955.52,12.6987384,3.17468461
5.433,1955.88,12.700341,3.17508525
5.434,1956.24,12.7019436,3.17548589
5.435,1956.6,12.7035461,3.17588653
5.436,1956.96,12.7051487,3.17628717
5.437,1957.32,12.7067512,3.17668781
5.438,1957.68,12.7083538,3.17708845
5.439,1958.04,12.7099564,3.17748909
5.44,1958.4,12.7115589,3.17788974
5.441,1958.76,12.7131615,3.17829038
5.442,1959.12,12.7147641,3.17869102
5.443,1959.48,12.7163666,3.17909166
5.444,1959.84,12.7179692,3.1794923
5.445,1960.2,12.7195718,3.17989294
5.446,1960.56,12.7211743,3.18029358
5.447,1960.92,12.7227769,3.18069422
5.448,1961.28,12.7243795,3.18109486
5.449,1961.64,12.725982,3.1814955
5.45,1962,12.7275846,3.18189615
5.451,1962.36,12.7291871,3.18229679
5.452,1962.72,12.7307897,3.18269743
5.453,1963.08,12.7323923,3.18309807
5.454,1963.44,12.7339948,3.18349871
5.455,1963.8,12.7355974,3.18389935
5.456,1964.16,12.7372,3.18429999
5.457,1964.52,12.7388025,3.18470063
5.458,1964.88,12.7404051,3.18510127
5.459,1965.24,12.7420077,3.18550191
5.46,1965.6,12.7436102,3.18590256
5.461,1965.96,12.7452128,3.1863032
5.462,1966.32,12.7468154,3.18670384
5.463,1966.68,12.7484179,3.18710448
5.464,1967.04,12.7500205,3.18750512
5.465,1967.4,12.751623,3.18790576
5.466,1967.76,12.7532256,3.1883064
5.467,1968.12,12.7548282,3.18870704
5.468,1968.48,12.7564307,3.18910768
5.469,1968.84,12.7580333,3.18950833
5.47,1969.2,12.7596359,3.18990897
5.471,1969.56,12.7612384,3.19030961
5.472,1969.92,12.762841,3.19071025
5.473,1970.28,12.7644436,3.19111089
5.474,1970.64,12.7660461,3.19151153
5.475,1971,12.7676487,3.19191217
5.476,1971.36,12.7692512,3.19231281
5.477,1971.72,12.7708538,3.19271345
5.478,1972.08,12.7724564,3.19311409
5.479,1972.44,12.7740589,3.19351474
5.48,1972.8,12.7756615,3.19391538
5.481,1973.16,12.7772641,3.19431602
5.482,1973.52,12.7788666,3.19471666
5.483,1973.88,12.7804692,3.1951173
5.484,1974.24,12.7820718,3.19551794
5.485,1974.6,12.7836743,3.19591858
5.486,1974.96,12.7852769,3.19631922
5.487,1975.32,12.7868795,3.19671986
5.488,1975.68,12.788482,3.1971205
5.489,1976.04,12.7900846,3.19752115
5.49,1976.4,12.7916871,3.19792179
5.491,1976.76,12.7932897,3.19832243
5.492,1977.12,12.7948923,3.19872307
5.493,1977.48,12.7964948,3.19912371
5.494,1977.84,12.7980974,3.19952435
5.495,1978.2,12.7997,3.19992499
5.496,1978.56,12.8013025,3.20032563
5.497,1978.92,12.8029051,3.20072627
5.498,1979.28,12.8045077,3.20112691
5.499,1979.64,12.8061102,3.20152756
5.5,1980,12.8077128,3.2019282
5.501,1980.36,12.8093154,3.20232884
5.502,1980.72,12.8109179,3.20272948
5.503,1981.08,12.8125205,3.20313012
5.504,1981.44,12.814123,3.20353076
5.505,1981.8,12.8157256,3.2039314
5.506,1982.16,12.8173282,3.20433204
5.507,1982.52,12.8189307,3.20473268
5.508,1982.88,12.8205333,3.20513333
5.509,1983.24,12.8221359,3.20553397
5.51,1983.6,12.8237384,3.20593461
5.511,1983.96,12.825341,3.20633525
5.512,1984.32,12.8269436,3.20673589
5.513,1984.68,12.8285461,3.20713653
5.514,1985.04,12.8301487,3.20753717
5.515,1985.4,12.8317512,3.20793781
5.516,1985.76,12.8333538,3.20833845
5.517,1986.12,12.8349564,3.20873909
5.518,1986.48,12.8365589,3.20913974
5.519,1986.84,12.8381615,3.20954038
5.52,1987.2,12.8397641,3.20994102
5.521,1987.56,12.8413666,3.21034166
5.522,1987.92,12.8429692,3.2107423
5.523,1988.28,12.8445718,3.21114294
5.524,1988.64,12.8461743,3.21154358
5.525,1989,12.8477769,3.21194422
5.526,1989.36,12.8493795,3.21234486
5.527,1989.72,12.850982,3.2127455
5.528,1990.08,12.8525846,3.21314615
5.529,1990.44,12.8541871,3.21354679
5.53,1990.8,12.8557897,3.21394743
5.531,1991.16,12.8573923,3.21434807
5.532,1991.52,12.8589948,3.21474871
5.533,1991.88,12.8605974,3.21514935
5.534,1992.24,12.8622,3.21554999
5.535,1992.6,12.8638025,3.21595063
5.536,1992.96,12.8654051,3.21635127
5.537,1993.32,12.8670077,3.21675191
5.538,1993.68,12.8686102,3.21715256
5.539,1994.04,12.8702128,3.2175532
5.54,1994.4,12.8718154,3.21795384
5.541,1994.76,12.8734179,3.21835448
5.542,1995.12,12.8750205,3.21875512
5.543,1995.48,12.876623,3.21915576
5.544,1995.84,12.8782256,3.2195564
5.545,1996.2,12.8798282,3.21995704
5.546,1996.56,12.8814307,3.22035768
5.547,1996.92,12.8830333,3.22075833
5.548,1997.28,12.8846359,3.22115897
5.549,1997.64,12.8862384,3.22155961
5.55,1998,12.887841,3.22196025
5.551,1998.36,12.8894436,3.22236089
5.552,1998.72,12.8910461,3.22276153
5.553,1999.08,12.8926487,3.22316217
5.554,1999.44,12.8942512,3.22356281
5.555,1999.8,12.8958538,3.22396345
5.556,2000.16,12.8974564,3.22436409
5.557,2000.52,12.8990589,3.22476474
5.558,2000.88,12.9006615,3.22516538
5.559,2001.24,12.9022641,3.22556602
5.56,2001.6,12.9038666,3.22596666
5.561,2001.96,12.9054692,3.2263673
5.562,2002.32,12.9070718,3.22676794
5.563,2002.68,12.9086743,3.22716858
5.564,2003.04,12.9102769,3.22756922
5.565,2003.4,12.9118795,3.22796986
5.566,2003.76,12.913482,3.2283705
5.567,2004.12,12.9150846,3.22877115
5.568,2004.48,12.9166871,3.22917179
5.569,2004.84,12.9182897,3.22957243
5.57,2005.2,12.9198923,3.22997307
5.571,2005.56,12.9214948,3.23037371
5.572,2005.92,12.9230974,3.23077435
5.573,2006.28,12.9247,3.23117499
5.574,2006.64,12.9263025,3.23157563
5.575,2007,12.9279051,3.23197627
5.576,2007.36,12.9295077,3.23237691
5.577,2007.72,12.9311102,3.23277756
5.578,2008.08,12.9327128,3.2331782
5.579,2008.44,12.9343154,3.23357884
5.58,2008.8,12.9359179,3.23397948
5.581,2009.16,12.9375205,3.23438012
5.582,2009.52,12.939123,3.23478076
5.583,2009.88,12.9407256,3.2351814
5.584,2010.24,12.9423282,3.23558204
5.585,2010.6,12.9439307,3.23598268
5.586,2010.96,12.9455333,3.23638333
5.587,2011.32,12.9471359,3.23678397
5.588,2011.68,12.9487384,3.23718461
5.589,2012.04,12.950341,3.23758525
5.59,2012.4,12.9519436,3.23798589
5.591,2012.76,12.9535461,3.23838653
5.592,2013.12,12.9551487,3.23878717
5.593,2013.48,12.9567512,3.23918781
5.594,2013.84,12.9583538,3.23958845
5.595,2014.2,12.9599564,3.23998909
5.596,2014.56,12.9615589,3.24038974
5.597,2014.92,12.9631615,3.24079038
5.598,2015.28,12.9647641,3.24119102
5.599,2015.64,12.9663666,3.24159166
5.6,2016,12.9679692,3.2419923
5.601,2016.36,12.9695718,3.24239294
5.602,2016.72,12.9711743,3.24279358
5.603,2017.08,12.9727769,3.24319422
5.604,2017.44,12.9743795,3.24359486
5.605,2017.8,12.975982,3.2439955
5.606,2018.16,12.9775846,3.24439615
5.607,2018.52,12.9791871,3.24479679
5.608,2018.88,12.9807897,3.24519743
5.609,2019.24,12.9823923,3.24559807
5.61,2019.6,12.9839948,3.24599871
5.611,2019.96,12.9855974,3.24639935
5.612,2020.32,12.9872,3.24679999
5.613,2020.68,12.9888025,3.24720063
5.614,2021.04,12.9904051,3.24760127
5.615,2021.4,12.9920077,3.24800191
5.616,2021.76,12.9936102,3.24840256
5.617,2022.12,12.9952128,3.2488032
5.618,2022.48,12.9968154,3.24920384
5.619,2022.84,12.9984179,3.24960448
5.62,2023.2,13.0000205,3.25000512
5.621,2023.56,13.001623,3.25040576
5.622,2023.92,13.0032256,3.2508064
5.623,2024.28,13.0048282,3.25120704
5.624,2024.64,13.0064307,3.25160768
5.625,2025,13.0080333,3.25200833
5.626,2025.36,13.0096359,3.25240897
5.627,2025.72,13.0112384,3.25280961
5.628,2026.08,13.012841,3.25321025
5.629,2026.44,13.0144436,3.25361089
5.63,2026.8,13.0160461,3.25401153
5.631,2027.16,13.0176487,3.25441217
5.632,2027.52,13.0192512,3.25481281
5.633,2027.88,13.0208538,3.25521345
5.634,2028.24,13.0224564,3.25561409
5.635,2028.6,13.0240589,3.25601474
5.636,2028.96,13.0256615,3.25641538
5.637,2029.32,13.0272641,3.25681602
5.638,2029.68,13.0288666,3.25721666
5.639,2030.04,13.0304692,3.2576173
5.64,2030.4,13.0320718,3.25801794
5.641,2030.76,13.0336743,3.25841858
5.642,2031.12,13.0352769,3.25881922
5.643,2031.48,13.0368795,3.25921986
5.644,2031.84,13.038482,3.2596205
5.645,2032.2,13.0400846,3.26002115
5.646,2032.56,13.0416871,3.26042179
5.647,2032.92,13.0432897,3.26082243
5.648,2033.28,13.0448923,3.26122307
5.649,2033.64,13.0464948,3.26162371
5.65,2034,13.0480974,3.26202435
5.651,2034.36,13.0497,3.26242499
5.652,2034.72,13.0513025,3.26282563
5.653,2035.08,13.0529051,3.26322627
5.654,2035.44,13.0545077,3.26362691
5.655,2035.8,13.0561102,3.26402756
5.656,2036.16,13.0577128,3.2644282
5.657,2036.52,13.0593154,3.26482884
5.658,2036.88,13.0609179,3.26522948
5.659,2037.24,13.0625205,3.26563012
5.66,2037.6,13.064123,3.26603076
5.661,2037.96,13.0657256,3.2664314
5.662,2038.32,13.0673282,3.26683204
5.663,2038.68,13.0689307,3.26723268
5.664,2039.04,13.0705333,3.26763333
5.665,2039.4,13.0721359,3.26803397
5.666,2039.76,13.0737384,3.26843461
5.667,2040.12,13.075341,3.26883525
5.668,2040.48,13.0769436,3.26923589
5.669,2040.84,13.0785461,3.26963653
5.67,2041.2,13.0801487,3.27003717
5.671,2041.56,13.0817512,3.27043781
5.672,2041.92,13.0833538,3.27083845
5.673,2042.28,13.0849564,3.27123909
5.674,2042.64,13.0865589,3.27163974
5.675,2043,13.0881615,3.27204038
5.676,2043.36,13.0897641,3.27244102
5.677,2043.72,13.0913666,3.27284166
5.678,2044.08,13.0929692,3.2732423
5.679,2044.44,13.0945718,3.27364294
5.68,2044.8,13.0961743,3.27404358
5.681,2045.16,13.0977769,3.27444422
5.682,2045.52,13.0993795,3.27484486
5.683,2045.88,13.100982,3.2752455
5.684,2046.24,13.1025846,3.27564615
5.685,2046.6,13.1041871,3.27604679
5.686,2046.96,13.1057897,3.27644743
5.687,2047.32,13.1073923,3.27684807
5.688,2047.68,13.1089948,3.27724871
5.689,2048.04,13.1105974,3.27764935
5.69,2048.4,13.1122,3.27804999
5.691,2048.76,13.1138025,3.27845063
5.692,2049.12,13.1154051,3.27885127
5.693,2049.48,13.1170077,3.27925191
5.694,2049.84,13.1186102,3.27965256
5.695,2050.2,13.1202128,3.2800532
5.696,2050.56,13.1218154,3.28045384
5.697,2050.92,13.1234179,3.28085448
5.698,2051.28,13.1250205,3.28125512
5.699,2051.64,13.126623,3.28165576
5.7,2052,13.1282256,3.2820564
5.701,2052.36,13.1298282,3.28245704
5.702,2052.72,13.1314307,3.28285768
5.703,2053.08,13.1330333,3.28325833
5.704,2053.44,13.1346359,3.28365897
5.705,2053.8,13.1362384,3.28405961
5.706,2054.16,13.137841,3.28446025
5.707,2054.52,13.1394436,3.28486089
5.708,2054.88,13.1410461,3.28526153
5.709,2055.24,13.1426487,3.28566217
5.71,2055.6,13.1442512,3.28606281
5.711,2055.96,13.1458538,3.28646345
5.712,2056.32,13.1474564,3.28686409
5.713,2056.68,13.1490589,3.28726474
5.714,2057.04,13.1506615,3.28766538
5.715,2057.4,13.1522641,3.28806602
5.716,2057.76,13.1538666,3.28846666
5.717,2058.12,13.1554692,3.2888673
5.718,2058.48,13.1570718,3.28926794
5.719,2058.84,13.1586743,3.28966858
5.72,2059.2,13.1602769,3.29006922
5.721,2059.56,13.1618795,3.29046986
5.722,2059.92,13.163482,3.2908705
5.723,2060.28,13.1650846,3.29127115
5.724,2060.64,13.1666871,3.29167179
5.725,2061,13.1682897,3.29207243
5.726,2061.36,13.1698923,3.29247307
5.727,2061.72,13.1714948,3.29287371
5.728,2062.08,13.1730974,3.29327435
5.729,2062.44,13.1747,3.29367499
5.73,2062.8,13.1763025,3.29407563
5.731,2063.16,13.1779051,3.29447627
5.732,2063.52,13.1795077,3.29487691
5.733,2063.88,13.1811102,3.29527756
5.734,2064.24,13.1827128,3.2956782
5.735,2064.6,13.1843154,3.29607884
5.736,2064.96,13.1859179,3.29647948
5.737,2065.32,13.1875205,3.29688012
5.738,2065.68,13.189123,3.29728076
5.739,2066.04,13.1907256,3.2976814
5.74,2066.4,13.1923282,3.29808204
5.741,2066.76,13.1939307,3.29848268
5.742,2067.12,13.1955333,3.29888333
5.743,2067.48,13.1971359,3.29928397
5.744,2067.84,13.1987384,3.29968461
5.745,2068.2,13.200341,3.30008525
5.746,2068.56,13.2019436,3.30048589
5.747,2068.92,13.2035461,3.30088653
5.748,2069.28,13.2051487,3.30128717
5.749,2069.64,13.2067512,3.30168781
5.75,2070,13.2083538,3.30208845
5.751,2070.36,13.2099564,3.30248909
5.752,2070.72,13.2115589,3.30288974
5.753,2071.08,13.2131615,3.30329038
5.754,2071.44,13.2147641,3.30369102
5.755,2071.8,13.2163666,3.30409166
5.756,2072.16,13.2179692,3.3044923
5.757,2072.52,13.2195718,3.30489294
5.758,2072.88,13.2211743,3.30529358
5.759,2073.24,13.2227769,3.30569422
5.76,2073.6,13.2243795,3.30609486
5.761,2073.96,13.225982,3.3064955
5.762,2074.32,13.2275846,3.30689615
5.763,2074.68,13.2291871,3.30729679
5.764,2075.04,13.2307897,3.30769743
5.765,2075.4,13.2323923,3.30809807
5.766,2075.76,13.2339948,3.30849871
5.767,2076.12,13.2355974,3.30889935
5.768,2076.48,13.2372,3.30929999
5.769,2076.84,13.2388025,3.30970063
5.77,2077.2,13.2404051,3.31010127
5.771,2077.56,13.2420077,3.31050191
5.772,2077.92,13.2436102,3.31090256
5.773,2078.28,13.2452128,3.3113032
5.774,2078.64,13.2468154,3.31170384
5.775,2079,13.2484179,3.31210448
5.776,2079.36,13.2500205,3.31250512
5.777,2079.72,13.251623,3.31290576
5.778,2080.08,13.2532256,3.3133064
5.779,2080.44,13.2548282,3.31370704
5.78,2080.8,13.2564307,3.31410768
5.781,2081.16,13.2580333,3.31450833
5.782,2081.52,13.2596359,3.31490897
5.783,2081.88,13.2612384,3.31530961
5.784,2082.24,13.262841,3.31571025
5.785,2082.6,13.2644436,3.31611089
5.786,2082.96,13.2660461,3.31651153
5.787,2083.32,13.2676487,3.31691217
5.788,2083.68,13.2692512,3.31731281
5.789,2084.04,13.2708538,3.31771345
5.79,2084.4,13.2724564,3.31811409
5.791,2084.76,13.2740589,3.31851474
5.792,2085.12,13.2756615,3.31891538
5.793,2085.48,13.2772641,3.31931602
5.794,2085.84,13.2788666,3.31971666
5.795,2086.2,13.2804692,3.3201173
5.796,2086.56,13.2820718,3.32051794
5.797,2086.92,13.2836743,3.32091858
5.798,2087.28,13.2852769,3.32131922
5.799,2087.64,13.2868795,3.32171986
5.8,2088,13.288482,3.3221205
5.801,2088.36,13.2900846,3.32252115
5.802,2088.72,13.2916871,3.32292179
5.803,2089.08,13.2932897,3.32332243
5.804,2089.44,13.2948923,3.32372307
5.805,2089.8,13.2964948,3.32412371
5.806,2090.16,13.2980974,3.32452435
5.807,2090.52,13.2997,3.32492499
5.808,2090.88,13.3013025,3.32532563
5.809,2091.24,13.3029051,3.32572627
5.81,2091.6,13.3045077,3.32612691
5.811,2091.96,13.3061102,3.32652756
5.812,2092.32,13.3077128,3.3269282
5.813,2092.68,13.3093154,3.32732884
5.814,2093.04,13.3109179,3.32772948
5.815,2093.4,13.3125205,3.32813012
5.816,2093.76,13.314123,3.32853076
5.817,2094.12,13.3157256,3.3289314
5.818,2094.48,13.3173282,3.32933204
5.819,2094.84,13.3189307,3.32973268
5.82,2095.2,13.3205333,3.33013333
5.821,2095.56,13.3221359,3.33053397
5.822,2095.92,13.3237384,3.33093461
5.823,2096.28,13.325341,3.33133525
5.824,2096.64,13.3269436,3.33173589
5.825,2097,13.3285461,3.33213653
5.826,2097.36,13.3301487,3.33253717
5.827,2097.72,13.3317512,3.33293781
5.828,2098.08,13.3333538,3.33333845
5.829,2098.44,13.3349564,3.33373909
5.83,2098.8,13.3365589,3.33413974
5.831,2099.16,13.3381615,3.33454038
5.832,2099.52,13.3397641,3.33494102
5.833,2099.88,13.3413666,3.33534166
5.834,2100.24,13.3429692,3.3357423
5.835,2100.6,13.3445718,3.33614294
5.836,2100.96,13.3461743,3.33654358
5.837,2101.32,13.3477769,3.33694422
5.838,2101.68,13.3493795,3.33734486
5.839,2102.04,13.350982,3.3377455
5.84,2102.4,13.3525846,3.33814615
5.841,2102.76,13.3541871,3.33854679
5.842,2103.12,13.3557897,3.33894743
5.843,2103.48,13.3573923,3.33934807
5.844,2103.84,13.3589948,3.33974871
5.845,2104.2,13.3605974,3.34014935
5.846,2104.56,13.3622,3.34054999
5.847,2104.92,13.3638025,3.34095063
5.848,2105.28,13.3654051,3.34135127
5.849,2105.64,13.3670077,3.34175191
5.85,2106,13.3686102,3.34215256
5.851,2106.36,13.3702128,3.3425532
5.852,2106.72,13.3718154,3.34295384
5.853,2107.08,13.3734179,3.34335448
5.854,2107.44,13.3750205,3.34375512
5.855,2107.8,13.376623,3.34415576
5.856,2108.16,13.3782256,3.3445564
5.857,2108.52,13.3798282,3.34495704
5.858,2108.88,13.3814307,3.34535768
5.859,2109.24,13.3830333,3.34575833
5.86,2109.6,13.3846359,3.34615897
5.861,2109.96,13.3862384,3.34655961
5.862,2110.32,13.387841,3.34696025
5.863,2110.68,13.3894436,3.34736089
5.864,2111.04,13.3910461,3.34776153
5.865,2111.4,13.3926487,3.34816217
5.866,2111.76,13.3942512,3.34856281
5.867,2112.12,13.3958538,3.34896345
5.868,2112.48,13.3974564,3.34936409
5.869,2112.84,13.3990589,3.34976474
5.87,2113.2,13.4006615,3.35016538
5.871,2113.56,13.4022641,3.35056602
5.872,2113.92,13.4038666,3.35096666
5.873,2114.28,13.4054692,3.3513673
5.874,2114.64,13.4070718,3.35176794
5.875,2115,13.4086743,3.35216858
5.876,2115.36,13.4102769,3.35256922
5.877,2115.72,13.4118795,3.35296986
5.878,2116.08,13.413482,3.3533705
5.879,2116.44,13.4150846,3.35377115
5.88,2116.8,13.4166871,3.35417179
5.881,2117.16,13.4182897,3.35457243
5.882,2117.52,13.4198923,3.35497307
5.883,2117.88,13.4214948,3.35537371
5.884,2118.24,13.4230974,3.35577435
5.885,2118.6,13.4247,3.35617499
5.886,2118.96,13.4263025,3.35657563
5.887,2119.32,13.4279051,3.35697627
5.888,2119.68,13.4295077,3.35737691
5.889,2120.04,13.4311102,3.35777756
5.89,2120.4,13.4327128,3.3581782
5.891,2120.76,13.4343154,3.35857884
5.892,2121.12,13.4359179,3.35897948
5.893,2121.48,13.4375205,3.35938012
5.894,2121.84,13.439123,3.35978076
5.895,2122.2,13.4407256,3.3601814
5.896,2122.56,13.4423282,3.36058204
5.897,2122.92,13.4439307,3.36098268
5.898,2123.28,13.4455333,3.36138333
5.899,2123.64,13.4471359,3.36178397
5.9,2124,13.4487384,3.36218461
5.901,2124.36,13.450341,3.36258525
5.902,2124.72,13.4519436,3.36298589
5.903,2125.08,13.4535461,3.36338653
5.904,2125.44,13.4551487,3.36378717
5.905,2125.8,13.4567512,3.36418781
5.906,2126.16,13.4583538,3.36458845
5.907,2126.52,13.4599564,3.36498909
5.908,2126.88,13.4615589,3.36538974
5.909,2127.24,13.4631615,3.36579038
5.91,2127.6,13.4647641,3.36619102
5.911,2127.96,13.4663666,3.36659166
5.912,2128.32,13.4679692,3.3669923
5.913,2128.68,13.4695718,3.36739294
5.914,2129.04,13.4711743,3.36779358
5.915,2129.4,13.4727769,3.36819422
5.916,2129.76,13.4743795,3.36859486
5.917,2130.12,13.475982,3.3689955
5.918,2130.48,13.4775846,3.36939615
5.919,2130.84,13.4791871,3.36979679
5.92,2131.2,13.4807897,3.37019743
5.921,2131.56,13.4823923,3.37059807
5.922,2131.92,13.4839948,3.37099871
5.923,2132.28,13.4855974,3.37139935
5.924,2132.64,13.4872,3.37179999
5.925,2133,13.4888025,3.37220063
5.926,2133.36,13.4904051,3.37260127
5.927,2133.72,13.4920077,3.37300191
5.928,2134.08,13.4936102,3.37340256
5.929,2134.44,13.4952128,3.3738032
5.93,2134.8,13.4968154,3.37420384
5.931,2135.16,13.4984179,3.37460448
5.932,2135.52,13.5000205,3.37500512
5.933,2135.88,13.501623,3.37540576
5.934,2136.24,13.5032256,3.3758064
5.935,2136.6,13.5048282,3.37620704
5.936,2136.96,13.5064307,3.37660768
5.937,2137.32,13.5080333,3.37700833
5.938,2137.68,13.5096359,3.37740897
5.939,2138.04,13.5112384,3.37780961
5.94,2138.4,13.512841,3.37821025
5.941,2138.76,13.5144436,3.37861089
5.942,2139.12,13.5160461,3.37901153
5.943,2139.48,13.5176487,3.37941217
5.944,2139.84,13.5192512,3.37981281
5.945,2140.2,13.5208538,3.38021345
5.946,2140.56,13.5224564,3.38061409
5.947,2140.92,13.5240589,3.38101474
5.948,2141.28,13.5256615,3.38141538
5.949,2141.64,13.5272641,3.38181602
5.95,2142,13.5288666,3.38221666
5.951,2142.36,13.5304692,3.3826173
5.952,2142.72,13.5320718,3.38301794
5.953,2143.08,13.5336743,3.38341858
5.954,2143.44,13.5352769,3.38381922
5.955,2143.8,13.5368795,3.38421986
5.956,2144.16,13.538482,3.3846205
5.957,2144.52,13.5400846,3.38502115
5.958,2144.88,13.5416871,3.38542179
5.959,2145.24,13.5432897,3.38582243
5.96,2145.6,13.5448923,3.38622307
5.961,2145.96,13.5464948,3.38662371
5.962,2146.32,13.5480974,3.38702435
5.963,2146.68,13.5497,3.38742499
5.964,2147.04,13.5513025,3.38782563
5.965,2147.4,13.5529051,3.38822627
5.966,2147.76,13.5545077,3.38862691
5.967,2148.12,13.5561102,3.38902756
5.968,2148.48,13.5577128,3.3894282
5.969,2148.84,13.5593154,3.38982884
5.97,2149.2,13.5609179,3.39022948
5.971,2149.56,13.5625205,3.39063012
5.972,2149.92,13.564123,3.39103076
5.973,2150.28,13.5657256,3.3914314
5.974,2150.64,13.5673282,3.39183204
5.975,2151,13.5689307,3.39223268
5.976,2151.36,13.5705333,3.39263333
5.977,2151.72,13.5721359,3.39303397
5.978,2152.08,13.5737384,3.39343461
5.979,2152.44,13.575341,3.39383525
5.98,2152.8,13.5769436,3.39423589
5.981,2153.16,13.5785461,3.39463653
5.982,2153.52,13.5801487,3.39503717
5.983,2153.88,13.5817512,3.39543781
5.984,2154.24,13.5833538,3.39583845
5.985,2154.6,13.5849564,3.39623909
5.986,2154.96,13.5865589,3.39663974
5.987,2155.32,13.5881615,3.39704038
5.988,2155.68,13.5897641,3.39744102
5.989,2156.04,13.5913666,3.39784166
5.99,2156.4,13.5929692,3.3982423
5.991,2156.76,13.5945718,3.39864294
5.992,2157.12,13.5961743,3.39904358
5.993,2157.48,13.5977769,3.39944422
5.994,2157.84,13.5993795,3.39984486
5.995,2158.2,13.600982,3.4002455
5.996,2158.56,13.6025846,3.40064615
5.997,2158.92,13.6041871,3.40104679
5.998,2159.28,13.6057897,3.40144743
5.999,2159.64,13.6073923,3.40184807
6,2160,13.6089948,3.40224871
6.001,2160.36,13.6105974,3.40264935
6.002,2160.72,13.6122,3.40304999
6.003,2161.08,13.6138025,3.40345063
6.004,2161.44,13.6154051,3.40385127
6.005,2161.8,13.6170077,3.40425191
6.006,2162.16,13.6186102,3.40465256
6.007,2162.52,13.6202128,3.4050532
6.008,2162.88,13.6218154,3.40545384
6.009,2163.24,13.6234179,3.40585448
6.01,2163.6,13.6250205,3.40625512
6.011,2163.96,13.626623,3.40665576
6.012,2164.32,13.6282256,3.4070564
6.013,2164.68,13.6298282,3.40745704
6.014,2165.04,13.6314307,3.40785768
6.015,2165.4,13.6330333,3.40825833
6.016,2165.76,13.6346359,3.40865897
6.017,2166.12,13.6362384,3.40905961
6.018,2166.48,13.637841,3.40946025
6.019,2166.84,13.6394436,3.40986089
6.02,2167.2,13.6410461,3.41026153
6.021,2167.56,13.6426487,3.41066217
6.022,2167.92,13.6442512,3.41106281
6.023,2168.28,13.6458538,3.41146345
6.024,2168.64,13.6474564,3.41186409
6.025,2169,13.6490589,3.41226474
6.026,2169.36,13.6506615,3.41266538
6.027,2169.72,13.6522641,3.41306602
6.028,2170.08,13.6538666,3.41346666
6.029,2170.44,13.6554692,3.4138673
6.03,2170.8,13.6570718,3.41426794
6.031,2171.16,13.6586743,3.41466858
6.032,2171.52,13.6602769,3.41506922
6.033,2171.88,13.6618795,3.41546986
6.034,2172.24,13.663482,3.4158705
6.035,2172.6,13.6650846,3.41627115
6.036,2172.96,13.6666871,3.41667179
6.037,2173.32,13.6682897,3.41707243
6.038,2173.68,13.6698923,3.41747307
6.039,2174.04,13.6714948,3.41787371
6.04,2174.4,13.6730974,3.41827435
6.041,2174.76,13.6747,3.41867499
6.042,2175.12,13.6763025,3.41907563
6.043,2175.48,13.6779051,3.41947627
6.044,2175.84,13.6795077,3.41987691
6.045,2176.2,13.6811102,3.42027756
6.046,2176.56,13.6827128,3.4206782
6.047,2176.92,13.6843154,3.42107884
6.048,2177.28,13.6859179,3.42147948
6.049,2177.64,13.6875205,3.42188012
6.05,2178,13.689123,3.42228076
6.051,2178.36,13.6907256,3.4226814
6.052,2178.72,13.6923282,3.42308204
6.053,2179.08,13.6939307,3.42348268
6.054,2179.44,13.6955333,3.42388333
6.055,2179.8,13.6971359,3.42428397
6.056,2180.16,13.6987384,3.42468461
6.057,2180.52,13.700341,3.42508525
6.058,2180.88,13.7019436,3.42548589
6.059,2181.24,13.7035461,3.42588653
6.06,2181.6,13.7051487,3.42628717
6.061,2181.96,13.7067512,3.42668781
6.062,2182.32,13.7083538,3.42708845
6.063,2182.68,13.7099564,3.42748909
6.064,2183.04,13.7115589,3.42788974
6.065,2183.4,13.7131615,3.42829038
6.066,2183.76,13.7147641,3.42869102
6.067,2184.12,13.7163666,3.42909166
6.068,2184.48,13.7179692,3.4294923
6.069,2184.84,13.7195718,3.42989294
6.07,2185.2,13.7211743,3.43029358
6.071,2185.56,13.7227769,3.43069422
6.072,2185.92,13.7243795,3.43109486
6.073,2186.28,13.725982,3.4314955
6.074,2186.64,13.7275846,3.43189615
6.075,2187,13.7291871,3.43229679
6.076,2187.36,13.7307897,3.43269743
6.077,2187.72,13.7323923,3.43309807
6.078,2188.08,13.7339948,3.43349871
6.079,2188.44,13.7355974,3.43389935
6.08,2188.8,13.7372,3.43429999
6.081,2189.16,13.7388025,3.43470063
6.082,2189.52,13.7404051,3.43510127
6.083,2189.88,13.7420077,3.43550191
6.084,2190.24,13.7436102,3.43590256
6.085,2190.6,13.7452128,3.4363032
6.086,2190.96,13.7468154,3.43670384
6.087,2191.32,13.7484179,3.43710448
6.088,2191.68,13.7500205,3.43750512
6.089,2192.04,13.751623,3.43790576
6.09,2192.4,13.7532256,3.4383064
6.091,2192.76,13.7548282,3.43870704
6.092,2193.12,13.7564307,3.43910768
6.093,2193.48,13.7580333,3.43950833
6.094,2193.84,13.7596359,3.43990897
6.095,2194.2,13.7612384,3.44030961
6.096,2194.56,13.762841,3.44071025
6.097,2194.92,13.7644436,3.44111089
6.098,2195.28,13.7660461,3.44151153
6.099,2195.64,13.7676487,3.44191217
6.1,2196,13.7692512,3.44231281
6.101,2196.36,13.7708538,3.44271345
6.102,2196.72,13.7724564,3.44311409
6.103,2197.08,13.7740589,3.44351474
6.104,2197.44,13.7756615,3.44391538
6.105,2197.8,13.7772641,3.44431602
6.106,2198.16,13.7788666,3.44471666
6.107,2198.52,13.7804692,3.4451173
6.108,2198.88,13.7820718,3.44551794
6.109,2199.24,13.7836743,3.44591858
6.11,2199.6,13.7852769,3.44631922
6.111,2199.96,13.7868795,3.44671986
6.112,2200.32,13.788482,3.4471205
6.113,2200.68,13.7900846,3.44752115
6.114,2201.04,13.7916871,3.44792179
6.115,2201.4,13.7932897,3.44832243
6.116,2201.76,13.7948923,3.44872307
6.117,2202.12,13.7964948,3.44912371
6.118,2202.48,13.7980974,3.44952435
6.119,2202.84,13.7997,3.44992499
6.12,2203.2,13.8013025,3.45032563
6.121,2203.56,13.8029051,3.45072627
6.122,2203.92,13.8045077,3.45112691
6.123,2204.28,13.8061102,3.45152756
6.124,2204.64,13.8077128,3.4519282
6.125,2205,13.8093154,3.45232884
6.126,2205.36,13.8109179,3.45272948
6.127,2205.72,13.8125205,3.45313012
6.128,2206.08,13.814123,3.45353076
6.129,2206.44,13.8157256,3.4539314
6.13,2206.8,13.8173282,3.45433204
6.131,2207.16,13.8189307,3.45473268
6.132,2207.52,13.8205333,3.45513333
6.133,2207.88,13.8221359,3.45553397
6.134,2208.24,13.8237384,3.45593461
6.135,2208.6,13.825341,3.45633525
6.136,2208.96,13.8269436,3.45673589
6.137,2209.32,13.8285461,3.45713653
6.138,2209.68,13.8301487,3.45753717
6.139,2210.04,13.8317512,3.45793781
6.14,2210.4,13.8333538,3.45833845
6.141,2210.76,13.8349564,3.45873909
6.142,2211.12,13.8365589,3.45913974
6.143,2211.48,13.8381615,3.45954038
6.144,2211.84,13.8397641,3.45994102
6.145,2212.2,13.8413666,3.46034166
6.146,2212.56,13.8429692,3.4607423
6.147,2212.92,13.8445718,3.46114294
6.148,2213.28,13.8461743,3.46154358
6.149,2213.64,13.8477769,3.46194422
6.15,2214,13.8493795,3.46234486
6.151,2214.36,13.850982,3.4627455
6.152,2214.72,13.8525846,3.46314615
6.153,2215.08,13.8541871,3.46354679
6.154,2215.44,13.8557897,3.46394743
6.155,2215.8,13.8573923,3.46434807
6.156,2216.16,13.8589948,3.46474871
6.157,2216.52,13.8605974,3.46514935
6.158,2216.88,13.8622,3.46554999
6.159,2217.24,13.8638025,3.46595063
6.16,2217.6,13.8654051,3.46635127
6.161,2217.96,13.8670077,3.46675191
6.162,2218.32,13.8686102,3.46715256
6.163,2218.68,13.8702128,3.4675532
6.164,2219.04,13.8718154,3.46795384
6.165,2219.4,13.8734179,3.46835448
6.166,2219.76,13.8750205,3.46875512
6.167,2220.12,13.876623,3.46915576
6.168,2220.48,13.8782256,3.4695564
6.169,2220.84,13.8798282,3.46995704
6.17,2221.2,13.8814307,3.47035768
6.171,2221.56,13.8830333,3.47075833
6.172,2221.92,13.8846359,3.47115897
6.173,2222.28,13.8862384,3.47155961
6.174,2222.64,13.887841,3.47196025
6.175,2223,13.8894436,3.47236089
6.176,2223.36,13.8910461,3.47276153
6.177,2223.72,13.8926487,3.47316217
6.178,2224.08,13.8942512,3.47356281
6.179,2224.44,13.8958538,3.47396345
6.18,2224.8,13.8974564,3.47436409
6.181,2225.16,13.8990589,3.47476474
6.182,2225.52,13.9006615,3.47516538
6.183,2225.88,13.9022641,3.47556602
6.184,2226.24,13.9038666,3.47596666
6.185,2226.6,13.9054692,3.4763673
6.186,2226.96,13.9070718,3.47676794
6.187,2227.32,13.9086743,3.47716858
6.188,2227.68,13.9102769,3.47756922
6.189,2228.04,13.9118795,3.47796986
6.19,2228.4,13.913482,3.4783705
6.191,2228.76,13.9150846,3.47877115
6.192,2229.12,13.9166871,3.47917179
6.193,2229.48,13.9182897,3.47957243
6.194,2229.84,13.9198923,3.47997307
6.195,2230.2,13.9214948,3.48037371
6.196,2230.56,13.9230974,3.48077435
6.197,2230.92,13.9247,3.48117499
6.198,2231.28,13.9263025,3.48157563
6.199,2231.64,13.9279051,3.48197627
6.2,2232,13.9295077,3.48237691
6.201,2232.36,13.9311102,3.48277756
6.202,2232.72,13.9327128,3.4831782
6.203,2233.08,13.9343154,3.48357884
6.204,2233.44,13.9359179,3.48397948
6.205,2233.8,13.9375205,3.48438012
6.206,2234.16,13.939123,3.48478076
6.207,2234.52,13.9407256,3.4851814
6.208,2234.88,13.9423282,3.48558204
6.209,2235.24,13.9439307,3.48598268
6.21,2235.6,13.9455333,3.48638333
6.211,2235.96,13.9471359,3.48678397
6.212,2236.32,13.9487384,3.48718461
6.213,2236.68,13.950341,3.48758525
6.214,2237.04,13.9519436,3.48798589
6.215,2237.4,13.9535461,3.48838653
6.216,2237.76,13.9551487,3.48878717
6.217,2238.12,13.9567512,3.48918781
6.218,2238.48,13.9583538,3.48958845
6.219,2238.84,13.9599564,3.48998909
6.22,2239.2,13.9615589,3.49038974
6.221,2239.56,13.9631615,3.49079038
6.222,2239.92,13.9647641,3.49119102
6.223,2240.28,13.9663666,3.49159166
6.224,2240.64,13.9679692,3.4919923
6.225,2241,13.9695718,3.49239294
6.226,2241.36,13.9711743,3.49279358
6.227,2241.72,13.9727769,3.49319422
6.228,2242.08,13.9743795,3.49359486
6.229,2242.44,13.975982,3.4939955
6.23,2242.8,13.9775846,3.49439615
6.231,2243.16,13.9791871,3.49479679
6.232,2243.52,13.9807897,3.49519743
6.233,2243.88,13.9823923,3.49559807
6.234,2244.24,13.9839948,3.49599871
6.235,2244.6,13.9855974,3.49639935
6.236,2244.96,13.9872,3.49679999
6.237,2245.32,13.9888025,3.49720063
6.238,2245.68,13.9904051,3.49760127
6.239,2246.04,13.9920077,3.49800191
6.24,2246.4,13.9936102,3.49840256
6.241,2246.76,13.9952128,3.4988032
6.242,2247.12,13.9968154,3.49920384
6.243,2247.48,13.9984179,3.49960448
6.244,2247.84,14.0000205,3.50000512
6.245,2248.2,14.001623,3.50040576
6.246,2248.56,14.0032256,3.5008064
6.247,2248.92,14.0048282,3.50120704
6.248,2249.28,14.0064307,3.50160768
6.249,2249.64,14.0080333,3.50200833
6.25,2250,14.0096359,3.50240897
6.251,2250.36,14.0112384,3.50280961
6.252,2250.72,14.012841,3.50321025
6.253,2251.08,14.0144436,3.50361089
6.254,2251.44,14.0160461,3.50401153
6.255,2251.8,14.0176487,3.50441217
6.256,2252.16,14.0192512,3.50481281
6.257,2252.52,14.0208538,3.50521345
6.258,2252.88,14.0224564,3.50561409
6.259,2253.24,14.0240589,3.50601474
6.26,2253.6,14.0256615,3.50641538
6.261,2253.96,14.0272641,3.50681602
6.262,2254.32,14.0288666,3.50721666
6.263,2254.68,14.0304692,3.5076173
6.264,2255.04,14.0320718,3.50801794
6.265,2255.4,14.0336743,3.50841858
6.266,2255.76,14.0352769,3.50881922
6.267,2256.12,14.0368795,3.50921986
6.268,2256.48,14.038482,3.5096205
6.269,2256.84,14.0400846,3.51002115
6.27,2257.2,14.0416871,3.51042179
6.271,2257.56,14.0432897,3.51082243
6.272,2257.92,14.0448923,3.51122307
6.273,2258.28,14.0464948,3.51162371
6.274,2258.64,14.0480974,3.51202435
6.275,2259,14.0497,3.51242499
6.276,2259.36,14.0513025,3.51282563
6.277,2259.72,14.0529051,3.51322627
6.278,2260.08,14.0545077,3.51362691
6.279,2260.44,14.0561102,3.51402756
6.28,2260.8,14.0577128,3.5144282
6.281,2261.16,14.0593154,3.51482884
6.282,2261.52,14.0609179,3.51522948
6.283,2261.88,14.0625205,3.51563012
6.284,2262.24,14.064123,3.51603076
6.285,2262.6,14.0657256,3.5164314
6.286,2262.96,14.0673282,3.51683204
6.287,2263.32,14.0689307,3.51723268
6.288,2263.68,14.0705333,3.51763333
6.289,2264.04,14.0721359,3.51803397
6.29,2264.4,14.0737384,3.51843461
6.291,2264.76,14.075341,3.51883525
6.292,2265.12,14.0769436,3.51923589
6.293,2265.48,14.0785461,3.51963653
6.294,2265.84,14.0801487,3.52003717
6.295,2266.2,14.0817512,3.52043781
6.296,2266.56,14.0833538,3.52083845
6.297,2266.92,14.0849564,3.52123909
6.298,2267.28,14.0865589,3.52163974
6.299,2267.64,14.0881615,3.52204038
6.3,2268,14.0897641,3.52244102
6.301,2268.36,14.0913666,3.52284166
6.302,2268.72,14.0929692,3.5232423
6.303,2269.08,14.0945718,3.52364294
6.304,2269.44,14.0961743,3.52404358
6.305,2269.8,14.0977769,3.52444422
6.306,2270.16,14.0993795,3.52484486
6.307,2270.52,14.100982,3.5252455
6.308,2270.88,14.1025846,3.52564615
6.309,2271.24,14.1041871,3.52604679
6.31,2271.6,14.1057897,3.52644743
6.311,2271.96,14.1073923,3.52684807
6.312,2272.32,14.1089948,3.52724871
6.313,2272.68,14.1105974,3.52764935
6.314,2273.04,14.1122,3.52804999
6.315,2273.4,14.1138025,3.52845063
6.316,2273.76,14.1154051,3.52885127
6.317,2274.12,14.1170077,3.52925191
6.318,2274.48,14.1186102,3.52965256
6.319,2274.84,14.1202128,3.5300532
6.32,2275.2,14.1218154,3.53045384
6.321,2275.56,14.1234179,3.53085448
6.322,2275.92,14.1250205,3.53125512
6.323,2276.28,14.126623,3.53165576
6.324,2276.64,14.1282256,3.5320564
6.325,2277,14.1298282,3.53245704
6.326,2277.36,14.1314307,3.53285768
6.327,2277.72,14.1330333,3.53325833
6.328,2278.08,14.1346359,3.53365897
6.329,2278.44,14.1362384,3.53405961
6.33,2278.8,14.137841,3.53446025
6.331,2279.16,14.1394436,3.53486089
6.332,2279.52,14.1410461,3.53526153
6.333,2279.88,14.1426487,3.53566217
6.334,2280.24,14.1442512,3.53606281
6.335,2280.6,14.1458538,3.53646345
6.336,2280.96,14.1474564,3.53686409
6.337,2281.32,14.1490589,3.53726474
6.338,2281.68,14.1506615,3.53766538
6.339,2282.04,14.1522641,3.53806602
6.34,2282.4,14.1538666,3.53846666
6.341,2282.76,14.1554692,3.5388673
6.342,2283.12,14.1570718,3.53926794
6.343,2283.48,14.1586743,3.53966858
6.344,2283.84,14.1602769,3.54006922
6.345,2284.2,14.1618795,3.54046986
6.346,2284.56,14.163482,3.5408705
6.347,2284.92,14.1650846,3.54127115
6.348,2285.28,14.1666871,3.54167179
6.349,2285.64,14.1682897,3.54207243
6.35,2286,14.1698923,3.54247307
6.351,2286.36,14.1714948,3.54287371
6.352,2286.72,14.1730974,3.54327435
6.353,2287.08,14.1747,3.54367499
6.354,2287.44,14.1763025,3.54407563
6.355,2287.8,14.1779051,3.54447627
6.356,2288.16,14.1795077,3.54487691
6.357,2288.52,14.1811102,3.54527756
6.358,2288.88,14.1827128,3.5456782
6.359,2289.24,14.1843154,3.54607884
6.36,2289.6,14.1859179,3.54647948
6.361,2289.96,14.1875205,3.54688012
6.362,2290.32,14.189123,3.54728076
6.363,2290.68,14.1907256,3.5476814
6.364,2291.04,14.1923282,3.54808204
6.365,2291.4,14.1939307,3.54848268
6.366,2291.76,14.1955333,3.54888333
6.367,2292.12,14.1971359,3.54928397
6.368,2292.48,14.1987384,3.54968461
6.369,2292.84,14.200341,3.55008525
6.37,2293.2,14.2019436,3.55048589
6.371,2293.56,14.2035461,3.55088653
6.372,2293.92,14.2051487,3.55128717
6.373,2294.28,14.2067512,3.55168781
6.374,2294.64,14.2083538,3.55208845
6.375,2295,14.2099564,3.55248909
6.376,2295.36,14.2115589,3.55288974
6.377,2295.72,14.2131615,3.55329038
6.378,2296.08,14.2147641,3.55369102
6.379,2296.44,14.2163666,3.55409166
6.38,2296.8,14.2179692,3.5544923
6.381,2297.16,14.2195718,3.55489294
6.382,2297.52,14.2211743,3.55529358
6.383,2297.88,14.2227769,3.55569422
6.384,2298.24,14.2243795,3.55609486
6.385,2298.6,14.225982,3.5564955
6.386,2298.96,14.2275846,3.55689615
6.387,2299.32,14.2291871,3.55729679
6.388,2299.68,14.2307897,3.55769743
6.389,2300.04,14.2323923,3.55809807
6.39,2300.4,14.2339948,3.55849871
6.391,2300.76,14.2355974,3.55889935
6.392,2301.12,14.2372,3.55929999
6.393,2301.48,14.2388025,3.55970063
6.394,2301.84,14.2404051,3.56010127
6.395,2302.2,14.2420077,3.56050191
6.396,2302.56,14.2436102,3.56090256
6.397,2302.92,14.2452128,3.5613032
6.398,2303.28,14.2468154,3.56170384
6.399,2303.64,14.2484179,3.56210448
6.4,2304,14.2500205,3.56250512
6.401,2304.36,14.251623,3.56290576
6.402,2304.72,14.2532256,3.5633064
6.403,2305.08,14.2548282,3.56370704
6.404,2305.44,14.2564307,3.56410768
6.405,2305.8,14.2580333,3.56450833
6.406,2306.16,14.2596359,3.56490897
6.407,2306.52,14.2612384,3.56530961
6.408,2306.88,14.262841,3.56571025
6.409,2307.24,14.2644436,3.56611089
6.41,2307.6,14.2660461,3.56651153
6.411,2307.96,14.2676487,3.56691217
6.412,2308.32,14.2692512,3.56731281
6.413,2308.68,14.2708538,3.56771345
6.414,2309.04,14.2724564,3.56811409
6.415,2309.4,14.2740589,3.56851474
6.416,2309.76,14.2756615,3.56891538
6.417,2310.12,14.2772641,3.56931602
6.418,2310.48,14.2788666,3.56971666
6.419,2310.84,14.2804692,3.5701173
6.42,2311.2,14.2820718,3.57051794
6.421,2311.56,14.2836743,3.57091858
6.422,2311.92,14.2852769,3.57131922
6.423,2312.28,14.2868795,3.57171986
6.424,2312.64,14.288482,3.5721205
6.425,2313,14.2900846,3.57252115
6.426,2313.36,14.2916871,3.57292179
6.427,2313.72,14.2932897,3.57332243
6.428,2314.08,14.2948923,3.57372307
6.429,2314.44,14.2964948,3.57412371
6.43,2314.8,14.2980974,3.57452435
6.431,2315.16,14.2997,3.57492499
6.432,2315.52,14.3013025,3.57532563
6.433,2315.88,14.3029051,3.57572627
6.434,2316.24,14.3045077,3.57612691
6.435,2316.6,14.3061102,3.57652756
6.436,2316.96,14.3077128,3.5769282
6.437,2317.32,14.3093154,3.57732884
6.438,2317.68,14.3109179,3.57772948
6.439,2318.04,14.3125205,3.57813012
6.44,2318.4,14.314123,3.57853076
6.441,2318.76,14.3157256,3.5789314
6.442,2319.12,14.3173282,3.57933204
6.443,2319.48,14.3189307,3.57973268
6.444,2319.84,14.3205333,3.58013333
6.445,2320.2,14.3221359,3.58053397
6.446,2320.56,14.3237384,3.58093461
6.447,2320.92,14.325341,3.58133525
6.448,2321.28,14.3269436,3.58173589
6.449,2321.64,14.3285461,3.58213653
6.45,2322,14.3301487,3.58253717
6.451,2322.36,14.3317512,3.58293781
6.452,2322.72,14.3333538,3.58333845
6.453,2323.08,14.3349564,3.58373909
6.454,2323.44,14.3365589,3.58413974
6.455,2323.8,14.3381615,3.58454038
6.456,2324.16,14.3397641,3.58494102
6.457,2324.52,14.3413666,3.58534166
6.458,2324.88,14.3429692,3.5857423
6.459,2325.24,14.3445718,3.58614294
6.46,2325.6,14.3461743,3.58654358
6.461,2325.96,14.3477769,3.58694422
6.462,2326.32,14.3493795,3.58734486
6.463,2326.68,14.350982,3.5877455
6.464,2327.04,14.3525846,3.58814615
6.465,2327.4,14.3541871,3.58854679
6.466,2327.76,14.3557897,3.58894743
6.467,2328.12,14.3573923,3.58934807
6.468,2328.48,14.3589948,3.58974871
6.469,2328.84,14.3605974,3.59014935
6.47,2329.2,14.3622,3.59054999
6.471,2329.56,14.3638025,3.59095063
6.472,2329.92,14.3654051,3.59135127
6.473,2330.28,14.3670077,3.59175191
6.474,2330.64,14.3686102,3.59215256
6.475,2331,14.3702128,3.5925532
6.476,2331.36,14.3718154,3.59295384
6.477,2331.72,14.3734179,3.59335448
6.478,2332.08,14.3750205,3.59375512
6.479,2332.44,14.376623,3.59415576
6.48,2332.8,14.3782256,3.5945564
6.481,2333.16,14.3798282,3.59495704
6.482,2333.52,14.3814307,3.59535768
6.483,2333.88,14.3830333,3.59575833
6.484,2334.24,14.3846359,3.59615897
6.485,2334.6,14.3862384,3.59655961
6.486,2334.96,14.387841,3.59696025
6.487,2335.32,14.3894436,3.59736089
6.488,2335.68,14.3910461,3.59776153
6.489,2336.04,14.3926487,3.59816217
6.49,2336.4,14.3942512,3.59856281
6.491,2336.76,14.3958538,3.59896345
6.492,2337.12,14.3974564,3.59936409
6.493,2337.48,14.3990589,3.59976474
6.494,2337.84,14.4006615,3.60016538
6.495,2338.2,14.4022641,3.60056602
6.496,2338.56,14.4038666,3.60096666
6.497,2338.92,14.4054692,3.6013673
6.498,2339.28,14.4070718,3.60176794
6.499,2339.64,14.4086743,3.60216858
6.5,2340,14.4102769,3.60256922
6.501,2340.36,14.4118795,3.60296986
6.502,2340.72,14.413482,3.6033705
6.503,2341.08,14.4150846,3.60377115
6.504,2341.44,14.4166871,3.60417179
6.505,2341.8,14.4182897,3.60457243
6.506,2342.16,14.4198923,3.60497307
6.507,2342.52,14.4214948,3.60537371
6.508,2342.88,14.4230974,3.60577435
6.509,2343.24,14.4247,3.60617499
6.51,2343.6,14.4263025,3.60657563
6.511,2343.96,14.4279051,3.60697627
6.512,2344.32,14.4295077,3.60737691
6.513,2344.68,14.4311102,3.60777756
6.514,2345.04,14.4327128,3.6081782
6.515,2345.4,14.4343154,3.60857884
6.516,2345.76,14.4359179,3.60897948
6.517,2346.12,14.4375205,3.60938012
6.518,2346.48,14.439123,3.60978076
6.519,2346.84,14.4407256,3.6101814
6.52,2347.2,14.4423282,3.61058204
6.521,2347.56,14.4439307,3.61098268
6.522,2347.92,14.4455333,3.61138333
6.523,2348.28,14.4471359,3.61178397
6.524,2348.64,14.4487384,3.61218461
6.525,2349,14.450341,3.61258525
6.526,2349.36,14.4519436,3.61298589
6.527,2349.72,14.4535461,3.61338653
6.528,2350.08,14.4551487,3.61378717
6.529,2350.44,14.4567512,3.61418781
6.53,2350.8,14.4583538,3.61458845
6.531,2351.16,14.4599564,3.61498909
6.532,2351.52,14.4615589,3.61538974
6.533,2351.88,14.4631615,3.61579038
6.534,2352.24,14.4647641,3.61619102
6.535,2352.6,14.4663666,3.61659166
6.536,2352.96,14.4679692,3.6169923
6.537,2353.32,14.4695718,3.61739294
6.538,2353.68,14.4711743,3.61779358
6.539,2354.04,14.4727769,3.61819422
6.54,2354.4,14.4743795,3.61859486
6.541,2354.76,14.475982,3.6189955
6.542,2355.12,14.4775846,3.61939615
6.543,2355.48,14.4791871,3.61979679
6.544,2355.84,14.4807897,3.62019743
6.545,2356.2,14.4823923,3.62059807
6.546,2356.56,14.4839948,3.62099871
6.547,2356.92,14.4855974,3.62139935
6.548,2357.28,14.4872,3.62179999
6.549,2357.64,14.4888025,3.62220063
6.55,2358,14.4904051,3.62260127
6.551,2358.36,14.4920077,3.62300191
6.552,2358.72,14.4936102,3.62340256
6.553,2359.08,14.4952128,3.6238032
6.554,2359.44,14.4968154,3.62420384
6.555,2359.8,14.4984179,3.62460448
6.556,2360.16,14.5000205,3.62500512
6.557,2360.52,14.501623,3.62540576
6.558,2360.88,14.5032256,3.6258064
6.559,2361.24,14.5048282,3.62620704
6.56,2361.6,14.5064307,3.62660768
6.561,2361.96,14.5080333,3.62700833
6.562,2362.32,14.5096359,3.62740897
6.563,2362.68,14.5112384,3.62780961
6.564,2363.04,14.512841,3.62821025
6.565,2363.4,14.5144436,3.62861089
6.566,2363.76,14.5160461,3.62901153
6.567,2364.12,14.5176487,3.62941217
6.568,2364.48,14.5192512,3.62981281
6.569,2364.84,14.5208538,3.63021345
6.57,2365.2,14.5224564,3.63061409
6.571,2365.56,14.5240589,3.63101474
6.572,2365.92,14.5256615,3.63141538
6.573,2366.28,14.5272641,3.63181602
6.574,2366.64,14.5288666,3.63221666
6.575,2367,14.5304692,3.6326173
6.576,2367.36,14.5320718,3.63301794
6.577,2367.72,14.5336743,3.63341858
6.578,2368.08,14.5352769,3.63381922
6.579,2368.44,14.5368795,3.63421986
6.58,2368.8,14.538482,3.6346205
6.581,2369.16,14.5400846,3.63502115
6.582,2369.52,14.5416871,3.63542179
6.583,2369.88,14.5432897,3.63582243
6.584,2370.24,14.5448923,3.63622307
6.585,2370.6,14.5464948,3.63662371
6.586,2370.96,14.5480974,3.63702435
6.587,2371.32,14.5497,3.63742499
6.588,2371.68,14.5513025,3.63782563
6.589,2372.04,14.5529051,3.63822627
6.59,2372.4,14.5545077,3.63862691
6.591,2372.76,14.5561102,3.63902756
6.592,2373.12,14.5577128,3.6394282
6.593,2373.48,14.5593154,3.63982884
6.594,2373.84,14.5609179,3.64022948
6.595,2374.2,14.5625205,3.64063012
6.596,2374.56,14.564123,3.64103076
6.597,2374.92,14.5657256,3.6414314
6.598,2375.28,14.5673282,3.64183204
6.599,2375.64,14.5689307,3.64223268
6.6,2376,14.5705333,3.64263333
6.601,2376.36,14.5721359,3.64303397
6.602,2376.72,14.5737384,3.64343461
6.603,2377.08,14.575341,3.64383525
6.604,2377.44,14.5769436,3.64423589
6.605,2377.8,14.5785461,3.64463653
6.606,2378.16,14.5801487,3.64503717
6.607,2378.52,14.5817512,3.64543781
6.608,2378.88,14.5833538,3.64583845
6.609,2379.24,14.5849564,3.64623909
6.61,2379.6,14.5865589,3.64663974
6.611,2379.96,14.5881615,3.64704038
6.612,2380.32,14.5897641,3.64744102
6.613,2380.68,14.5913666,3.64784166
6.614,2381.04,14.5929692,3.6482423
6.615,2381.4,14.5945718,3.64864294
6.616,2381.76,14.5961743,3.64904358
6.617,2382.12,14.5977769,3.64944422
6.618,2382.48,14.5993795,3.64984486
6.619,2382.84,14.600982,3.6502455
6.62,2383.2,14.6025846,3.65064615
6.621,2383.56,14.6041871,3.65104679
6.622,2383.92,14.6057897,3.65144743
6.623,2384.28,14.6073923,3.65184807
6.624,2384.64,14.6089948,3.65224871
6.625,2385,14.6105974,3.65264935
6.626,2385.36,14.6122,3.65304999
6.627,2385.72,14.6138025,3.65345063
6.628,2386.08,14.6154051,3.65385127
6.629,2386.44,14.6170077,3.65425191
6.63,2386.8,14.6186102,3.65465256
6.631,2387.16,14.6202128,3.6550532
6.632,2387.52,14.6218154,3.65545384
6.633,2387.88,14.6234179,3.65585448
6.634,2388.24,14.6250205,3.65625512
6.635,2388.6,14.626623,3.65665576
6.636,2388.96,14.6282256,3.6570564
6.637,2389.32,14.6298282,3.65745704
6.638,2389.68,14.6314307,3.65785768
6.639,2390.04,14.6330333,3.65825833
6.64,2390.4,14.6346359,3.65865897
6.641,2390.76,14.6362384,3.65905961
6.642,2391.12,14.637841,3.65946025
6.643,2391.48,14.6394436,3.65986089
6.644,2391.84,14.6410461,3.66026153
6.645,2392.2,14.6426487,3.66066217
6.646,2392.56,14.6442512,3.66106281
6.647,2392.92,14.6458538,3.66146345
6.648,2393.28,14.6474564,3.66186409
6.649,2393.64,14.6490589,3.66226474
6.65,2394,14.6506615,3.66266538
6.651,2394.36,14.6522641,3.66306602
6.652,2394.72,14.6538666,3.66346666
6.653,2395.08,14.6554692,3.6638673
6.654,2395.44,14.6570718,3.66426794
6.655,2395.8,14.6586743,3.66466858
6.656,2396.16,14.6602769,3.66506922
6.657,2396.52,14.6618795,3.66546986
6.658,2396.88,14.663482,3.6658705
6.659,2397.24,14.6650846,3.66627115
6.66,2397.6,14.6666871,3.66667179
6.661,2397.96,14.6682897,3.66707243
6.662,2398.32,14.6698923,3.66747307
6.663,2398.68,14.6714948,3.66787371
6.664,2399.04,14.6730974,3.66827435
6.665,2399.4,14.6747,3.66867499
6.666,2399.76,14.6763025,3.66907563
6.667,2400.12,14.6779051,3.66947627
6.668,2400.48,14.6795077,3.66987691
6.669,2400.84,14.6811102,3.67027756
6.67,2401.2,14.6827128,3.6706782
6.671,2401.56,14.6843154,3.67107884
6.672,2401.92,14.6859179,3.67147948
6.673,2402.28,14.6875205,3.67188012
6.674,2402.64,14.689123,3.67228076
6.675,2403,14.6907256,3.6726814
6.676,2403.36,14.6923282,3.67308204
6.677,2403.72,14.6939307,3.67348268
6.678,2404.08,14.6955333,3.67388333
6.679,2404.44,14.6971359,3.67428397
6.68,2404.8,14.6987384,3.67468461
6.681,2405.16,14.700341,3.67508525
6.682,2405.52,14.7019436,3.67548589
6.683,2405.88,14.7035461,3.67588653
6.684,2406.24,14.7051487,3.67628717
6.685,2406.6,14.7067512,3.67668781
6.686,2406.96,14.7083538,3.67708845
6.687,2407.32,14.7099564,3.67748909
6.688,2407.68,14.7115589,3.67788974
6.689,2408.04,14.7131615,3.67829038
6.69,2408.4,14.7147641,3.67869102
6.691,2408.76,14.7163666,3.67909166
6.692,2409.12,14.7179692,3.6794923
6.693,2409.48,14.7195718,3.67989294
6.694,2409.84,14.7211743,3.68029358
6.695,2410.2,14.7227769,3.68069422
6.696,2410.56,14.7243795,3.68109486
6.697,2410.92,14.725982,3.6814955
6.698,2411.28,14.7275846,3.68189615
6.699,2411.64,14.7291871,3.68229679
6.7,2412,14.7307897,3.68269743
6.701,2412.36,14.7323923,3.68309807
6.702,2412.72,14.7339948,3.68349871
6.703,2413.08,14.7355974,3.68389935
6.704,2413.44,14.7372,3.68429999
6.705,2413.8,14.7388025,3.68470063
6.706,2414.16,14.7404051,3.68510127
6.707,2414.52,14.7420077,3.68550191
6.708,2414.88,14.7436102,3.68590256
6.709,2415.24,14.7452128,3.6863032
6.71,2415.6,14.7468154,3.68670384
6.711,2415.96,14.7484179,3.68710448
6.712,2416.32,14.7500205,3.68750512
6.713,2416.68,14.751623,3.68790576
6.714,2417.04,14.7532256,3.6883064
6.715,2417.4,14.7548282,3.68870704
6.716,2417.76,14.7564307,3.68910768
6.717,2418.12,14.7580333,3.68950833
6.718,2418.48,14.7596359,3.68990897
6.719,2418.84,14.7612384,3.69030961
6.72,2419.2,14.762841,3.69071025
6.721,2419.56,14.7644436,3.69111089
6.722,2419.92,14.7660461,3.69151153
6.723,2420.28,14.7676487,3.69191217
6.724,2420.64,14.7692512,3.69231281
6.725,2421,14.7708538,3.69271345
6.726,2421.36,14.7724564,3.69311409
6.727,2421.72,14.7740589,3.69351474
6.728,2422.08,14.7756615,3.69391538
6.729,2422.44,14.7772641,3.69431602
6.73,2422.8,14.7788666,3.69471666
6.731,2423.16,14.7804692,3.6951173
6.732,2423.52,14.7820718,3.69551794
6.733,2423.88,14.7836743,3.69591858
6.734,2424.24,14.7852769,3.69631922
6.735,2424.6,14.7868795,3.69671986
6.736,2424.96,14.788482,3.6971205
6.737,2425.32,14.7900846,3.69752115
6.738,2425.68,14.7916871,3.69792179
6.739,2426.04,14.7932897,3.69832243
6.74,2426.4,14.7948923,3.69872307
6.741,2426.76,14.7964948,3.69912371
6.742,2427.12,14.7980974,3.69952435
6.743,2427.48,14.7997,3.69992499
6.744,2427.84,14.8013025,3.70032563
6.745,2428.2,14.8029051,3.70072627
6.746,2428.56,14.8045077,3.70112691
6.747,2428.92,14.8061102,3.70152756
6.748,2429.28,14.8077128,3.7019282
6.749,2429.64,14.8093154,3.70232884
6.75,2430,14.8109179,3.70272948
6.751,2430.36,14.8125205,3.70313012
6.752,2430.72,14.814123,3.70353076
6.753,2431.08,14.8157256,3.7039314
6.754,2431.44,14.8173282,3.70433204
6.755,2431.8,14.8189307,3.70473268
6.756,2432.16,14.8205333,3.70513333
6.757,2432.52,14.8221359,3.70553397
6.758,2432.88,14.8237384,3.70593461
6.759,2433.24,14.825341,3.70633525
6.76,2433.6,14.8269436,3.70673589
6.761,2433.96,14.8285461,3.70713653
6.762,2434.32,14.8301487,3.70753717
6.763,2434.68,14.8317512,3.70793781
6.764,2435.04,14.8333538,3.70833845
6.765,2435.4,14.8349564,3.70873909
6.766,2435.76,14.8365589,3.70913974
6.767,2436.12,14.8381615,3.70954038
6.768,2436.48,14.8397641,3.70994102
6.769,2436.84,14.8413666,3.71034166
6.77,2437.2,14.8429692,3.7107423
6.771,2437.56,14.8445718,3.71114294
6.772,2437.92,14.8461743,3.71154358
6.773,2438.28,14.8477769,3.71194422
6.774,2438.64,14.8493795,3.71234486
6.775,2439,14.850982,3.7127455
6.776,2439.36,14.8525846,3.71314615
6.777,2439.72,14.8541871,3.71354679
6.778,2440.08,14.8557897,3.71394743
6.779,2440.44,14.8573923,3.71434807
6.78,2440.8,14.8589948,3.71474871
6.781,2441.16,14.8605974,3.71514935
6.782,2441.52,14.8622,3.71554999
6.783,2441.88,14.8638025,3.71595063
6.784,2442.24,14.8654051,3.71635127
6.785,2442.6,14.8670077,3.71675191
6.786,2442.96,14.8686102,3.71715256
6.787,2443.32,14.8702128,3.7175532
6.788,2443.68,14.8718154,3.71795384
6.789,2444.04,14.8734179,3.71835448
6.79,2444.4,14.8750205,3.71875512
6.791,2444.76,14.876623,3.71915576
6.792,2445.12,14.8782256,3.7195564
6.793,2445.48,14.8798282,3.71995704
6.794,2445.84,14.8814307,3.72035768
6.795,2446.2,14.8830333,3.72075833
6.796,2446.56,14.8846359,3.72115897
6.797,2446.92,14.8862384,3.72155961
6.798,2447.28,14.887841,3.72196025
6.799,2447.64,14.8894436,3.72236089
6.8,2448,14.8910461,3.72276153
6.801,2448.36,14.8926487,3.72316217
6.802,2448.72,14.8942512,3.72356281
6.803,2449.08,14.8958538,3.72396345
6.804,2449.44,14.8974564,3.72436409
6.805,2449.8,14.8990589,3.72476474
6.806,2450.16,14.9006615,3.72516538
6.807,2450.52,14.9022641,3.72556602
6.808,2450.88,14.9038666,3.72596666
6.809,2451.24,14.9054692,3.7263673
6.81,2451.6,14.9070718,3.72676794
6.811,2451.96,14.9086743,3.72716858
6.812,2452.32,14.9102769,3.72756922
6.813,2452.68,14.9118795,3.72796986
6.814,2453.04,14.913482,3.7283705
6.815,2453.4,14.9150846,3.72877115
6.816,2453.76,14.9166871,3.72917179
6.817,2454.12,14.9182897,3.72957243
6.818,2454.48,14.9198923,3.72997307
6.819,2454.84,14.9214948,3.73037371
6.82,2455.2,14.9230974,3.73077435
6.821,2455.56,14.9247,3.73117499
6.822,2455.92,14.9263025,3.73157563
6.823,2456.28,14.9279051,3.73197627
6.824,2456.64,14.9295077,3.73237691
6.825,2457,14.9311102,3.73277756
6.826,2457.36,14.9327128,3.7331782
6.827,2457.72,14.9343154,3.73357884
6.828,2458.08,14.9359179,3.73397948
6.829,2458.44,14.9375205,3.73438012
6.83,2458.8,14.939123,3.73478076
6.831,2459.16,14.9407256,3.7351814
6.832,2459.52,14.9423282,3.73558204
6.833,2459.88,14.9439307,3.73598268
6.834,2460.24,14.9455333,3.73638333
6.835,2460.6,14.9471359,3.73678397
6.836,2460.96,14.9487384,3.73718461
6.837,2461.32,14.950341,3.73758525
6.838,2461.68,14.9519436,3.73798589
6.839,2462.04,14.9535461,3.73838653
6.84,2462.4,14.9551487,3.73878717
6.841,2462.76,14.9567512,3.73918781
6.842,2463.12,14.9583538,3.73958845
6.843,2463.48,14.9599564,3.73998909
6.844,2463.84,14.9615589,3.74038974
6.845,2464.2,14.9631615,3.74079038
6.846,2464.56,14.9647641,3.74119102
6.847,2464.92,14.9663666,3.74159166
6.848,2465.28,14.9679692,3.7419923
6.849,2465.64,14.9695718,3.74239294
6.85,2466,14.9711743,3.74279358
6.851,2466.36,14.9727769,3.74319422
6.852,2466.72,14.9743795,3.74359486
6.853,2467.08,14.975982,3.7439955
6.854,2467.44,14.9775846,3.74439615
6.855,2467.8,14.9791871,3.74479679
6.856,2468.16,14.9807897,3.74519743
6.857,2468.52,14.9823923,3.74559807
6.858,2468.88,14.9839948,3.74599871
6.859,2469.24,14.9855974,3.74639935
6.86,2469.6,14.9872,3.74679999
6.861,2469.96,14.9888025,3.74720063
6.862,2470.32,14.9904051,3.74760127
6.863,2470.68,14.9920077,3.74800191
6.864,2471.04,14.9936102,3.74840256
6.865,2471.4,14.9952128,3.7488032
6.866,2471.76,14.9968154,3.74920384
6.867,2472.12,14.9984179,3.74960448
6.868,2472.48,15.0000205,3.75000512
6.869,2472.84,15.001623,3.75040576
6.87,2473.2,15.0032256,3.7508064
6.871,2473.56,15.0048282,3.75120704
6.872,2473.92,15.0064307,3.75160768
6.873,2474.28,15.0080333,3.75200833
6.874,2474.64,15.0096359,3.75240897
6.875,2475,15.0112384,3.75280961
6.876,2475.36,15.012841,3.75321025
6.877,2475.72,15.0144436,3.75361089
6.878,2476.08,15.0160461,3.75401153
6.879,2476.44,15.0176487,3.75441217
6.88,2476.8,15.0192512,3.75481281
6.881,2477.16,15.0208538,3.75521345
6.882,2477.52,15.0224564,3.75561409
6.883,2477.88,15.0240589,3.75601474
6.884,2478.24,15.0256615,3.75641538
6.885,2478.6,15.0272641,3.75681602
6.886,2478.96,15.0288666,3.75721666
6.887,2479.32,15.0304692,3.7576173
6.888,2479.68,15.0320718,3.75801794
6.889,2480.04,15.0336743,3.75841858
6.89,2480.4,15.0352769,3.75881922
6.891,2480.76,15.0368795,3.75921986
6.892,2481.12,15.038482,3.7596205
6.893,2481.48,15.0400846,3.76002115
6.894,2481.84,15.0416871,3.76042179
6.895,2482.2,15.0432897,3.76082243
6.896,2482.56,15.0448923,3.76122307
6.897,2482.92,15.0464948,3.76162371
6.898,2483.28,15.0480974,3.76202435
6.899,2483.64,15.0497,3.76242499
6.9,2484,15.0513025,3.76282563
6.901,2484.36,15.0529051,3.76322627
6.902,2484.72,15.0545077,3.76362691
6.903,2485.08,15.0561102,3.76402756
6.904,2485.44,15.0577128,3.7644282
6.905,2485.8,15.0593154,3.76482884
6.906,2486.16,15.0609179,3.76522948
6.907,2486.52,15.0625205,3.76563012
6.908,2486.88,15.064123,3.76603076
6.909,2487.24,15.0657256,3.7664314
6.91,2487.6,15.0673282,3.76683204
6.911,2487.96,15.0689307,3.76723268
6.912,2488.32,15.0705333,3.76763333
6.913,2488.68,15.0721359,3.76803397
6.914,2489.04,15.0737384,3.76843461
6.915,2489.4,15.075341,3.76883525
6.916,2489.76,15.0769436,3.76923589
6.917,2490.12,15.0785461,3.76963653
6.918,2490.48,15.0801487,3.77003717
6.919,2490.84,15.0817512,3.77043781
6.92,2491.2,15.0833538,3.77083845
6.921,2491.56,15.0849564,3.77123909
6.922,2491.92,15.0865589,3.77163974
6.923,2492.28,15.0881615,3.77204038
6.924,2492.64,15.0897641,3.77244102
6.925,2493,15.0913666,3.77284166
6.926,2493.36,15.0929692,3.7732423
6.927,2493.72,15.0945718,3.77364294
6.928,2494.08,15.0961743,3.77404358
6.929,2494.44,15.0977769,3.77444422
6.93,2494.8,15.0993795,3.77484486
6.931,2495.16,15.100982,3.7752455
6.932,2495.52,15.1025846,3.77564615
6.933,2495.88,15.1041871,3.77604679
6.934,2496.24,15.1057897,3.77644743
6.935,2496.6,15.1073923,3.77684807
6.936,2496.96,15.1089948,3.77724871
6.937,2497.32,15.1105974,3.77764935
6.938,2497.68,15.1122,3.77804999
6.939,2498.04,15.1138025,3.77845063
6.94,2498.4,15.1154051,3.77885127
6.941,2498.76,15.1170077,3.77925191
6.942,2499.12,15.1186102,3.77965256
6.943,2499.48,15.1202128,3.7800532
6.944,2499.84,15.1218154,3.78045384
6.945,2500.2,15.1234179,3.78085448
6.946,2500.56,15.1250205,3.78125512
6.947,2500.92,15.126623,3.78165576
6.948,2501.28,15.1282256,3.7820564
6.949,2501.64,15.1298282,3.78245704
6.95,2502,15.1314307,3.78285768
6.951,2502.36,15.1330333,3.78325833
6.952,2502.72,15.1346359,3.78365897
6.953,2503.08,15.1362384,3.78405961
6.954,2503.44,15.137841,3.78446025
6.955,2503.8,15.1394436,3.78486089
6.956,2504.16,15.1410461,3.78526153
6.957,2504.52,15.1426487,3.78566217
6.958,2504.88,15.1442512,3.78606281
6.959,2505.24,15.1458538,3.78646345
6.96,2505.6,15.1474564,3.78686409
6.961,2505.96,15.1490589,3.78726474
6.962,2506.32,15.1506615,3.78766538
6.963,2506.68,15.1522641,3.78806602
6.964,2507.04,15.1538666,3.78846666
6.965,2507.4,15.1554692,3.7888673
6.966,2507.76,15.1570718,3.78926794
6.967,2508.12,15.1586743,3.78966858
6.968,2508.48,15.1602769,3.79006922
6.969,2508.84,15.1618795,3.79046986
6.97,2509.2,15.163482,3.7908705
6.971,2509.56,15.1650846,3.79127115
6.972,2509.92,15.1666871,3.79167179
6.973,2510.28,15.1682897,3.79207243
6.974,2510.64,15.1698923,3.79247307
6.975,2511,15.1714948,3.79287371
6.976,2511.36,15.1730974,3.79327435
6.977,2511.72,15.1747,3.79367499
6.978,2512.08,15.1763025,3.79407563
6.979,2512.44,15.1779051,3.79447627
6.98,2512.8,15.1795077,3.79487691
6.981,2513.16,15.1811102,3.79527756
6.982,2513.52,15.1827128,3.7956782
6.983,2513.88,15.1843154,3.79607884
6.984,2514.24,15.1859179,3.79647948
6.985,2514.6,15.1875205,3.79688012
6.986,2514.96,15.189123,3.79728076
6.987,2515.32,15.1907256,3.7976814
6.988,2515.68,15.1923282,3.79808204
6.989,2516.04,15.1939307,3.79848268
6.99,2516.4,15.1955333,3.79888333
6.991,2516.76,15.1971359,3.79928397
6.992,2517.12,15.1987384,3.79968461
6.993,2517.48,15.200341,3.80008525
6.994,2517.84,15.2019436,3.80048589
6.995,2518.2,15.2035461,3.80088653
6.996,2518.56,15.2051487,3.80128717
6.997,2518.92,15.2067512,3.80168781
6.998,2519.28,15.2083538,3.80208845
6.999,2519.64,15.2099564,3.80248909
7,2520,15.2115589,3.80288974
7.001,2520.36,15.2131615,3.80329038
7.002,2520.72,15.2147641,3.80369102
7.003,2521.08,15.2163666,3.80409166
7.004,2521.44,15.2179692,3.8044923
7.005,2521.8,15.2195718,3.80489294
7.006,2522.16,15.2211743,3.80529358
7.007,2522.52,15.2227769,3.80569422
7.008,2522.88,15.2243795,3.80609486
7.009,2523.24,15.225982,3.8064955
7.01,2523.6,15.2275846,3.80689615
7.011,2523.96,15.2291871,3.80729679
7.012,2524.32,15.2307897,3.80769743
7.013,2524.68,15.2323923,3.80809807
7.014,2525.04,15.2339948,3.80849871
7.015,2525.4,15.2355974,3.80889935
7.016,2525.76,15.2372,3.80929999
7.017,2526.12,15.2388025,3.80970063
7.018,2526.48,15.2404051,3.81010127
7.019,2526.84,15.2420077,3.81050191
7.02,2527.2,15.2436102,3.81090256
7.021,2527.56,15.2452128,3.8113032
7.022,2527.92,15.2468154,3.81170384
7.023,2528.28,15.2484179,3.81210448
7.024,2528.64,15.2500205,3.81250512
7.025,2529,15.251623,3.81290576
7.026,2529.36,15.2532256,3.8133064
7.027,2529.72,15.2548282,3.81370704
7.028,2530.08,15.2564307,3.81410768
7.029,2530.44,15.2580333,3.81450833
7.03,2530.8,15.2596359,3.81490897
7.031,2531.16,15.2612384,3.81530961
7.032,2531.52,15.262841,3.81571025
7.033,2531.88,15.2644436,3.81611089
7.034,2532.24,15.2660461,3.81651153
7.035,2532.6,15.2676487,3.81691217
7.036,2532.96,15.2692512,3.81731281
7.037,2533.32,15.2708538,3.81771345
7.038,2533.68,15.2724564,3.81811409
7.039,2534.04,15.2740589,3.81851474
7.04,2534.4,15.2756615,3.81891538
7.041,2534.76,15.2772641,3.81931602
7.042,2535.12,15.2788666,3.81971666
7.043,2535.48,15.2804692,3.8201173
7.044,2535.84,15.2820718,3.82051794
7.045,2536.2,15.2836743,3.82091858
7.046,2536.56,15.2852769,3.82131922
7.047,2536.92,15.2868795,3.82171986
7.048,2537.28,15.288482,3.8221205
7.049,2537.64,15.2900846,3.82252115
7.05,2538,15.2916871,3.82292179
7.051,2538.36,15.2932897,3.82332243
7.052,2538.72,15.2948923,3.82372307
7.053,2539.08,15.2964948,3.82412371
7.054,2539.44,15.2980974,3.82452435
7.055,2539.8,15.2997,3.82492499
7.056,2540.16,15.3013025,3.82532563
7.057,2540.52,15.3029051,3.82572627
7.058,2540.88,15.3045077,3.82612691
7.059,2541.24,15.3061102,3.82652756
7.06,2541.6,15.3077128,3.8269282
7.061,2541.96,15.3093154,3.82732884
7.062,2542.32,15.3109179,3.82772948
7.063,2542.68,15.3125205,3.82813012
7.064,2543.04,15.314123,3.82853076
7.065,2543.4,15.3157256,3.8289314
7.066,2543.76,15.3173282,3.82933204
7.067,2544.12,15.3189307,3.82973268
7.068,2544.48,15.3205333,3.83013333
7.069,2544.84,15.3221359,3.83053397
7.07,2545.2,15.3237384,3.83093461
7.071,2545.56,15.325341,3.83133525
7.072,2545.92,15.3269436,3.83173589
7.073,2546.28,15.3285461,3.83213653
7.074,2546.64,15.3301487,3.83253717
7.075,2547,15.3317512,3.83293781
7.076,2547.36,15.3333538,3.83333845
7.077,2547.72,15.3349564,3.83373909
7.078,2548.08,15.3365589,3.83413974
7.079,2548.44,15.3381615,3.83454038
7.08,2548.8,15.3397641,3.83494102
7.081,2549.16,15.3413666,3.83534166
7.082,2549.52,15.3429692,3.8357423
7.083,2549.88,15.3445718,3.83614294
7.084,2550.24,15.3461743,3.83654358
7.085,2550.6,15.3477769,3.83694422
7.086,2550.96,15.3493795,3.83734486
7.087,2551.32,15.350982,3.8377455
7.088,2551.68,15.3525846,3.83814615
7.089,2552.04,15.3541871,3.83854679
7.09,2552.4,15.3557897,3.83894743
7.091,2552.76,15.3573923,3.83934807
7.092,2553.12,15.3589948,3.83974871
7.093,2553.48,15.3605974,3.84014935
7.094,2553.84,15.3622,3.84054999
7.095,2554.2,15.3638025,3.84095063
7.096,2554.56,15.3654051,3.84135127
7.097,2554.92,15.3670077,3.84175191
7.098,2555.28,15.3686102,3.84215256
7.099,2555.64,15.3702128,3.8425532
7.1,2556,15.3718154,3.84295384
7.101,2556.36,15.3734179,3.84335448
7.102,2556.72,15.3750205,3.84375512
7.103,2557.08,15.376623,3.84415576
7.104,2557.44,15.3782256,3.8445564
7.105,2557.8,15.3798282,3.84495704
7.106,2558.16,15.3814307,3.84535768
7.107,2558.52,15.3830333,3.84575833
7.108,2558.88,15.3846359,3.84615897
7.109,2559.24,15.3862384,3.84655961
7.11,2559.6,15.387841,3.84696025
7.111,2559.96,15.3894436,3.84736089
7.112,2560.32,15.3910461,3.84776153
7.113,2560.68,15.3926487,3.84816217
7.114,2561.04,15.3942512,3.84856281
7.115,2561.4,15.3958538,3.84896345
7.116,2561.76,15.3974564,3.84936409
7.117,2562.12,15.3990589,3.84976474
7.118,2562.48,15.4006615,3.85016538
7.119,2562.84,15.4022641,3.85056602
7.12,2563.2,15.4038666,3.85096666
7.121,2563.56,15.4054692,3.8513673
7.122,2563.92,15.4070718,3.85176794
7.123,2564.28,15.4086743,3.85216858
7.124,2564.64,15.4102769,3.85256922
7.125,2565,15.4118795,3.85296986
7.126,2565.36,15.413482,3.8533705
7.127,2565.72,15.4150846,3.85377115
7.128,2566.08,15.4166871,3.85417179
7.129,2566.44,15.4182897,3.85457243
7.13,2566.8,15.4198923,3.85497307
7.131,2567.16,15.4214948,3.85537371
7.132,2567.52,15.4230974,3.85577435
7.133,2567.88,15.4247,3.85617499
7.134,2568.24,15.4263025,3.85657563
7.135,2568.6,15.4279051,3.85697627
7.136,2568.96,15.4295077,3.85737691
7.137,2569.32,15.4311102,3.85777756
7.138,2569.68,15.4327128,3.8581782
7.139,2570.04,15.4343154,3.85857884
7.14,2570.4,15.4359179,3.85897948
7.141,2570.76,15.4375205,3.85938012
7.142,2571.12,15.439123,3.85978076
7.143,2571.48,15.4407256,3.8601814
7.144,2571.84,15.4423282,3.86058204
7.145,2572.2,15.4439307,3.86098268
7.146,2572.56,15.4455333,3.86138333
7.147,2572.92,15.4471359,3.86178397
7.148,2573.28,15.4487384,3.86218461
7.149,2573.64,15.450341,3.86258525
7.15,2574,15.4519436,3.86298589
7.151,2574.36,15.4535461,3.86338653
7.152,2574.72,15.4551487,3.86378717
7.153,2575.08,15.4567512,3.86418781
7.154,2575.44,15.4583538,3.86458845
7.155,2575.8,15.4599564,3.86498909
7.156,2576.16,15.4615589,3.86538974
7.157,2576.52,15.4631615,3.86579038
7.158,2576.88,15.4647641,3.86619102
7.159,2577.24,15.4663666,3.86659166
7.16,2577.6,15.4679692,3.8669923
7.161,2577.96,15.4695718,3.86739294
7.162,2578.32,15.4711743,3.86779358
7.163,2578.68,15.4727769,3.86819422
7.164,2579.04,15.4743795,3.86859486
7.165,2579.4,15.475982,3.8689955
7.166,2579.76,15.4775846,3.86939615
7.167,2580.12,15.4791871,3.86979679
7.168,2580.48,15.4807897,3.87019743
7.169,2580.84,15.4823923,3.87059807
7.17,2581.2,15.4839948,3.87099871
7.171,2581.56,15.4855974,3.87139935
7.172,2581.92,15.4872,3.87179999
7.173,2582.28,15.4888025,3.87220063
7.174,2582.64,15.4904051,3.87260127
7.175,2583,15.4920077,3.87300191
7.176,2583.36,15.4936102,3.87340256
7.177,2583.72,15.4952128,3.8738032
7.178,2584.08,15.4968154,3.87420384
7.179,2584.44,15.4984179,3.87460448
7.18,2584.8,15.5000205,3.87500512
7.181,2585.16,15.501623,3.87540576
7.182,2585.52,15.5032256,3.8758064
7.183,2585.88,15.5048282,3.87620704
7.184,2586.24,15.5064307,3.87660768
7.185,2586.6,15.5080333,3.87700833
7.186,2586.96,15.5096359,3.87740897
7.187,2587.32,15.5112384,3.87780961
7.188,2587.68,15.512841,3.87821025
7.189,2588.04,15.5144436,3.87861089
7.19,2588.4,15.5160461,3.87901153
7.191,2588.76,15.5176487,3.87941217
7.192,2589.12,15.5192512,3.87981281
7.193,2589.48,15.5208538,3.88021345
7.194,2589.84,15.5224564,3.88061409
7.195,2590.2,15.5240589,3.88101474
7.196,2590.56,15.5256615,3.88141538
7.197,2590.92,15.5272641,3.88181602
7.198,2591.28,15.5288666,3.88221666
7.199,2591.64,15.5304692,3.8826173
7.2,2592,15.5320718,3.88301794
7.201,2592.36,15.5336743,3.88341858
7.202,2592.72,15.5352769,3.88381922
7.203,2593.08,15.5368795,3.88421986
7.204,2593.44,15.538482,3.8846205
7.205,2593.8,15.5400846,3.88502115
7.206,2594.16,15.5416871,3.88542179
7.207,2594.52,15.5432897,3.88582243
7.208,2594.88,15.5448923,3.88622307
7.209,2595.24,15.5464948,3.88662371
7.21,2595.6,15.5480974,3.88702435
7.211,2595.96,15.5497,3.88742499
7.212,2596.32,15.5513025,3.88782563
7.213,2596.68,15.5529051,3.88822627
7.214,2597.04,15.5545077,3.88862691
7.215,2597.4,15.5561102,3.88902756
7.216,2597.76,15.5577128,3.8894282
7.217,2598.12,15.5593154,3.88982884
7.218,2598.48,15.5609179,3.89022948
7.219,2598.84,15.5625205,3.89063012
7.22,2599.2,15.564123,3.89103076
7.221,2599.56,15.5657256,3.8914314
7.222,2599.92,15.5673282,3.89183204
7.223,2600.28,15.5689307,3.89223268
7.224,2600.64,15.5705333,3.89263333
7.225,2601,15.5721359,3.89303397
7.226,2601.36,15.5737384,3.89343461
7.227,2601.72,15.575341,3.89383525
7.228,2602.08,15.5769436,3.89423589
7.229,2602.44,15.5785461,3.89463653
7.23,2602.8,15.5801487,3.89503717
7.231,2603.16,15.5817512,3.89543781
7.232,2603.52,15.5833538,3.89583845
7.233,2603.88,15.5849564,3.89623909
7.234,2604.24,15.5865589,3.89663974
7.235,2604.6,15.5881615,3.89704038
7.236,2604.96,15.5897641,3.89744102
7.237,2605.32,15.5913666,3.89784166
7.238,2605.68,15.5929692,3.8982423
7.239,2606.04,15.5945718,3.89864294
7.24,2606.4,15.5961743,3.89904358
7.241,2606.76,15.5977769,3.89944422
7.242,2607.12,15.5993795,3.89984486
7.243,2607.48,15.600982,3.9002455
7.244,2607.84,15.6025846,3.90064615
7.245,2608.2,15.6041871,3.90104679
7.246,2608.56,15.6057897,3.90144743
7.247,2608.92,15.6073923,3.90184807
7.248,2609.28,15.6089948,3.90224871
7.249,2609.64,15.6105974,3.90264935
7.25,2610,15.6122,3.90304999
7.251,2610.36,15.6138025,3.90345063
7.252,2610.72,15.6154051,3.90385127
7.253,2611.08,15.6170077,3.90425191
7.254,2611.44,15.6186102,3.90465256
7.255,2611.8,15.6202128,3.9050532
7.256,2612.16,15.6218154,3.90545384
7.257,2612.52,15.6234179,3.90585448
7.258,2612.88,15.6250205,3.90625512
7.259,2613.24,15.626623,3.90665576
7.26,2613.6,15.6282256,3.9070564
7.261,2613.96,15.6298282,3.90745704
7.262,2614.32,15.6314307,3.90785768
7.263,2614.68,15.6330333,3.90825833
7.264,2615.04,15.6346359,3.90865897
7.265,2615.4,15.6362384,3.90905961
7.266,2615.76,15.637841,3.90946025
7.267,2616.12,15.6394436,3.90986089
7.268,2616.48,15.6410461,3.91026153
7.269,2616.84,15.6426487,3.91066217
7.27,2617.2,15.6442512,3.91106281
7.271,2617.56,15.6458538,3.91146345
7.272,2617.92,15.6474564,3.91186409
7.273,2618.28,15.6490589,3.91226474
7.274,2618.64,15.6506615,3.91266538
7.275,2619,15.6522641,3.91306602
7.276,2619.36,15.6538666,3.91346666
7.277,2619.72,15.6554692,3.9138673
7.278,2620.08,15.6570718,3.91426794
7.279,2620.44,15.6586743,3.91466858
7.28,2620.8,15.6602769,3.91506922
7.281,2621.16,15.6618795,3.91546986
7.282,2621.52,15.663482,3.9158705
7.283,2621.88,15.6650846,3.91627115
7.284,2622.24,15.6666871,3.91667179
7.285,2622.6,15.6682897,3.91707243
7.286,2622.96,15.6698923,3.91747307
7.287,2623.32,15.6714948,3.91787371
7.288,2623.68,15.6730974,3.91827435
7.289,2624.04,15.6747,3.91867499
7.29,2624.4,15.6763025,3.91907563
7.291,2624.76,15.6779051,3.91947627
7.292,2625.12,15.6795077,3.91987691
7.293,2625.48,15.6811102,3.92027756
7.294,2625.84,15.6827128,3.9206782
7.295,2626.2,15.6843154,3.92107884
7.296,2626.56,15.6859179,3.92147948
7.297,2626.92,15.6875205,3.92188012
7.298,2627.28,15.689123,3.92228076
7.299,2627.64,15.6907256,3.9226814
7.3,2628,15.6923282,3.92308204
7.301,2628.36,15.6939307,3.92348268
7.302,2628.72,15.6955333,3.92388333
7.303,2629.08,15.6971359,3.92428397
7.304,2629.44,15.6987384,3.92468461
7.305,2629.8,15.700341,3.92508525
7.306,2630.16,15.7019436,3.92548589
7.307,2630.52,15.7035461,3.92588653
7.308,2630.88,15.7051487,3.92628717
7.309,2631.24,15.7067512,3.92668781
7.31,2631.6,15.7083538,3.92708845
7.311,2631.96,15.7099564,3.92748909
7.312,2632.32,15.7115589,3.92788974
7.313,2632.68,15.7131615,3.92829038
7.314,2633.04,15.7147641,3.92869102
7.315,2633.4,15.7163666,3.92909166
7.316,2633.76,15.7179692,3.9294923
7.317,2634.12,15.7195718,3.92989294
7.318,2634.48,15.7211743,3.93029358
7.319,2634.84,15.7227769,3.93069422
7.32,2635.2,15.7243795,3.93109486
7.321,2635.56,15.725982,3.9314955
7.322,2635.92,15.7275846,3.93189615
7.323,2636.28,15.7291871,3.93229679
7.324,2636.64,15.7307897,3.93269743
7.325,2637,15.7323923,3.93309807
7.326,2637.36,15.7339948,3.93349871
7.327,2637.72,15.7355974,3.93389935
7.328,2638.08,15.7372,3.93429999
7.329,2638.44,15.7388025,3.93470063
7.33,2638.8,15.7404051,3.93510127
7.331,2639.16,15.7420077,3.93550191
7.332,2639.52,15.7436102,3.93590256
7.333,2639.88,15.7452128,3.9363032
7.334,2640.24,15.7468154,3.93670384
7.335,2640.6,15.7484179,3.93710448
7.336,2640.96,15.7500205,3.93750512
7.337,2641.32,15.751623,3.93790576
7.338,2641.68,15.7532256,3.9383064
7.339,2642.04,15.7548282,3.93870704
7.34,2642.4,15.7564307,3.93910768
7.341,2642.76,15.7580333,3.93950833
7.342,2643.12,15.7596359,3.93990897
7.343,2643.48,15.7612384,3.94030961
7.344,2643.84,15.762841,3.94071025
7.345,2644.2,15.7644436,3.94111089
7.346,2644.56,15.7660461,3.94151153
7.347,2644.92,15.7676487,3.94191217
7.348,2645.28,15.7692512,3.94231281
7.349,2645.64,15.7708538,3.94271345
7.35,2646,15.7724564,3.94311409
7.351,2646.36,15.7740589,3.94351474
7.352,2646.72,15.7756615,3.94391538
7.353,2647.08,15.7772641,3.94431602
7.354,2647.44,15.7788666,3.94471666
7.355,2647.8,15.7804692,3.9451173
7.356,2648.16,15.7820718,3.94551794
7.357,2648.52,15.7836743,3.94591858
7.358,2648.88,15.7852769,3.94631922
7.359,2649.24,15.7868795,3.94671986
7.36,2649.6,15.788482,3.9471205
7.361,2649.96,15.7900846,3.94752115
7.362,2650.32,15.7916871,3.94792179
7.363,2650.68,15.7932897,3.94832243
7.364,2651.04,15.7948923,3.94872307
7.365,2651.4,15.7964948,3.94912371
7.366,2651.76,15.7980974,3.94952435
7.367,2652.12,15.7997,3.94992499
7.368,2652.48,15.8013025,3.95032563
7.369,2652.84,15.8029051,3.95072627
7.37,2653.2,15.8045077,3.95112691
7.371,2653.56,15.8061102,3.95152756
7.372,2653.92,15.8077128,3.9519282
7.373,2654.28,15.8093154,3.95232884
7.374,2654.64,15.8109179,3.95272948
7.375,2655,15.8125205,3.95313012
7.376,2655.36,15.814123,3.95353076
7.377,2655.72,15.8157256,3.9539314
7.378,2656.08,15.8173282,3.95433204
7.379,2656.44,15.8189307,3.95473268
7.38,2656.8,15.8205333,3.95513333
7.381,2657.16,15.8221359,3.95553397
7.382,2657.52,15.8237384,3.95593461
7.383,2657.88,15.825341,3.95633525
7.384,2658.24,15.8269436,3.95673589
7.385,2658.6,15.8285461,3.95713653
7.386,2658.96,15.8301487,3.95753717
7.387,2659.32,15.8317512,3.95793781
7.388,2659.68,15.8333538,3.95833845
7.389,2660.04,15.8349564,3.95873909
7.39,2660.4,15.8365589,3.95913974
7.391,2660.76,15.8381615,3.95954038
7.392,2661.12,15.8397641,3.95994102
7.393,2661.48,15.8413666,3.96034166
7.394,2661.84,15.8429692,3.9607423
7.395,2662.2,15.8445718,3.96114294
7.396,2662.56,15.8461743,3.96154358
7.397,2662.92,15.8477769,3.96194422
7.398,2663.28,15.8493795,3.96234486
7.399,2663.64,15.850982,3.9627455
7.4,2664,15.8525846,3.96314615
7.401,2664.36,15.8541871,3.96354679
7.402,2664.72,15.8557897,3.96394743
7.403,2665.08,15.8573923,3.96434807
7.404,2665.44,15.8589948,3.96474871
7.405,2665.8,15.8605974,3.96514935
7.406,2666.16,15.8622,3.96554999
7.407,2666.52,15.8638025,3.96595063
7.408,2666.88,15.8654051,3.96635127
7.409,2667.24,15.8670077,3.96675191
7.41,2667.6,15.8686102,3.96715256
7.411,2667.96,15.8702128,3.9675532
7.412,2668.32,15.8718154,3.96795384
7.413,2668.68,15.8734179,3.96835448
7.414,2669.04,15.8750205,3.96875512
7.415,2669.4,15.876623,3.96915576
7.416,2669.76,15.8782256,3.9695564
7.417,2670.12,15.8798282,3.96995704
7.418,2670.48,15.8814307,3.97035768
7.419,2670.84,15.8830333,3.97075833
7.42,2671.2,15.8846359,3.97115897
7.421,2671.56,15.8862384,3.97155961
7.422,2671.92,15.887841,3.97196025
7.423,2672.28,15.8894436,3.97236089
7.424,2672.64,15.8910461,3.97276153
7.425,2673,15.8926487,3.97316217
7.426,2673.36,15.8942512,3.97356281
7.427,2673.72,15.8958538,3.97396345
7.428,2674.08,15.8974564,3.97436409
7.429,2674.44,15.8990589,3.97476474
7.43,2674.8,15.9006615,3.97516538
7.431,2675.16,15.9022641,3.97556602
7.432,2675.52,15.9038666,3.97596666
7.433,2675.88,15.9054692,3.9763673
7.434,2676.24,15.9070718,3.97676794
7.435,2676.6,15.9086743,3.97716858
7.436,2676.96,15.9102769,3.97756922
7.437,2677.32,15.9118795,3.97796986
7.438,2677.68,15.913482,3.9783705
7.439,2678.04,15.9150846,3.97877115
7.44,2678.4,15.9166871,3.97917179
7.441,2678.76,15.9182897,3.97957243
7.442,2679.12,15.9198923,3.97997307
7.443,2679.48,15.9214948,3.98037371
7.444,2679.84,15.9230974,3.98077435
7.445,2680.2,15.9247,3.98117499
7.446,2680.56,15.9263025,3.98157563
7.447,2680.92,15.9279051,3.98197627
7.448,2681.28,15.9295077,3.98237691
7.449,2681.64,15.9311102,3.98277756
7.45,2682,15.9327128,3.9831782
7.451,2682.36,15.9343154,3.98357884
7.452,2682.72,15.9359179,3.98397948
7.453,2683.08,15.9375205,3.98438012
7.454,2683.44,15.939123,3.98478076
7.455,2683.8,15.9407256,3.9851814
7.456,2684.16,15.9423282,3.98558204
7.457,2684.52,15.9439307,3.98598268
7.458,2684.88,15.9455333,3.98638333
7.459,2685.24,15.9471359,3.98678397
7.46,2685.6,15.9487384,3.98718461
7.461,2685.96,15.950341,3.98758525
7.462,2686.32,15.9519436,3.98798589
7.463,2686.68,15.9535461,3.98838653
7.464,2687.04,15.9551487,3.98878717
7.465,2687.4,15.9567512,3.98918781
7.466,2687.76,15.9583538,3.98958845
7.467,2688.12,15.9599564,3.98998909
7.468,2688.48,15.9615589,3.99038974
7.469,2688.84,15.9631615,3.99079038
7.47,2689.2,15.9647641,3.99119102
7.471,2689.56,15.9663666,3.99159166
7.472,2689.92,15.9679692,3.9919923
7.473,2690.28,15.9695718,3.99239294
7.474,2690.64,15.9711743,3.99279358
7.475,2691,15.9727769,3.99319422
7.476,2691.36,15.9743795,3.99359486
7.477,2691.72,15.975982,3.9939955
7.478,2692.08,15.9775846,3.99439615
7.479,2692.44,15.9791871,3.99479679
7.48,2692.8,15.9807897,3.99519743
7.481,2693.16,15.9823923,3.99559807
7.482,2693.52,15.9839948,3.99599871
7.483,2693.88,15.9855974,3.99639935
7.484,2694.24,15.9872,3.99679999
7.485,2694.6,15.9888025,3.99720063
7.486,2694.96,15.9904051,3.99760127
7.487,2695.32,15.9920077,3.99800191
7.488,2695.68,15.9936102,3.99840256
7.489,2696.04,15.9952128,3.9988032
7.49,2696.4,15.9968154,3.99920384
7.491,2696.76,15.9984179,3.99960448
7.492,2697.12,16.0000205,4.00000512
7.493,2697.48,16.001623,4.00040576
7.494,2697.84,16.0032256,4.0008064
7.495,2698.2,16.0048282,4.00120704
7.496,2698.56,16.0064307,4.00160768
7.497,2698.92,16.0080333,4.00200833
7.498,2699.28,16.0096359,4.00240897
7.499,2699.64,16.0112384,4.00280961
7.5,2700,16.012841,4.00321025
7.501,2700.36,16.0144436,4.00361089
7.502,2700.72,16.0160461,4.00401153
7.503,2701.08,16.0176487,4.00441217
7.504,2701.44,16.0192512,4.00481281
7.505,2701.8,16.0208538,4.00521345
7.506,2702.16,16.0224564,4.00561409
7.507,2702.52,16.0240589,4.00601474
7.508,2702.88,16.0256615,4.00641538
7.509,2703.24,16.0272641,4.00681602
7.51,2703.6,16.0288666,4.00721666
7.511,2703.96,16.0304692,4.0076173
7.512,2704.32,16.0320718,4.00801794
7.513,2704.68,16.0336743,4.00841858
7.514,2705.04,16.0352769,4.00881922
7.515,2705.4,16.0368795,4.00921986
7.516,2705.76,16.038482,4.0096205
7.517,2706.12,16.0400846,4.01002115
7.518,2706.48,16.0416871,4.01042179
7.519,2706.84,16.0432897,4.01082243
7.52,2707.2,16.0448923,4.01122307
7.521,2707.56,16.0464948,4.01162371
7.522,2707.92,16.0480974,4.01202435
7.523,2708.28,16.0497,4.01242499
7.524,2708.64,16.0513025,4.01282563
7.525,2709,16.0529051,4.01322627
7.526,2709.36,16.0545077,4.01362691
7.527,2709.72,16.0561102,4.01402756
7.528,2710.08,16.0577128,4.0144282
7.529,2710.44,16.0593154,4.01482884
7.53,2710.8,16.0609179,4.01522948
7.531,2711.16,16.0625205,4.01563012
7.532,2711.52,16.064123,4.01603076
7.533,2711.88,16.0657256,4.0164314
7.534,2712.24,16.0673282,4.01683204
7.535,2712.6,16.0689307,4.01723268
7.536,2712.96,16.0705333,4.01763333
7.537,2713.32,16.0721359,4.01803397
7.538,2713.68,16.0737384,4.01843461
7.539,2714.04,16.075341,4.01883525
7.54,2714.4,16.0769436,4.01923589
7.541,2714.76,16.0785461,4.01963653
7.542,2715.12,16.0801487,4.02003717
7.543,2715.48,16.0817512,4.02043781
7.544,2715.84,16.0833538,4.02083845
7.545,2716.2,16.0849564,4.02123909
7.546,2716.56,16.0865589,4.02163974
7.547,2716.92,16.0881615,4.02204038
7.548,2717.28,16.0897641,4.02244102
7.549,2717.64,16.0913666,4.02284166
7.55,2718,16.0929692,4.0232423
7.551,2718.36,16.0945718,4.02364294
7.552,2718.72,16.0961743,4.02404358
7.553,2719.08,16.0977769,4.02444422
7.554,2719.44,16.0993795,4.02484486
7.555,2719.8,16.100982,4.0252455
7.556,2720.16,16.1025846,4.02564615
7.557,2720.52,16.1041871,4.02604679
7.558,2720.88,16.1057897,4.02644743
7.559,2721.24,16.1073923,4.02684807
7.56,2721.6,16.1089948,4.02724871
7.561,2721.96,16.1105974,4.02764935
7.562,2722.32,16.1122,4.02804999
7.563,2722.68,16.1138025,4.02845063
7.564,2723.04,16.1154051,4.02885127
7.565,2723.4,16.1170077,4.02925191
7.566,2723.76,16.1186102,4.02965256
7.567,2724.12,16.1202128,4.0300532
7.568,2724.48,16.1218154,4.03045384
7.569,2724.84,16.1234179,4.03085448
7.57,2725.2,16.1250205,4.03125512
7.571,2725.56,16.126623,4.03165576
7.572,2725.92,16.1282256,4.0320564
7.573,2726.28,16.1298282,4.03245704
7.574,2726.64,16.1314307,4.03285768
7.575,2727,16.1330333,4.03325833
7.576,2727.36,16.1346359,4.03365897
7.577,2727.72,16.1362384,4.03405961
7.578,2728.08,16.137841,4.03446025
7.579,2728.44,16.1394436,4.03486089
7.58,2728.8,16.1410461,4.03526153
7.581,2729.16,16.1426487,4.03566217
7.582,2729.52,16.1442512,4.03606281
7.583,2729.88,16.1458538,4.03646345
7.584,2730.24,16.1474564,4.03686409
7.585,2730.6,16.1490589,4.03726474
7.586,2730.96,16.1506615,4.03766538
7.587,2731.32,16.1522641,4.03806602
7.588,2731.68,16.1538666,4.03846666
7.589,2732.04,16.1554692,4.0388673
7.59,2732.4,16.1570718,4.03926794
7.591,2732.76,16.1586743,4.03966858
7.592,2733.12,16.1602769,4.04006922
7.593,2733.48,16.1618795,4.04046986
7.594,2733.84,16.163482,4.0408705
7.595,2734.2,16.1650846,4.04127115
7.596,2734.56,16.1666871,4.04167179
7.597,2734.92,16.1682897,4.04207243
7.598,2735.28,16.1698923,4.04247307
7.599,2735.64,16.1714948,4.04287371
7.6,2736,16.1730974,4.04327435
7.601,2736.36,16.1747,4.04367499
7.602,2736.72,16.1763025,4.04407563
7.603,2737.08,16.1779051,4.04447627
7.604,2737.44,16.1795077,4.04487691
7.605,2737.8,16.1811102,4.04527756
7.606,2738.16,16.1827128,4.0456782
7.607,2738.52,16.1843154,4.04607884
7.608,2738.88,16.1859179,4.04647948
7.609,2739.24,16.1875205,4.04688012
7.61,2739.6,16.189123,4.04728076
7.611,2739.96,16.1907256,4.0476814
7.612,2740.32,16.1923282,4.04808204
7.613,2740.68,16.1939307,4.04848268
7.614,2741.04,16.1955333,4.04888333
7.615,2741.4,16.1971359,4.04928397
7.616,2741.76,16.1987384,4.04968461
7.617,2742.12,16.200341,4.05008525
7.618,2742.48,16.2019436,4.05048589
7.619,2742.84,16.2035461,4.05088653
7.62,2743.2,16.2051487,4.05128717
7.621,2743.56,16.2067512,4.05168781
7.622,2743.92,16.2083538,4.05208845
7.623,2744.28,16.2099564,4.05248909
7.624,2744.64,16.2115589,4.05288974
7.625,2745,16.2131615,4.05329038
7.626,2745.36,16.2147641,4.05369102
7.627,2745.72,16.2163666,4.05409166
7.628,2746.08,16.2179692,4.0544923
7.629,2746.44,16.2195718,4.05489294
7.63,2746.8,16.2211743,4.05529358
7.631,2747.16,16.2227769,4.05569422
7.632,2747.52,16.2243795,4.05609486
7.633,2747.88,16.225982,4.0564955
7.634,2748.24,16.2275846,4.05689615
7.635,2748.6,16.2291871,4.05729679
7.636,2748.96,16.2307897,4.05769743
7.637,2749.32,16.2323923,4.05809807
7.638,2749.68,16.2339948,4.05849871
7.639,2750.04,16.2355974,4.05889935
7.64,2750.4,16.2372,4.05929999
7.641,2750.76,16.2388025,4.05970063
7.642,2751.12,16.2404051,4.06010127
7.643,2751.48,16.2420077,4.06050191
7.644,2751.84,16.2436102,4.06090256
7.645,2752.2,16.2452128,4.0613032
7.646,2752.56,16.2468154,4.06170384
7.647,2752.92,16.2484179,4.06210448
7.648,2753.28,16.2500205,4.06250512
7.649,2753.64,16.251623,4.06290576
7.65,2754,16.2532256,4.0633064
7.651,2754.36,16.2548282,4.06370704
7.652,2754.72,16.2564307,4.06410768
7.653,2755.08,16.2580333,4.06450833
7.654,2755.44,16.2596359,4.06490897
7.655,2755.8,16.2612384,4.06530961
7.656,2756.16,16.262841,4.06571025
7.657,2756.52,16.2644436,4.06611089
7.658,2756.88,16.2660461,4.06651153
7.659,2757.24,16.2676487,4.06691217
7.66,2757.6,16.2692512,4.06731281
7.661,2757.96,16.2708538,4.06771345
7.662,2758.32,16.2724564,4.06811409
7.663,2758.68,16.2740589,4.06851474
7.664,2759.04,16.2756615,4.06891538
7.665,2759.4,16.2772641,4.06931602
7.666,2759.76,16.2788666,4.06971666
7.667,2760.12,16.2804692,4.0701173
7.668,2760.48,16.2820718,4.07051794
7.669,2760.84,16.2836743,4.07091858
7.67,2761.2,16.2852769,4.07131922
7.671,2761.56,16.2868795,4.07171986
7.672,2761.92,16.288482,4.0721205
7.673,2762.28,16.2900846,4.07252115
7.674,2762.64,16.2916871,4.07292179
7.675,2763,16.2932897,4.07332243
7.676,2763.36,16.2948923,4.07372307
7.677,2763.72,16.2964948,4.07412371
7.678,2764.08,16.2980974,4.07452435
7.679,2764.44,16.2997,4.07492499
7.68,2764.8,16.3013025,4.07532563
7.681,2765.16,16.3029051,4.07572627
7.682,2765.52,16.3045077,4.07612691
7.683,2765.88,16.3061102,4.07652756
7.684,2766.24,16.3077128,4.0769282
7.685,2766.6,16.3093154,4.07732884
7.686,2766.96,16.3109179,4.07772948
7.687,2767.32,16.3125205,4.07813012
7.688,2767.68,16.314123,4.07853076
7.689,2768.04,16.3157256,4.0789314
7.69,2768.4,16.3173282,4.07933204
7.691,2768.76,16.3189307,4.07973268
7.692,2769.12,16.3205333,4.08013333
7.693,2769.48,16.3221359,4.08053397
7.694,2769.84,16.3237384,4.08093461
7.695,2770.2,16.325341,4.08133525
7.696,2770.56,16.3269436,4.08173589
7.697,2770.92,16.3285461,4.08213653
7.698,2771.28,16.3301487,4.08253717
7.699,2771.64,16.3317512,4.08293781
7.7,2772,16.3333538,4.08333845
7.701,2772.36,16.3349564,4.08373909
7.702,2772.72,16.3365589,4.08413974
7.703,2773.08,16.3381615,4.08454038
7.704,2773.44,16.3397641,4.08494102
7.705,2773.8,16.3413666,4.08534166
7.706,2774.16,16.3429692,4.0857423
7.707,2774.52,16.3445718,4.08614294
7.708,2774.88,16.3461743,4.08654358
7.709,2775.24,16.3477769,4.08694422
7.71,2775.6,16.3493795,4.08734486
7.711,2775.96,16.350982,4.0877455
7.712,2776.32,16.3525846,4.08814615
7.713,2776.68,16.3541871,4.08854679
7.714,2777.04,16.3557897,4.08894743
7.715,2777.4,16.3573923,4.08934807
7.716,2777.76,16.3589948,4.08974871
7.717,2778.12,16.3605974,4.09014935
7.718,2778.48,16.3622,4.09054999
7.719,2778.84,16.3638025,4.09095063
7.72,2779.2,16.3654051,4.09135127
7.721,2779.56,16.3670077,4.09175191
7.722,2779.92,16.3686102,4.09215256
7.723,2780.28,16.3702128,4.0925532
7.724,2780.64,16.3718154,4.09295384
7.725,2781,16.3734179,4.09335448
7.726,2781.36,16.3750205,4.09375512
7.727,2781.72,16.376623,4.09415576
7.728,2782.08,16.3782256,4.0945564
7.729,2782.44,16.3798282,4.09495704
7.73,2782.8,16.3814307,4.09535768
7.731,2783.16,16.3830333,4.09575833
7.732,2783.52,16.3846359,4.09615897
7.733,2783.88,16.3862384,4.09655961
7.734,2784.24,16.387841,4.09696025
7.735,2784.6,16.3894436,4.09736089
7.736,2784.96,16.3910461,4.09776153
7.737,2785.32,16.3926487,4.09816217
7.738,2785.68,16.3942512,4.09856281
7.739,2786.04,16.3958538,4.09896345
7.74,2786.4,16.3974564,4.09936409
7.741,2786.76,16.3990589,4.09976474
7.742,2787.12,16.4006615,4.10016538
7.743,2787.48,16.4022641,4.10056602
7.744,2787.84,16.4038666,4.10096666
7.745,2788.2,16.4054692,4.1013673
7.746,2788.56,16.4070718,4.10176794
7.747,2788.92,16.4086743,4.10216858
7.748,2789.28,16.4102769,4.10256922
7.749,2789.64,16.4118795,4.10296986
7.75,2790,16.413482,4.1033705
7.751,2790.36,16.4150846,4.10377115
7.752,2790.72,16.4166871,4.10417179
7.753,2791.08,16.4182897,4.10457243
7.754,2791.44,16.4198923,4.10497307
7.755,2791.8,16.4214948,4.10537371
7.756,2792.16,16.4230974,4.10577435
7.757,2792.52,16.4247,4.10617499
7.758,2792.88,16.4263025,4.10657563
7.759,2793.24,16.4279051,4.10697627
7.76,2793.6,16.4295077,4.10737691
7.761,2793.96,16.4311102,4.10777756
7.762,2794.32,16.4327128,4.1081782
7.763,2794.68,16.4343154,4.10857884
7.764,2795.04,16.4359179,4.10897948
7.765,2795.4,16.4375205,4.10938012
7.766,2795.76,16.439123,4.10978076
7.767,2796.12,16.4407256,4.1101814
7.768,2796.48,16.4423282,4.11058204
7.769,2796.84,16.4439307,4.11098268
7.77,2797.2,16.4455333,4.11138333
7.771,2797.56,16.4471359,4.11178397
7.772,2797.92,16.4487384,4.11218461
7.773,2798.28,16.450341,4.11258525
7.774,2798.64,16.4519436,4.11298589
7.775,2799,16.4535461,4.11338653
7.776,2799.36,16.4551487,4.11378717
7.777,2799.72,16.4567512,4.11418781
7.778,2800.08,16.4583538,4.11458845
7.779,2800.44,16.4599564,4.11498909
7.78,2800.8,16.4615589,4.11538974
7.781,2801.16,16.4631615,4.11579038
7.782,2801.52,16.4647641,4.11619102
7.783,2801.88,16.4663666,4.11659166
7.784,2802.24,16.4679692,4.1169923
7.785,2802.6,16.4695718,4.11739294
7.786,2802.96,16.4711743,4.11779358
7.787,2803.32,16.4727769,4.11819422
7.788,2803.68,16.4743795,4.11859486
7.789,2804.04,16.475982,4.1189955
7.79,2804.4,16.4775846,4.11939615
7.791,2804.76,16.4791871,4.11979679
7.792,2805.12,16.4807897,4.12019743
7.793,2805.48,16.4823923,4.12059807
7.794,2805.84,16.4839948,4.12099871
7.795,2806.2,16.4855974,4.12139935
7.796,2806.56,16.4872,4.12179999
7.797,2806.92,16.4888025,4.12220063
7.798,2807.28,16.4904051,4.12260127
7.799,2807.64,16.4920077,4.12300191
7.8,2808,16.4936102,4.12340256
7.801,2808.36,16.4952128,4.1238032
7.802,2808.72,16.4968154,4.12420384
7.803,2809.08,16.4984179,4.12460448
7.804,2809.44,16.5000205,4.12500512
7.805,2809.8,16.501623,4.12540576
7.806,2810.16,16.5032256,4.1258064
7.807,2810.52,16.5048282,4.12620704
7.808,2810.88,16.5064307,4.12660768
7.809,2811.24,16.5080333,4.12700833
7.81,2811.6,16.5096359,4.12740897
7.811,2811.96,16.5112384,4.12780961
7.812,2812.32,16.512841,4.12821025
7.813,2812.68,16.5144436,4.12861089
7.814,2813.04,16.5160461,4.12901153
7.815,2813.4,16.5176487,4.12941217
7.816,2813.76,16.5192512,4.12981281
7.817,2814.12,16.5208538,4.13021345
7.818,2814.48,16.5224564,4.13061409
7.819,2814.84,16.5240589,4.13101474
7.82,2815.2,16.5256615,4.13141538
7.821,2815.56,16.5272641,4.13181602
7.822,2815.92,16.5288666,4.13221666
7.823,2816.28,16.5304692,4.1326173
7.824,2816.64,16.5320718,4.13301794
7.825,2817,16.5336743,4.13341858
7.826,2817.36,16.5352769,4.13381922
7.827,2817.72,16.5368795,4.13421986
7.828,2818.08,16.538482,4.1346205
7.829,2818.44,16.5400846,4.13502115
7.83,2818.8,16.5416871,4.13542179
7.831,2819.16,16.5432897,4.13582243
7.832,2819.52,16.5448923,4.13622307
7.833,2819.88,16.5464948,4.13662371
7.834,2820.24,16.5480974,4.13702435
7.835,2820.6,16.5497,4.13742499
7.836,2820.96,16.5513025,4.13782563
7.837,2821.32,16.5529051,4.13822627
7.838,2821.68,16.5545077,4.13862691
7.839,2822.04,16.5561102,4.13902756
7.84,2822.4,16.5577128,4.1394282
7.841,2822.76,16.5593154,4.13982884
7.842,2823.12,16.5609179,4.14022948
7.843,2823.48,16.5625205,4.14063012
7.844,2823.84,16.564123,4.14103076
7.845,2824.2,16.5657256,4.1414314
7.846,2824.56,16.5673282,4.14183204
7.847,2824.92,16.5689307,4.14223268
7.848,2825.28,16.5705333,4.14263333
7.849,2825.64,16.5721359,4.14303397
7.85,2826,16.5737384,4.14343461
7.851,2826.36,16.575341,4.14383525
7.852,2826.72,16.5769436,4.14423589
7.853,2827.08,16.5785461,4.14463653
7.854,2827.44,16.5801487,4.14503717
7.855,2827.8,16.5817512,4.14543781
7.856,2828.16,16.5833538,4.14583845
7.857,2828.52,16.5849564,4.14623909
7.858,2828.88,16.5865589,4.14663974
7.859,2829.24,16.5881615,4.14704038
7.86,2829.6,16.5897641,4.14744102
7.861,2829.96,16.5913666,4.14784166
7.862,2830.32,16.5929692,4.1482423
7.863,2830.68,16.5945718,4.14864294
7.864,2831.04,16.5961743,4.14904358
7.865,2831.4,16.5977769,4.14944422
7.866,2831.76,16.5993795,4.14984486
7.867,2832.12,16.600982,4.1502455
7.868,2832.48,16.6025846,4.15064615
7.869,2832.84,16.6041871,4.15104679
7.87,2833.2,16.6057897,4.15144743
7.871,2833.56,16.6073923,4.15184807
7.872,2833.92,16.6089948,4.15224871
7.873,2834.28,16.6105974,4.15264935
7.874,2834.64,16.6122,4.15304999
7.875,2835,16.6138025,4.15345063
7.876,2835.36,16.6154051,4.15385127
7.877,2835.72,16.6170077,4.15425191
7.878,2836.08,16.6186102,4.15465256
7.879,2836.44,16.6202128,4.1550532
7.88,2836.8,16.6218154,4.15545384
7.881,2837.16,16.6234179,4.15585448
7.882,2837.52,16.6250205,4.15625512
7.883,2837.88,16.626623,4.15665576
7.884,2838.24,16.6282256,4.1570564
7.885,2838.6,16.6298282,4.15745704
7.886,2838.96,16.6314307,4.15785768
7.887,2839.32,16.6330333,4.15825833
7.888,2839.68,16.6346359,4.15865897
7.889,2840.04,16.6362384,4.15905961
7.89,2840.4,16.637841,4.15946025
7.891,2840.76,16.6394436,4.15986089
7.892,2841.12,16.6410461,4.16026153
7.893,2841.48,16.6426487,4.16066217
7.894,2841.84,16.6442512,4.16106281
7.895,2842.2,16.6458538,4.16146345
7.896,2842.56,16.6474564,4.16186409
7.897,2842.92,16.6490589,4.16226474
7.898,2843.28,16.6506615,4.16266538
7.899,2843.64,16.6522641,4.16306602
7.9,2844,16.6538666,4.16346666
7.901,2844.36,16.6554692,4.1638673
7.902,2844.72,16.6570718,4.16426794
7.903,2845.08,16.6586743,4.16466858
7.904,2845.44,16.6602769,4.16506922
7.905,2845.8,16.6618795,4.16546986
7.906,2846.16,16.663482,4.1658705
7.907,2846.52,16.6650846,4.16627115
7.908,2846.88,16.6666871,4.16667179
7.909,2847.24,16.6682897,4.16707243
7.91,2847.6,16.6698923,4.16747307
7.911,2847.96,16.6714948,4.16787371
7.912,2848.32,16.6730974,4.16827435
7.913,2848.68,16.6747,4.16867499
7.914,2849.04,16.6763025,4.16907563
7.915,2849.4,16.6779051,4.16947627
7.916,2849.76,16.6795077,4.16987691
7.917,2850.12,16.6811102,4.17027756
7.918,2850.48,16.6827128,4.1706782
7.919,2850.84,16.6843154,4.17107884
7.92,2851.2,16.6859179,4.17147948
7.921,2851.56,16.6875205,4.17188012
7.922,2851.92,16.689123,4.17228076
7.923,2852.28,16.6907256,4.1726814
7.924,2852.64,16.6923282,4.17308204
7.925,2853,16.6939307,4.17348268
7.926,2853.36,16.6955333,4.17388333
7.927,2853.72,16.6971359,4.17428397
7.928,2854.08,16.6987384,4.17468461
7.929,2854.44,16.700341,4.17508525
7.93,2854.8,16.7019436,4.17548589
7.931,2855.16,16.7035461,4.17588653
7.932,2855.52,16.7051487,4.17628717
7.933,2855.88,16.7067512,4.17668781
7.934,2856.24,16.7083538,4.17708845
7.935,2856.6,16.7099564,4.17748909
7.936,2856.96,16.7115589,4.17788974
7.937,2857.32,16.7131615,4.17829038
7.938,2857.68,16.7147641,4.17869102
7.939,2858.04,16.7163666,4.17909166
7.94,2858.4,16.7179692,4.1794923
7.941,2858.76,16.7195718,4.17989294
7.942,2859.12,16.7211743,4.18029358
7.943,2859.48,16.7227769,4.18069422
7.944,2859.84,16.7243795,4.18109486
7.945,2860.2,16.725982,4.1814955
7.946,2860.56,16.7275846,4.18189615
7.947,2860.92,16.7291871,4.18229679
7.948,2861.28,16.7307897,4.18269743
7.949,2861.64,16.7323923,4.18309807
7.95,2862,16.7339948,4.18349871
7.951,2862.36,16.7355974,4.18389935
7.952,2862.72,16.7372,4.18429999
7.953,2863.08,16.7388025,4.18470063
7.954,2863.44,16.7404051,4.18510127
7.955,2863.8,16.7420077,4.18550191
7.956,2864.16,16.7436102,4.18590256
7.957,2864.52,16.7452128,4.1863032
7.958,2864.88,16.7468154,4.18670384
7.959,2865.24,16.7484179,4.18710448
7.96,2865.6,16.7500205,4.18750512
7.961,2865.96,16.751623,4.18790576
7.962,2866.32,16.7532256,4.1883064
7.963,2866.68,16.7548282,4.18870704
7.964,2867.04,16.7564307,4.18910768
7.965,2867.4,16.7580333,4.18950833
7.966,2867.76,16.7596359,4.18990897
7.967,2868.12,16.7612384,4.19030961
7.968,2868.48,16.762841,4.19071025
7.969,2868.84,16.7644436,4.19111089
7.97,2869.2,16.7660461,4.19151153
7.971,2869.56,16.7676487,4.19191217
7.972,2869.92,16.7692512,4.19231281
7.973,2870.28,16.7708538,4.19271345
7.974,2870.64,16.7724564,4.19311409
7.975,2871,16.7740589,4.19351474
7.976,2871.36,16.7756615,4.19391538
7.977,2871.72,16.7772641,4.19431602
7.978,2872.08,16.7788666,4.19471666
7.979,2872.44,16.7804692,4.1951173
7.98,2872.8,16.7820718,4.19551794
7.981,2873.16,16.7836743,4.19591858
7.982,2873.52,16.7852769,4.19631922
7.983,2873.88,16.7868795,4.19671986
7.984,2874.24,16.788482,4.1971205
7.985,2874.6,16.7900846,4.19752115
7.986,2874.96,16.7916871,4.19792179
7.987,2875.32,16.7932897,4.19832243
7.988,2875.68,16.7948923,4.19872307
7.989,2876.04,16.7964948,4.19912371
7.99,2876.4,16.7980974,4.19952435
7.991,2876.76,16.7997,4.19992499
7.992,2877.12,16.8013025,4.20032563
7.993,2877.48,16.8029051,4.20072627
7.994,2877.84,16.8045077,4.20112691
7.995,2878.2,16.8061102,4.20152756
7.996,2878.56,16.8077128,4.2019282
7.997,2878.92,16.8093154,4.20232884
7.998,2879.28,16.8109179,4.20272948
7.999,2879.64,16.8125205,4.20313012
8,2880,16.814123,4.20353076
8.001,2880.36,16.8157256,4.2039314
8.002,2880.72,16.8173282,4.20433204
8.003,2881.08,16.8189307,4.20473268
8.004,2881.44,16.8205333,4.20513333
8.005,2881.8,16.8221359,4.20553397
8.006,2882.16,16.8237384,4.20593461
8.007,2882.52,16.825341,4.20633525
8.008,2882.88,16.8269436,4.20673589
8.009,2883.24,16.8285461,4.20713653
8.01,2883.6,16.8301487,4.20753717
8.011,2883.96,16.8317512,4.20793781
8.012,2884.32,16.8333538,4.20833845
8.013,2884.68,16.8349564,4.20873909
8.014,2885.04,16.8365589,4.20913974
8.015,2885.4,16.8381615,4.20954038
8.016,2885.76,16.8397641,4.20994102
8.017,2886.12,16.8413666,4.21034166
8.018,2886.48,16.8429692,4.2107423
8.019,2886.84,16.8445718,4.21114294
8.02,2887.2,16.8461743,4.21154358
8.021,2887.56,16.8477769,4.21194422
8.022,2887.92,16.8493795,4.21234486
8.023,2888.28,16.850982,4.2127455
8.024,2888.64,16.8525846,4.21314615
8.025,2889,16.8541871,4.21354679
8.026,2889.36,16.8557897,4.21394743
8.027,2889.72,16.8573923,4.21434807
8.028,2890.08,16.8589948,4.21474871
8.029,2890.44,16.8605974,4.21514935
8.03,2890.8,16.8622,4.21554999
8.031,2891.16,16.8638025,4.21595063
8.032,2891.52,16.8654051,4.21635127
8.033,2891.88,16.8670077,4.21675191
8.034,2892.24,16.8686102,4.21715256
8.035,2892.6,16.8702128,4.2175532
8.036,2892.96,16.8718154,4.21795384
8.037,2893.32,16.8734179,4.21835448
8.038,2893.68,16.8750205,4.21875512
8.039,2894.04,16.876623,4.21915576
8.04,2894.4,16.8782256,4.2195564
8.041,2894.76,16.8798282,4.21995704
8.042,2895.12,16.8814307,4.22035768
8.043,2895.48,16.8830333,4.22075833
8.044,2895.84,16.8846359,4.22115897
8.045,2896.2,16.8862384,4.22155961
8.046,2896.56,16.887841,4.22196025
8.047,2896.92,16.8894436,4.22236089
8.048,2897.28,16.8910461,4.22276153
8.049,2897.64,16.8926487,4.22316217
8.05,2898,16.8942512,4.22356281
8.051,2898.36,16.8958538,4.22396345
8.052,2898.72,16.8974564,4.22436409
8.053,2899.08,16.8990589,4.22476474
8.054,2899.44,16.9006615,4.22516538
8.055,2899.8,16.9022641,4.22556602
8.056,2900.16,16.9038666,4.22596666
8.057,2900.52,16.9054692,4.2263673
8.058,2900.88,16.9070718,4.22676794
8.059,2901.24,16.9086743,4.22716858
8.06,2901.6,16.9102769,4.22756922
8.061,2901.96,16.9118795,4.22796986
8.062,2902.32,16.913482,4.2283705
8.063,2902.68,16.9150846,4.22877115
8.064,2903.04,16.9166871,4.22917179
8.065,2903.4,16.9182897,4.22957243
8.066,2903.76,16.9198923,4.22997307
8.067,2904.12,16.9214948,4.23037371
8.068,2904.48,16.9230974,4.23077435
8.069,2904.84,16.9247,4.23117499
8.07,2905.2,16.9263025,4.23157563
8.071,2905.56,16.9279051,4.23197627
8.072,2905.92,16.9295077,4.23237691
8.073,2906.28,16.9311102,4.23277756
8.074,2906.64,16.9327128,4.2331782
8.075,2907,16.9343154,4.23357884
8.076,2907.36,16.9359179,4.23397948
8.077,2907.72,16.9375205,4.23438012
8.078,2908.08,16.939123,4.23478076
8.079,2908.44,16.9407256,4.2351814
8.08,2908.8,16.9423282,4.23558204
8.081,2909.16,16.9439307,4.23598268
8.082,2909.52,16.9455333,4.23638333
8.083,2909.88,16.9471359,4.23678397
8.084,2910.24,16.9487384,4.23718461
8.085,2910.6,16.950341,4.23758525
8.086,2910.96,16.9519436,4.23798589
8.087,2911.32,16.9535461,4.23838653
8.088,2911.68,16.9551487,4.23878717
8.089,2912.04,16.9567512,4.23918781
8.09,2912.4,16.9583538,4.23958845
8.091,2912.76,16.9599564,4.23998909
8.092,2913.12,16.9615589,4.24038974
8.093,2913.48,16.9631615,4.24079038
8.094,2913.84,16.9647641,4.24119102
8.095,2914.2,16.9663666,4.24159166
8.096,2914.56,16.9679692,4.2419923
8.097,2914.92,16.9695718,4.24239294
8.098,2915.28,16.9711743,4.24279358
8.099,2915.64,16.9727769,4.24319422
8.1,2916,16.9743795,4.24359486
8.101,2916.36,16.975982,4.2439955
8.102,2916.72,16.9775846,4.24439615
8.103,2917.08,16.9791871,4.24479679
8.104,2917.44,16.9807897,4.24519743
8.105,2917.8,16.9823923,4.24559807
8.106,2918.16,16.9839948,4.24599871
8.107,2918.52,16.9855974,4.24639935
8.108,2918.88,16.9872,4.24679999
8.109,2919.24,16.9888025,4.24720063
8.11,2919.6,16.9904051,4.24760127
8.111,2919.96,16.9920077,4.24800191
8.112,2920.32,16.9936102,4.24840256
8.113,2920.68,16.9952128,4.2488032
8.114,2921.04,16.9968154,4.24920384
8.115,2921.4,16.9984179,4.24960448
8.116,2921.76,17.0000205,4.25000512
8.117,2922.12,17.001623,4.25040576
8.118,2922.48,17.0032256,4.2508064
8.119,2922.84,17.0048282,4.25120704
8.12,2923.2,17.0064307,4.25160768
8.121,2923.56,17.0080333,4.25200833
8.122,2923.92,17.0096359,4.25240897
8.123,2924.28,17.0112384,4.25280961
8.124,2924.64,17.012841,4.25321025
8.125,2925,17.0144436,4.25361089
8.126,2925.36,17.0160461,4.25401153
8.127,2925.72,17.0176487,4.25441217
8.128,2926.08,17.0192512,4.25481281
8.129,2926.44,17.0208538,4.25521345
8.13,2926.8,17.0224564,4.25561409
8.131,2927.16,17.0240589,4.25601474
8.132,2927.52,17.0256615,4.25641538
8.133,2927.88,17.0272641,4.25681602
8.134,2928.24,17.0288666,4.25721666
8.135,2928.6,17.0304692,4.2576173
8.136,2928.96,17.0320718,4.25801794
8.137,2929.32,17.0336743,4.25841858
8.138,2929.68,17.0352769,4.25881922
8.139,2930.04,17.0368795,4.25921986
8.14,2930.4,17.038482,4.2596205
8.141,2930.76,17.0400846,4.26002115
8.142,2931.12,17.0416871,4.26042179
8.143,2931.48,17.0432897,4.26082243
8.144,2931.84,17.0448923,4.26122307
8.145,2932.2,17.0464948,4.26162371
8.146,2932.56,17.0480974,4.26202435
8.147,2932.92,17.0497,4.26242499
8.148,2933.28,17.0513025,4.26282563
8.149,2933.64,17.0529051,4.26322627
8.15,2934,17.0545077,4.26362691
8.151,2934.36,17.0561102,4.26402756
8.152,2934.72,17.0577128,4.2644282
8.153,2935.08,17.0593154,4.26482884
8.154,2935.44,17.0609179,4.26522948
8.155,2935.8,17.0625205,4.26563012
8.156,2936.16,17.064123,4.26603076
8.157,2936.52,17.0657256,4.2664314
8.158,2936.88,17.0673282,4.26683204
8.159,2937.24,17.0689307,4.26723268
8.16,2937.6,17.0705333,4.26763333
8.161,2937.96,17.0721359,4.26803397
8.162,2938.32,17.0737384,4.26843461
8.163,2938.68,17.075341,4.26883525
8.164,2939.04,17.0769436,4.26923589
8.165,2939.4,17.0785461,4.26963653
8.166,2939.76,17.0801487,4.27003717
8.167,2940.12,17.0817512,4.27043781
8.168,2940.48,17.0833538,4.27083845
8.169,2940.84,17.0849564,4.27123909
8.17,2941.2,17.0865589,4.27163974
8.171,2941.56,17.0881615,4.27204038
8.172,2941.92,17.0897641,4.27244102
8.173,2942.28,17.0913666,4.27284166
8.174,2942.64,17.0929692,4.2732423
8.175,2943,17.0945718,4.27364294
8.176,2943.36,17.0961743,4.27404358
8.177,2943.72,17.0977769,4.27444422
8.178,2944.08,17.0993795,4.27484486
8.179,2944.44,17.100982,4.2752455
8.18,2944.8,17.1025846,4.27564615
8.181,2945.16,17.1041871,4.27604679
8.182,2945.52,17.1057897,4.27644743
8.183,2945.88,17.1073923,4.27684807
8.184,2946.24,17.1089948,4.27724871
8.185,2946.6,17.1105974,4.27764935
8.186,2946.96,17.1122,4.27804999
8.187,2947.32,17.1138025,4.27845063
8.188,2947.68,17.1154051,4.27885127
8.189,2948.04,17.1170077,4.27925191
8.19,2948.4,17.1186102,4.27965256
8.191,2948.76,17.1202128,4.2800532
8.192,2949.12,17.1218154,4.28045384
8.193,2949.48,17.1234179,4.28085448
8.194,2949.84,17.1250205,4.28125512
8.195,2950.2,17.126623,4.28165576
8.196,2950.56,17.1282256,4.2820564
8.197,2950.92,17.1298282,4.28245704
8.198,2951.28,17.1314307,4.28285768
8.199,2951.64,17.1330333,4.28325833
8.2,2952,17.1346359,4.28365897
8.201,2952.36,17.1362384,4.28405961
8.202,2952.72,17.137841,4.28446025
8.203,2953.08,17.1394436,4.28486089
8.204,2953.44,17.1410461,4.28526153
8.205,2953.8,17.1426487,4.28566217
8.206,2954.16,17.1442512,4.28606281
8.207,2954.52,17.1458538,4.28646345
8.208,2954.88,17.1474564,4.28686409
8.209,2955.24,17.1490589,4.28726474
8.21,2955.6,17.1506615,4.28766538
8.211,2955.96,17.1522641,4.28806602
8.212,2956.32,17.1538666,4.28846666
8.213,2956.68,17.1554692,4.2888673
8.214,2957.04,17.1570718,4.28926794
8.215,2957.4,17.1586743,4.28966858
8.216,2957.76,17.1602769,4.29006922
8.217,2958.12,17.1618795,4.29046986
8.218,2958.48,17.163482,4.2908705
8.219,2958.84,17.1650846,4.29127115
8.22,2959.2,17.1666871,4.29167179
8.221,2959.56,17.1682897,4.29207243
8.222,2959.92,17.1698923,4.29247307
8.223,2960.28,17.1714948,4.29287371
8.224,2960.64,17.1730974,4.29327435
8.225,2961,17.1747,4.29367499
8.226,2961.36,17.1763025,4.29407563
8.227,2961.72,17.1779051,4.29447627
8.228,2962.08,17.1795077,4.29487691
8.229,2962.44,17.1811102,4.29527756
8.23,2962.8,17.1827128,4.2956782
8.231,2963.16,17.1843154,4.29607884
8.232,2963.52,17.1859179,4.29647948
8.233,2963.88,17.1875205,4.29688012
8.234,2964.24,17.189123,4.29728076
8.235,2964.6,17.1907256,4.2976814
8.236,2964.96,17.1923282,4.29808204
8.237,2965.32,17.1939307,4.29848268
8.238,2965.68,17.1955333,4.29888333
8.239,2966.04,17.1971359,4.29928397
8.24,2966.4,17.1987384,4.29968461
8.241,2966.76,17.200341,4.30008525
8.242,2967.12,17.2019436,4.30048589
8.243,2967.48,17.2035461,4.30088653
8.244,2967.84,17.2051487,4.30128717
8.245,2968.2,17.2067512,4.30168781
8.246,2968.56,17.2083538,4.30208845
8.247,2968.92,17.2099564,4.30248909
8.248,2969.28,17.2115589,4.30288974
8.249,2969.64,17.2131615,4.30329038
8.25,2970,17.2147641,4.30369102
8.251,2970.36,17.2163666,4.30409166
8.252,2970.72,17.2179692,4.3044923
8.253,2971.08,17.2195718,4.30489294
8.254,2971.44,17.2211743,4.30529358
8.255,2971.8,17.2227769,4.30569422
8.256,2972.16,17.2243795,4.30609486
8.257,2972.52,17.225982,4.3064955
8.258,2972.88,17.2275846,4.30689615
8.259,2973.24,17.2291871,4.30729679
8.26,2973.6,17.2307897,4.30769743
8.261,2973.96,17.2323923,4.30809807
8.262,2974.32,17.2339948,4.30849871
8.263,2974.68,17.2355974,4.30889935
8.264,2975.04,17.2372,4.30929999
8.265,2975.4,17.2388025,4.30970063
8.266,2975.76,17.2404051,4.31010127
8.267,2976.12,17.2420077,4.31050191
8.268,2976.48,17.2436102,4.31090256
8.269,2976.84,17.2452128,4.3113032
8.27,2977.2,17.2468154,4.31170384
8.271,2977.56,17.2484179,4.31210448
8.272,2977.92,17.2500205,4.31250512
8.273,2978.28,17.251623,4.31290576
8.274,2978.64,17.2532256,4.3133064
8.275,2979,17.2548282,4.31370704
8.276,2979.36,17.2564307,4.31410768
8.277,2979.72,17.2580333,4.31450833
8.278,2980.08,17.2596359,4.31490897
8.279,2980.44,17.2612384,4.31530961
8.28,2980.8,17.262841,4.31571025
8.281,2981.16,17.2644436,4.31611089
8.282,2981.52,17.2660461,4.31651153
8.283,2981.88,17.2676487,4.31691217
8.284,2982.24,17.2692512,4.31731281
8.285,2982.6,17.2708538,4.31771345
8.286,2982.96,17.2724564,4.31811409
8.287,2983.32,17.2740589,4.31851474
8.288,2983.68,17.2756615,4.31891538
8.289,2984.04,17.2772641,4.31931602
8.29,2984.4,17.2788666,4.31971666
8.291,2984.76,17.2804692,4.3201173
8.292,2985.12,17.2820718,4.32051794
8.293,2985.48,17.2836743,4.32091858
8.294,2985.84,17.2852769,4.32131922
8.295,2986.2,17.2868795,4.32171986
8.296,2986.56,17.288482,4.3221205
8.297,2986.92,17.2900846,4.32252115
8.298,2987.28,17.2916871,4.32292179
8.299,2987.64,17.2932897,4.32332243
8.3,2988,17.2948923,4.32372307
8.301,2988.36,17.2964948,4.32412371
8.302,2988.72,17.2980974,4.32452435
8.303,2989.08,17.2997,4.32492499
8.304,2989.44,17.3013025,4.32532563
8.305,2989.8,17.3029051,4.32572627
8.306,2990.16,17.3045077,4.32612691
8.307,2990.52,17.3061102,4.32652756
8.308,2990.88,17.3077128,4.3269282
8.309,2991.24,17.3093154,4.32732884
8.31,2991.6,17.3109179,4.32772948
8.311,2991.96,17.3125205,4.32813012
8.312,2992.32,17.314123,4.32853076
8.313,2992.68,17.3157256,4.3289314
8.314,2993.04,17.3173282,4.32933204
8.315,2993.4,17.3189307,4.32973268
8.316,2993.76,17.3205333,4.33013333
8.317,2994.12,17.3221359,4.33053397
8.318,2994.48,17.3237384,4.33093461
8.319,2994.84,17.325341,4.33133525
8.32,2995.2,17.3269436,4.33173589
8.321,2995.56,17.3285461,4.33213653
8.322,2995.92,17.3301487,4.33253717
8.323,2996.28,17.3317512,4.33293781
8.324,2996.64,17.3333538,4.33333845
8.325,2997,17.3349564,4.33373909
8.326,2997.36,17.3365589,4.33413974
8.327,2997.72,17.3381615,4.33454038
8.328,2998.08,17.3397641,4.33494102
8.329,2998.44,17.3413666,4.33534166
8.33,2998.8,17.3429692,4.3357423
8.331,2999.16,17.3445718,4.33614294
8.332,2999.52,17.3461743,4.33654358
8.333,2999.88,17.3477769,4.33694422
8.334,3000.24,17.3493795,4.33734486
8.335,3000.6,17.350982,4.3377455
8.336,3000.96,17.3525846,4.33814615
8.337,3001.32,17.3541871,4.33854679
8.338,3001.68,17.3557897,4.33894743
8.339,3002.04,17.3573923,4.33934807
8.34,3002.4,17.3589948,4.33974871
8.341,3002.76,17.3605974,4.34014935
8.342,3003.12,17.3622,4.34054999
8.343,3003.48,17.3638025,4.34095063
8.344,3003.84,17.3654051,4.34135127
8.345,3004.2,17.3670077,4.34175191
8.346,3004.56,17.3686102,4.34215256
8.347,3004.92,17.3702128,4.3425532
8.348,3005.28,17.3718154,4.34295384
8.349,3005.64,17.3734179,4.34335448
8.35,3006,17.3750205,4.34375512
8.351,3006.36,17.376623,4.34415576
8.352,3006.72,17.3782256,4.3445564
8.353,3007.08,17.3798282,4.34495704
8.354,3007.44,17.3814307,4.34535768
8.355,3007.8,17.3830333,4.34575833
8.356,3008.16,17.3846359,4.34615897
8.357,3008.52,17.3862384,4.34655961
8.358,3008.88,17.387841,4.34696025
8.359,3009.24,17.3894436,4.34736089
8.36,3009.6,17.3910461,4.34776153
8.361,3009.96,17.3926487,4.34816217
8.362,3010.32,17.3942512,4.34856281
8.363,3010.68,17.3958538,4.34896345
8.364,3011.04,17.3974564,4.34936409
8.365,3011.4,17.3990589,4.34976474
8.366,3011.76,17.4006615,4.35016538
8.367,3012.12,17.4022641,4.35056602
8.368,3012.48,17.4038666,4.35096666
8.369,3012.84,17.4054692,4.3513673
8.37,3013.2,17.4070718,4.35176794
8.371,3013.56,17.4086743,4.35216858
8.372,3013.92,17.4102769,4.35256922
8.373,3014.28,17.4118795,4.35296986
8.374,3014.64,17.413482,4.3533705
8.375,3015,17.4150846,4.35377115
8.376,3015.36,17.4166871,4.35417179
8.377,3015.72,17.4182897,4.35457243
8.378,3016.08,17.4198923,4.35497307
8.379,3016.44,17.4214948,4.35537371
8.38,3016.8,17.4230974,4.35577435
8.381,3017.16,17.4247,4.35617499
8.382,3017.52,17.4263025,4.35657563
8.383,3017.88,17.4279051,4.35697627
8.384,3018.24,17.4295077,4.35737691
8.385,3018.6,17.4311102,4.35777756
8.386,3018.96,17.4327128,4.3581782
8.387,3019.32,17.4343154,4.35857884
8.388,3019.68,17.4359179,4.35897948
8.389,3020.04,17.4375205,4.35938012
8.39,3020.4,17.439123,4.35978076
8.391,3020.76,17.4407256,4.3601814
8.392,3021.12,17.4423282,4.36058204
8.393,3021.48,17.4439307,4.36098268
8.394,3021.84,17.4455333,4.36138333
8.395,3022.2,17.4471359,4.36178397
8.396,3022.56,17.4487384,4.36218461
8.397,3022.92,17.450341,4.36258525
8.398,3023.28,17.4519436,4.36298589
8.399,3023.64,17.4535461,4.36338653
8.4,3024,17.4551487,4.36378717
8.401,3024.36,17.4567512,4.36418781
8.402,3024.72,17.4583538,4.36458845
8.403,3025.08,17.4599564,4.36498909
8.404,3025.44,17.4615589,4.36538974
8.405,3025.8,17.4631615,4.36579038
8.406,3026.16,17.4647641,4.36619102
8.407,3026.52,17.4663666,4.36659166
8.408,3026.88,17.4679692,4.3669923
8.409,3027.24,17.4695718,4.36739294
8.41,3027.6,17.4711743,4.36779358
8.411,3027.96,17.4727769,4.36819422
8.412,3028.32,17.4743795,4.36859486
8.413,3028.68,17.475982,4.3689955
8.414,3029.04,17.4775846,4.36939615
8.415,3029.4,17.4791871,4.36979679
8.416,3029.76,17.4807897,4.37019743
8.417,3030.12,17.4823923,4.37059807
8.418,3030.48,17.4839948,4.37099871
8.419,3030.84,17.4855974,4.37139935
8.42,3031.2,17.4872,4.37179999
8.421,3031.56,17.4888025,4.37220063
8.422,3031.92,17.4904051,4.37260127
8.423,3032.28,17.4920077,4.37300191
8.424,3032.64,17.4936102,4.37340256
8.425,3033,17.4952128,4.3738032
8.426,3033.36,17.4968154,4.37420384
8.427,3033.72,17.4984179,4.37460448
8.428,3034.08,17.5000205,4.37500512
8.429,3034.44,17.501623,4.37540576
8.43,3034.8,17.5032256,4.3758064
8.431,3035.16,17.5048282,4.37620704
8.432,3035.52,17.5064307,4.37660768
8.433,3035.88,17.5080333,4.37700833
8.434,3036.24,17.5096359,4.37740897
8.435,3036.6,17.5112384,4.37780961
8.436,3036.96,17.512841,4.37821025
8.437,3037.32,17.5144436,4.37861089
8.438,3037.68,17.5160461,4.37901153
8.439,3038.04,17.5176487,4.37941217
8.44,3038.4,17.5192512,4.37981281
8.441,3038.76,17.5208538,4.38021345
8.442,3039.12,17.5224564,4.38061409
8.443,3039.48,17.5240589,4.38101474
8.444,3039.84,17.5256615,4.38141538
8.445,3040.2,17.5272641,4.38181602
8.446,3040.56,17.5288666,4.38221666
8.447,3040.92,17.5304692,4.3826173
8.448,3041.28,17.5320718,4.38301794
8.449,3041.64,17.5336743,4.38341858
8.45,3042,17.5352769,4.38381922
8.451,3042.36,17.5368795,4.38421986
8.452,3042.72,17.538482,4.3846205
8.453,3043.08,17.5400846,4.38502115
8.454,3043.44,17.5416871,4.38542179
8.455,3043.8,17.5432897,4.38582243
8.456,3044.16,17.5448923,4.38622307
8.457,3044.52,17.5464948,4.38662371
8.458,3044.88,17.5480974,4.38702435
8.459,3045.24,17.5497,4.38742499
8.46,3045.6,17.5513025,4.38782563
8.461,3045.96,17.5529051,4.38822627
8.462,3046.32,17.5545077,4.38862691
8.463,3046.68,17.5561102,4.38902756
8.464,3047.04,17.5577128,4.3894282
8.465,3047.4,17.5593154,4.38982884
8.466,3047.76,17.5609179,4.39022948
8.467,3048.12,17.5625205,4.39063012
8.468,3048.48,17.564123,4.39103076
8.469,3048.84,17.5657256,4.3914314
8.47,3049.2,17.5673282,4.39183204
8.471,3049.56,17.5689307,4.39223268
8.472,3049.92,17.5705333,4.39263333
8.473,3050.28,17.5721359,4.39303397
8.474,3050.64,17.5737384,4.39343461
8.475,3051,17.575341,4.39383525
8.476,3051.36,17.5769436,4.39423589
8.477,3051.72,17.5785461,4.39463653
8.478,3052.08,17.5801487,4.39503717
8.479,3052.44,17.5817512,4.39543781
8.48,3052.8,17.5833538,4.39583845
8.481,3053.16,17.5849564,4.39623909
8.482,3053.52,17.5865589,4.39663974
8.483,3053.88,17.5881615,4.39704038
8.484,3054.24,17.5897641,4.39744102
8.485,3054.6,17.5913666,4.39784166
8.486,3054.96,17.5929692,4.3982423
8.487,3055.32,17.5945718,4.39864294
8.488,3055.68,17.5961743,4.39904358
8.489,3056.04,17.5977769,4.39944422
8.49,3056.4,17.5993795,4.39984486
8.491,3056.76,17.600982,4.4002455
8.492,3057.12,17.6025846,4.40064615
8.493,3057.48,17.6041871,4.40104679
8.494,3057.84,17.6057897,4.40144743
8.495,3058.2,17.6073923,4.40184807
8.496,3058.56,17.6089948,4.40224871
8.497,3058.92,17.6105974,4.40264935
8.498,3059.28,17.6122,4.40304999
8.499,3059.64,17.6138025,4.40345063
8.5,3060,17.6154051,4.40385127
8.501,3060.36,17.6170077,4.40425191
8.502,3060.72,17.6186102,4.40465256
8.503,3061.08,17.6202128,4.4050532
8.504,3061.44,17.6218154,4.40545384
8.505,3061.8,17.6234179,4.40585448
8.506,3062.16,17.6250205,4.40625512
8.507,3062.52,17.626623,4.40665576
8.508,3062.88,17.6282256,4.4070564
8.509,3063.24,17.6298282,4.40745704
8.51,3063.6,17.6314307,4.40785768
8.511,3063.96,17.6330333,4.40825833
8.512,3064.32,17.6346359,4.40865897
8.513,3064.68,17.6362384,4.40905961
8.514,3065.04,17.637841,4.40946025
8.515,3065.4,17.6394436,4.40986089
8.516,3065.76,17.6410461,4.41026153
8.517,3066.12,17.6426487,4.41066217
8.518,3066.48,17.6442512,4.41106281
8.519,3066.84,17.6458538,4.41146345
8.52,3067.2,17.6474564,4.41186409
8.521,3067.56,17.6490589,4.41226474
8.522,3067.92,17.6506615,4.41266538
8.523,3068.28,17.6522641,4.41306602
8.524,3068.64,17.6538666,4.41346666
8.525,3069,17.6554692,4.4138673
8.526,3069.36,17.6570718,4.41426794
8.527,3069.72,17.6586743,4.41466858
8.528,3070.08,17.6602769,4.41506922
8.529,3070.44,17.6618795,4.41546986
8.53,3070.8,17.663482,4.4158705
8.531,3071.16,17.6650846,4.41627115
8.532,3071.52,17.6666871,4.41667179
8.533,3071.88,17.6682897,4.41707243
8.534,3072.24,17.6698923,4.41747307
8.535,3072.6,17.6714948,4.41787371
8.536,3072.96,17.6730974,4.41827435
8.537,3073.32,17.6747,4.41867499
8.538,3073.68,17.6763025,4.41907563
8.539,3074.04,17.6779051,4.41947627
8.54,3074.4,17.6795077,4.41987691
8.541,3074.76,17.6811102,4.42027756
8.542,3075.12,17.6827128,4.4206782
8.543,3075.48,17.6843154,4.42107884
8.544,3075.84,17.6859179,4.42147948
8.545,3076.2,17.6875205,4.42188012
8.546,3076.56,17.689123,4.42228076
8.547,3076.92,17.6907256,4.4226814
8.548,3077.28,17.6923282,4.42308204
8.549,3077.64,17.6939307,4.42348268
8.55,3078,17.6955333,4.42388333
8.551,3078.36,17.6971359,4.42428397
8.552,3078.72,17.6987384,4.42468461
8.553,3079.08,17.700341,4.42508525
8.554,3079.44,17.7019436,4.42548589
8.555,3079.8,17.7035461,4.42588653
8.556,3080.16,17.7051487,4.42628717
8.557,3080.52,17.7067512,4.42668781
8.558,3080.88,17.7083538,4.42708845
8.559,3081.24,17.7099564,4.42748909
8.56,3081.6,17.7115589,4.42788974
8.561,3081.96,17.7131615,4.42829038
8.562,3082.32,17.7147641,4.42869102
8.563,3082.68,17.7163666,4.42909166
8.564,3083.04,17.7179692,4.4294923
8.565,3083.4,17.7195718,4.42989294
8.566,3083.76,17.7211743,4.43029358
8.567,3084.12,17.7227769,4.43069422
8.568,3084.48,17.7243795,4.43109486
8.569,3084.84,17.725982,4.4314955
8.57,3085.2,17.7275846,4.43189615
8.571,3085.56,17.7291871,4.43229679
8.572,3085.92,17.7307897,4.43269743
8.573,3086.28,17.7323923,4.43309807
8.574,3086.64,17.7339948,4.43349871
8.575,3087,17.7355974,4.43389935
8.576,3087.36,17.7372,4.43429999
8.577,3087.72,17.7388025,4.43470063
8.578,3088.08,17.7404051,4.43510127
8.579,3088.44,17.7420077,4.43550191
8.58,3088.8,17.7436102,4.43590256
8.581,3089.16,17.7452128,4.4363032
8.582,3089.52,17.7468154,4.43670384
8.583,3089.88,17.7484179,4.43710448
8.584,3090.24,17.7500205,4.43750512
8.585,3090.6,17.751623,4.43790576
8.586,3090.96,17.7532256,4.4383064
8.587,3091.32,17.7548282,4.43870704
8.588,3091.68,17.7564307,4.43910768
8.589,3092.04,17.7580333,4.43950833
8.59,3092.4,17.7596359,4.43990897
8.591,3092.76,17.7612384,4.44030961
8.592,3093.12,17.762841,4.44071025
8.593,3093.48,17.7644436,4.44111089
8.594,3093.84,17.7660461,4.44151153
8.595,3094.2,17.7676487,4.44191217
8.596,3094.56,17.7692512,4.44231281
8.597,3094.92,17.7708538,4.44271345
8.598,3095.28,17.7724564,4.44311409
8.599,3095.64,17.7740589,4.44351474
8.6,3096,17.7756615,4.44391538
8.601,3096.36,17.7772641,4.44431602
8.602,3096.72,17.7788666,4.44471666
8.603,3097.08,17.7804692,4.4451173
8.604,3097.44,17.7820718,4.44551794
8.605,3097.8,17.7836743,4.44591858
8.606,3098.16,17.7852769,4.44631922
8.607,3098.52,17.7868795,4.44671986
8.608,3098.88,17.788482,4.4471205
8.609,3099.24,17.7900846,4.44752115
8.61,3099.6,17.7916871,4.44792179
8.611,3099.96,17.7932897,4.44832243
8.612,3100.32,17.7948923,4.44872307
8.613,3100.68,17.7964948,4.44912371
8.614,3101.04,17.7980974,4.44952435
8.615,3101.4,17.7997,4.44992499
8.616,3101.76,17.8013025,4.45032563
8.617,3102.12,17.8029051,4.45072627
8.618,3102.48,17.8045077,4.45112691
8.619,3102.84,17.8061102,4.45152756
8.62,3103.2,17.8077128,4.4519282
8.621,3103.56,17.8093154,4.45232884
8.622,3103.92,17.8109179,4.45272948
8.623,3104.28,17.8125205,4.45313012
8.624,3104.64,17.814123,4.45353076
8.625,3105,17.8157256,4.4539314
8.626,3105.36,17.8173282,4.45433204
8.627,3105.72,17.8189307,4.45473268
8.628,3106.08,17.8205333,4.45513333
8.629,3106.44,17.8221359,4.45553397
8.63,3106.8,17.8237384,4.45593461
8.631,3107.16,17.825341,4.45633525
8.632,3107.52,17.8269436,4.45673589
8.633,3107.88,17.8285461,4.45713653
8.634,3108.24,17.8301487,4.45753717
8.635,3108.6,17.8317512,4.45793781
8.636,3108.96,17.8333538,4.45833845
8.637,3109.32,17.8349564,4.45873909
8.638,3109.68,17.8365589,4.45913974
8.639,3110.04,17.8381615,4.45954038
8.64,3110.4,17.8397641,4.45994102
8.641,3110.76,17.8413666,4.46034166
8.642,3111.12,17.8429692,4.4607423
8.643,3111.48,17.8445718,4.46114294
8.644,3111.84,17.8461743,4.46154358
8.645,3112.2,17.8477769,4.46194422
8.646,3112.56,17.8493795,4.46234486
8.647,3112.92,17.850982,4.4627455
8.648,3113.28,17.8525846,4.46314615
8.649,3113.64,17.8541871,4.46354679
8.65,3114,17.8557897,4.46394743
8.651,3114.36,17.8573923,4.46434807
8.652,3114.72,17.8589948,4.46474871
8.653,3115.08,17.8605974,4.46514935
8.654,3115.44,17.8622,4.46554999
8.655,3115.8,17.8638025,4.46595063
8.656,3116.16,17.8654051,4.46635127
8.657,3116.52,17.8670077,4.46675191
8.658,3116.88,17.8686102,4.46715256
8.659,3117.24,17.8702128,4.4675532
8.66,3117.6,17.8718154,4.46795384
8.661,3117.96,17.8734179,4.46835448
8.662,3118.32,17.8750205,4.46875512
8.663,3118.68,17.876623,4.46915576
8.664,3119.04,17.8782256,4.4695564
8.665,3119.4,17.8798282,4.46995704
8.666,3119.76,17.8814307,4.47035768
8.667,3120.12,17.8830333,4.47075833
8.668,3120.48,17.8846359,4.47115897
8.669,3120.84,17.8862384,4.47155961
8.67,3121.2,17.887841,4.47196025
8.671,3121.56,17.8894436,4.47236089
8.672,3121.92,17.8910461,4.47276153
8.673,3122.28,17.8926487,4.47316217
8.674,3122.64,17.8942512,4.47356281
8.675,3123,17.8958538,4.47396345
8.676,3123.36,17.8974564,4.47436409
8.677,3123.72,17.8990589,4.47476474
8.678,3124.08,17.9006615,4.47516538
8.679,3124.44,17.9022641,4.47556602
8.68,3124.8,17.9038666,4.47596666
8.681,3125.16,17.9054692,4.4763673
8.682,3125.52,17.9070718,4.47676794
8.683,3125.88,17.9086743,4.47716858
8.684,3126.24,17.9102769,4.47756922
8.685,3126.6,17.9118795,4.47796986
8.686,3126.96,17.913482,4.4783705
8.687,3127.32,17.9150846,4.47877115
8.688,3127.68,17.9166871,4.47917179
8.689,3128.04,17.9182897,4.47957243
8.69,3128.4,17.9198923,4.47997307
8.691,3128.76,17.9214948,4.48037371
8.692,3129.12,17.9230974,4.48077435
8.693,3129.48,17.9247,4.48117499
8.694,3129.84,17.9263025,4.48157563
8.695,3130.2,17.9279051,4.48197627
8.696,3130.56,17.9295077,4.48237691
8.697,3130.92,17.9311102,4.48277756
8.698,3131.28,17.9327128,4.4831782
8.699,3131.64,17.9343154,4.48357884
8.7,3132,17.9359179,4.48397948
8.701,3132.36,17.9375205,4.48438012
8.702,3132.72,17.939123,4.48478076
8.703,3133.08,17.9407256,4.4851814
8.704,3133.44,17.9423282,4.48558204
8.705,3133.8,17.9439307,4.48598268
8.706,3134.16,17.9455333,4.48638333
8.707,3134.52,17.9471359,4.48678397
8.708,3134.88,17.9487384,4.48718461
8.709,3135.24,17.950341,4.48758525
8.71,3135.6,17.9519436,4.48798589
8.711,3135.96,17.9535461,4.48838653
8.712,3136.32,17.9551487,4.48878717
8.713,3136.68,17.9567512,4.48918781
8.714,3137.04,17.9583538,4.48958845
8.715,3137.4,17.9599564,4.48998909
8.716,3137.76,17.9615589,4.49038974
8.717,3138.12,17.9631615,4.49079038
8.718,3138.48,17.9647641,4.49119102
8.719,3138.84,17.9663666,4.49159166
8.72,3139.2,17.9679692,4.4919923
8.721,3139.56,17.9695718,4.49239294
8.722,3139.92,17.9711743,4.49279358
8.723,3140.28,17.9727769,4.49319422
8.724,3140.64,17.9743795,4.49359486
8.725,3141,17.975982,4.4939955
8.726,3141.36,17.9775846,4.49439615
8.727,3141.72,17.9791871,4.49479679
8.728,3142.08,17.9807897,4.49519743
8.729,3142.44,17.9823923,4.49559807
8.73,3142.8,17.9839948,4.49599871
8.731,3143.16,17.9855974,4.49639935
8.732,3143.52,17.9872,4.49679999
8.733,3143.88,17.9888025,4.49720063
8.734,3144.24,17.9904051,4.49760127
8.735,3144.6,17.9920077,4.49800191
8.736,3144.96,17.9936102,4.49840256
8.737,3145.32,17.9952128,4.4988032
8.738,3145.68,17.9968154,4.49920384
8.739,3146.04,17.9984179,4.49960448
8.74,3146.4,18.0000205,4.50000512
8.741,3146.76,18.001623,4.50040576
8.742,3147.12,18.0032256,4.5008064
8.743,3147.48,18.0048282,4.50120704
8.744,3147.84,18.0064307,4.50160768
8.745,3148.2,18.0080333,4.50200833
8.746,3148.56,18.0096359,4.50240897
8.747,3148.92,18.0112384,4.50280961
8.748,3149.28,18.012841,4.50321025
8.749,3149.64,18.0144436,4.50361089
8.75,3150,18.0160461,4.50401153
8.751,3150.36,18.0176487,4.50441217
8.752,3150.72,18.0192512,4.50481281
8.753,3151.08,18.0208538,4.50521345
8.754,3151.44,18.0224564,4.50561409
8.755,3151.8,18.0240589,4.50601474
8.756,3152.16,18.0256615,4.50641538
8.757,3152.52,18.0272641,4.50681602
8.758,3152.88,18.0288666,4.50721666
8.759,3153.24,18.0304692,4.5076173
8.76,3153.6,18.0320718,4.50801794
8.761,3153.96,18.0336743,4.50841858
8.762,3154.32,18.0352769,4.50881922
8.763,3154.68,18.0368795,4.50921986
8.764,3155.04,18.038482,4.5096205
8.765,3155.4,18.0400846,4.51002115
8.766,3155.76,18.0416871,4.51042179
8.767,3156.12,18.0432897,4.51082243
8.768,3156.48,18.0448923,4.51122307
8.769,3156.84,18.0464948,4.51162371
8.77,3157.2,18.0480974,4.51202435
8.771,3157.56,18.0497,4.51242499
8.772,3157.92,18.0513025,4.51282563
8.773,3158.28,18.0529051,4.51322627
8.774,3158.64,18.0545077,4.51362691
8.775,3159,18.0561102,4.51402756
8.776,3159.36,18.0577128,4.5144282
8.777,3159.72,18.0593154,4.51482884
8.778,3160.08,18.0609179,4.51522948
8.779,3160.44,18.0625205,4.51563012
8.78,3160.8,18.064123,4.51603076
8.781,3161.16,18.0657256,4.5164314
8.782,3161.52,18.0673282,4.51683204
8.783,3161.88,18.0689307,4.51723268
8.784,3162.24,18.0705333,4.51763333
8.785,3162.6,18.0721359,4.51803397
8.786,3162.96,18.0737384,4.51843461
8.787,3163.32,18.075341,4.51883525
8.788,3163.68,18.0769436,4.51923589
8.789,3164.04,18.0785461,4.51963653
8.79,3164.4,18.0801487,4.52003717
8.791,3164.76,18.0817512,4.52043781
8.792,3165.12,18.0833538,4.52083845
8.793,3165.48,18.0849564,4.52123909
8.794,3165.84,18.0865589,4.52163974
8.795,3166.2,18.0881615,4.52204038
8.796,3166.56,18.0897641,4.52244102
8.797,3166.92,18.0913666,4.52284166
8.798,3167.28,18.0929692,4.5232423
8.799,3167.64,18.0945718,4.52364294
8.8,3168,18.0961743,4.52404358
8.801,3168.36,18.0977769,4.52444422
8.802,3168.72,18.0993795,4.52484486
8.803,3169.08,18.100982,4.5252455
8.804,3169.44,18.1025846,4.52564615
8.805,3169.8,18.1041871,4.52604679
8.806,3170.16,18.1057897,4.52644743
8.807,3170.52,18.1073923,4.52684807
8.808,3170.88,18.1089948,4.52724871
8.809,3171.24,18.1105974,4.52764935
8.81,3171.6,18.1122,4.52804999
8.811,3171.96,18.1138025,4.52845063
8.812,3172.32,18.1154051,4.52885127
8.813,3172.68,18.1170077,4.52925191
8.814,3173.04,18.1186102,4.52965256
8.815,3173.4,18.1202128,4.5300532
8.816,3173.76,18.1218154,4.53045384
8.817,3174.12,18.1234179,4.53085448
8.818,3174.48,18.1250205,4.53125512
8.819,3174.84,18.126623,4.53165576
8.82,3175.2,18.1282256,4.5320564
8.821,3175.56,18.1298282,4.53245704
8.822,3175.92,18.1314307,4.53285768
8.823,3176.28,18.1330333,4.53325833
8.824,3176.64,18.1346359,4.53365897
8.825,3177,18.1362384,4.53405961
8.826,3177.36,18.137841,4.53446025
8.827,3177.72,18.1394436,4.53486089
8.828,3178.08,18.1410461,4.53526153
8.829,3178.44,18.1426487,4.53566217
8.83,3178.8,18.1442512,4.53606281
8.831,3179.16,18.1458538,4.53646345
8.832,3179.52,18.1474564,4.53686409
8.833,3179.88,18.1490589,4.53726474
8.834,3180.24,18.1506615,4.53766538
8.835,3180.6,18.1522641,4.53806602
8.836,3180.96,18.1538666,4.53846666
8.837,3181.32,18.1554692,4.5388673
8.838,3181.68,18.1570718,4.53926794
8.839,3182.04,18.1586743,4.53966858
8.84,3182.4,18.1602769,4.54006922
8.841,3182.76,18.1618795,4.54046986
8.842,3183.12,18.163482,4.5408705
8.843,3183.48,18.1650846,4.54127115
8.844,3183.84,18.1666871,4.54167179
8.845,3184.2,18.1682897,4.54207243
8.846,3184.56,18.1698923,4.54247307
8.847,3184.92,18.1714948,4.54287371
8.848,3185.28,18.1730974,4.54327435
8.849,3185.64,18.1747,4.54367499
8.85,3186,18.1763025,4.54407563
8.851,3186.36,18.1779051,4.54447627
8.852,3186.72,18.1795077,4.54487691
8.853,3187.08,18.1811102,4.54527756
8.854,3187.44,18.1827128,4.5456782
8.855,3187.8,18.1843154,4.54607884
8.856,3188.16,18.1859179,4.54647948
8.857,3188.52,18.1875205,4.54688012
8.858,3188.88,18.189123,4.54728076
8.859,3189.24,18.1907256,4.5476814
8.86,3189.6,18.1923282,4.54808204
8.861,3189.96,18.1939307,4.54848268
8.862,3190.32,18.1955333,4.54888333
8.863,3190.68,18.1971359,4.54928397
8.864,3191.04,18.1987384,4.54968461
8.865,3191.4,18.200341,4.55008525
8.866,3191.76,18.2019436,4.55048589
8.867,3192.12,18.2035461,4.55088653
8.868,3192.48,18.2051487,4.55128717
8.869,3192.84,18.2067512,4.55168781
8.87,3193.2,18.2083538,4.55208845
8.871,3193.56,18.2099564,4.55248909
8.872,3193.92,18.2115589,4.55288974
8.873,3194.28,18.2131615,4.55329038
8.874,3194.64,18.2147641,4.55369102
8.875,3195,18.2163666,4.55409166
8.876,3195.36,18.2179692,4.5544923
8.877,3195.72,18.2195718,4.55489294
8.878,3196.08,18.2211743,4.55529358
8.879,3196.44,18.2227769,4.55569422
8.88,3196.8,18.2243795,4.55609486
8.881,3197.16,18.225982,4.5564955
8.882,3197.52,18.2275846,4.55689615
8.883,3197.88,18.2291871,4.55729679
8.884,3198.24,18.2307897,4.55769743
8.885,3198.6,18.2323923,4.55809807
8.886,3198.96,18.2339948,4.55849871
8.887,3199.32,18.2355974,4.55889935
8.888,3199.68,18.2372,4.55929999
8.889,3200.04,18.2388025,4.55970063
8.89,3200.4,18.2404051,4.56010127
8.891,3200.76,18.2420077,4.56050191
8.892,3201.12,18.2436102,4.56090256
8.893,3201.48,18.2452128,4.5613032
8.894,3201.84,18.2468154,4.56170384
8.895,3202.2,18.2484179,4.56210448
8.896,3202.56,18.2500205,4.56250512
8.897,3202.92,18.251623,4.56290576
8.898,3203.28,18.2532256,4.5633064
8.899,3203.64,18.2548282,4.56370704
8.9,3204,18.2564307,4.56410768
8.901,3204.36,18.2580333,4.56450833
8.902,3204.72,18.2596359,4.56490897
8.903,3205.08,18.2612384,4.56530961
8.904,3205.44,18.262841,4.56571025
8.905,3205.8,18.2644436,4.56611089
8.906,3206.16,18.2660461,4.56651153
8.907,3206.52,18.2676487,4.56691217
8.908,3206.88,18.2692512,4.56731281
8.909,3207.24,18.2708538,4.56771345
8.91,3207.6,18.2724564,4.56811409
8.911,3207.96,18.2740589,4.56851474
8.912,3208.32,18.2756615,4.56891538
8.913,3208.68,18.2772641,4.56931602
8.914,3209.04,18.2788666,4.56971666
8.915,3209.4,18.2804692,4.5701173
8.916,3209.76,18.2820718,4.57051794
8.917,3210.12,18.2836743,4.57091858
8.918,3210.48,18.2852769,4.57131922
8.919,3210.84,18.2868795,4.57171986
8.92,3211.2,18.288482,4.5721205
8.921,3211.56,18.2900846,4.57252115
8.922,3211.92,18.2916871,4.57292179
8.923,3212.28,18.2932897,4.57332243
8.924,3212.64,18.2948923,4.57372307
8.925,3213,18.2964948,4.57412371
8.926,3213.36,18.2980974,4.57452435
8.927,3213.72,18.2997,4.57492499
8.928,3214.08,18.3013025,4.57532563
8.929,3214.44,18.3029051,4.57572627
8.93,3214.8,18.3045077,4.57612691
8.931,3215.16,18.3061102,4.57652756
8.932,3215.52,18.3077128,4.5769282
8.933,3215.88,18.3093154,4.57732884
8.934,3216.24,18.3109179,4.57772948
8.935,3216.6,18.3125205,4.57813012
8.936,3216.96,18.314123,4.57853076
8.937,3217.32,18.3157256,4.5789314
8.938,3217.68,18.3173282,4.57933204
8.939,3218.04,18.3189307,4.57973268
8.94,3218.4,18.3205333,4.58013333
8.941,3218.76,18.3221359,4.58053397
8.942,3219.12,18.3237384,4.58093461
8.943,3219.48,18.325341,4.58133525
8.944,3219.84,18.3269436,4.58173589
8.945,3220.2,18.3285461,4.58213653
8.946,3220.56,18.3301487,4.58253717
8.947,3220.92,18.3317512,4.58293781
8.948,3221.28,18.3333538,4.58333845
8.949,3221.64,18.3349564,4.58373909
8.95,3222,18.3365589,4.58413974
8.951,3222.36,18.3381615,4.58454038
8.952,3222.72,18.3397641,4.58494102
8.953,3223.08,18.3413666,4.58534166
8.954,3223.44,18.3429692,4.5857423
8.955,3223.8,18.3445718,4.58614294
8.956,3224.16,18.3461743,4.58654358
8.957,3224.52,18.3477769,4.58694422
8.958,3224.88,18.3493795,4.58734486
8.959,3225.24,18.350982,4.5877455
8.96,3225.6,18.3525846,4.58814615
8.961,3225.96,18.3541871,4.58854679
8.962,3226.32,18.3557897,4.58894743
8.963,3226.68,18.3573923,4.58934807
8.964,3227.04,18.3589948,4.58974871
8.965,3227.4,18.3605974,4.59014935
8.966,3227.76,18.3622,4.59054999
8.967,3228.12,18.3638025,4.59095063
8.968,3228.48,18.3654051,4.59135127
8.969,3228.84,18.3670077,4.59175191
8.97,3229.2,18.3686102,4.59215256
8.971,3229.56,18.3702128,4.5925532
8.972,3229.92,18.3718154,4.59295384
8.973,3230.28,18.3734179,4.59335448
8.974,3230.64,18.3750205,4.59375512
8.975,3231,18.376623,4.59415576
8.976,3231.36,18.3782256,4.5945564
8.977,3231.72,18.3798282,4.59495704
8.978,3232.08,18.3814307,4.59535768
8.979,3232.44,18.3830333,4.59575833
8.98,3232.8,18.3846359,4.59615897
8.981,3233.16,18.3862384,4.59655961
8.982,3233.52,18.387841,4.59696025
8.983,3233.88,18.3894436,4.59736089
8.984,3234.24,18.3910461,4.59776153
8.985,3234.6,18.3926487,4.59816217
8.986,3234.96,18.3942512,4.59856281
8.987,3235.32,18.3958538,4.59896345
8.988,3235.68,18.3974564,4.59936409
8.989,3236.04,18.3990589,4.59976474
8.99,3236.4,18.4006615,4.60016538
8.991,3236.76,18.4022641,4.60056602
8.992,3237.12,18.4038666,4.60096666
8.993,3237.48,18.4054692,4.6013673
8.994,3237.84,18.4070718,4.60176794
8.995,3238.2,18.4086743,4.60216858
8.996,3238.56,18.4102769,4.60256922
8.997,3238.92,18.4118795,4.60296986
8.998,3239.28,18.413482,4.6033705
8.999,3239.64,18.4150846,4.60377115
9,3240,18.4166871,4.60417179
9.001,3240.36,18.4182897,4.60457243
9.002,3240.72,18.4198923,4.60497307
9.003,3241.08,18.4214948,4.60537371
9.004,3241.44,18.4230974,4.60577435
9.005,3241.8,18.4247,4.60617499
9.006,3242.16,18.4263025,4.60657563
9.007,3242.52,18.4279051,4.60697627
9.008,3242.88,18.4295077,4.60737691
9.009,3243.24,18.4311102,4.60777756
9.01,3243.6,18.4327128,4.6081782
9.011,3243.96,18.4343154,4.60857884
9.012,3244.32,18.4359179,4.60897948
9.013,3244.68,18.4375205,4.60938012
9.014,3245.04,18.439123,4.60978076
9.015,3245.4,18.4407256,4.6101814
9.016,3245.76,18.4423282,4.61058204
9.017,3246.12,18.4439307,4.61098268
9.018,3246.48,18.4455333,4.61138333
9.019,3246.84,18.4471359,4.61178397
9.02,3247.2,18.4487384,4.61218461
9.021,3247.56,18.450341,4.61258525
9.022,3247.92,18.4519436,4.61298589
9.023,3248.28,18.4535461,4.61338653
9.024,3248.64,18.4551487,4.61378717
9.025,3249,18.4567512,4.61418781
9.026,3249.36,18.4583538,4.61458845
9.027,3249.72,18.4599564,4.61498909
9.028,3250.08,18.4615589,4.61538974
9.029,3250.44,18.4631615,4.61579038
9.03,3250.8,18.4647641,4.61619102
9.031,3251.16,18.4663666,4.61659166
9.032,3251.52,18.4679692,4.6169923
9.033,3251.88,18.4695718,4.61739294
9.034,3252.24,18.4711743,4.61779358
9.035,3252.6,18.4727769,4.61819422
9.036,3252.96,18.4743795,4.61859486
9.037,3253.32,18.475982,4.6189955
9.038,3253.68,18.4775846,4.61939615
9.039,3254.04,18.4791871,4.61979679
9.04,3254.4,18.4807897,4.62019743
9.041,3254.76,18.4823923,4.62059807
9.042,3255.12,18.4839948,4.62099871
9.043,3255.48,18.4855974,4.62139935
9.044,3255.84,18.4872,4.62179999
9.045,3256.2,18.4888025,4.62220063
9.046,3256.56,18.4904051,4.62260127
9.047,3256.92,18.4920077,4.62300191
9.048,3257.28,18.4936102,4.62340256
9.049,3257.64,18.4952128,4.6238032
9.05,3258,18.4968154,4.62420384
9.051,3258.36,18.4984179,4.62460448
9.052,3258.72,18.5000205,4.62500512
9.053,3259.08,18.501623,4.62540576
9.054,3259.44,18.5032256,4.6258064
9.055,3259.8,18.5048282,4.62620704
9.056,3260.16,18.5064307,4.62660768
9.057,3260.52,18.5080333,4.62700833
9.058,3260.88,18.5096359,4.62740897
9.059,3261.24,18.5112384,4.62780961
9.06,3261.6,18.512841,4.62821025
9.061,3261.96,18.5144436,4.62861089
9.062,3262.32,18.5160461,4.62901153
9.063,3262.68,18.5176487,4.62941217
9.064,3263.04,18.5192512,4.62981281
9.065,3263.4,18.5208538,4.63021345
9.066,3263.76,18.5224564,4.63061409
9.067,3264.12,18.5240589,4.63101474
9.068,3264.48,18.5256615,4.63141538
9.069,3264.84,18.5272641,4.63181602
9.07,3265.2,18.5288666,4.63221666
9.071,3265.56,18.5304692,4.6326173
9.072,3265.92,18.5320718,4.63301794
9.073,3266.28,18.5336743,4.63341858
9.074,3266.64,18.5352769,4.63381922
9.075,3267,18.5368795,4.63421986
9.076,3267.36,18.538482,4.6346205
9.077,3267.72,18.5400846,4.63502115
9.078,3268.08,18.5416871,4.63542179
9.079,3268.44,18.5432897,4.63582243
9.08,3268.8,18.5448923,4.63622307
9.081,3269.16,18.5464948,4.63662371
9.082,3269.52,18.5480974,4.63702435
9.083,3269.88,18.5497,4.63742499
9.084,3270.24,18.5513025,4.63782563
9.085,3270.6,18.5529051,4.63822627
9.086,3270.96,18.5545077,4.63862691
9.087,3271.32,18.5561102,4.63902756
9.088,3271.68,18.5577128,4.6394282
9.089,3272.04,18.5593154,4.63982884
9.09,3272.4,18.5609179,4.64022948
9.091,3272.76,18.5625205,4.64063012
9.092,3273.12,18.564123,4.64103076
9.093,3273.48,18.5657256,4.6414314
9.094,3273.84,18.5673282,4.64183204
9.095,3274.2,18.5689307,4.64223268
9.096,3274.56,18.5705333,4.64263333
9.097,3274.92,18.5721359,4.64303397
9.098,3275.28,18.5737384,4.64343461
9.099,3275.64,18.575341,4.64383525
9.1,3276,18.5769436,4.64423589
9.101,3276.36,18.5785461,4.64463653
9.102,3276.72,18.5801487,4.64503717
9.103,3277.08,18.5817512,4.64543781
9.104,3277.44,18.5833538,4.64583845
9.105,3277.8,18.5849564,4.64623909
9.106,3278.16,18.5865589,4.64663974
9.107,3278.52,18.5881615,4.64704038
9.108,3278.88,18.5897641,4.64744102
9.109,3279.24,18.5913666,4.64784166
9.11,3279.6,18.5929692,4.6482423
9.111,3279.96,18.5945718,4.64864294
9.112,3280.32,18.5961743,4.64904358
9.113,3280.68,18.5977769,4.64944422
9.114,3281.04,18.5993795,4.64984486
9.115,3281.4,18.600982,4.6502455
9.116,3281.76,18.6025846,4.65064615
9.117,3282.12,18.6041871,4.65104679
9.118,3282.48,18.6057897,4.65144743
9.119,3282.84,18.6073923,4.65184807
9.12,3283.2,18.6089948,4.65224871
9.121,3283.56,18.6105974,4.65264935
9.122,3283.92,18.6122,4.65304999
9.123,3284.28,18.6138025,4.65345063
9.124,3284.64,18.6154051,4.65385127
9.125,3285,18.6170077,4.65425191
9.126,3285.36,18.6186102,4.65465256
9.127,3285.72,18.6202128,4.6550532
9.128,3286.08,18.6218154,4.65545384
9.129,3286.44,18.6234179,4.65585448
9.13,3286.8,18.6250205,4.65625512
9.131,3287.16,18.626623,4.65665576
9.132,3287.52,18.6282256,4.6570564
9.133,3287.88,18.6298282,4.65745704
9.134,3288.24,18.6314307,4.65785768
9.135,3288.6,18.6330333,4.65825833
9.136,3288.96,18.6346359,4.65865897
9.137,3289.32,18.6362384,4.65905961
9.138,3289.68,18.637841,4.65946025
9.139,3290.04,18.6394436,4.65986089
9.14,3290.4,18.6410461,4.66026153
9.141,3290.76,18.6426487,4.66066217
9.142,3291.12,18.6442512,4.66106281
9.143,3291.48,18.6458538,4.66146345
9.144,3291.84,18.6474564,4.66186409
9.145,3292.2,18.6490589,4.66226474
9.146,3292.56,18.6506615,4.66266538
9.147,3292.92,18.6522641,4.66306602
9.148,3293.28,18.6538666,4.66346666
9.149,3293.64,18.6554692,4.6638673
9.15,3294,18.6570718,4.66426794
9.151,3294.36,18.6586743,4.66466858
9.152,3294.72,18.6602769,4.66506922
9.153,3295.08,18.6618795,4.66546986
9.154,3295.44,18.663482,4.6658705
9.155,3295.8,18.6650846,4.66627115
9.156,3296.16,18.6666871,4.66667179
9.157,3296.52,18.6682897,4.66707243
9.158,3296.88,18.6698923,4.66747307
9.159,3297.24,18.6714948,4.66787371
9.16,3297.6,18.6730974,4.66827435
9.161,3297.96,18.6747,4.66867499
9.162,3298.32,18.6763025,4.66907563
9.163,3298.68,18.6779051,4.66947627
9.164,3299.04,18.6795077,4.66987691
9.165,3299.4,18.6811102,4.67027756
9.166,3299.76,18.6827128,4.6706782
9.167,3300.12,18.6843154,4.67107884
9.168,3300.48,18.6859179,4.67147948
9.169,3300.84,18.6875205,4.67188012
9.17,3301.2,18.689123,4.67228076
9.171,3301.56,18.6907256,4.6726814
9.172,3301.92,18.6923282,4.67308204
9.173,3302.28,18.6939307,4.67348268
9.174,3302.64,18.6955333,4.67388333
9.175,3303,18.6971359,4.67428397
9.176,3303.36,18.6987384,4.67468461
9.177,3303.72,18.700341,4.67508525
9.178,3304.08,18.7019436,4.67548589
9.179,3304.44,18.7035461,4.67588653
9.18,3304.8,18.7051487,4.67628717
9.181,3305.16,18.7067512,4.67668781
9.182,3305.52,18.7083538,4.67708845
9.183,3305.88,18.7099564,4.67748909
9.184,3306.24,18.7115589,4.67788974
9.185,3306.6,18.7131615,4.67829038
9.186,3306.96,18.7147641,4.67869102
9.187,3307.32,18.7163666,4.67909166
9.188,3307.68,18.7179692,4.6794923
9.189,3308.04,18.7195718,4.67989294
9.19,3308.4,18.7211743,4.68029358
9.191,3308.76,18.7227769,4.68069422
9.192,3309.12,18.7243795,4.68109486
9.193,3309.48,18.725982,4.6814955
9.194,3309.84,18.7275846,4.68189615
9.195,3310.2,18.7291871,4.68229679
9.196,3310.56,18.7307897,4.68269743
9.197,3310.92,18.7323923,4.68309807
9.198,3311.28,18.7339948,4.68349871
9.199,3311.64,18.7355974,4.68389935
9.2,3312,18.7372,4.68429999
9.201,3312.36,18.7388025,4.68470063
9.202,3312.72,18.7404051,4.68510127
9.203,3313.08,18.7420077,4.68550191
9.204,3313.44,18.7436102,4.68590256
9.205,3313.8,18.7452128,4.6863032
9.206,3314.16,18.7468154,4.68670384
9.207,3314.52,18.7484179,4.68710448
9.208,3314.88,18.7500205,4.68750512
9.209,3315.24,18.751623,4.68790576
9.21,3315.6,18.7532256,4.6883064
9.211,3315.96,18.7548282,4.68870704
9.212,3316.32,18.7564307,4.68910768
9.213,3316.68,18.7580333,4.68950833
9.214,3317.04,18.7596359,4.68990897
9.215,3317.4,18.7612384,4.69030961
9.216,3317.76,18.762841,4.69071025
9.217,3318.12,18.7644436,4.69111089
9.218,3318.48,18.7660461,4.69151153
9.219,3318.84,18.7676487,4.69191217
9.22,3319.2,18.7692512,4.69231281
9.221,3319.56,18.7708538,4.69271345
9.222,3319.92,18.7724564,4.69311409
9.223,3320.28,18.7740589,4.69351474
9.224,3320.64,18.7756615,4.69391538
9.225,3321,18.7772641,4.69431602
9.226,3321.36,18.7788666,4.69471666
9.227,3321.72,18.7804692,4.6951173
9.228,3322.08,18.7820718,4.69551794
9.229,3322.44,18.7836743,4.69591858
9.23,3322.8,18.7852769,4.69631922
9.231,3323.16,18.7868795,4.69671986
9.232,3323.52,18.788482,4.6971205
9.233,3323.88,18.7900846,4.69752115
9.234,3324.24,18.7916871,4.69792179
9.235,3324.6,18.7932897,4.69832243
9.236,3324.96,18.7948923,4.69872307
9.237,3325.32,18.7964948,4.69912371
9.238,3325.68,18.7980974,4.69952435
9.239,3326.04,18.7997,4.69992499
9.24,3326.4,18.8013025,4.70032563
9.241,3326.76,18.8029051,4.70072627
9.242,3327.12,18.8045077,4.70112691
9.243,3327.48,18.8061102,4.70152756
9.244,3327.84,18.8077128,4.7019282
9.245,3328.2,18.8093154,4.70232884
9.246,3328.56,18.8109179,4.70272948
9.247,3328.92,18.8125205,4.70313012
9.248,3329.28,18.814123,4.70353076
9.249,3329.64,18.8157256,4.7039314
9.25,3330,18.8173282,4.70433204
9.251,3330.36,18.8189307,4.70473268
9.252,3330.72,18.8205333,4.70513333
9.253,3331.08,18.8221359,4.70553397
9.254,3331.44,18.8237384,4.70593461
9.255,3331.8,18.825341,4.70633525
9.256,3332.16,18.8269436,4.70673589
9.257,3332.52,18.8285461,4.70713653
9.258,3332.88,18.8301487,4.70753717
9.259,3333.24,18.8317512,4.70793781
9.26,3333.6,18.8333538,4.70833845
9.261,3333.96,18.8349564,4.70873909
9.262,3334.32,18.8365589,4.70913974
9.263,3334.68,18.8381615,4.70954038
9.264,3335.04,18.8397641,4.70994102
9.265,3335.4,18.8413666,4.71034166
9.266,3335.76,18.8429692,4.7107423
9.267,3336.12,18.8445718,4.71114294
9.268,3336.48,18.8461743,4.71154358
9.269,3336.84,18.8477769,4.71194422
9.27,3337.2,18.8493795,4.71234486
9.271,3337.56,18.850982,4.7127455
9.272,3337.92,18.8525846,4.71314615
9.273,3338.28,18.8541871,4.71354679
9.274,3338.64,18.8557897,4.71394743
9.275,3339,18.8573923,4.71434807
9.276,3339.36,18.8589948,4.71474871
9.277,3339.72,18.8605974,4.71514935
9.278,3340.08,18.8622,4.71554999
9.279,3340.44,18.8638025,4.71595063
9.28,3340.8,18.8654051,4.71635127
9.281,3341.16,18.8670077,4.71675191
9.282,3341.52,18.8686102,4.71715256
9.283,3341.88,18.8702128,4.7175532
9.284,3342.24,18.8718154,4.71795384
9.285,3342.6,18.8734179,4.71835448
9.286,3342.96,18.8750205,4.71875512
9.287,3343.32,18.876623,4.71915576
9.288,3343.68,18.8782256,4.7195564
9.289,3344.04,18.8798282,4.71995704
9.29,3344.4,18.8814307,4.72035768
9.291,3344.76,18.8830333,4.72075833
9.292,3345.12,18.8846359,4.72115897
9.293,3345.48,18.8862384,4.72155961
9.294,3345.84,18.887841,4.72196025
9.295,3346.2,18.8894436,4.72236089
9.296,3346.56,18.8910461,4.72276153
9.297,3346.92,18.8926487,4.72316217
9.298,3347.28,18.8942512,4.72356281
9.299,3347.64,18.8958538,4.72396345
9.3,3348,18.8974564,4.72436409
9.301,3348.36,18.8990589,4.72476474
9.302,3348.72,18.9006615,4.72516538
9.303,3349.08,18.9022641,4.72556602
9.304,3349.44,18.9038666,4.72596666
9.305,3349.8,18.9054692,4.7263673
9.306,3350.16,18.9070718,4.72676794
9.307,3350.52,18.9086743,4.72716858
9.308,3350.88,18.9102769,4.72756922
9.309,3351.24,18.9118795,4.72796986
9.31,3351.6,18.913482,4.7283705
9.311,3351.96,18.9150846,4.72877115
9.312,3352.32,18.9166871,4.72917179
9.313,3352.68,18.9182897,4.72957243
9.314,3353.04,18.9198923,4.72997307
9.315,3353.4,18.9214948,4.73037371
9.316,3353.76,18.9230974,4.73077435
9.317,3354.12,18.9247,4.73117499
9.318,3354.48,18.9263025,4.73157563
9.319,3354.84,18.9279051,4.73197627
9.32,3355.2,18.9295077,4.73237691
9.321,3355.56,18.9311102,4.73277756
9.322,3355.92,18.9327128,4.7331782
9.323,3356.28,18.9343154,4.73357884
9.324,3356.64,18.9359179,4.73397948
9.325,3357,18.9375205,4.73438012
9.326,3357.36,18.939123,4.73478076
9.327,3357.72,18.9407256,4.7351814
9.328,3358.08,18.9423282,4.73558204
9.329,3358.44,18.9439307,4.73598268
9.33,3358.8,18.9455333,4.73638333
9.331,3359.16,18.9471359,4.73678397
9.332,3359.52,18.9487384,4.73718461
9.333,3359.88,18.950341,4.73758525
9.334,3360.24,18.9519436,4.73798589
9.335,3360.6,18.9535461,4.73838653
9.336,3360.96,18.9551487,4.73878717
9.337,3361.32,18.9567512,4.73918781
9.338,3361.68,18.9583538,4.73958845
9.339,3362.04,18.9599564,4.73998909
9.34,3362.4,18.9615589,4.74038974
9.341,3362.76,18.9631615,4.74079038
9.342,3363.12,18.9647641,4.74119102
9.343,3363.48,18.9663666,4.74159166
9.344,3363.84,18.9679692,4.7419923
9.345,3364.2,18.9695718,4.74239294
9.346,3364.56,18.9711743,4.74279358
9.347,3364.92,18.9727769,4.74319422
9.348,3365.28,18.9743795,4.74359486
9.349,3365.64,18.975982,4.7439955
9.35,3366,18.9775846,4.74439615
9.351,3366.36,18.9791871,4.74479679
9.352,3366.72,18.9807897,4.74519743
9.353,3367.08,18.9823923,4.74559807
9.354,3367.44,18.9839948,4.74599871
9.355,3367.8,18.9855974,4.74639935
9.356,3368.16,18.9872,4.74679999
9.357,3368.52,18.9888025,4.74720063
9.358,3368.88,18.9904051,4.74760127
9.359,3369.24,18.9920077,4.74800191
9.36,3369.6,18.9936102,4.74840256
9.361,3369.96,18.9952128,4.7488032
9.362,3370.32,18.9968154,4.74920384
9.363,3370.68,18.9984179,4.74960448
9.364,3371.04,19.0000205,4.75000512
9.365,3371.4,19.001623,4.75040576
9.366,3371.76,19.0032256,4.7508064
9.367,3372.12,19.0048282,4.75120704
9.368,3372.48,19.0064307,4.75160768
9.369,3372.84,19.0080333,4.75200833
9.37,3373.2,19.0096359,4.75240897
9.371,3373.56,19.0112384,4.75280961
9.372,3373.92,19.012841,4.75321025
9.373,3374.28,19.0144436,4.75361089
9.374,3374.64,19.0160461,4.75401153
9.375,3375,19.0176487,4.75441217
9.376,3375.36,19.0192512,4.75481281
9.377,3375.72,19.0208538,4.75521345
9.378,3376.08,19.0224564,4.75561409
9.379,3376.44,19.0240589,4.75601474
9.38,3376.8,19.0256615,4.75641538
9.381,3377.16,19.0272641,4.75681602
9.382,3377.52,19.0288666,4.75721666
9.383,3377.88,19.0304692,4.7576173
9.384,3378.24,19.0320718,4.75801794
9.385,3378.6,19.0336743,4.75841858
9.386,3378.96,19.0352769,4.75881922
9.387,3379.32,19.0368795,4.75921986
9.388,3379.68,19.038482,4.7596205
9.389,3380.04,19.0400846,4.76002115
9.39,3380.4,19.0416871,4.76042179
9.391,3380.76,19.0432897,4.76082243
9.392,3381.12,19.0448923,4.76122307
9.393,3381.48,19.0464948,4.76162371
9.394,3381.84,19.0480974,4.76202435
9.395,3382.2,19.0497,4.76242499
9.396,3382.56,19.0513025,4.76282563
9.397,3382.92,19.0529051,4.76322627
9.398,3383.28,19.0545077,4.76362691
9.399,3383.64,19.0561102,4.76402756
9.4,3384,19.0577128,4.7644282
9.401,3384.36,19.0593154,4.76482884
9.402,3384.72,19.0609179,4.76522948
9.403,3385.08,19.0625205,4.76563012
9.404,3385.44,19.064123,4.76603076
9.405,3385.8,19.0657256,4.7664314
9.406,3386.16,19.0673282,4.76683204
9.407,3386.52,19.0689307,4.76723268
9.408,3386.88,19.0705333,4.76763333
9.409,3387.24,19.0721359,4.76803397
9.41,3387.6,19.0737384,4.76843461
9.411,3387.96,19.075341,4.76883525
9.412,3388.32,19.0769436,4.76923589
9.413,3388.68,19.0785461,4.76963653
9.414,3389.04,19.0801487,4.77003717
9.415,3389.4,19.0817512,4.77043781
9.416,3389.76,19.0833538,4.77083845
9.417,3390.12,19.0849564,4.77123909
9.418,3390.48,19.0865589,4.77163974
9.419,3390.84,19.0881615,4.77204038
9.42,3391.2,19.0897641,4.77244102
9.421,3391.56,19.0913666,4.77284166
9.422,3391.92,19.0929692,4.7732423
9.423,3392.28,19.0945718,4.77364294
9.424,3392.64,19.0961743,4.77404358
9.425,3393,19.0977769,4.77444422
9.426,3393.36,19.0993795,4.77484486
9.427,3393.72,19.100982,4.7752455
9.428,3394.08,19.1025846,4.77564615
9.429,3394.44,19.1041871,4.77604679
9.43,3394.8,19.1057897,4.77644743
9.431,3395.16,19.1073923,4.77684807
9.432,3395.52,19.1089948,4.77724871
9.433,3395.88,19.1105974,4.77764935
9.434,3396.24,19.1122,4.77804999
9.435,3396.6,19.1138025,4.77845063
9.436,3396.96,19.1154051,4.77885127
9.437,3397.32,19.1170077,4.77925191
9.438,3397.68,19.1186102,4.77965256
9.439,3398.04,19.1202128,4.7800532
9.44,3398.4,19.1218154,4.78045384
9.441,3398.76,19.1234179,4.78085448
9.442,3399.12,19.1250205,4.78125512
9.443,3399.48,19.126623,4.78165576
9.444,3399.84,19.1282256,4.7820564
9.445,3400.2,19.1298282,4.78245704
9.446,3400.56,19.1314307,4.78285768
9.447,3400.92,19.1330333,4.78325833
9.448,3401.28,19.1346359,4.78365897
9.449,3401.64,19.1362384,4.78405961
9.45,3402,19.137841,4.78446025
9.451,3402.36,19.1394436,4.78486089
9.452,3402.72,19.1410461,4.78526153
9.453,3403.08,19.1426487,4.78566217
9.454,3403.44,19.1442512,4.78606281
9.455,3403.8,19.1458538,4.78646345
9.456,3404.16,19.1474564,4.78686409
9.457,3404.52,19.1490589,4.78726474
9.458,3404.88,19.1506615,4.78766538
9.459,3405.24,19.1522641,4.78806602
9.46,3405.6,19.1538666,4.78846666
9.461,3405.96,19.1554692,4.7888673
9.462,3406.32,19.1570718,4.78926794
9.463,3406.68,19.1586743,4.78966858
9.464,3407.04,19.1602769,4.79006922
9.465,3407.4,19.1618795,4.79046986
9.466,3407.76,19.163482,4.7908705
9.467,3408.12,19.1650846,4.79127115
9.468,3408.48,19.1666871,4.79167179
9.469,3408.84,19.1682897,4.79207243
9.47,3409.2,19.1698923,4.79247307
9.471,3409.56,19.1714948,4.79287371
9.472,3409.92,19.1730974,4.79327435
9.473,3410.28,19.1747,4.79367499
9.474,3410.64,19.1763025,4.79407563
9.475,3411,19.1779051,4.79447627
9.476,3411.36,19.1795077,4.79487691
9.477,3411.72,19.1811102,4.79527756
9.478,3412.08,19.1827128,4.7956782
9.479,3412.44,19.1843154,4.79607884
9.48,3412.8,19.1859179,4.79647948
9.481,3413.16,19.1875205,4.79688012
9.482,3413.52,19.189123,4.79728076
9.483,3413.88,19.1907256,4.7976814
9.484,3414.24,19.1923282,4.79808204
9.485,3414.6,19.1939307,4.79848268
9.486,3414.96,19.1955333,4.79888333
9.487,3415.32,19.1971359,4.79928397
9.488,3415.68,19.1987384,4.79968461
9.489,3416.04,19.200341,4.80008525
9.49,3416.4,19.2019436,4.80048589
9.491,3416.76,19.2035461,4.80088653
9.492,3417.12,19.2051487,4.80128717
9.493,3417.48,19.2067512,4.80168781
9.494,3417.84,19.2083538,4.80208845
9.495,3418.2,19.2099564,4.80248909
9.496,3418.56,19.2115589,4.80288974
9.497,3418.92,19.2131615,4.80329038
9.498,3419.28,19.2147641,4.80369102
9.499,3419.64,19.2163666,4.80409166
9.5,3420,19.2179692,4.8044923
9.501,3420.36,19.2195718,4.80489294
9.502,3420.72,19.2211743,4.80529358
9.503,3421.08,19.2227769,4.80569422
9.504,3421.44,19.2243795,4.80609486
9.505,3421.8,19.225982,4.8064955
9.506,3422.16,19.2275846,4.80689615
9.507,3422.52,19.2291871,4.80729679
9.508,3422.88,19.2307897,4.80769743
9.509,3423.24,19.2323923,4.80809807
9.51,3423.6,19.2339948,4.80849871
9.511,3423.96,19.2355974,4.80889935
9.512,3424.32,19.2372,4.80929999
9.513,3424.68,19.2388025,4.80970063
9.514,3425.04,19.2404051,4.81010127
9.515,3425.4,19.2420077,4.81050191
9.516,3425.76,19.2436102,4.81090256
9.517,3426.12,19.2452128,4.8113032
9.518,3426.48,19.2468154,4.81170384
9.519,3426.84,19.2484179,4.81210448
9.52,3427.2,19.2500205,4.81250512
9.521,3427.56,19.251623,4.81290576
9.522,3427.92,19.2532256,4.8133064
9.523,3428.28,19.2548282,4.81370704
9.524,3428.64,19.2564307,4.81410768
9.525,3429,19.2580333,4.81450833
9.526,3429.36,19.2596359,4.81490897
9.527,3429.72,19.2612384,4.81530961
9.528,3430.08,19.262841,4.81571025
9.529,3430.44,19.2644436,4.81611089
9.53,3430.8,19.2660461,4.81651153
9.531,3431.16,19.2676487,4.81691217
9.532,3431.52,19.2692512,4.81731281
9.533,3431.88,19.2708538,4.81771345
9.534,3432.24,19.2724564,4.81811409
9.535,3432.6,19.2740589,4.81851474
9.536,3432.96,19.2756615,4.81891538
9.537,3433.32,19.2772641,4.81931602
9.538,3433.68,19.2788666,4.81971666
9.539,3434.04,19.2804692,4.8201173
9.54,3434.4,19.2820718,4.82051794
9.541,3434.76,19.2836743,4.82091858
9.542,3435.12,19.2852769,4.82131922
9.543,3435.48,19.2868795,4.82171986
9.544,3435.84,19.288482,4.8221205
9.545,3436.2,19.2900846,4.82252115
9.546,3436.56,19.2916871,4.82292179
9.547,3436.92,19.2932897,4.82332243
9.548,3437.28,19.2948923,4.82372307
9.549,3437.64,19.2964948,4.82412371
9.55,3438,19.2980974,4.82452435
9.551,3438.36,19.2997,4.82492499
9.552,3438.72,19.3013025,4.82532563
9.553,3439.08,19.3029051,4.82572627
9.554,3439.44,19.3045077,4.82612691
9.555,3439.8,19.3061102,4.82652756
9.556,3440.16,19.3077128,4.8269282
9.557,3440.52,19.3093154,4.82732884
9.558,3440.88,19.3109179,4.82772948
9.559,3441.24,19.3125205,4.82813012
9.56,3441.6,19.314123,4.82853076
9.561,3441.96,19.3157256,4.8289314
9.562,3442.32,19.3173282,4.82933204
9.563,3442.68,19.3189307,4.82973268
9.564,3443.04,19.3205333,4.83013333
9.565,3443.4,19.3221359,4.83053397
9.566,3443.76,19.3237384,4.83093461
9.567,3444.12,19.325341,4.83133525
9.568,3444.48,19.3269436,4.83173589
9.569,3444.84,19.3285461,4.83213653
9.57,3445.2,19.3301487,4.83253717
9.571,3445.56,19.3317512,4.83293781
9.572,3445.92,19.3333538,4.83333845
9.573,3446.28,19.3349564,4.83373909
9.574,3446.64,19.3365589,4.83413974
9.575,3447,19.3381615,4.83454038
9.576,3447.36,19.3397641,4.83494102
9.577,3447.72,19.3413666,4.83534166
9.578,3448.08,19.3429692,4.8357423
9.579,3448.44,19.3445718,4.83614294
9.58,3448.8,19.3461743,4.83654358
9.581,3449.16,19.3477769,4.83694422
9.582,3449.52,19.3493795,4.83734486
9.583,3449.88,19.350982,4.8377455
9.584,3450.24,19.3525846,4.83814615
9.585,3450.6,19.3541871,4.83854679
9.586,3450.96,19.3557897,4.83894743
9.587,3451.32,19.3573923,4.83934807
9.588,3451.68,19.3589948,4.83974871
9.589,3452.04,19.3605974,4.84014935
9.59,3452.4,19.3622,4.84054999
9.591,3452.76,19.3638025,4.84095063
9.592,3453.12,19.3654051,4.84135127
9.593,3453.48,19.3670077,4.84175191
9.594,3453.84,19.3686102,4.84215256
9.595,3454.2,19.3702128,4.8425532
9.596,3454.56,19.3718154,4.84295384
9.597,3454.92,19.3734179,4.84335448
9.598,3455.28,19.3750205,4.84375512
9.599,3455.64,19.376623,4.84415576
9.6,3456,19.3782256,4.8445564
9.601,3456.36,19.3798282,4.84495704
9.602,3456.72,19.3814307,4.84535768
9.603,3457.08,19.3830333,4.84575833
9.604,3457.44,19.3846359,4.84615897
9.605,3457.8,19.3862384,4.84655961
9.606,3458.16,19.387841,4.84696025
9.607,3458.52,19.3894436,4.84736089
9.608,3458.88,19.3910461,4.84776153
9.609,3459.24,19.3926487,4.84816217
9.61,3459.6,19.3942512,4.84856281
9.611,3459.96,19.3958538,4.84896345
9.612,3460.32,19.3974564,4.84936409
9.613,3460.68,19.3990589,4.84976474
9.614,3461.04,19.4006615,4.85016538
9.615,3461.4,19.4022641,4.85056602
9.616,3461.76,19.4038666,4.85096666
9.617,3462.12,19.4054692,4.8513673
9.618,3462.48,19.4070718,4.85176794
9.619,3462.84,19.4086743,4.85216858
9.62,3463.2,19.4102769,4.85256922
9.621,3463.56,19.4118795,4.85296986
9.622,3463.92,19.413482,4.8533705
9.623,3464.28,19.4150846,4.85377115
9.624,3464.64,19.4166871,4.85417179
9.625,3465,19.4182897,4.85457243
9.626,3465.36,19.4198923,4.85497307
9.627,3465.72,19.4214948,4.85537371
9.628,3466.08,19.4230974,4.85577435
9.629,3466.44,19.4247,4.85617499
9.63,3466.8,19.4263025,4.85657563
9.631,3467.16,19.4279051,4.85697627
9.632,3467.52,19.4295077,4.85737691
9.633,3467.88,19.4311102,4.85777756
9.634,3468.24,19.4327128,4.8581782
9.635,3468.6,19.4343154,4.85857884
9.636,3468.96,19.4359179,4.85897948
9.637,3469.32,19.4375205,4.85938012
9.638,3469.68,19.439123,4.85978076
9.639,3470.04,19.4407256,4.8601814
9.64,3470.4,19.4423282,4.86058204
9.641,3470.76,19.4439307,4.86098268
9.642,3471.12,19.4455333,4.86138333
9.643,3471.48,19.4471359,4.86178397
9.644,3471.84,19.4487384,4.86218461
9.645,3472.2,19.450341,4.86258525
9.646,3472.56,19.4519436,4.86298589
9.647,3472.92,19.4535461,4.86338653
9.648,3473.28,19.4551487,4.86378717
9.649,3473.64,19.4567512,4.86418781
9.65,3474,19.4583538,4.86458845
9.651,3474.36,19.4599564,4.86498909
9.652,3474.72,19.4615589,4.86538974
9.653,3475.08,19.4631615,4.86579038
9.654,3475.44,19.4647641,4.86619102
9.655,3475.8,19.4663666,4.86659166
9.656,3476.16,19.4679692,4.8669923
9.657,3476.52,19.4695718,4.86739294
9.658,3476.88,19.4711743,4.86779358
9.659,3477.24,19.4727769,4.86819422
9.66,3477.6,19.4743795,4.86859486
9.661,3477.96,19.475982,4.8689955
9.662,3478.32,19.4775846,4.86939615
9.663,3478.68,19.4791871,4.86979679
9.664,3479.04,19.4807897,4.87019743
9.665,3479.4,19.4823923,4.87059807
9.666,3479.76,19.4839948,4.87099871
9.667,3480.12,19.4855974,4.87139935
9.668,3480.48,19.4872,4.87179999
9.669,3480.84,19.4888025,4.87220063
9.67,3481.2,19.4904051,4.87260127
9.671,3481.56,19.4920077,4.87300191
9.672,3481.92,19.4936102,4.87340256
9.673,3482.28,19.4952128,4.8738032
9.674,3482.64,19.4968154,4.87420384
9.675,3483,19.4984179,4.87460448
9.676,3483.36,19.5000205,4.87500512
9.677,3483.72,19.501623,4.87540576
9.678,3484.08,19.5032256,4.8758064
9.679,3484.44,19.5048282,4.87620704
9.68,3484.8,19.5064307,4.87660768
9.681,3485.16,19.5080333,4.87700833
9.682,3485.52,19.5096359,4.87740897
9.683,3485.88,19.5112384,4.87780961
9.684,3486.24,19.512841,4.87821025
9.685,3486.6,19.5144436,4.87861089
9.686,3486.96,19.5160461,4.87901153
9.687,3487.32,19.5176487,4.87941217
9.688,3487.68,19.5192512,4.87981281
9.689,3488.04,19.5208538,4.88021345
9.69,3488.4,19.5224564,4.88061409
9.691,3488.76,19.5240589,4.88101474
9.692,3489.12,19.5256615,4.88141538
9.693,3489.48,19.5272641,4.88181602
9.694,3489.84,19.5288666,4.88221666
9.695,3490.2,19.5304692,4.8826173
9.696,3490.56,19.5320718,4.88301794
9.697,3490.92,19.5336743,4.88341858
9.698,3491.28,19.5352769,4.88381922
9.699,3491.64,19.5368795,4.88421986
9.7,3492,19.538482,4.8846205
9.701,3492.36,19.5400846,4.88502115
9.702,3492.72,19.5416871,4.88542179
9.703,3493.08,19.5432897,4.88582243
9.704,3493.44,19.5448923,4.88622307
9.705,3493.8,19.5464948,4.88662371
9.706,3494.16,19.5480974,4.88702435
9.707,3494.52,19.5497,4.88742499
9.708,3494.88,19.5513025,4.88782563
9.709,3495.24,19.5529051,4.88822627
9.71,3495.6,19.5545077,4.88862691
9.711,3495.96,19.5561102,4.88902756
9.712,3496.32,19.5577128,4.8894282
9.713,3496.68,19.5593154,4.88982884
9.714,3497.04,19.5609179,4.89022948
9.715,3497.4,19.5625205,4.89063012
9.716,3497.76,19.564123,4.89103076
9.717,3498.12,19.5657256,4.8914314
9.718,3498.48,19.5673282,4.89183204
9.719,3498.84,19.5689307,4.89223268
9.72,3499.2,19.5705333,4.89263333
9.721,3499.56,19.5721359,4.89303397
9.722,3499.92,19.5737384,4.89343461
9.723,3500.28,19.575341,4.89383525
9.724,3500.64,19.5769436,4.89423589
9.725,3501,19.5785461,4.89463653
9.726,3501.36,19.5801487,4.89503717
9.727,3501.72,19.5817512,4.89543781
9.728,3502.08,19.5833538,4.89583845
9.729,3502.44,19.5849564,4.89623909
9.73,3502.8,19.5865589,4.89663974
9.731,3503.16,19.5881615,4.89704038
9.732,3503.52,19.5897641,4.89744102
9.733,3503.88,19.5913666,4.89784166
9.734,3504.24,19.5929692,4.8982423
9.735,3504.6,19.5945718,4.89864294
9.736,3504.96,19.5961743,4.89904358
9.737,3505.32,19.5977769,4.89944422
9.738,3505.68,19.5993795,4.89984486
9.739,3506.04,19.600982,4.9002455
9.74,3506.4,19.6025846,4.90064615
9.741,3506.76,19.6041871,4.90104679
9.742,3507.12,19.6057897,4.90144743
9.743,3507.48,19.6073923,4.90184807
9.744,3507.84,19.6089948,4.90224871
9.745,3508.2,19.6105974,4.90264935
9.746,3508.56,19.6122,4.90304999
9.747,3508.92,19.6138025,4.90345063
9.748,3509.28,19.6154051,4.90385127
9.749,3509.64,19.6170077,4.90425191
9.75,3510,19.6186102,4.90465256
9.751,3510.36,19.6202128,4.9050532
9.752,3510.72,19.6218154,4.90545384
9.753,3511.08,19.6234179,4.90585448
9.754,3511.44,19.6250205,4.90625512
9.755,3511.8,19.626623,4.90665576
9.756,3512.16,19.6282256,4.9070564
9.757,3512.52,19.6298282,4.90745704
9.758,3512.88,19.6314307,4.90785768
9.759,3513.24,19.6330333,4.90825833
9.76,3513.6,19.6346359,4.90865897
9.761,3513.96,19.6362384,4.90905961
9.762,3514.32,19.637841,4.90946025
9.763,3514.68,19.6394436,4.90986089
9.764,3515.04,19.6410461,4.91026153
9.765,3515.4,19.6426487,4.91066217
9.766,3515.76,19.6442512,4.91106281
9.767,3516.12,19.6458538,4.91146345
9.768,3516.48,19.6474564,4.91186409
9.769,3516.84,19.6490589,4.91226474
9.77,3517.2,19.6506615,4.91266538
9.771,3517.56,19.6522641,4.91306602
9.772,3517.92,19.6538666,4.91346666
9.773,3518.28,19.6554692,4.9138673
9.774,3518.64,19.6570718,4.91426794
9.775,3519,19.6586743,4.91466858
9.776,3519.36,19.6602769,4.91506922
9.777,3519.72,19.6618795,4.91546986
9.778,3520.08,19.663482,4.9158705
9.779,3520.44,19.6650846,4.91627115
9.78,3520.8,19.6666871,4.91667179
9.781,3521.16,19.6682897,4.91707243
9.782,3521.52,19.6698923,4.91747307
9.783,3521.88,19.6714948,4.91787371
9.784,3522.24,19.6730974,4.91827435
9.785,3522.6,19.6747,4.91867499
9.786,3522.96,19.6763025,4.91907563
9.787,3523.32,19.6779051,4.91947627
9.788,3523.68,19.6795077,4.91987691
9.789,3524.04,19.6811102,4.92027756
9.79,3524.4,19.6827128,4.9206782
9.791,3524.76,19.6843154,4.92107884
9.792,3525.12,19.6859179,4.92147948
9.793,3525.48,19.6875205,4.92188012
9.794,3525.84,19.689123,4.92228076
9.795,3526.2,19.6907256,4.9226814
9.796,3526.56,19.6923282,4.92308204
9.797,3526.92,19.6939307,4.92348268
9.798,3527.28,19.6955333,4.92388333
9.799,3527.64,19.6971359,4.92428397
9.8,3528,19.6987384,4.92468461
9.801,3528.36,19.700341,4.92508525
9.802,3528.72,19.7019436,4.92548589
9.803,3529.08,19.7035461,4.92588653
9.804,3529.44,19.7051487,4.92628717
9.805,3529.8,19.7067512,4.92668781
9.806,3530.16,19.7083538,4.92708845
9.807,3530.52,19.7099564,4.92748909
9.808,3530.88,19.7115589,4.92788974
9.809,3531.24,19.7131615,4.92829038
9.81,3531.6,19.7147641,4.92869102
9.811,3531.96,19.7163666,4.92909166
9.812,3532.32,19.7179692,4.9294923
9.813,3532.68,19.7195718,4.92989294
9.814,3533.04,19.7211743,4.93029358
9.815,3533.4,19.7227769,4.93069422
9.816,3533.76,19.7243795,4.93109486
9.817,3534.12,19.725982,4.9314955
9.818,3534.48,19.7275846,4.93189615
9.819,3534.84,19.7291871,4.93229679
9.82,3535.2,19.7307897,4.93269743
9.821,3535.56,19.7323923,4.93309807
9.822,3535.92,19.7339948,4.93349871
9.823,3536.28,19.7355974,4.93389935
9.824,3536.64,19.7372,4.93429999
9.825,3537,19.7388025,4.93470063
9.826,3537.36,19.7404051,4.93510127
9.827,3537.72,19.7420077,4.93550191
9.828,3538.08,19.7436102,4.93590256
9.829,3538.44,19.7452128,4.9363032
9.83,3538.8,19.7468154,4.93670384
9.831,3539.16,19.7484179,4.93710448
9.832,3539.52,19.7500205,4.93750512
9.833,3539.88,19.751623,4.93790576
9.834,3540.24,19.7532256,4.9383064
9.835,3540.6,19.7548282,4.93870704
9.836,3540.96,19.7564307,4.93910768
9.837,3541.32,19.7580333,4.93950833
9.838,3541.68,19.7596359,4.93990897
9.839,3542.04,19.7612384,4.94030961
9.84,3542.4,19.762841,4.94071025
9.841,3542.76,19.7644436,4.94111089
9.842,3543.12,19.7660461,4.94151153
9.843,3543.48,19.7676487,4.94191217
9.844,3543.84,19.7692512,4.94231281
9.845,3544.2,19.7708538,4.94271345
9.846,3544.56,19.7724564,4.94311409
9.847,3544.92,19.7740589,4.94351474
9.848,3545.28,19.7756615,4.94391538
9.849,3545.64,19.7772641,4.94431602
9.85,3546,19.7788666,4.94471666
9.851,3546.36,19.7804692,4.9451173
9.852,3546.72,19.7820718,4.94551794
9.853,3547.08,19.7836743,4.94591858
9.854,3547.44,19.7852769,4.94631922
9.855,3547.8,19.7868795,4.94671986
9.856,3548.16,19.788482,4.9471205
9.857,3548.52,19.7900846,4.94752115
9.858,3548.88,19.7916871,4.94792179
9.859,3549.24,19.7932897,4.94832243
9.86,3549.6,19.7948923,4.94872307
9.861,3549.96,19.7964948,4.94912371
9.862,3550.32,19.7980974,4.94952435
9.863,3550.68,19.7997,4.94992499
9.864,3551.04,19.8013025,4.95032563
9.865,3551.4,19.8029051,4.95072627
9.866,3551.76,19.8045077,4.95112691
9.867,3552.12,19.8061102,4.95152756
9.868,3552.48,19.8077128,4.9519282
9.869,3552.84,19.8093154,4.95232884
9.87,3553.2,19.8109179,4.95272948
9.871,3553.56,19.8125205,4.95313012
9.872,3553.92,19.814123,4.95353076
9.873,3554.28,19.8157256,4.9539314
9.874,3554.64,19.8173282,4.95433204
9.875,3555,19.8189307,4.95473268
9.876,3555.36,19.8205333,4.95513333
9.877,3555.72,19.8221359,4.95553397
9.878,3556.08,19.8237384,4.95593461
9.879,3556.44,19.825341,4.95633525
9.88,3556.8,19.8269436,4.95673589
9.881,3557.16,19.8285461,4.95713653
9.882,3557.52,19.8301487,4.95753717
9.883,3557.88,19.8317512,4.95793781
9.884,3558.24,19.8333538,4.95833845
9.885,3558.6,19.8349564,4.95873909
9.886,3558.96,19.8365589,4.95913974
9.887,3559.32,19.8381615,4.95954038
9.888,3559.68,19.8397641,4.95994102
9.889,3560.04,19.8413666,4.96034166
9.89,3560.4,19.8429692,4.9607423
9.891,3560.76,19.8445718,4.96114294
9.892,3561.12,19.8461743,4.96154358
9.893,3561.48,19.8477769,4.96194422
9.894,3561.84,19.8493795,4.96234486
9.895,3562.2,19.850982,4.9627455
9.896,3562.56,19.8525846,4.96314615
9.897,3562.92,19.8541871,4.96354679
9.898,3563.28,19.8557897,4.96394743
9.899,3563.64,19.8573923,4.96434807
9.9,3564,19.8589948,4.96474871
9.901,3564.36,19.8605974,4.96514935
9.902,3564.72,19.8622,4.96554999
9.903,3565.08,19.8638025,4.96595063
9.904,3565.44,19.8654051,4.96635127
9.905,3565.8,19.8670077,4.96675191
9.906,3566.16,19.8686102,4.96715256
9.907,3566.52,19.8702128,4.9675532
9.908,3566.88,19.8718154,4.96795384
9.909,3567.24,19.8734179,4.96835448
9.91,3567.6,19.8750205,4.96875512
9.911,3567.96,19.876623,4.96915576
9.912,3568.32,19.8782256,4.9695564
9.913,3568.68,19.8798282,4.96995704
9.914,3569.04,19.8814307,4.97035768
9.915,3569.4,19.8830333,4.97075833
9.916,3569.76,19.8846359,4.97115897
9.917,3570.12,19.8862384,4.97155961
9.918,3570.48,19.887841,4.97196025
9.919,3570.84,19.8894436,4.97236089
9.92,3571.2,19.8910461,4.97276153
9.921,3571.56,19.8926487,4.97316217
9.922,3571.92,19.8942512,4.97356281
9.923,3572.28,19.8958538,4.97396345
9.924,3572.64,19.8974564,4.97436409
9.925,3573,19.8990589,4.97476474
9.926,3573.36,19.9006615,4.97516538
9.927,3573.72,19.9022641,4.97556602
9.928,3574.08,19.9038666,4.97596666
9.929,3574.44,19.9054692,4.9763673
9.93,3574.8,19.9070718,4.97676794
9.931,3575.16,19.9086743,4.97716858
9.932,3575.52,19.9102769,4.97756922
9.933,3575.88,19.9118795,4.97796986
9.934,3576.24,19.913482,4.9783705
9.935,3576.6,19.9150846,4.97877115
9.936,3576.96,19.9166871,4.97917179
9.937,3577.32,19.9182897,4.97957243
9.938,3577.68,19.9198923,4.97997307
9.939,3578.04,19.9214948,4.98037371
9.94,3578.4,19.9230974,4.98077435
9.941,3578.76,19.9247,4.98117499
9.942,3579.12,19.9263025,4.98157563
9.943,3579.48,19.9279051,4.98197627
9.944,3579.84,19.9295077,4.98237691
9.945,3580.2,19.9311102,4.98277756
9.946,3580.56,19.9327128,4.9831782
9.947,3580.92,19.9343154,4.98357884
9.948,3581.28,19.9359179,4.98397948
9.949,3581.64,19.9375205,4.98438012
9.95,3582,19.939123,4.98478076
9.951,3582.36,19.9407256,4.9851814
9.952,3582.72,19.9423282,4.98558204
9.953,3583.08,19.9439307,4.98598268
9.954,3583.44,19.9455333,4.98638333
9.955,3583.8,19.9471359,4.98678397
9.956,3584.16,19.9487384,4.98718461
9.957,3584.52,19.950341,4.98758525
9.958,3584.88,19.9519436,4.98798589
9.959,3585.24,19.9535461,4.98838653
9.96,3585.6,19.9551487,4.98878717
9.961,3585.96,19.9567512,4.98918781
9.962,3586.32,19.9583538,4.98958845
9.963,3586.68,19.9599564,4.98998909
9.964,3587.04,19.9615589,4.99038974
9.965,3587.4,19.9631615,4.99079038
9.966,3587.76,19.9647641,4.99119102
9.967,3588.12,19.9663666,4.99159166
9.968,3588.48,19.9679692,4.9919923
9.969,3588.84,19.9695718,4.99239294
9.97,3589.2,19.9711743,4.99279358
9.971,3589.56,19.9727769,4.99319422
9.972,3589.92,19.9743795,4.99359486
9.973,3590.28,19.975982,4.9939955
9.974,3590.64,19.9775846,4.99439615
9.975,3591,19.9791871,4.99479679
9.976,3591.36,19.9807897,4.99519743
9.977,3591.72,19.9823923,4.99559807
9.978,3592.08,19.9839948,4.99599871
9.979,3592.44,19.9855974,4.99639935
9.98,3592.8,19.9872,4.99679999
9.981,3593.16,19.9888025,4.99720063
9.982,3593.52,19.9904051,4.99760127
9.983,3593.88,19.9920077,4.99800191
9.984,3594.24,19.9936102,4.99840256
9.985,3594.6,19.9952128,4.9988032
9.986,3594.96,19.9968154,4.99920384
9.987,3595.32,19.9984179,4.99960448
9.988,3595.68,20.0000205,5.00000512
9.989,3596.04,20.001623,5.00040576
9.99,3596.4,20.0032256,5.0008064
9.991,3596.76,20.0048282,5.00120704
9.992,3597.12,20.0064307,5.00160768
9.993,3597.48,20.0080333,5.00200833
9.994,3597.84,20.0096359,5.00240897
9.995,3598.2,20.0112384,5.00280961
9.996,3598.56,20.012841,5.00321025
9.997,3598.92,20.0144436,5.00361089
9.998,3599.28,20.0160461,5.00401153
9.999,3599.64,20.0176487,5.00441217
10,3600,20.0192512,5.00481281
10.001,3599.64,20.0176487,5.00441217
10.002,3599.28,20.0160461,5.00401153
10.003,3598.92,20.0144436,5.00361089
10.004,3598.56,20.012841,5.00321025
10.005,3598.2,20.0112384,5.00280961
10.006,3597.84,20.0096359,5.00240897
10.007,3597.48,20.0080333,5.00200833
10.008,3597.12,20.0064307,5.00160768
10.009,3596.76,20.0048282,5.00120704
10.01,3596.4,20.0032256,5.0008064
10.011,3596.04,20.001623,5.00040576
10.012,3595.68,20.0000205,5.00000512
10.013,3595.32,19.9984179,4.99960448
10.014,3594.96,19.9968154,4.99920384
10.015,3594.6,19.9952128,4.9988032
10.016,3594.24,19.9936102,4.99840256
10.017,3593.88,19.9920077,4.99800191
10.018,3593.52,19.9904051,4.99760127
10.019,3593.16,19.9888025,4.99720063
10.02,3592.8,19.9872,4.99679999
10.021,3592.44,19.9855974,4.99639935
10.022,3592.08,19.9839948,4.99599871
10.023,3591.72,19.9823923,4.99559807
10.024,3591.36,19.9807897,4.99519743
10.025,3591,19.9791871,4.99479679
10.026,3590.64,19.9775846,4.99439615
10.027,3590.28,19.975982,4.9939955
10.028,3589.92,19.9743795,4.99359486
10.029,3589.56,19.9727769,4.99319422
10.03,3589.2,19.9711743,4.99279358
10.031,3588.84,19.9695718,4.99239294
10.032,3588.48,19.9679692,4.9919923
10.033,3588.12,19.9663666,4.99159166
10.034,3587.76,19.9647641,4.99119102
10.035,3587.4,19.9631615,4.99079038
10.036,3587.04,19.9615589,4.99038974
10.037,3586.68,19.9599564,4.98998909
10.038,3586.32,19.9583538,4.98958845
10.039,3585.96,19.9567512,4.98918781
10.04,3585.6,19.9551487,4.98878717
10.041,3585.24,19.9535461,4.98838653
10.042,3584.88,19.9519436,4.98798589
10.043,3584.52,19.950341,4.98758525
10.044,3584.16,19.9487384,4.98718461
10.045,3583.8,19.9471359,4.98678397
10.046,3583.44,19.9455333,4.98638333
10.047,3583.08,19.9439307,4.98598268
10.048,3582.72,19.9423282,4.98558204
10.049,3582.36,19.9407256,4.9851814
10.05,3582,19.939123,4.98478076
10.051,3581.64,19.9375205,4.98438012
10.052,3581.28,19.9359179,4.98397948
10.053,3580.92,19.9343154,4.98357884
10.054,3580.56,19.9327128,4.9831782
10.055,3580.2,19.9311102,4.98277756
10.056,3579.84,19.9295077,4.98237691
10.057,3579.48,19.9279051,4.98197627
10.058,3579.12,19.9263025,4.98157563
10.059,3578.76,19.9247,4.98117499
10.06,3578.4,19.9230974,4.98077435
10.061,3578.04,19.9214948,4.98037371
10.062,3577.68,19.9198923,4.97997307
10.063,3577.32,19.9182897,4.97957243
10.064,3576.96,19.9166871,4.97917179
10.065,3576.6,19.9150846,4.97877115
10.066,3576.24,19.913482,4.9783705
10.067,3575.88,19.9118795,4.97796986
10.068,3575.52,19.9102769,4.97756922
10.069,3575.16,19.9086743,4.97716858
10.07,3574.8,19.9070718,4.97676794
10.071,3574.44,19.9054692,4.9763673
10.072,3574.08,19.9038666,4.97596666
10.073,3573.72,19.9022641,4.97556602
10.074,3573.36,19.9006615,4.97516538
10.075,3573,19.8990589,4.97476474
10.076,3572.64,19.8974564,4.97436409
10.077,3572.28,19.8958538,4.97396345
10.078,3571.92,19.8942512,4.97356281
10.079,3571.56,19.8926487,4.97316217
10.08,3571.2,19.8910461,4.97276153
10.081,3570.84,19.8894436,4.97236089
10.082,3570.48,19.887841,4.97196025
10.083,3570.12,19.8862384,4.97155961
10.084,3569.76,19.8846359,4.97115897
10.085,3569.4,19.8830333,4.97075833
10.086,3569.04,19.8814307,4.97035768
10.087,3568.68,19.8798282,4.96995704
10.088,3568.32,19.8782256,4.9695564
10.089,3567.96,19.876623,4.96915576
10.09,3567.6,19.8750205,4.96875512
10.091,3567.24,19.8734179,4.96835448
10.092,3566.88,19.8718154,4.96795384
10.093,3566.52,19.8702128,4.9675532
10.094,3566.16,19.8686102,4.96715256
10.095,3565.8,19.8670077,4.96675191
10.096,3565.44,19.8654051,4.96635127
10.097,3565.08,19.8638025,4.96595063
10.098,3564.72,19.8622,4.96554999
10.099,3564.36,19.8605974,4.96514935
10.1,3564,19.8589948,4.96474871
10.101,3563.64,19.8573923,4.96434807
10.102,3563.28,19.8557897,4.96394743
10.103,3562.92,19.8541871,4.96354679
10.104,3562.56,19.8525846,4.96314615
10.105,3562.2,19.850982,4.9627455
10.106,3561.84,19.8493795,4.96234486
10.107,3561.48,19.8477769,4.96194422
10.108,3561.12,19.8461743,4.96154358
10.109,3560.76,19.8445718,4.96114294
10.11,3560.4,19.8429692,4.9607423
10.111,3560.04,19.8413666,4.96034166
10.112,3559.68,19.8397641,4.95994102
10.113,3559.32,19.8381615,4.95954038
10.114,3558.96,19.8365589,4.95913974
10.115,3558.6,19.8349564,4.95873909
10.116,3558.24,19.8333538,4.95833845
10.117,3557.88,19.8317512,4.95793781
10.118,3557.52,19.8301487,4.95753717
10.119,3557.16,19.8285461,4.95713653
10.12,3556.8,19.8269436,4.95673589
10.121,3556.44,19.825341,4.95633525
10.122,3556.08,19.8237384,4.95593461
10.123,3555.72,19.8221359,4.95553397
10.124,3555.36,19.8205333,4.95513333
10.125,3555,19.8189307,4.95473268
10.126,3554.64,19.8173282,4.95433204
10.127,3554.28,19.8157256,4.9539314
10.128,3553.92,19.814123,4.95353076
10.129,3553.56,19.8125205,4.95313012
10.13,3553.2,19.8109179,4.95272948
10.131,3552.84,19.8093154,4.95232884
10.132,3552.48,19.8077128,4.9519282
10.133,3552.12,19.8061102,4.95152756
10.134,3551.76,19.8045077,4.95112691
10.135,3551.4,19.8029051,4.95072627
10.136,3551.04,19.8013025,4.95032563
10.137,3550.68,19.7997,4.94992499
10.138,3550.32,19.7980974,4.94952435
10.139,3549.96,19.7964948,4.94912371
10.14,3549.6,19.7948923,4.94872307
10.141,3549.24,19.7932897,4.94832243
10.142,3548.88,19.7916871,4.94792179
10.143,3548.52,19.7900846,4.94752115
10.144,3548.16,19.788482,4.9471205
10.145,3547.8,19.7868795,4.94671986
10.146,3547.44,19.7852769,4.94631922
10.147,3547.08,19.7836743,4.94591858
10.148,3546.72,19.7820718,4.94551794
10.149,3546.36,19.7804692,4.9451173
10.15,3546,19.7788666,4.94471666
10.151,3545.64,19.7772641,4.94431602
10.152,3545.28,19.7756615,4.94391538
10.153,3544.92,19.7740589,4.94351474
10.154,3544.56,19.7724564,4.94311409
10.155,3544.2,19.7708538,4.94271345
10.156,3543.84,19.7692512,4.94231281
10.157,3543.48,19.7676487,4.94191217
10.158,3543.12,19.7660461,4.94151153
10.159,3542.76,19.7644436,4.94111089
10.16,3542.4,19.762841,4.94071025
10.161,3542.04,19.7612384,4.94030961
10.162,3541.68,19.7596359,4.93990897
10.163,3541.32,19.7580333,4.93950833
10.164,3540.96,19.7564307,4.93910768
10.165,3540.6,19.7548282,4.93870704
10.166,3540.24,19.7532256,4.9383064
10.167,3539.88,19.751623,4.93790576
10.168,3539.52,19.7500205,4.93750512
10.169,3539.16,19.7484179,4.93710448
10.17,3538.8,19.7468154,4.93670384
10.171,3538.44,19.7452128,4.9363032
10.172,3538.08,19.7436102,4.93590256
10.173,3537.72,19.7420077,4.93550191
10.174,3537.36,19.7404051,4.93510127
10.175,3537,19.7388025,4.93470063
10.176,3536.64,19.7372,4.93429999
10.177,3536.28,19.7355974,4.93389935
10.178,3535.92,19.7339948,4.93349871
10.179,3535.56,19.7323923,4.93309807
10.18,3535.2,19.7307897,4.93269743
10.181,3534.84,19.7291871,4.93229679
10.182,3534.48,19.7275846,4.93189615
10.183,3534.12,19.725982,4.9314955
10.184,3533.76,19.7243795,4.93109486
10.185,3533.4,19.7227769,4.93069422
10.186,3533.04,19.7211743,4.93029358
10.187,3532.68,19.7195718,4.92989294
10.188,3532.32,19.7179692,4.9294923
10.189,3531.96,19.7163666,4.92909166
10.19,3531.6,19.7147641,4.92869102
10.191,3531.24,19.7131615,4.92829038
10.192,3530.88,19.7115589,4.92788974
10.193,3530.52,19.7099564,4.92748909
10.194,3530.16,19.7083538,4.92708845
10.195,3529.8,19.7067512,4.92668781
10.196,3529.44,19.7051487,4.92628717
10.197,3529.08,19.7035461,4.92588653
10.198,3528.72,19.7019436,4.92548589
10.199,3528.36,19.700341,4.92508525
10.2,3528,19.6987384,4.92468461
10.201,3527.64,19.6971359,4.92428397
10.202,3527.28,19.6955333,4.92388333
10.203,3526.92,19.6939307,4.92348268
10.204,3526.56,19.6923282,4.92308204
10.205,3526.2,19.6907256,4.9226814
10.206,3525.84,19.689123,4.92228076
10.207,3525.48,19.6875205,4.92188012
10.208,3525.12,19.6859179,4.92147948
10.209,3524.76,19.6843154,4.92107884
10.21,3524.4,19.6827128,4.9206782
10.211,3524.04,19.6811102,4.92027756
10.212,3523.68,19.6795077,4.91987691
10.213,3523.32,19.6779051,4.91947627
10.214,3522.96,19.6763025,4.91907563
10.215,3522.6,19.6747,4.91867499
10.216,3522.24,19.6730974,4.91827435
10.217,3521.88,19.6714948,4.91787371
10.218,3521.52,19.6698923,4.91747307
10.219,3521.16,19.6682897,4.91707243
10.22,3520.8,19.6666871,4.91667179
10.221,3520.44,19.6650846,4.91627115
10.222,3520.08,19.663482,4.9158705
10.223,3519.72,19.6618795,4.91546986
10.224,3519.36,19.6602769,4.91506922
10.225,3519,19.6586743,4.91466858
10.226,3518.64,19.6570718,4.91426794
10.227,3518.28,19.6554692,4.9138673
10.228,3517.92,19.6538666,4.91346666
10.229,3517.56,19.6522641,4.91306602
10.23,3517.2,19.6506615,4.91266538
10.231,3516.84,19.6490589,4.91226474
10.232,3516.48,19.6474564,4.91186409
10.233,3516.12,19.6458538,4.91146345
10.234,3515.76,19.6442512,4.91106281
10.235,3515.4,19.6426487,4.91066217
10.236,3515.04,19.6410461,4.91026153
10.237,3514.68,19.6394436,4.90986089
10.238,3514.32,19.637841,4.90946025
10.239,3513.96,19.6362384,4.90905961
10.24,3513.6,19.6346359,4.90865897
10.241,3513.24,19.6330333,4.90825833
10.242,3512.88,19.6314307,4.90785768
10.243,3512.52,19.6298282,4.90745704
10.244,3512.16,19.6282256,4.9070564
10.245,3511.8,19.626623,4.90665576
10.246,3511.44,19.6250205,4.90625512
10.247,3511.08,19.6234179,4.90585448
10.248,3510.72,19.6218154,4.90545384
10.249,3510.36,19.6202128,4.9050532
10.25,3510,19.6186102,4.90465256
10.251,3509.64,19.6170077,4.90425191
10.252,3509.28,19.6154051,4.90385127
10.253,3508.92,19.6138025,4.90345063
10.254,3508.56,19.6122,4.90304999
10.255,3508.2,19.6105974,4.90264935
10.256,3507.84,19.6089948,4.90224871
10.257,3507.48,19.6073923,4.90184807
10.258,3507.12,19.6057897,4.90144743
10.259,3506.76,19.6041871,4.90104679
10.26,3506.4,19.6025846,4.90064615
10.261,3506.04,19.600982,4.9002455
10.262,3505.68,19.5993795,4.89984486
10.263,3505.32,19.5977769,4.89944422
10.264,3504.96,19.5961743,4.89904358
10.265,3504.6,19.5945718,4.89864294
10.266,3504.24,19.5929692,4.8982423
10.267,3503.88,19.5913666,4.89784166
10.268,3503.52,19.5897641,4.89744102
10.269,3503.16,19.5881615,4.89704038
10.27,3502.8,19.5865589,4.89663974
10.271,3502.44,19.5849564,4.89623909
10.272,3502.08,19.5833538,4.89583845
10.273,3501.72,19.5817512,4.89543781
10.274,3501.36,19.5801487,4.89503717
10.275,3501,19.5785461,4.89463653
10.276,3500.64,19.5769436,4.89423589
10.277,3500.28,19.575341,4.89383525
10.278,3499.92,19.5737384,4.89343461
10.279,3499.56,19.5721359,4.89303397
10.28,3499.2,19.5705333,4.89263333
10.281,3498.84,19.5689307,4.89223268
10.282,3498.48,19.5673282,4.89183204
10.283,3498.12,19.5657256,4.8914314
10.284,3497.76,19.564123,4.89103076
10.285,3497.4,19.5625205,4.89063012
10.286,3497.04,19.5609179,4.89022948
10.287,3496.68,19.5593154,4.88982884
10.288,3496.32,19.5577128,4.8894282
10.289,3495.96,19.5561102,4.88902756
10.29,3495.6,19.5545077,4.88862691
10.291,3495.24,19.5529051,4.88822627
10.292,3494.88,19.5513025,4.88782563
10.293,3494.52,19.5497,4.88742499
10.294,3494.16,19.5480974,4.88702435
10.295,3493.8,19.5464948,4.88662371
10.296,3493.44,19.5448923,4.88622307
10.297,3493.08,19.5432897,4.88582243
10.298,3492.72,19.5416871,4.88542179
10.299,3492.36,19.5400846,4.88502115
10.3,3492,19.538482,4.8846205
10.301,3491.64,19.5368795,4.88421986
10.302,3491.28,19.5352769,4.88381922
10.303,3490.92,19.5336743,4.88341858
10.304,3490.56,19.5320718,4.88301794
10.305,3490.2,19.5304692,4.8826173
10.306,3489.84,19.5288666,4.88221666
10.307,3489.48,19.5272641,4.88181602
10.308,3489.12,19.5256615,4.88141538
10.309,3488.76,19.5240589,4.88101474
10.31,3488.4,19.5224564,4.88061409
10.311,3488.04,19.5208538,4.88021345
10.312,3487.68,19.5192512,4.87981281
10.313,3487.32,19.5176487,4.87941217
10.314,3486.96,19.5160461,4.87901153
10.315,3486.6,19.5144436,4.87861089
10.316,3486.24,19.512841,4.87821025
10.317,3485.88,19.5112384,4.87780961
10.318,3485.52,19.5096359,4.87740897
10.319,3485.16,19.5080333,4.87700833
10.32,3484.8,19.5064307,4.87660768
10.321,3484.44,19.5048282,4.87620704
10.322,3484.08,19.5032256,4.8758064
10.323,3483.72,19.501623,4.87540576
10.324,3483.36,19.5000205,4.87500512
10.325,3483,19.4984179,4.87460448
10.326,3482.64,19.4968154,4.87420384
10.327,3482.28,19.4952128,4.8738032
10.328,3481.92,19.4936102,4.87340256
10.329,3481.56,19.4920077,4.87300191
10.33,3481.2,19.4904051,4.87260127
10.331,3480.84,19.4888025,4.87220063
10.332,3480.48,19.4872,4.87179999
10.333,3480.12,19.4855974,4.87139935
10.334,3479.76,19.4839948,4.87099871
10.335,3479.4,19.4823923,4.87059807
10.336,3479.04,19.4807897,4.87019743
10.337,3478.68,19.4791871,4.86979679
10.338,3478.32,19.4775846,4.86939615
10.339,3477.96,19.475982,4.8689955
10.34,3477.6,19.4743795,4.86859486
10.341,3477.24,19.4727769,4.86819422
10.342,3476.88,19.4711743,4.86779358
10.343,3476.52,19.4695718,4.86739294
10.344,3476.16,19.4679692,4.8669923
10.345,3475.8,19.4663666,4.86659166
10.346,3475.44,19.4647641,4.86619102
10.347,3475.08,19.4631615,4.86579038
10.348,3474.72,19.4615589,4.86538974
10.349,3474.36,19.4599564,4.86498909
10.35,3474,19.4583538,4.86458845
10.351,3473.64,19.4567512,4.86418781
10.352,3473.28,19.4551487,4.86378717
10.353,3472.92,19.4535461,4.86338653
10.354,3472.56,19.4519436,4.86298589
10.355,3472.2,19.450341,4.86258525
10.356,3471.84,19.4487384,4.86218461
10.357,3471.48,19.4471359,4.86178397
10.358,3471.12,19.4455333,4.86138333
10.359,3470.76,19.4439307,4.86098268
10.36,3470.4,19.4423282,4.86058204
10.361,3470.04,19.4407256,4.8601814
10.362,3469.68,19.439123,4.85978076
10.363,3469.32,19.4375205,4.85938012
10.364,3468.96,19.4359179,4.85897948
10.365,3468.6,19.4343154,4.85857884
10.366,3468.24,19.4327128,4.8581782
10.367,3467.88,19.4311102,4.85777756
10.368,3467.52,19.4295077,4.85737691
10.369,3467.16,19.4279051,4.85697627
10.37,3466.8,19.4263025,4.85657563
10.371,3466.44,19.4247,4.85617499
10.372,3466.08,19.4230974,4.85577435
10.373,3465.72,19.4214948,4.85537371
10.374,3465.36,19.4198923,4.85497307
10.375,3465,19.4182897,4.85457243
10.376,3464.64,19.4166871,4.85417179
10.377,3464.28,19.4150846,4.85377115
10.378,3463.92,19.413482,4.8533705
10.379,3463.56,19.4118795,4.85296986
10.38,3463.2,19.4102769,4.85256922
10.381,3462.84,19.4086743,4.85216858
10.382,3462.48,19.4070718,4.85176794
10.383,3462.12,19.4054692,4.8513673
10.384,3461.76,19.4038666,4.85096666
10.385,3461.4,19.4022641,4.85056602
10.386,3461.04,19.4006615,4.85016538
10.387,3460.68,19.3990589,4.84976474
10.388,3460.32,19.3974564,4.84936409
10.389,3459.96,19.3958538,4.84896345
10.39,3459.6,19.3942512,4.84856281
10.391,3459.24,19.3926487,4.84816217
10.392,3458.88,19.3910461,4.84776153
10.393,3458.52,19.3894436,4.84736089
10.394,3458.16,19.387841,4.84696025
10.395,3457.8,19.3862384,4.84655961
10.396,3457.44,19.3846359,4.84615897
10.397,3457.08,19.3830333,4.84575833
10.398,3456.72,19.3814307,4.84535768
10.399,3456.36,19.3798282,4.84495704
10.4,3456,19.3782256,4.8445564
10.401,3455.64,19.376623,4.84415576
10.402,3455.28,19.3750205,4.84375512
10.403,3454.92,19.3734179,4.84335448
10.404,3454.56,19.3718154,4.84295384
10.405,3454.2,19.3702128,4.8425532
10.406,3453.84,19.3686102,4.84215256
10.407,3453.48,19.3670077,4.84175191
10.408,3453.12,19.3654051,4.84135127
10.409,3452.76,19.3638025,4.84095063
10.41,3452.4,19.3622,4.84054999
10.411,3452.04,19.3605974,4.84014935
10.412,3451.68,19.3589948,4.83974871
10.413,3451.32,19.3573923,4.83934807
10.414,3450.96,19.3557897,4.83894743
10.415,3450.6,19.3541871,4.83854679
10.416,3450.24,19.3525846,4.83814615
10.417,3449.88,19.350982,4.8377455
10.418,3449.52,19.3493795,4.83734486
10.419,3449.16,19.3477769,4.83694422
10.42,3448.8,19.3461743,4.83654358
10.421,3448.44,19.3445718,4.83614294
10.422,3448.08,19.3429692,4.8357423
10.423,3447.72,19.3413666,4.83534166
10.424,3447.36,19.3397641,4.83494102
10.425,3447,19.3381615,4.83454038
10.426,3446.64,19.3365589,4.83413974
10.427,3446.28,19.3349564,4.83373909
10.428,3445.92,19.3333538,4.83333845
10.429,3445.56,19.3317512,4.83293781
10.43,3445.2,19.3301487,4.83253717
10.431,3444.84,19.3285461,4.83213653
10.432,3444.48,19.3269436,4.83173589
10.433,3444.12,19.325341,4.83133525
10.434,3443.76,19.3237384,4.83093461
10.435,3443.4,19.3221359,4.83053397
10.436,3443.04,19.3205333,4.83013333
10.437,3442.68,19.3189307,4.82973268
10.438,3442.32,19.3173282,4.82933204
10.439,3441.96,19.3157256,4.8289314
10.44,3441.6,19.314123,4.82853076
10.441,3441.24,19.3125205,4.82813012
10.442,3440.88,19.3109179,4.82772948
10.443,3440.52,19.3093154,4.82732884
10.444,3440.16,19.3077128,4.8269282
10.445,3439.8,19.3061102,4.82652756
10.446,3439.44,19.3045077,4.82612691
10.447,3439.08,19.3029051,4.82572627
10.448,3438.72,19.3013025,4.82532563
10.449,3438.36,19.2997,4.82492499
10.45,3438,19.2980974,4.82452435
10.451,3437.64,19.2964948,4.82412371
10.452,3437.28,19.2948923,4.82372307
10.453,3436.92,19.2932897,4.82332243
10.454,3436.56,19.2916871,4.82292179
10.455,3436.2,19.2900846,4.82252115
10.456,3435.84,19.288482,4.8221205
10.457,3435.48,19.2868795,4.82171986
10.458,3435.12,19.2852769,4.82131922
10.459,3434.76,19.2836743,4.82091858
10.46,3434.4,19.2820718,4.82051794
10.461,3434.04,19.2804692,4.8201173
10.462,3433.68,19.2788666,4.81971666
10.463,3433.32,19.2772641,4.81931602
10.464,3432.96,19.2756615,4.81891538
10.465,3432.6,19.2740589,4.81851474
10.466,3432.24,19.2724564,4.81811409
10.467,3431.88,19.2708538,4.81771345
10.468,3431.52,19.2692512,4.81731281
10.469,3431.16,19.2676487,4.81691217
10.47,3430.8,19.2660461,4.81651153
10.471,3430.44,19.2644436,4.81611089
10.472,3430.08,19.262841,4.81571025
10.473,3429.72,19.2612384,4.81530961
10.474,3429.36,19.2596359,4.81490897
10.475,3429,19.2580333,4.81450833
10.476,3428.64,19.2564307,4.81410768
10.477,3428.28,19.2548282,4.81370704
10.478,3427.92,19.2532256,4.8133064
10.479,3427.56,19.251623,4.81290576
10.48,3427.2,19.2500205,4.81250512
10.481,3426.84,19.2484179,4.81210448
10.482,3426.48,19.2468154,4.81170384
10.483,3426.12,19.2452128,4.8113032
10.484,3425.76,19.2436102,4.81090256
10.485,3425.4,19.2420077,4.81050191
10.486,3425.04,19.2404051,4.81010127
10.487,3424.68,19.2388025,4.80970063
10.488,3424.32,19.2372,4.80929999
10.489,3423.96,19.2355974,4.80889935
10.49,3423.6,19.2339948,4.80849871
10.491,3423.24,19.2323923,4.80809807
10.492,3422.88,19.2307897,4.80769743
10.493,3422.52,19.2291871,4.80729679
10.494,3422.16,19.2275846,4.80689615
10.495,3421.8,19.225982,4.8064955
10.496,3421.44,19.2243795,4.80609486
10.497,3421.08,19.2227769,4.80569422
10.498,3420.72,19.2211743,4.80529358
10.499,3420.36,19.2195718,4.80489294
10.5,3420,19.2179692,4.8044923
10.501,3419.64,19.2163666,4.80409166
10.502,3419.28,19.2147641,4.80369102
10.503,3418.92,19.2131615,4.80329038
10.504,3418.56,19.2115589,4.80288974
10.505,3418.2,19.2099564,4.80248909
10.506,3417.84,19.2083538,4.80208845
10.507,3417.48,19.2067512,4.80168781
10.508,3417.12,19.2051487,4.80128717
10.509,3416.76,19.2035461,4.80088653
10.51,3416.4,19.2019436,4.80048589
10.511,3416.04,19.200341,4.80008525
10.512,3415.68,19.1987384,4.79968461
10.513,3415.32,19.1971359,4.79928397
10.514,3414.96,19.1955333,4.79888333
10.515,3414.6,19.1939307,4.79848268
10.516,3414.24,19.1923282,4.79808204
10.517,3413.88,19.1907256,4.7976814
10.518,3413.52,19.189123,4.79728076
10.519,3413.16,19.1875205,4.79688012
10.52,3412.8,19.1859179,4.79647948
10.521,3412.44,19.1843154,4.79607884
10.522,3412.08,19.1827128,4.7956782
10.523,3411.72,19.1811102,4.79527756
10.524,3411.36,19.1795077,4.79487691
10.525,3411,19.1779051,4.79447627
10.526,3410.64,19.1763025,4.79407563
10.527,3410.28,19.1747,4.79367499
10.528,3409.92,19.1730974,4.79327435
10.529,3409.56,19.1714948,4.79287371
10.53,3409.2,19.1698923,4.79247307
10.531,3408.84,19.1682897,4.79207243
10.532,3408.48,19.1666871,4.79167179
10.533,3408.12,19.1650846,4.79127115
10.534,3407.76,19.163482,4.7908705
10.535,3407.4,19.1618795,4.79046986
10.536,3407.04,19.1602769,4.79006922
10.537,3406.68,19.1586743,4.78966858
10.538,3406.32,19.1570718,4.78926794
10.539,3405.96,19.1554692,4.7888673
10.54,3405.6,19.1538666,4.78846666
10.541,3405.24,19.1522641,4.78806602
10.542,3404.88,19.1506615,4.78766538
10.543,3404.52,19.1490589,4.78726474
10.544,3404.16,19.1474564,4.78686409
10.545,3403.8,19.1458538,4.78646345
10.546,3403.44,19.1442512,4.78606281
10.547,3403.08,19.1426487,4.78566217
10.548,3402.72,19.1410461,4.78526153
10.549,3402.36,19.1394436,4.78486089
10.55,3402,19.137841,4.78446025
10.551,3401.64,19.1362384,4.78405961
10.552,3401.28,19.1346359,4.78365897
10.553,3400.92,19.1330333,4.78325833
10.554,3400.56,19.1314307,4.78285768
10.555,3400.2,19.1298282,4.78245704
10.556,3399.84,19.1282256,4.7820564
10.557,3399.48,19.126623,4.78165576
10.558,3399.12,19.1250205,4.78125512
10.559,3398.76,19.1234179,4.78085448
10.56,3398.4,19.1218154,4.78045384
10.561,3398.04,19.1202128,4.7800532
10.562,3397.68,19.1186102,4.77965256
10.563,3397.32,19.1170077,4.77925191
10.564,3396.96,19.1154051,4.77885127
10.565,3396.6,19.1138025,4.77845063
10.566,3396.24,19.1122,4.77804999
10.567,3395.88,19.1105974,4.77764935
10.568,3395.52,19.1089948,4.77724871
10.569,3395.16,19.1073923,4.77684807
10.57,3394.8,19.1057897,4.77644743
10.571,3394.44,19.1041871,4.77604679
10.572,3394.08,19.1025846,4.77564615
10.573,3393.72,19.100982,4.7752455
10.574,3393.36,19.0993795,4.77484486
10.575,3393,19.0977769,4.77444422
10.576,3392.64,19.0961743,4.77404358
10.577,3392.28,19.0945718,4.77364294
10.578,3391.92,19.0929692,4.7732423
10.579,3391.56,19.0913666,4.77284166
10.58,3391.2,19.0897641,4.77244102
10.581,3390.84,19.0881615,4.77204038
10.582,3390.48,19.0865589,4.77163974
10.583,3390.12,19.0849564,4.77123909
10.584,3389.76,19.0833538,4.77083845
10.585,3389.4,19.0817512,4.77043781
10.586,3389.04,19.0801487,4.77003717
10.587,3388.68,19.0785461,4.76963653
10.588,3388.32,19.0769436,4.76923589
10.589,3387.96,19.075341,4.76883525
10.59,3387.6,19.0737384,4.76843461
10.591,3387.24,19.0721359,4.76803397
10.592,3386.88,19.0705333,4.76763333
10.593,3386.52,19.0689307,4.76723268
10.594,3386.16,19.0673282,4.76683204
10.595,3385.8,19.0657256,4.7664314
10.596,3385.44,19.064123,4.76603076
10.597,3385.08,19.0625205,4.76563012
10.598,3384.72,19.0609179,4.76522948
10.599,3384.36,19.0593154,4.76482884
10.6,3384,19.0577128,4.7644282
10.601,3383.64,19.0561102,4.76402756
10.602,3383.28,19.0545077,4.76362691
10.603,3382.92,19.0529051,4.76322627
10.604,3382.56,19.0513025,4.76282563
10.605,3382.2,19.0497,4.76242499
10.606,3381.84,19.0480974,4.76202435
10.607,3381.48,19.0464948,4.76162371
10.608,3381.12,19.0448923,4.76122307
10.609,3380.76,19.0432897,4.76082243
10.61,3380.4,19.0416871,4.76042179
10.611,3380.04,19.0400846,4.76002115
10.612,3379.68,19.038482,4.7596205
10.613,3379.32,19.0368795,4.75921986
10.614,3378.96,19.0352769,4.75881922
10.615,3378.6,19.0336743,4.75841858
10.616,3378.24,19.0320718,4.75801794
10.617,3377.88,19.0304692,4.7576173
10.618,3377.52,19.0288666,4.75721666
10.619,3377.16,19.0272641,4.75681602
10.62,3376.8,19.0256615,4.75641538
10.621,3376.44,19.0240589,4.75601474
10.622,3376.08,19.0224564,4.75561409
10.623,3375.72,19.0208538,4.75521345
10.624,3375.36,19.0192512,4.75481281
10.625,3375,19.0176487,4.75441217
10.626,3374.64,19.0160461,4.75401153
10.627,3374.28,19.0144436,4.75361089
10.628,3373.92,19.012841,4.75321025
10.629,3373.56,19.0112384,4.75280961
10.63,3373.2,19.0096359,4.75240897
10.631,3372.84,19.0080333,4.75200833
10.632,3372.48,19.0064307,4.75160768
10.633,3372.12,19.0048282,4.75120704
10.634,3371.76,19.0032256,4.7508064
10.635,3371.4,19.001623,4.75040576
10.636,3371.04,19.0000205,4.75000512
10.637,3370.68,18.9984179,4.74960448
10.638,3370.32,18.9968154,4.74920384
10.639,3369.96,18.9952128,4.7488032
10.64,3369.6,18.9936102,4.74840256
10.641,3369.24,18.9920077,4.74800191
10.642,3368.88,18.9904051,4.74760127
10.643,3368.52,18.9888025,4.74720063
10.644,3368.16,18.9872,4.74679999
10.645,3367.8,18.9855974,4.74639935
10.646,3367.44,18.9839948,4.74599871
10.647,3367.08,18.9823923,4.74559807
10.648,3366.72,18.9807897,4.74519743
10.649,3366.36,18.9791871,4.74479679
10.65,3366,18.9775846,4.74439615
10.651,3365.64,18.975982,4.7439955
10.652,3365.28,18.9743795,4.74359486
10.653,3364.92,18.9727769,4.74319422
10.654,3364.56,18.9711743,4.74279358
10.655,3364.2,18.9695718,4.74239294
10.656,3363.84,18.9679692,4.7419923
10.657,3363.48,18.9663666,4.74159166
10.658,3363.12,18.9647641,4.74119102
10.659,3362.76,18.9631615,4.74079038
10.66,3362.4,18.9615589,4.74038974
10.661,3362.04,18.9599564,4.73998909
10.662,3361.68,18.9583538,4.73958845
10.663,3361.32,18.9567512,4.73918781
10.664,3360.96,18.9551487,4.73878717
10.665,3360.6,18.9535461,4.73838653
10.666,3360.24,18.9519436,4.73798589
10.667,3359.88,18.950341,4.73758525
10.668,3359.52,18.9487384,4.73718461
10.669,3359.16,18.9471359,4.73678397
10.67,3358.8,18.9455333,4.73638333
10.671,3358.44,18.9439307,4.73598268
10.672,3358.08,18.9423282,4.73558204
10.673,3357.72,18.9407256,4.7351814
10.674,3357.36,18.939123,4.73478076
10.675,3357,18.9375205,4.73438012
10.676,3356.64,18.9359179,4.73397948
10.677,3356.28,18.9343154,4.73357884
10.678,3355.92,18.9327128,4.7331782
10.679,3355.56,18.9311102,4.73277756
10.68,3355.2,18.9295077,4.73237691
10.681,3354.84,18.9279051,4.73197627
10.682,3354.48,18.9263025,4.73157563
10.683,3354.12,18.9247,4.73117499
10.684,3353.76,18.9230974,4.73077435
10.685,3353.4,18.9214948,4.73037371
10.686,3353.04,18.9198923,4.72997307
10.687,3352.68,18.9182897,4.72957243
10.688,3352.32,18.9166871,4.72917179
10.689,3351.96,18.9150846,4.72877115
10.69,3351.6,18.913482,4.7283705
10.691,3351.24,18.9118795,4.72796986
10.692,3350.88,18.9102769,4.72756922
10.693,3350.52,18.9086743,4.72716858
10.694,3350.16,18.9070718,4.72676794
10.695,3349.8,18.9054692,4.7263673
10.696,3349.44,18.9038666,4.72596666
10.697,3349.08,18.9022641,4.72556602
10.698,3348.72,18.9006615,4.72516538
10.699,3348.36,18.8990589,4.72476474
10.7,3348,18.8974564,4.72436409
10.701,3347.64,18.8958538,4.72396345
10.702,3347.28,18.8942512,4.72356281
10.703,3346.92,18.8926487,4.72316217
10.704,3346.56,18.8910461,4.72276153
10.705,3346.2,18.8894436,4.72236089
10.706,3345.84,18.887841,4.72196025
10.707,3345.48,18.8862384,4.72155961
10.708,3345.12,18.8846359,4.72115897
10.709,3344.76,18.8830333,4.72075833
10.71,3344.4,18.8814307,4.72035768
10.711,3344.04,18.8798282,4.71995704
10.712,3343.68,18.8782256,4.7195564
10.713,3343.32,18.876623,4.71915576
10.714,3342.96,18.8750205,4.71875512
10.715,3342.6,18.8734179,4.71835448
10.716,3342.24,18.8718154,4.71795384
10.717,3341.88,18.8702128,4.7175532
10.718,3341.52,18.8686102,4.71715256
10.719,3341.16,18.8670077,4.71675191
10.72,3340.8,18.8654051,4.71635127
10.721,3340.44,18.8638025,4.71595063
10.722,3340.08,18.8622,4.71554999
10.723,3339.72,18.8605974,4.71514935
10.724,3339.36,18.8589948,4.71474871
10.725,3339,18.8573923,4.71434807
10.726,3338.64,18.8557897,4.71394743
10.727,3338.28,18.8541871,4.71354679
10.728,3337.92,18.8525846,4.71314615
10.729,3337.56,18.850982,4.7127455
10.73,3337.2,18.8493795,4.71234486
10.731,3336.84,18.8477769,4.71194422
10.732,3336.48,18.8461743,4.71154358
10.733,3336.12,18.8445718,4.71114294
10.734,3335.76,18.8429692,4.7107423
10.735,3335.4,18.8413666,4.71034166
10.736,3335.04,18.8397641,4.70994102
10.737,3334.68,18.8381615,4.70954038
10.738,3334.32,18.8365589,4.70913974
10.739,3333.96,18.8349564,4.70873909
10.74,3333.6,18.8333538,4.70833845
10.741,3333.24,18.8317512,4.70793781
10.742,3332.88,18.8301487,4.70753717
10.743,3332.52,18.8285461,4.70713653
10.744,3332.16,18.8269436,4.70673589
10.745,3331.8,18.825341,4.70633525
10.746,3331.44,18.8237384,4.70593461
10.747,3331.08,18.8221359,4.70553397
10.748,3330.72,18.8205333,4.70513333
10.749,3330.36,18.8189307,4.70473268
10.75,3330,18.8173282,4.70433204
10.751,3329.64,18.8157256,4.7039314
10.752,3329.28,18.814123,4.70353076
10.753,3328.92,18.8125205,4.70313012
10.754,3328.56,18.8109179,4.70272948
10.755,3328.2,18.8093154,4.70232884
10.756,3327.84,18.8077128,4.7019282
10.757,3327.48,18.8061102,4.70152756
10.758,3327.12,18.8045077,4.70112691
10.759,3326.76,18.8029051,4.70072627
10.76,3326.4,18.8013025,4.70032563
10.761,3326.04,18.7997,4.69992499
10.762,3325.68,18.7980974,4.69952435
10.763,3325.32,18.7964948,4.69912371
10.764,3324.96,18.7948923,4.69872307
10.765,3324.6,18.7932897,4.69832243
10.766,3324.24,18.7916871,4.69792179
10.767,3323.88,18.7900846,4.69752115
10.768,3323.52,18.788482,4.6971205
10.769,3323.16,18.7868795,4.69671986
10.77,3322.8,18.7852769,4.69631922
10.771,3322.44,18.7836743,4.69591858
10.772,3322.08,18.7820718,4.69551794
10.773,3321.72,18.7804692,4.6951173
10.774,3321.36,18.7788666,4.69471666
10.775,3321,18.7772641,4.69431602
10.776,3320.64,18.7756615,4.69391538
10.777,3320.28,18.7740589,4.69351474
10.778,3319.92,18.7724564,4.69311409
10.779,3319.56,18.7708538,4.69271345
10.78,3319.2,18.7692512,4.69231281
10.781,3318.84,18.7676487,4.69191217
10.782,3318.48,18.7660461,4.69151153
10.783,3318.12,18.7644436,4.69111089
10.784,3317.76,18.762841,4.69071025
10.785,3317.4,18.7612384,4.69030961
10.786,3317.04,18.7596359,4.68990897
10.787,3316.68,18.7580333,4.68950833
10.788,3316.32,18.7564307,4.68910768
10.789,3315.96,18.7548282,4.68870704
10.79,3315.6,18.7532256,4.6883064
10.791,3315.24,18.751623,4.68790576
10.792,3314.88,18.7500205,4.68750512
10.793,3314.52,18.7484179,4.68710448
10.794,3314.16,18.7468154,4.68670384
10.795,3313.8,18.7452128,4.6863032
10.796,3313.44,18.7436102,4.68590256
10.797,3313.08,18.7420077,4.68550191
10.798,3312.72,18.7404051,4.68510127
10.799,3312.36,18.7388025,4.68470063
10.8,3312,18.7372,4.68429999
10.801,3311.64,18.7355974,4.68389935
10.802,3311.28,18.7339948,4.68349871
10.803,3310.92,18.7323923,4.68309807
10.804,3310.56,18.7307897,4.68269743
10.805,3310.2,18.7291871,4.68229679
10.806,3309.84,18.7275846,4.68189615
10.807,3309.48,18.725982,4.6814955
10.808,3309.12,18.7243795,4.68109486
10.809,3308.76,18.7227769,4.68069422
10.81,3308.4,18.7211743,4.68029358
10.811,3308.04,18.7195718,4.67989294
10.812,3307.68,18.7179692,4.6794923
10.813,3307.32,18.7163666,4.67909166
10.814,3306.96,18.7147641,4.67869102
10.815,3306.6,18.7131615,4.67829038
10.816,3306.24,18.7115589,4.67788974
10.817,3305.88,18.7099564,4.67748909
10.818,3305.52,18.7083538,4.67708845
10.819,3305.16,18.7067512,4.67668781
10.82,3304.8,18.7051487,4.67628717
10.821,3304.44,18.7035461,4.67588653
10.822,3304.08,18.7019436,4.67548589
10.823,3303.72,18.700341,4.67508525
10.824,3303.36,18.6987384,4.67468461
10.825,3303,18.6971359,4.67428397
10.826,3302.64,18.6955333,4.67388333
10.827,3302.28,18.6939307,4.67348268
10.828,3301.92,18.6923282,4.67308204
10.829,3301.56,18.6907256,4.6726814
10.83,3301.2,18.689123,4.67228076
10.831,3300.84,18.6875205,4.67188012
10.832,3300.48,18.6859179,4.67147948
10.833,3300.12,18.6843154,4.67107884
10.834,3299.76,18.6827128,4.6706782
10.835,3299.4,18.6811102,4.67027756
10.836,3299.04,18.6795077,4.66987691
10.837,3298.68,18.6779051,4.66947627
10.838,3298.32,18.6763025,4.66907563
10.839,3297.96,18.6747,4.66867499
10.84,3297.6,18.6730974,4.66827435
10.841,3297.24,18.6714948,4.66787371
10.842,3296.88,18.6698923,4.66747307
10.843,3296.52,18.6682897,4.66707243
10.844,3296.16,18.6666871,4.66667179
10.845,3295.8,18.6650846,4.66627115
10.846,3295.44,18.663482,4.6658705
10.847,3295.08,18.6618795,4.66546986
10.848,3294.72,18.6602769,4.66506922
10.849,3294.36,18.6586743,4.66466858
10.85,3294,18.6570718,4.66426794
10.851,3293.64,18.6554692,4.6638673
10.852,3293.28,18.6538666,4.66346666
10.853,3292.92,18.6522641,4.66306602
10.854,3292.56,18.6506615,4.66266538
10.855,3292.2,18.6490589,4.66226474
10.856,3291.84,18.6474564,4.66186409
10.857,3291.48,18.6458538,4.66146345
10.858,3291.12,18.6442512,4.66106281
10.859,3290.76,18.6426487,4.66066217
10.86,3290.4,18.6410461,4.66026153
10.861,3290.04,18.6394436,4.65986089
10.862,3289.68,18.637841,4.65946025
10.863,3289.32,18.6362384,4.65905961
10.864,3288.96,18.6346359,4.65865897
10.865,3288.6,18.6330333,4.65825833
10.866,3288.24,18.6314307,4.65785768
10.867,3287.88,18.6298282,4.65745704
10.868,3287.52,18.6282256,4.6570564
10.869,3287.16,18.626623,4.65665576
10.87,3286.8,18.6250205,4.65625512
10.871,3286.44,18.6234179,4.65585448
10.872,3286.08,18.6218154,4.65545384
10.873,3285.72,18.6202128,4.6550532
10.874,3285.36,18.6186102,4.65465256
10.875,3285,18.6170077,4.65425191
10.876,3284.64,18.6154051,4.65385127
10.877,3284.28,18.6138025,4.65345063
10.878,3283.92,18.6122,4.65304999
10.879,3283.56,18.6105974,4.65264935
10.88,3283.2,18.6089948,4.65224871
10.881,3282.84,18.6073923,4.65184807
10.882,3282.48,18.6057897,4.65144743
10.883,3282.12,18.6041871,4.65104679
10.884,3281.76,18.6025846,4.65064615
10.885,3281.4,18.600982,4.6502455
10.886,3281.04,18.5993795,4.64984486
10.887,3280.68,18.5977769,4.64944422
10.888,3280.32,18.5961743,4.64904358
10.889,3279.96,18.5945718,4.64864294
10.89,3279.6,18.5929692,4.6482423
10.891,3279.24,18.5913666,4.64784166
10.892,3278.88,18.5897641,4.64744102
10.893,3278.52,18.5881615,4.64704038
10.894,3278.16,18.5865589,4.64663974
10.895,3277.8,18.5849564,4.64623909
10.896,3277.44,18.5833538,4.64583845
10.897,3277.08,18.5817512,4.64543781
10.898,3276.72,18.5801487,4.64503717
10.899,3276.36,18.5785461,4.64463653
10.9,3276,18.5769436,4.64423589
10.901,3275.64,18.575341,4.64383525
10.902,3275.28,18.5737384,4.64343461
10.903,3274.92,18.5721359,4.64303397
10.904,3274.56,18.5705333,4.64263333
10.905,3274.2,18.5689307,4.64223268
10.906,3273.84,18.5673282,4.64183204
10.907,3273.48,18.5657256,4.6414314
10.908,3273.12,18.564123,4.64103076
10.909,3272.76,18.5625205,4.64063012
10.91,3272.4,18.5609179,4.64022948
10.911,3272.04,18.5593154,4.63982884
10.912,3271.68,18.5577128,4.6394282
10.913,3271.32,18.5561102,4.63902756
10.914,3270.96,18.5545077,4.63862691
10.915,3270.6,18.5529051,4.63822627
10.916,3270.24,18.5513025,4.63782563
10.917,3269.88,18.5497,4.63742499
10.918,3269.52,18.5480974,4.63702435
10.919,3269.16,18.5464948,4.63662371
10.92,3268.8,18.5448923,4.63622307
10.921,3268.44,18.5432897,4.63582243
10.922,3268.08,18.5416871,4.63542179
10.923,3267.72,18.5400846,4.63502115
10.924,3267.36,18.538482,4.6346205
10.925,3267,18.5368795,4.63421986
10.926,3266.64,18.5352769,4.63381922
10.927,3266.28,18.5336743,4.63341858
10.928,3265.92,18.5320718,4.63301794
10.929,3265.56,18.5304692,4.6326173
10.93,3265.2,18.5288666,4.63221666
10.931,3264.84,18.5272641,4.63181602
10.932,3264.48,18.5256615,4.63141538
10.933,3264.12,18.5240589,4.63101474
10.934,3263.76,18.5224564,4.63061409
10.935,3263.4,18.5208538,4.63021345
10.936,3263.04,18.5192512,4.62981281
10.937,3262.68,18.5176487,4.62941217
10.938,3262.32,18.5160461,4.62901153
10.939,3261.96,18.5144436,4.62861089
10.94,3261.6,18.512841,4.62821025
10.941,3261.24,18.5112384,4.62780961
10.942,3260.88,18.5096359,4.62740897
10.943,3260.52,18.5080333,4.62700833
10.944,3260.16,18.5064307,4.62660768
10.945,3259.8,18.5048282,4.62620704
10.946,3259.44,18.5032256,4.6258064
10.947,3259.08,18.501623,4.62540576
10.948,3258.72,18.5000205,4.62500512
10.949,3258.36,18.4984179,4.62460448
10.95,3258,18.4968154,4.62420384
10.951,3257.64,18.4952128,4.6238032
10.952,3257.28,18.4936102,4.62340256
10.953,3256.92,18.4920077,4.62300191
10.954,3256.56,18.4904051,4.62260127
10.955,3256.2,18.4888025,4.62220063
10.956,3255.84,18.4872,4.62179999
10.957,3255.48,18.4855974,4.62139935
10.958,3255.12,18.4839948,4.62099871
10.959,3254.76,18.4823923,4.62059807
10.96,3254.4,18.4807897,4.62019743
10.961,3254.04,18.4791871,4.61979679
10.962,3253.68,18.4775846,4.61939615
10.963,3253.32,18.475982,4.6189955
10.964,3252.96,18.4743795,4.61859486
10.965,3252.6,18.4727769,4.61819422
10.966,3252.24,18.4711743,4.61779358
10.967,3251.88,18.4695718,4.61739294
10.968,3251.52,18.4679692,4.6169923
10.969,3251.16,18.4663666,4.61659166
10.97,3250.8,18.4647641,4.61619102
10.971,3250.44,18.4631615,4.61579038
10.972,3250.08,18.4615589,4.61538974
10.973,3249.72,18.4599564,4.61498909
10.974,3249.36,18.4583538,4.61458845
10.975,3249,18.4567512,4.61418781
10.976,3248.64,18.4551487,4.61378717
10.977,3248.28,18.4535461,4.61338653
10.978,3247.92,18.4519436,4.61298589
10.979,3247.56,18.450341,4.61258525
10.98,3247.2,18.4487384,4.61218461
10.981,3246.84,18.4471359,4.61178397
10.982,3246.48,18.4455333,4.61138333
10.983,3246.12,18.4439307,4.61098268
10.984,3245.76,18.4423282,4.61058204
10.985,3245.4,18.4407256,4.6101814
10.986,3245.04,18.439123,4.60978076
10.987,3244.68,18.4375205,4.60938012
10.988,3244.32,18.4359179,4.60897948
10.989,3243.96,18.4343154,4.60857884
10.99,3243.6,18.4327128,4.6081782
10.991,3243.24,18.4311102,4.60777756
10.992,3242.88,18.4295077,4.60737691
10.993,3242.52,18.4279051,4.60697627
10.994,3242.16,18.4263025,4.60657563
10.995,3241.8,18.4247,4.60617499
10.996,3241.44,18.4230974,4.60577435
10.997,3241.08,18.4214948,4.60537371
10.998,3240.72,18.4198923,4.60497307
10.999,3240.36,18.4182897,4.60457243
11,3240,18.4166871,4.60417179
11.001,3239.64,18.4150846,4.60377115
11.002,3239.28,18.413482,4.6033705
11.003,3238.92,18.4118795,4.60296986
11.004,3238.56,18.4102769,4.60256922
11.005,3238.2,18.4086743,4.60216858
11.006,3237.84,18.4070718,4.60176794
11.007,3237.48,18.4054692,4.6013673
11.008,3237.12,18.4038666,4.60096666
11.009,3236.76,18.4022641,4.60056602
11.01,3236.4,18.4006615,4.60016538
11.011,3236.04,18.3990589,4.59976474
11.012,3235.68,18.3974564,4.59936409
11.013,3235.32,18.3958538,4.59896345
11.014,3234.96,18.3942512,4.59856281
11.015,3234.6,18.3926487,4.59816217
11.016,3234.24,18.3910461,4.59776153
11.017,3233.88,18.3894436,4.59736089
11.018,3233.52,18.387841,4.59696025
11.019,3233.16,18.3862384,4.59655961
11.02,3232.8,18.3846359,4.59615897
11.021,3232.44,18.3830333,4.59575833
11.022,3232.08,18.3814307,4.59535768
11.023,3231.72,18.3798282,4.59495704
11.024,3231.36,18.3782256,4.5945564
11.025,3231,18.376623,4.59415576
11.026,3230.64,18.3750205,4.59375512
11.027,3230.28,18.3734179,4.59335448
11.028,3229.92,18.3718154,4.59295384
11.029,3229.56,18.3702128,4.5925532
11.03,3229.2,18.3686102,4.59215256
11.031,3228.84,18.3670077,4.59175191
11.032,3228.48,18.3654051,4.59135127
11.033,3228.12,18.3638025,4.59095063
11.034,3227.76,18.3622,4.59054999
11.035,3227.4,18.3605974,4.59014935
11.036,3227.04,18.3589948,4.58974871
11.037,3226.68,18.3573923,4.58934807
11.038,3226.32,18.3557897,4.58894743
11.039,3225.96,18.3541871,4.58854679
11.04,3225.6,18.3525846,4.58814615
11.041,3225.24,18.350982,4.5877455
11.042,3224.88,18.3493795,4.58734486
11.043,3224.52,18.3477769,4.58694422
11.044,3224.16,18.3461743,4.58654358
11.045,3223.8,18.3445718,4.58614294
11.046,3223.44,18.3429692,4.5857423
11.047,3223.08,18.3413666,4.58534166
11.048,3222.72,18.3397641,4.58494102
11.049,3222.36,18.3381615,4.58454038
11.05,3222,18.3365589,4.58413974
11.051,3221.64,18.3349564,4.58373909
11.052,3221.28,18.3333538,4.58333845
11.053,3220.92,18.3317512,4.58293781
11.054,3220.56,18.3301487,4.58253717
11.055,3220.2,18.3285461,4.58213653
11.056,3219.84,18.3269436,4.58173589
11.057,3219.48,18.325341,4.58133525
11.058,3219.12,18.3237384,4.58093461
11.059,3218.76,18.3221359,4.58053397
11.06,3218.4,18.3205333,4.58013333
11.061,3218.04,18.3189307,4.57973268
11.062,3217.68,18.3173282,4.57933204
11.063,3217.32,18.3157256,4.5789314
11.064,3216.96,18.314123,4.57853076
11.065,3216.6,18.3125205,4.57813012
11.066,3216.24,18.3109179,4.57772948
11.067,3215.88,18.3093154,4.57732884
11.068,3215.52,18.3077128,4.5769282
11.069,3215.16,18.3061102,4.57652756
11.07,3214.8,18.3045077,4.57612691
11.071,3214.44,18.3029051,4.57572627
11.072,3214.08,18.3013025,4.57532563
11.073,3213.72,18.2997,4.57492499
11.074,3213.36,18.2980974,4.57452435
11.075,3213,18.2964948,4.57412371
11.076,3212.64,18.2948923,4.57372307
11.077,3212.28,18.2932897,4.57332243
11.078,3211.92,18.2916871,4.57292179
11.079,3211.56,18.2900846,4.57252115
11.08,3211.2,18.288482,4.5721205
11.081,3210.84,18.2868795,4.57171986
11.082,3210.48,18.2852769,4.57131922
11.083,3210.12,18.2836743,4.57091858
11.084,3209.76,18.2820718,4.57051794
11.085,3209.4,18.2804692,4.5701173
11.086,3209.04,18.2788666,4.56971666
11.087,3208.68,18.2772641,4.56931602
11.088,3208.32,18.2756615,4.56891538
11.089,3207.96,18.2740589,4.56851474
11.09,3207.6,18.2724564,4.56811409
11.091,3207.24,18.2708538,4.56771345
11.092,3206.88,18.2692512,4.56731281
11.093,3206.52,18.2676487,4.56691217
11.094,3206.16,18.2660461,4.56651153
11.095,3205.8,18.2644436,4.56611089
11.096,3205.44,18.262841,4.56571025
11.097,3205.08,18.2612384,4.56530961
11.098,3204.72,18.2596359,4.56490897
11.099,3204.36,18.2580333,4.56450833
11.1,3204,18.2564307,4.56410768
11.101,3203.64,18.2548282,4.56370704
11.102,3203.28,18.2532256,4.5633064
11.103,3202.92,18.251623,4.56290576
11.104,3202.56,18.2500205,4.56250512
11.105,3202.2,18.2484179,4.56210448
11.106,3201.84,18.2468154,4.56170384
11.107,3201.48,18.2452128,4.5613032
11.108,3201.12,18.2436102,4.56090256
11.109,3200.76,18.2420077,4.56050191
11.11,3200.4,18.2404051,4.56010127
11.111,3200.04,18.2388025,4.55970063
11.112,3199.68,18.2372,4.55929999
11.113,3199.32,18.2355974,4.55889935
11.114,3198.96,18.2339948,4.55849871
11.115,3198.6,18.2323923,4.55809807
11.116,3198.24,18.2307897,4.55769743
11.117,3197.88,18.2291871,4.55729679
11.118,3197.52,18.2275846,4.55689615
11.119,3197.16,18.225982,4.5564955
11.12,3196.8,18.2243795,4.55609486
11.121,3196.44,18.2227769,4.55569422
11.122,3196.08,18.2211743,4.55529358
11.123,3195.72,18.2195718,4.55489294
11.124,3195.36,18.2179692,4.5544923
11.125,3195,18.2163666,4.55409166
11.126,3194.64,18.2147641,4.55369102
11.127,3194.28,18.2131615,4.55329038
11.128,3193.92,18.2115589,4.55288974
11.129,3193.56,18.2099564,4.55248909
11.13,3193.2,18.2083538,4.55208845
11.131,3192.84,18.2067512,4.55168781
11.132,3192.48,18.2051487,4.55128717
11.133,3192.12,18.2035461,4.55088653
11.134,3191.76,18.2019436,4.55048589
11.135,3191.4,18.200341,4.55008525
11.136,3191.04,18.1987384,4.54968461
11.137,3190.68,18.1971359,4.54928397
11.138,3190.32,18.1955333,4.54888333
11.139,3189.96,18.1939307,4.54848268
11.14,3189.6,18.1923282,4.54808204
11.141,3189.24,18.1907256,4.5476814
11.142,3188.88,18.189123,4.54728076
11.143,3188.52,18.1875205,4.54688012
11.144,3188.16,18.1859179,4.54647948
11.145,3187.8,18.1843154,4.54607884
11.146,3187.44,18.1827128,4.5456782
11.147,3187.08,18.1811102,4.54527756
11.148,3186.72,18.1795077,4.54487691
11.149,3186.36,18.1779051,4.54447627
11.15,3186,18.1763025,4.54407563
11.151,3185.64,18.1747,4.54367499
11.152,3185.28,18.1730974,4.54327435
11.153,3184.92,18.1714948,4.54287371
11.154,3184.56,18.1698923,4.54247307
11.155,3184.2,18.1682897,4.54207243
11.156,3183.84,18.1666871,4.54167179
11.157,3183.48,18.1650846,4.54127115
11.158,3183.12,18.163482,4.5408705
11.159,3182.76,18.1618795,4.54046986
11.16,3182.4,18.1602769,4.54006922
11.161,3182.04,18.1586743,4.53966858
11.162,3181.68,18.1570718,4.53926794
11.163,3181.32,18.1554692,4.5388673
11.164,3180.96,18.1538666,4.53846666
11.165,3180.6,18.1522641,4.53806602
11.166,3180.24,18.1506615,4.53766538
11.167,3179.88,18.1490589,4.53726474
11.168,3179.52,18.1474564,4.53686409
11.169,3179.16,18.1458538,4.53646345
11.17,3178.8,18.1442512,4.53606281
11.171,3178.44,18.1426487,4.53566217
11.172,3178.08,18.1410461,4.53526153
11.173,3177.72,18.1394436,4.53486089
11.174,3177.36,18.137841,4.53446025
11.175,3177,18.1362384,4.53405961
11.176,3176.64,18.1346359,4.53365897
11.177,3176.28,18.1330333,4.53325833
11.178,3175.92,18.1314307,4.53285768
11.179,3175.56,18.1298282,4.53245704
11.18,3175.2,18.1282256,4.5320564
11.181,3174.84,18.126623,4.53165576
11.182,3174.48,18.1250205,4.53125512
11.183,3174.12,18.1234179,4.53085448
11.184,3173.76,18.1218154,4.53045384
11.185,3173.4,18.1202128,4.5300532
11.186,3173.04,18.1186102,4.52965256
11.187,3172.68,18.1170077,4.52925191
11.188,3172.32,18.1154051,4.52885127
11.189,3171.96,18.1138025,4.52845063
11.19,3171.6,18.1122,4.52804999
11.191,3171.24,18.1105974,4.52764935
11.192,3170.88,18.1089948,4.52724871
11.193,3170.52,18.1073923,4.52684807
11.194,3170.16,18.1057897,4.52644743
11.195,3169.8,18.1041871,4.52604679
11.196,3169.44,18.1025846,4.52564615
11.197,3169.08,18.100982,4.5252455
11.198,3168.72,18.0993795,4.52484486
11.199,3168.36,18.0977769,4.52444422
11.2,3168,18.0961743,4.52404358
11.201,3167.64,18.0945718,4.52364294
11.202,3167.28,18.0929692,4.5232423
11.203,3166.92,18.0913666,4.52284166
11.204,3166.56,18.0897641,4.52244102
11.205,3166.2,18.0881615,4.52204038
11.206,3165.84,18.0865589,4.52163974
11.207,3165.48,18.0849564,4.52123909
11.208,3165.12,18.0833538,4.52083845
11.209,3164.76,18.0817512,4.52043781
11.21,3164.4,18.0801487,4.52003717
11.211,3164.04,18.0785461,4.51963653
11.212,3163.68,18.0769436,4.51923589
11.213,3163.32,18.075341,4.51883525
11.214,3162.96,18.0737384,4.51843461
11.215,3162.6,18.0721359,4.51803397
11.216,3162.24,18.0705333,4.51763333
11.217,3161.88,18.0689307,4.51723268
11.218,3161.52,18.0673282,4.51683204
11.219,3161.16,18.0657256,4.5164314
11.22,3160.8,18.064123,4.51603076
11.221,3160.44,18.0625205,4.51563012
11.222,3160.08,18.0609179,4.51522948
11.223,3159.72,18.0593154,4.51482884
11.224,3159.36,18.0577128,4.5144282
11.225,3159,18.0561102,4.51402756
11.226,3158.64,18.0545077,4.51362691
11.227,3158.28,18.0529051,4.51322627
11.228,3157.92,18.0513025,4.51282563
11.229,3157.56,18.0497,4.51242499
11.23,3157.2,18.0480974,4.51202435
11.231,3156.84,18.0464948,4.51162371
11.232,3156.48,18.0448923,4.51122307
11.233,3156.12,18.0432897,4.51082243
11.234,3155.76,18.0416871,4.51042179
11.235,3155.4,18.0400846,4.51002115
11.236,3155.04,18.038482,4.5096205
11.237,3154.68,18.0368795,4.50921986
11.238,3154.32,18.0352769,4.50881922
11.239,3153.96,18.0336743,4.50841858
11.24,3153.6,18.0320718,4.50801794
11.241,3153.24,18.0304692,4.5076173
11.242,3152.88,18.0288666,4.50721666
11.243,3152.52,18.0272641,4.50681602
11.244,3152.16,18.0256615,4.50641538
11.245,3151.8,18.0240589,4.50601474
11.246,3151.44,18.0224564,4.50561409
11.247,3151.08,18.0208538,4.50521345
11.248,3150.72,18.0192512,4.50481281
11.249,3150.36,18.0176487,4.50441217
11.25,3150,18.0160461,4.50401153
11.251,3149.64,18.0144436,4.50361089
11.252,3149.28,18.012841,4.50321025
11.253,3148.92,18.0112384,4.50280961
11.254,3148.56,18.0096359,4.50240897
11.255,3148.2,18.0080333,4.50200833
11.256,3147.84,18.0064307,4.50160768
11.257,3147.48,18.0048282,4.50120704
11.258,3147.12,18.0032256,4.5008064
11.259,3146.76,18.001623,4.50040576
11.26,3146.4,18.0000205,4.50000512
11.261,3146.04,17.9984179,4.49960448
11.262,3145.68,17.9968154,4.49920384
11.263,3145.32,17.9952128,4.4988032
11.264,3144.96,17.9936102,4.49840256
11.265,3144.6,17.9920077,4.49800191
11.266,3144.24,17.9904051,4.49760127
11.267,3143.88,17.9888025,4.49720063
11.268,3143.52,17.9872,4.49679999
11.269,3143.16,17.9855974,4.49639935
11.27,3142.8,17.9839948,4.49599871
11.271,3142.44,17.9823923,4.49559807
11.272,3142.08,17.9807897,4.49519743
11.273,3141.72,17.9791871,4.49479679
11.274,3141.36,17.9775846,4.49439615
11.275,3141,17.975982,4.4939955
11.276,3140.64,17.9743795,4.49359486
11.277,3140.28,17.9727769,4.49319422
11.278,3139.92,17.9711743,4.49279358
11.279,3139.56,17.9695718,4.49239294
11.28,3139.2,17.9679692,4.4919923
11.281,3138.84,17.9663666,4.49159166
11.282,3138.48,17.9647641,4.49119102
11.283,3138.12,17.9631615,4.49079038
11.284,3137.76,17.9615589,4.49038974
11.285,3137.4,17.9599564,4.48998909
11.286,3137.04,17.9583538,4.48958845
11.287,3136.68,17.9567512,4.48918781
11.288,3136.32,17.9551487,4.48878717
11.289,3135.96,17.9535461,4.48838653
11.29,3135.6,17.9519436,4.48798589
11.291,3135.24,17.950341,4.48758525
11.292,3134.88,17.9487384,4.48718461
11.293,3134.52,17.9471359,4.48678397
11.294,3134.16,17.9455333,4.48638333
11.295,3133.8,17.9439307,4.48598268
11.296,3133.44,17.9423282,4.48558204
11.297,3133.08,17.9407256,4.4851814
11.298,3132.72,17.939123,4.48478076
11.299,3132.36,17.9375205,4.48438012
11.3,3132,17.9359179,4.48397948
11.301,3131.64,17.9343154,4.48357884
11.302,3131.28,17.9327128,4.4831782
11.303,3130.92,17.9311102,4.48277756
11.304,3130.56,17.9295077,4.48237691
11.305,3130.2,17.9279051,4.48197627
11.306,3129.84,17.9263025,4.48157563
11.307,3129.48,17.9247,4.48117499
11.308,3129.12,17.9230974,4.48077435
11.309,3128.76,17.9214948,4.48037371
11.31,3128.4,17.9198923,4.47997307
11.311,3128.04,17.9182897,4.47957243
11.312,3127.68,17.9166871,4.47917179
11.313,3127.32,17.9150846,4.47877115
11.314,3126.96,17.913482,4.4783705
11.315,3126.6,17.9118795,4.47796986
11.316,3126.24,17.9102769,4.47756922
11.317,3125.88,17.9086743,4.47716858
11.318,3125.52,17.9070718,4.47676794
11.319,3125.16,17.9054692,4.4763673
11.32,3124.8,17.9038666,4.47596666
11.321,3124.44,17.9022641,4.47556602
11.322,3124.08,17.9006615,4.47516538
11.323,3123.72,17.8990589,4.47476474
11.324,3123.36,17.8974564,4.47436409
11.325,3123,17.8958538,4.47396345
11.326,3122.64,17.8942512,4.47356281
11.327,3122.28,17.8926487,4.47316217
11.328,3121.92,17.8910461,4.47276153
11.329,3121.56,17.8894436,4.47236089
11.33,3121.2,17.887841,4.47196025
11.331,3120.84,17.8862384,4.47155961
11.332,3120.48,17.8846359,4.47115897
11.333,3120.12,17.8830333,4.47075833
11.334,3119.76,17.8814307,4.47035768
11.335,3119.4,17.8798282,4.46995704
11.336,3119.04,17.8782256,4.4695564
11.337,3118.68,17.876623,4.46915576
11.338,3118.32,17.8750205,4.46875512
11.339,3117.96,17.8734179,4.46835448
11.34,3117.6,17.8718154,4.46795384
11.341,3117.24,17.8702128,4.4675532
11.342,3116.88,17.8686102,4.46715256
11.343,3116.52,17.8670077,4.46675191
11.344,3116.16,17.8654051,4.46635127
11.345,3115.8,17.8638025,4.46595063
11.346,3115.44,17.8622,4.46554999
11.347,3115.08,17.8605974,4.46514935
11.348,3114.72,17.8589948,4.46474871
11.349,3114.36,17.8573923,4.46434807
11.35,3114,17.8557897,4.46394743
11.351,3113.64,17.8541871,4.46354679
11.352,3113.28,17.8525846,4.46314615
11.353,3112.92,17.850982,4.4627455
11.354,3112.56,17.8493795,4.46234486
11.355,3112.2,17.8477769,4.46194422
11.356,3111.84,17.8461743,4.46154358
11.357,3111.48,17.8445718,4.46114294
11.358,3111.12,17.8429692,4.4607423
11.359,3110.76,17.8413666,4.46034166
11.36,3110.4,17.8397641,4.45994102
11.361,3110.04,17.8381615,4.45954038
11.362,3109.68,17.8365589,4.45913974
11.363,3109.32,17.8349564,4.45873909
11.364,3108.96,17.8333538,4.45833845
11.365,3108.6,17.8317512,4.45793781
11.366,3108.24,17.8301487,4.45753717
11.367,3107.88,17.8285461,4.45713653
11.368,3107.52,17.8269436,4.45673589
11.369,3107.16,17.825341,4.45633525
11.37,3106.8,17.8237384,4.45593461
11.371,3106.44,17.8221359,4.45553397
11.372,3106.08,17.8205333,4.45513333
11.373,3105.72,17.8189307,4.45473268
11.374,3105.36,17.8173282,4.45433204
11.375,3105,17.8157256,4.4539314
11.376,3104.64,17.814123,4.45353076
11.377,3104.28,17.8125205,4.45313012
11.378,3103.92,17.8109179,4.45272948
11.379,3103.56,17.8093154,4.45232884
11.38,3103.2,17.8077128,4.4519282
11.381,3102.84,17.8061102,4.45152756
11.382,3102.48,17.8045077,4.45112691
11.383,3102.12,17.8029051,4.45072627
11.384,3101.76,17.8013025,4.45032563
11.385,3101.4,17.7997,4.44992499
11.386,3101.04,17.7980974,4.44952435
11.387,3100.68,17.7964948,4.44912371
11.388,3100.32,17.7948923,4.44872307
11.389,3099.96,17.7932897,4.44832243
11.39,3099.6,17.7916871,4.44792179
11.391,3099.24,17.7900846,4.44752115
11.392,3098.88,17.788482,4.4471205
11.393,3098.52,17.7868795,4.44671986
11.394,3098.16,17.7852769,4.44631922
11.395,3097.8,17.7836743,4.44591858
11.396,3097.44,17.7820718,4.44551794
11.397,3097.08,17.7804692,4.4451173
11.398,3096.72,17.7788666,4.44471666
11.399,3096.36,17.7772641,4.44431602
11.4,3096,17.7756615,4.44391538
11.401,3095.64,17.7740589,4.44351474
11.402,3095.28,17.7724564,4.44311409
11.403,3094.92,17.7708538,4.44271345
11.404,3094.56,17.7692512,4.44231281
11.405,3094.2,17.7676487,4.44191217
11.406,3093.84,17.7660461,4.44151153
11.407,3093.48,17.7644436,4.44111089
11.408,3093.12,17.762841,4.44071025
11.409,3092.76,17.7612384,4.44030961
11.41,3092.4,17.7596359,4.43990897
11.411,3092.04,17.7580333,4.43950833
11.412,3091.68,17.7564307,4.43910768
11.413,3091.32,17.7548282,4.43870704
11.414,3090.96,17.7532256,4.4383064
11.415,3090.6,17.751623,4.43790576
11.416,3090.24,17.7500205,4.43750512
11.417,3089.88,17.7484179,4.43710448
11.418,3089.52,17.7468154,4.43670384
11.419,3089.16,17.7452128,4.4363032
11.42,3088.8,17.7436102,4.43590256
11.421,3088.44,17.7420077,4.43550191
11.422,3088.08,17.7404051,4.43510127
11.423,3087.72,17.7388025,4.43470063
11.424,3087.36,17.7372,4.43429999
11.425,3087,17.7355974,4.43389935
11.426,3086.64,17.7339948,4.43349871
11.427,3086.28,17.7323923,4.43309807
11.428,3085.92,17.7307897,4.43269743
11.429,3085.56,17.7291871,4.43229679
11.43,3085.2,17.7275846,4.43189615
11.431,3084.84,17.725982,4.4314955
11.432,3084.48,17.7243795,4.43109486
11.433,3084.12,17.7227769,4.43069422
11.434,3083.76,17.7211743,4.43029358
11.435,3083.4,17.7195718,4.42989294
11.436,3083.04,17.7179692,4.4294923
11.437,3082.68,17.7163666,4.42909166
11.438,3082.32,17.7147641,4.42869102
11.439,3081.96,17.7131615,4.42829038
11.44,3081.6,17.7115589,4.42788974
11.441,3081.24,17.7099564,4.42748909
11.442,3080.88,17.7083538,4.42708845
11.443,3080.52,17.7067512,4.42668781
11.444,3080.16,17.7051487,4.42628717
11.445,3079.8,17.7035461,4.42588653
11.446,3079.44,17.7019436,4.42548589
11.447,3079.08,17.700341,4.42508525
11.448,3078.72,17.6987384,4.42468461
11.449,3078.36,17.6971359,4.42428397
11.45,3078,17.6955333,4.42388333
11.451,3077.64,17.6939307,4.42348268
11.452,3077.28,17.6923282,4.42308204
11.453,3076.92,17.6907256,4.4226814
11.454,3076.56,17.689123,4.42228076
11.455,3076.2,17.6875205,4.42188012
11.456,3075.84,17.6859179,4.42147948
11.457,3075.48,17.6843154,4.42107884
11.458,3075.12,17.6827128,4.4206782
11.459,3074.76,17.6811102,4.42027756
11.46,3074.4,17.6795077,4.41987691
11.461,3074.04,17.6779051,4.41947627
11.462,3073.68,17.6763025,4.41907563
11.463,3073.32,17.6747,4.41867499
11.464,3072.96,17.6730974,4.41827435
11.465,3072.6,17.6714948,4.41787371
11.466,3072.24,17.6698923,4.41747307
11.467,3071.88,17.6682897,4.41707243
11.468,3071.52,17.6666871,4.41667179
11.469,3071.16,17.6650846,4.41627115
11.47,3070.8,17.663482,4.4158705
11.471,3070.44,17.6618795,4.41546986
11.472,3070.08,17.6602769,4.41506922
11.473,3069.72,17.6586743,4.41466858
11.474,3069.36,17.6570718,4.41426794
11.475,3069,17.6554692,4.4138673
11.476,3068.64,17.6538666,4.41346666
11.477,3068.28,17.6522641,4.41306602
11.478,3067.92,17.6506615,4.41266538
11.479,3067.56,17.6490589,4.41226474
11.48,3067.2,17.6474564,4.41186409
11.481,3066.84,17.6458538,4.41146345
11.482,3066.48,17.6442512,4.41106281
11.483,3066.12,17.6426487,4.41066217
11.484,3065.76,17.6410461,4.41026153
11.485,3065.4,17.6394436,4.40986089
11.486,3065.04,17.637841,4.40946025
11.487,3064.68,17.6362384,4.40905961
11.488,3064.32,17.6346359,4.40865897
11.489,3063.96,17.6330333,4.40825833
11.49,3063.6,17.6314307,4.40785768
11.491,3063.24,17.6298282,4.40745704
11.492,3062.88,17.6282256,4.4070564
11.493,3062.52,17.626623,4.40665576
11.494,3062.16,17.6250205,4.40625512
11.495,3061.8,17.6234179,4.40585448
11.496,3061.44,17.6218154,4.40545384
11.497,3061.08,17.6202128,4.4050532
11.498,3060.72,17.6186102,4.40465256
11.499,3060.36,17.6170077,4.40425191
11.5,3060,17.6154051,4.40385127
11.501,3059.64,17.6138025,4.40345063
11.502,3059.28,17.6122,4.40304999
11.503,3058.92,17.6105974,4.40264935
11.504,3058.56,17.6089948,4.40224871
11.505,3058.2,17.6073923,4.40184807
11.506,3057.84,17.6057897,4.40144743
11.507,3057.48,17.6041871,4.40104679
11.508,3057.12,17.6025846,4.40064615
11.509,3056.76,17.600982,4.4002455
11.51,3056.4,17.5993795,4.39984486
11.511,3056.04,17.5977769,4.39944422
11.512,3055.68,17.5961743,4.39904358
11.513,3055.32,17.5945718,4.39864294
11.514,3054.96,17.5929692,4.3982423
11.515,3054.6,17.5913666,4.39784166
11.516,3054.24,17.5897641,4.39744102
11.517,3053.88,17.5881615,4.39704038
11.518,3053.52,17.5865589,4.39663974
11.519,3053.16,17.5849564,4.39623909
11.52,3052.8,17.5833538,4.39583845
11.521,3052.44,17.5817512,4.39543781
11.522,3052.08,17.5801487,4.39503717
11.523,3051.72,17.5785461,4.39463653
11.524,3051.36,17.5769436,4.39423589
11.525,3051,17.575341,4.39383525
11.526,3050.64,17.5737384,4.39343461
11.527,3050.28,17.5721359,4.39303397
11.528,3049.92,17.5705333,4.39263333
11.529,3049.56,17.5689307,4.39223268
11.53,3049.2,17.5673282,4.39183204
11.531,3048.84,17.5657256,4.3914314
11.532,3048.48,17.564123,4.39103076
11.533,3048.12,17.5625205,4.39063012
11.534,3047.76,17.5609179,4.39022948
11.535,3047.4,17.5593154,4.38982884
11.536,3047.04,17.5577128,4.3894282
11.537,3046.68,17.5561102,4.38902756
11.538,3046.32,17.5545077,4.38862691
11.539,3045.96,17.5529051,4.38822627
11.54,3045.6,17.5513025,4.38782563
11.541,3045.24,17.5497,4.38742499
11.542,3044.88,17.5480974,4.38702435
11.543,3044.52,17.5464948,4.38662371
11.544,3044.16,17.5448923,4.38622307
11.545,3043.8,17.5432897,4.38582243
11.546,3043.44,17.5416871,4.38542179
11.547,3043.08,17.5400846,4.38502115
11.548,3042.72,17.538482,4.3846205
11.549,3042.36,17.5368795,4.38421986
11.55,3042,17.5352769,4.38381922
11.551,3041.64,17.5336743,4.38341858
11.552,3041.28,17.5320718,4.38301794
11.553,3040.92,17.5304692,4.3826173
11.554,3040.56,17.5288666,4.38221666
11.555,3040.2,17.5272641,4.38181602
11.556,3039.84,17.5256615,4.38141538
11.557,3039.48,17.5240589,4.38101474
11.558,3039.12,17.5224564,4.38061409
11.559,3038.76,17.5208538,4.38021345
11.56,3038.4,17.5192512,4.37981281
11.561,3038.04,17.5176487,4.37941217
11.562,3037.68,17.5160461,4.37901153
11.563,3037.32,17.5144436,4.37861089
11.564,3036.96,17.512841,4.37821025
11.565,3036.6,17.5112384,4.37780961
11.566,3036.24,17.5096359,4.37740897
11.567,3035.88,17.5080333,4.37700833
11.568,3035.52,17.5064307,4.37660768
11.569,3035.16,17.5048282,4.37620704
11.57,3034.8,17.5032256,4.3758064
11.571,3034.44,17.501623,4.37540576
11.572,3034.08,17.5000205,4.37500512
11.573,3033.72,17.4984179,4.37460448
11.574,3033.36,17.4968154,4.37420384
11.575,3033,17.4952128,4.3738032
11.576,3032.64,17.4936102,4.37340256
11.577,3032.28,17.4920077,4.37300191
11.578,3031.92,17.4904051,4.37260127
11.579,3031.56,17.4888025,4.37220063
11.58,3031.2,17.4872,4.37179999
11.581,3030.84,17.4855974,4.37139935
11.582,3030.48,17.4839948,4.37099871
11.583,3030.12,17.4823923,4.37059807
11.584,3029.76,17.4807897,4.37019743
11.585,3029.4,17.4791871,4.36979679
11.586,3029.04,17.4775846,4.36939615
11.587,3028.68,17.475982,4.3689955
11.588,3028.32,17.4743795,4.36859486
11.589,3027.96,17.4727769,4.36819422
11.59,3027.6,17.4711743,4.36779358
11.591,3027.24,17.4695718,4.36739294
11.592,3026.88,17.4679692,4.3669923
11.593,3026.52,17.4663666,4.36659166
11.594,3026.16,17.4647641,4.36619102
11.595,3025.8,17.4631615,4.36579038
11.596,3025.44,17.4615589,4.36538974
11.597,3025.08,17.4599564,4.36498909
11.598,3024.72,17.4583538,4.36458845
11.599,3024.36,17.4567512,4.36418781
11.6,3024,17.4551487,4.36378717
11.601,3023.64,17.4535461,4.36338653
11.602,3023.28,17.4519436,4.36298589
11.603,3022.92,17.450341,4.36258525
11.604,3022.56,17.4487384,4.36218461
11.605,3022.2,17.4471359,4.36178397
11.606,3021.84,17.4455333,4.36138333
11.607,3021.48,17.4439307,4.36098268
11.608,3021.12,17.4423282,4.36058204
11.609,3020.76,17.4407256,4.3601814
11.61,3020.4,17.439123,4.35978076
11.611,3020.04,17.4375205,4.35938012
11.612,3019.68,17.4359179,4.35897948
11.613,3019.32,17.4343154,4.35857884
11.614,3018.96,17.4327128,4.3581782
11.615,3018.6,17.4311102,4.35777756
11.616,3018.24,17.4295077,4.35737691
11.617,3017.88,17.4279051,4.35697627
11.618,3017.52,17.4263025,4.35657563
11.619,3017.16,17.4247,4.35617499
11.62,3016.8,17.4230974,4.35577435
11.621,3016.44,17.4214948,4.35537371
11.622,3016.08,17.4198923,4.35497307
11.623,3015.72,17.4182897,4.35457243
11.624,3015.36,17.4166871,4.35417179
11.625,3015,17.4150846,4.35377115
11.626,3014.64,17.413482,4.3533705
11.627,3014.28,17.4118795,4.35296986
11.628,3013.92,17.4102769,4.35256922
11.629,3013.56,17.4086743,4.35216858
11.63,3013.2,17.4070718,4.35176794
11.631,3012.84,17.4054692,4.3513673
11.632,3012.48,17.4038666,4.35096666
11.633,3012.12,17.4022641,4.35056602
11.634,3011.76,17.4006615,4.35016538
11.635,3011.4,17.3990589,4.34976474
11.636,3011.04,17.3974564,4.34936409
11.637,3010.68,17.3958538,4.34896345
11.638,3010.32,17.3942512,4.34856281
11.639,3009.96,17.3926487,4.34816217
11.64,3009.6,17.3910461,4.34776153
11.641,3009.24,17.3894436,4.34736089
11.642,3008.88,17.387841,4.34696025
11.643,3008.52,17.3862384,4.34655961
11.644,3008.16,17.3846359,4.34615897
11.645,3007.8,17.3830333,4.34575833
11.646,3007.44,17.3814307,4.34535768
11.647,3007.08,17.3798282,4.34495704
11.648,3006.72,17.3782256,4.3445564
11.649,3006.36,17.376623,4.34415576
11.65,3006,17.3750205,4.34375512
11.651,3005.64,17.3734179,4.34335448
11.652,3005.28,17.3718154,4.34295384
11.653,3004.92,17.3702128,4.3425532
11.654,3004.56,17.3686102,4.34215256
11.655,3004.2,17.3670077,4.34175191
11.656,3003.84,17.3654051,4.34135127
11.657,3003.48,17.3638025,4.34095063
11.658,3003.12,17.3622,4.34054999
11.659,3002.76,17.3605974,4.34014935
11.66,3002.4,17.3589948,4.33974871
11.661,3002.04,17.3573923,4.33934807
11.662,3001.68,17.3557897,4.33894743
11.663,3001.32,17.3541871,4.33854679
11.664,3000.96,17.3525846,4.33814615
11.665,3000.6,17.350982,4.3377455
11.666,3000.24,17.3493795,4.33734486
11.667,2999.88,17.3477769,4.33694422
11.668,2999.52,17.3461743,4.33654358
11.669,2999.16,17.3445718,4.33614294
11.67,2998.8,17.3429692,4.3357423
11.671,2998.44,17.3413666,4.33534166
11.672,2998.08,17.3397641,4.33494102
11.673,2997.72,17.3381615,4.33454038
11.674,2997.36,17.3365589,4.33413974
11.675,2997,17.3349564,4.33373909
11.676,2996.64,17.3333538,4.33333845
11.677,2996.28,17.3317512,4.33293781
11.678,2995.92,17.3301487,4.33253717
11.679,2995.56,17.3285461,4.33213653
11.68,2995.2,17.3269436,4.33173589
11.681,2994.84,17.325341,4.33133525
11.682,2994.48,17.3237384,4.33093461
11.683,2994.12,17.3221359,4.33053397
11.684,2993.76,17.3205333,4.33013333
11.685,2993.4,17.3189307,4.32973268
11.686,2993.04,17.3173282,4.32933204
11.687,2992.68,17.3157256,4.3289314
11.688,2992.32,17.314123,4.32853076
11.689,2991.96,17.3125205,4.32813012
11.69,2991.6,17.3109179,4.32772948
11.691,2991.24,17.3093154,4.32732884
11.692,2990.88,17.3077128,4.3269282
11.693,2990.52,17.3061102,4.32652756
11.694,2990.16,17.3045077,4.32612691
11.695,2989.8,17.3029051,4.32572627
11.696,2989.44,17.3013025,4.32532563
11.697,2989.08,17.2997,4.32492499
11.698,2988.72,17.2980974,4.32452435
11.699,2988.36,17.2964948,4.32412371
11.7,2988,17.2948923,4.32372307
11.701,2987.64,17.2932897,4.32332243
11.702,2987.28,17.2916871,4.32292179
11.703,2986.92,17.2900846,4.32252115
11.704,2986.56,17.288482,4.3221205
11.705,2986.2,17.2868795,4.32171986
11.706,2985.84,17.2852769,4.32131922
11.707,2985.48,17.2836743,4.32091858
11.708,2985.12,17.2820718,4.32051794
11.709,2984.76,17.2804692,4.3201173
11.71,2984.4,17.2788666,4.31971666
11.711,2984.04,17.2772641,4.31931602
11.712,2983.68,17.2756615,4.31891538
11.713,2983.32,17.2740589,4.31851474
11.714,2982.96,17.2724564,4.31811409
11.715,2982.6,17.2708538,4.31771345
11.716,2982.24,17.2692512,4.31731281
11.717,2981.88,17.2676487,4.31691217
11.718,2981.52,17.2660461,4.31651153
11.719,2981.16,17.2644436,4.31611089
11.72,2980.8,17.262841,4.31571025
11.721,2980.44,17.2612384,4.31530961
11.722,2980.08,17.2596359,4.31490897
11.723,2979.72,17.2580333,4.31450833
11.724,2979.36,17.2564307,4.31410768
11.725,2979,17.2548282,4.31370704
11.726,2978.64,17.2532256,4.3133064
11.727,2978.28,17.251623,4.31290576
11.728,2977.92,17.2500205,4.31250512
11.729,2977.56,17.2484179,4.31210448
11.73,2977.2,17.2468154,4.31170384
11.731,2976.84,17.2452128,4.3113032
11.732,2976.48,17.2436102,4.31090256
11.733,2976.12,17.2420077,4.31050191
11.734,2975.76,17.2404051,4.31010127
11.735,2975.4,17.2388025,4.30970063
11.736,2975.04,17.2372,4.30929999
11.737,2974.68,17.2355974,4.30889935
11.738,2974.32,17.2339948,4.30849871
11.739,2973.96,17.2323923,4.30809807
11.74,2973.6,17.2307897,4.30769743
11.741,2973.24,17.2291871,4.30729679
11.742,2972.88,17.2275846,4.30689615
11.743,2972.52,17.225982,4.3064955
11.744,2972.16,17.2243795,4.30609486
11.745,2971.8,17.2227769,4.30569422
11.746,2971.44,17.2211743,4.30529358
11.747,2971.08,17.2195718,4.30489294
11.748,2970.72,17.2179692,4.3044923
11.749,2970.36,17.2163666,4.30409166
11.75,2970,17.2147641,4.30369102
11.751,2969.64,17.2131615,4.30329038
11.752,2969.28,17.2115589,4.30288974
11.753,2968.92,17.2099564,4.30248909
11.754,2968.56,17.2083538,4.30208845
11.755,2968.2,17.2067512,4.30168781
11.756,2967.84,17.2051487,4.30128717
11.757,2967.48,17.2035461,4.30088653
11.758,2967.12,17.2019436,4.30048589
11.759,2966.76,17.200341,4.30008525
11.76,2966.4,17.1987384,4.29968461
11.761,2966.04,17.1971359,4.29928397
11.762,2965.68,17.1955333,4.29888333
11.763,2965.32,17.1939307,4.29848268
11.764,2964.96,17.1923282,4.29808204
11.765,2964.6,17.1907256,4.2976814
11.766,2964.24,17.189123,4.29728076
11.767,2963.88,17.1875205,4.29688012
11.768,2963.52,17.1859179,4.29647948
11.769,2963.16,17.1843154,4.29607884
11.77,2962.8,17.1827128,4.2956782
11.771,2962.44,17.1811102,4.29527756
11.772,2962.08,17.1795077,4.29487691
11.773,2961.72,17.1779051,4.29447627
11.774,2961.36,17.1763025,4.29407563
11.775,2961,17.1747,4.29367499
11.776,2960.64,17.1730974,4.29327435
11.777,2960.28,17.1714948,4.29287371
11.778,2959.92,17.1698923,4.29247307
11.779,2959.56,17.1682897,4.29207243
11.78,2959.2,17.1666871,4.29167179
11.781,2958.84,17.1650846,4.29127115
11.782,2958.48,17.163482,4.2908705
11.783,2958.12,17.1618795,4.29046986
11.784,2957.76,17.1602769,4.29006922
11.785,2957.4,17.1586743,4.28966858
11.786,2957.04,17.1570718,4.28926794
11.787,2956.68,17.1554692,4.2888673
11.788,2956.32,17.1538666,4.28846666
11.789,2955.96,17.1522641,4.28806602
11.79,2955.6,17.1506615,4.28766538
11.791,2955.24,17.1490589,4.28726474
11.792,2954.88,17.1474564,4.28686409
11.793,2954.52,17.1458538,4.28646345
11.794,2954.16,17.1442512,4.28606281
11.795,2953.8,17.1426487,4.28566217
11.796,2953.44,17.1410461,4.28526153
11.797,2953.08,17.1394436,4.28486089
11.798,2952.72,17.137841,4.28446025
11.799,2952.36,17.1362384,4.28405961
11.8,2952,17.1346359,4.28365897
11.801,2951.64,17.1330333,4.28325833
11.802,2951.28,17.1314307,4.28285768
11.803,2950.92,17.1298282,4.28245704
11.804,2950.56,17.1282256,4.2820564
11.805,2950.2,17.126623,4.28165576
11.806,2949.84,17.1250205,4.28125512
11.807,2949.48,17.1234179,4.28085448
11.808,2949.12,17.1218154,4.28045384
11.809,2948.76,17.1202128,4.2800532
11.81,2948.4,17.1186102,4.27965256
11.811,2948.04,17.1170077,4.27925191
11.812,2947.68,17.1154051,4.27885127
11.813,2947.32,17.1138025,4.27845063
11.814,2946.96,17.1122,4.27804999
11.815,2946.6,17.1105974,4.27764935
11.816,2946.24,17.1089948,4.27724871
11.817,2945.88,17.1073923,4.27684807
11.818,2945.52,17.1057897,4.27644743
11.819,2945.16,17.1041871,4.27604679
11.82,2944.8,17.1025846,4.27564615
11.821,2944.44,17.100982,4.2752455
11.822,2944.08,17.0993795,4.27484486
11.823,2943.72,17.0977769,4.27444422
11.824,2943.36,17.0961743,4.27404358
11.825,2943,17.0945718,4.27364294
11.826,2942.64,17.0929692,4.2732423
11.827,2942.28,17.0913666,4.27284166
11.828,2941.92,17.0897641,4.27244102
11.829,2941.56,17.0881615,4.27204038
11.83,2941.2,17.0865589,4.27163974
11.831,2940.84,17.0849564,4.27123909
11.832,2940.48,17.0833538,4.27083845
11.833,2940.12,17.0817512,4.27043781
11.834,2939.76,17.0801487,4.27003717
11.835,2939.4,17.0785461,4.26963653
11.836,2939.04,17.0769436,4.26923589
11.837,2938.68,17.075341,4.26883525
11.838,2938.32,17.0737384,4.26843461
11.839,2937.96,17.0721359,4.26803397
11.84,2937.6,17.0705333,4.26763333
11.841,2937.24,17.0689307,4.26723268
11.842,2936.88,17.0673282,4.26683204
11.843,2936.52,17.0657256,4.2664314
11.844,2936.16,17.064123,4.26603076
11.845,2935.8,17.0625205,4.26563012
11.846,2935.44,17.0609179,4.26522948
11.847,2935.08,17.0593154,4.26482884
11.848,2934.72,17.0577128,4.2644282
11.849,2934.36,17.0561102,4.26402756
11.85,2934,17.0545077,4.26362691
11.851,2933.64,17.0529051,4.26322627
11.852,2933.28,17.0513025,4.26282563
11.853,2932.92,17.0497,4.26242499
11.854,2932.56,17.0480974,4.26202435
11.855,2932.2,17.0464948,4.26162371
11.856,2931.84,17.0448923,4.26122307
11.857,2931.48,17.0432897,4.26082243
11.858,2931.12,17.0416871,4.26042179
11.859,2930.76,17.0400846,4.26002115
11.86,2930.4,17.038482,4.2596205
11.861,2930.04,17.0368795,4.25921986
11.862,2929.68,17.0352769,4.25881922
11.863,2929.32,17.0336743,4.25841858
11.864,2928.96,17.0320718,4.25801794
11.865,2928.6,17.0304692,4.2576173
11.866,2928.24,17.0288666,4.25721666
11.867,2927.88,17.0272641,4.25681602
11.868,2927.52,17.0256615,4.25641538
11.869,2927.16,17.0240589,4.25601474
11.87,2926.8,17.0224564,4.25561409
11.871,2926.44,17.0208538,4.25521345
11.872,2926.08,17.0192512,4.25481281
11.873,2925.72,17.0176487,4.25441217
11.874,2925.36,17.0160461,4.25401153
11.875,2925,17.0144436,4.25361089
11.876,2924.64,17.012841,4.25321025
11.877,2924.28,17.0112384,4.25280961
11.878,2923.92,17.0096359,4.25240897
11.879,2923.56,17.0080333,4.25200833
11.88,2923.2,17.0064307,4.25160768
11.881,2922.84,17.0048282,4.25120704
11.882,2922.48,17.0032256,4.2508064
11.883,2922.12,17.001623,4.25040576
11.884,2921.76,17.0000205,4.25000512
11.885,2921.4,16.9984179,4.24960448
11.886,2921.04,16.9968154,4.24920384
11.887,2920.68,16.9952128,4.2488032
11.888,2920.32,16.9936102,4.24840256
11.889,2919.96,16.9920077,4.24800191
11.89,2919.6,16.9904051,4.24760127
11.891,2919.24,16.9888025,4.24720063
11.892,2918.88,16.9872,4.24679999
11.893,2918.52,16.9855974,4.24639935
11.894,2918.16,16.9839948,4.24599871
11.895,2917.8,16.9823923,4.24559807
11.896,2917.44,16.9807897,4.24519743
11.897,2917.08,16.9791871,4.24479679
11.898,2916.72,16.9775846,4.24439615
11.899,2916.36,16.975982,4.2439955
11.9,2916,16.9743795,4.24359486
11.901,2915.64,16.9727769,4.24319422
11.902,2915.28,16.9711743,4.24279358
11.903,2914.92,16.9695718,4.24239294
11.904,2914.56,16.9679692,4.2419923
11.905,2914.2,16.9663666,4.24159166
11.906,2913.84,16.9647641,4.24119102
11.907,2913.48,16.9631615,4.24079038
11.908,2913.12,16.9615589,4.24038974
11.909,2912.76,16.9599564,4.23998909
11.91,2912.4,16.9583538,4.23958845
11.911,2912.04,16.9567512,4.23918781
11.912,2911.68,16.9551487,4.23878717
11.913,2911.32,16.9535461,4.23838653
11.914,2910.96,16.9519436,4.23798589
11.915,2910.6,16.950341,4.23758525
11.916,2910.24,16.9487384,4.23718461
11.917,2909.88,16.9471359,4.23678397
11.918,2909.52,16.9455333,4.23638333
11.919,2909.16,16.9439307,4.23598268
11.92,2908.8,16.9423282,4.23558204
11.921,2908.44,16.9407256,4.2351814
11.922,2908.08,16.939123,4.23478076
11.923,2907.72,16.9375205,4.23438012
11.924,2907.36,16.9359179,4.23397948
11.925,2907,16.9343154,4.23357884
11.926,2906.64,16.9327128,4.2331782
11.927,2906.28,16.9311102,4.23277756
11.928,2905.92,16.9295077,4.23237691
11.929,2905.56,16.9279051,4.23197627
11.93,2905.2,16.9263025,4.23157563
11.931,2904.84,16.9247,4.23117499
11.932,2904.48,16.9230974,4.23077435
11.933,2904.12,16.9214948,4.23037371
11.934,2903.76,16.9198923,4.22997307
11.935,2903.4,16.9182897,4.22957243
11.936,2903.04,16.9166871,4.22917179
11.937,2902.68,16.9150846,4.22877115
11.938,2902.32,16.913482,4.2283705
11.939,2901.96,16.9118795,4.22796986
11.94,2901.6,16.9102769,4.22756922
11.941,2901.24,16.9086743,4.22716858
11.942,2900.88,16.9070718,4.22676794
11.943,2900.52,16.9054692,4.2263673
11.944,2900.16,16.9038666,4.22596666
11.945,2899.8,16.9022641,4.22556602
11.946,2899.44,16.9006615,4.22516538
11.947,2899.08,16.8990589,4.22476474
11.948,2898.72,16.8974564,4.22436409
11.949,2898.36,16.8958538,4.22396345
11.95,2898,16.8942512,4.22356281
11.951,2897.64,16.8926487,4.22316217
11.952,2897.28,16.8910461,4.22276153
11.953,2896.92,16.8894436,4.22236089
11.954,2896.56,16.887841,4.22196025
11.955,2896.2,16.8862384,4.22155961
11.956,2895.84,16.8846359,4.22115897
11.957,2895.48,16.8830333,4.22075833
11.958,2895.12,16.8814307,4.22035768
11.959,2894.76,16.8798282,4.21995704
11.96,2894.4,16.8782256,4.2195564
11.961,2894.04,16.876623,4.21915576
11.962,2893.68,16.8750205,4.21875512
11.963,2893.32,16.8734179,4.21835448
11.964,2892.96,16.8718154,4.21795384
11.965,2892.6,16.8702128,4.2175532
11.966,2892.24,16.8686102,4.21715256
11.967,2891.88,16.8670077,4.21675191
11.968,2891.52,16.8654051,4.21635127
11.969,2891.16,16.8638025,4.21595063
11.97,2890.8,16.8622,4.21554999
11.971,2890.44,16.8605974,4.21514935
11.972,2890.08,16.8589948,4.21474871
11.973,2889.72,16.8573923,4.21434807
11.974,2889.36,16.8557897,4.21394743
11.975,2889,16.8541871,4.21354679
11.976,2888.64,16.8525846,4.21314615
11.977,2888.28,16.850982,4.2127455
11.978,2887.92,16.8493795,4.21234486
11.979,2887.56,16.8477769,4.21194422
11.98,2887.2,16.8461743,4.21154358
11.981,2886.84,16.8445718,4.21114294
11.982,2886.48,16.8429692,4.2107423
11.983,2886.12,16.8413666,4.21034166
11.984,2885.76,16.8397641,4.20994102
11.985,2885.4,16.8381615,4.20954038
11.986,2885.04,16.8365589,4.20913974
11.987,2884.68,16.8349564,4.20873909
11.988,2884.32,16.8333538,4.20833845
11.989,2883.96,16.8317512,4.20793781
11.99,2883.6,16.8301487,4.20753717
11.991,2883.24,16.8285461,4.20713653
11.992,2882.88,16.8269436,4.20673589
11.993,2882.52,16.825341,4.20633525
11.994,2882.16,16.8237384,4.20593461
11.995,2881.8,16.8221359,4.20553397
11.996,2881.44,16.8205333,4.20513333
11.997,2881.08,16.8189307,4.20473268
11.998,2880.72,16.8173282,4.20433204
11.999,2880.36,16.8157256,4.2039314
12,2880,16.814123,4.20353076
12.001,2879.64,16.8125205,4.20313012
12.002,2879.28,16.8109179,4.20272948
12.003,2878.92,16.8093154,4.20232884
12.004,2878.56,16.8077128,4.2019282
12.005,2878.2,16.8061102,4.20152756
12.006,2877.84,16.8045077,4.20112691
12.007,2877.48,16.8029051,4.20072627
12.008,2877.12,16.8013025,4.20032563
12.009,2876.76,16.7997,4.19992499
12.01,2876.4,16.7980974,4.19952435
12.011,2876.04,16.7964948,4.19912371
12.012,2875.68,16.7948923,4.19872307
12.013,2875.32,16.7932897,4.19832243
12.014,2874.96,16.7916871,4.19792179
12.015,2874.6,16.7900846,4.19752115
12.016,2874.24,16.788482,4.1971205
12.017,2873.88,16.7868795,4.19671986
12.018,2873.52,16.7852769,4.19631922
12.019,2873.16,16.7836743,4.19591858
12.02,2872.8,16.7820718,4.19551794
12.021,2872.44,16.7804692,4.1951173
12.022,2872.08,16.7788666,4.19471666
12.023,2871.72,16.7772641,4.19431602
12.024,2871.36,16.7756615,4.19391538
12.025,2871,16.7740589,4.19351474
12.026,2870.64,16.7724564,4.19311409
12.027,2870.28,16.7708538,4.19271345
12.028,2869.92,16.7692512,4.19231281
12.029,2869.56,16.7676487,4.19191217
12.03,2869.2,16.7660461,4.19151153
12.031,2868.84,16.7644436,4.19111089
12.032,2868.48,16.762841,4.19071025
12.033,2868.12,16.7612384,4.19030961
12.034,2867.76,16.7596359,4.18990897
12.035,2867.4,16.7580333,4.18950833
12.036,2867.04,16.7564307,4.18910768
12.037,2866.68,16.7548282,4.18870704
12.038,2866.32,16.7532256,4.1883064
12.039,2865.96,16.751623,4.18790576
12.04,2865.6,16.7500205,4.18750512
12.041,2865.24,16.7484179,4.18710448
12.042,2864.88,16.7468154,4.18670384
12.043,2864.52,16.7452128,4.1863032
12.044,2864.16,16.7436102,4.18590256
12.045,2863.8,16.7420077,4.18550191
12.046,2863.44,16.7404051,4.18510127
12.047,2863.08,16.7388025,4.18470063
12.048,2862.72,16.7372,4.18429999
12.049,2862.36,16.7355974,4.18389935
12.05,2862,16.7339948,4.18349871
12.051,2861.64,16.7323923,4.18309807
12.052,2861.28,16.7307897,4.18269743
12.053,2860.92,16.7291871,4.18229679
12.054,2860.56,16.7275846,4.18189615
12.055,2860.2,16.725982,4.1814955
12.056,2859.84,16.7243795,4.18109486
12.057,2859.48,16.7227769,4.18069422
12.058,2859.12,16.7211743,4.18029358
12.059,2858.76,16.7195718,4.17989294
12.06,2858.4,16.7179692,4.1794923
12.061,2858.04,16.7163666,4.17909166
12.062,2857.68,16.7147641,4.17869102
12.063,2857.32,16.7131615,4.17829038
12.064,2856.96,16.7115589,4.17788974
12.065,2856.6,16.7099564,4.17748909
12.066,2856.24,16.7083538,4.17708845
12.067,2855.88,16.7067512,4.17668781
12.068,2855.52,16.7051487,4.17628717
12.069,2855.16,16.7035461,4.17588653
12.07,2854.8,16.7019436,4.17548589
12.071,2854.44,16.700341,4.17508525
12.072,2854.08,16.6987384,4.17468461
12.073,2853.72,16.6971359,4.17428397
12.074,2853.36,16.6955333,4.17388333
12.075,2853,16.6939307,4.17348268
12.076,2852.64,16.6923282,4.17308204
12.077,2852.28,16.6907256,4.1726814
12.078,2851.92,16.689123,4.17228076
12.079,2851.56,16.6875205,4.17188012
12.08,2851.2,16.6859179,4.17147948
12.081,2850.84,16.6843154,4.17107884
12.082,2850.48,16.6827128,4.1706782
12.083,2850.12,16.6811102,4.17027756
12.084,2849.76,16.6795077,4.16987691
12.085,2849.4,16.6779051,4.16947627
12.086,2849.04,16.6763025,4.16907563
12.087,2848.68,16.6747,4.16867499
12.088,2848.32,16.6730974,4.16827435
12.089,2847.96,16.6714948,4.16787371
12.09,2847.6,16.6698923,4.16747307
12.091,2847.24,16.6682897,4.16707243
12.092,2846.88,16.6666871,4.16667179
12.093,2846.52,16.6650846,4.16627115
12.094,2846.16,16.663482,4.1658705
12.095,2845.8,16.6618795,4.16546986
12.096,2845.44,16.6602769,4.16506922
12.097,2845.08,16.6586743,4.16466858
12.098,2844.72,16.6570718,4.16426794
12.099,2844.36,16.6554692,4.1638673
12.1,2844,16.6538666,4.16346666
12.101,2843.64,16.6522641,4.16306602
12.102,2843.28,16.6506615,4.16266538
12.103,2842.92,16.6490589,4.16226474
12.104,2842.56,16.6474564,4.16186409
12.105,2842.2,16.6458538,4.16146345
12.106,2841.84,16.6442512,4.16106281
12.107,2841.48,16.6426487,4.16066217
12.108,2841.12,16.6410461,4.16026153
12.109,2840.76,16.6394436,4.15986089
12.11,2840.4,16.637841,4.15946025
12.111,2840.04,16.6362384,4.15905961
12.112,2839.68,16.6346359,4.15865897
12.113,2839.32,16.6330333,4.15825833
12.114,2838.96,16.6314307,4.15785768
12.115,2838.6,16.6298282,4.15745704
12.116,2838.24,16.6282256,4.1570564
12.117,2837.88,16.626623,4.15665576
12.118,2837.52,16.6250205,4.15625512
12.119,2837.16,16.6234179,4.15585448
12.12,2836.8,16.6218154,4.15545384
12.121,2836.44,16.6202128,4.1550532
12.122,2836.08,16.6186102,4.15465256
12.123,2835.72,16.6170077,4.15425191
12.124,2835.36,16.6154051,4.15385127
12.125,2835,16.6138025,4.15345063
12.126,2834.64,16.6122,4.15304999
12.127,2834.28,16.6105974,4.15264935
12.128,2833.92,16.6089948,4.15224871
12.129,2833.56,16.6073923,4.15184807
12.13,2833.2,16.6057897,4.15144743
12.131,2832.84,16.6041871,4.15104679
12.132,2832.48,16.6025846,4.15064615
12.133,2832.12,16.600982,4.1502455
12.134,2831.76,16.5993795,4.14984486
12.135,2831.4,16.5977769,4.14944422
12.136,2831.04,16.5961743,4.14904358
12.137,2830.68,16.5945718,4.14864294
12.138,2830.32,16.5929692,4.1482423
12.139,2829.96,16.5913666,4.14784166
12.14,2829.6,16.5897641,4.14744102
12.141,2829.24,16.5881615,4.14704038
12.142,2828.88,16.5865589,4.14663974
12.143,2828.52,16.5849564,4.14623909
12.144,2828.16,16.5833538,4.14583845
12.145,2827.8,16.5817512,4.14543781
12.146,2827.44,16.5801487,4.14503717
12.147,2827.08,16.5785461,4.14463653
12.148,2826.72,16.5769436,4.14423589
12.149,2826.36,16.575341,4.14383525
12.15,2826,16.5737384,4.14343461
12.151,2825.64,16.5721359,4.14303397
12.152,2825.28,16.5705333,4.14263333
12.153,2824.92,16.5689307,4.14223268
12.154,2824.56,16.5673282,4.14183204
12.155,2824.2,16.5657256,4.1414314
12.156,2823.84,16.564123,4.14103076
12.157,2823.48,16.5625205,4.14063012
12.158,2823.12,16.5609179,4.14022948
12.159,2822.76,16.5593154,4.13982884
12.16,2822.4,16.5577128,4.1394282
12.161,2822.04,16.5561102,4.13902756
12.162,2821.68,16.5545077,4.13862691
12.163,2821.32,16.5529051,4.13822627
12.164,2820.96,16.5513025,4.13782563
12.165,2820.6,16.5497,4.13742499
12.166,2820.24,16.5480974,4.13702435
12.167,2819.88,16.5464948,4.13662371
12.168,2819.52,16.5448923,4.13622307
12.169,2819.16,16.5432897,4.13582243
12.17,2818.8,16.5416871,4.13542179
12.171,2818.44,16.5400846,4.13502115
12.172,2818.08,16.538482,4.1346205
12.173,2817.72,16.5368795,4.13421986
12.174,2817.36,16.5352769,4.13381922
12.175,2817,16.5336743,4.13341858
12.176,2816.64,16.5320718,4.13301794
12.177,2816.28,16.5304692,4.1326173
12.178,2815.92,16.5288666,4.13221666
12.179,2815.56,16.5272641,4.13181602
12.18,2815.2,16.5256615,4.13141538
12.181,2814.84,16.5240589,4.13101474
12.182,2814.48,16.5224564,4.13061409
12.183,2814.12,16.5208538,4.13021345
12.184,2813.76,16.5192512,4.12981281
12.185,2813.4,16.5176487,4.12941217
12.186,2813.04,16.5160461,4.12901153
12.187,2812.68,16.5144436,4.12861089
12.188,2812.32,16.512841,4.12821025
12.189,2811.96,16.5112384,4.12780961
12.19,2811.6,16.5096359,4.12740897
12.191,2811.24,16.5080333,4.12700833
12.192,2810.88,16.5064307,4.12660768
12.193,2810.52,16.5048282,4.12620704
12.194,2810.16,16.5032256,4.1258064
12.195,2809.8,16.501623,4.12540576
12.196,2809.44,16.5000205,4.12500512
12.197,2809.08,16.4984179,4.12460448
12.198,2808.72,16.4968154,4.12420384
12.199,2808.36,16.4952128,4.1238032
12.2,2808,16.4936102,4.12340256
12.201,2807.64,16.4920077,4.12300191
12.202,2807.28,16.4904051,4.12260127
12.203,2806.92,16.4888025,4.12220063
12.204,2806.56,16.4872,4.12179999
12.205,2806.2,16.4855974,4.12139935
12.206,2805.84,16.4839948,4.12099871
12.207,2805.48,16.4823923,4.12059807
12.208,2805.12,16.4807897,4.12019743
12.209,2804.76,16.4791871,4.11979679
12.21,2804.4,16.4775846,4.11939615
12.211,2804.04,16.475982,4.1189955
12.212,2803.68,16.4743795,4.11859486
12.213,2803.32,16.4727769,4.11819422
12.214,2802.96,16.4711743,4.11779358
12.215,2802.6,16.4695718,4.11739294
12.216,2802.24,16.4679692,4.1169923
12.217,2801.88,16.4663666,4.11659166
12.218,2801.52,16.4647641,4.11619102
12.219,2801.16,16.4631615,4.11579038
12.22,2800.8,16.4615589,4.11538974
12.221,2800.44,16.4599564,4.11498909
12.222,2800.08,16.4583538,4.11458845
12.223,2799.72,16.4567512,4.11418781
12.224,2799.36,16.4551487,4.11378717
12.225,2799,16.4535461,4.11338653
12.226,2798.64,16.4519436,4.11298589
12.227,2798.28,16.450341,4.11258525
12.228,2797.92,16.4487384,4.11218461
12.229,2797.56,16.4471359,4.11178397
12.23,2797.2,16.4455333,4.11138333
12.231,2796.84,16.4439307,4.11098268
12.232,2796.48,16.4423282,4.11058204
12.233,2796.12,16.4407256,4.1101814
12.234,2795.76,16.439123,4.10978076
12.235,2795.4,16.4375205,4.10938012
12.236,2795.04,16.4359179,4.10897948
12.237,2794.68,16.4343154,4.10857884
12.238,2794.32,16.4327128,4.1081782
12.239,2793.96,16.4311102,4.10777756
12.24,2793.6,16.4295077,4.10737691
12.241,2793.24,16.4279051,4.10697627
12.242,2792.88,16.4263025,4.10657563
12.243,2792.52,16.4247,4.10617499
12.244,2792.16,16.4230974,4.10577435
12.245,2791.8,16.4214948,4.10537371
12.246,2791.44,16.4198923,4.10497307
12.247,2791.08,16.4182897,4.10457243
12.248,2790.72,16.4166871,4.10417179
12.249,2790.36,16.4150846,4.10377115
12.25,2790,16.413482,4.1033705
12.251,2789.64,16.4118795,4.10296986
12.252,2789.28,16.4102769,4.10256922
12.253,2788.92,16.4086743,4.10216858
12.254,2788.56,16.4070718,4.10176794
12.255,2788.2,16.4054692,4.1013673
12.256,2787.84,16.4038666,4.10096666
12.257,2787.48,16.4022641,4.10056602
12.258,2787.12,16.4006615,4.10016538
12.259,2786.76,16.3990589,4.09976474
12.26,2786.4,16.3974564,4.09936409
12.261,2786.04,16.3958538,4.09896345
12.262,2785.68,16.3942512,4.09856281
12.263,2785.32,16.3926487,4.09816217
12.264,2784.96,16.3910461,4.09776153
12.265,2784.6,16.3894436,4.09736089
12.266,2784.24,16.387841,4.09696025
12.267,2783.88,16.3862384,4.09655961
12.268,2783.52,16.3846359,4.09615897
12.269,2783.16,16.3830333,4.09575833
12.27,2782.8,16.3814307,4.09535768
12.271,2782.44,16.3798282,4.09495704
12.272,2782.08,16.3782256,4.0945564
12.273,2781.72,16.376623,4.09415576
12.274,2781.36,16.3750205,4.09375512
12.275,2781,16.3734179,4.09335448
12.276,2780.64,16.3718154,4.09295384
12.277,2780.28,16.3702128,4.0925532
12.278,2779.92,16.3686102,4.09215256
12.279,2779.56,16.3670077,4.09175191
12.28,2779.2,16.3654051,4.09135127
12.281,2778.84,16.3638025,4.09095063
12.282,2778.48,16.3622,4.09054999
12.283,2778.12,16.3605974,4.09014935
12.284,2777.76,16.3589948,4.08974871
12.285,2777.4,16.3573923,4.08934807
12.286,2777.04,16.3557897,4.08894743
12.287,2776.68,16.3541871,4.08854679
12.288,2776.32,16.3525846,4.08814615
12.289,2775.96,16.350982,4.0877455
12.29,2775.6,16.3493795,4.08734486
12.291,2775.24,16.3477769,4.08694422
12.292,2774.88,16.3461743,4.08654358
12.293,2774.52,16.3445718,4.08614294
12.294,2774.16,16.3429692,4.0857423
12.295,2773.8,16.3413666,4.08534166
12.296,2773.44,16.3397641,4.08494102
12.297,2773.08,16.3381615,4.08454038
12.298,2772.72,16.3365589,4.08413974
12.299,2772.36,16.3349564,4.08373909
12.3,2772,16.3333538,4.08333845
12.301,2771.64,16.3317512,4.08293781
12.302,2771.28,16.3301487,4.08253717
12.303,2770.92,16.3285461,4.08213653
12.304,2770.56,16.3269436,4.08173589
12.305,2770.2,16.325341,4.08133525
12.306,2769.84,16.3237384,4.08093461
12.307,2769.48,16.3221359,4.08053397
12.308,2769.12,16.3205333,4.08013333
12.309,2768.76,16.3189307,4.07973268
12.31,2768.4,16.3173282,4.07933204
12.311,2768.04,16.3157256,4.0789314
12.312,2767.68,16.314123,4.07853076
12.313,2767.32,16.3125205,4.07813012
12.314,2766.96,16.3109179,4.07772948
12.315,2766.6,16.3093154,4.07732884
12.316,2766.24,16.3077128,4.0769282
12.317,2765.88,16.3061102,4.07652756
12.318,2765.52,16.3045077,4.07612691
12.319,2765.16,16.3029051,4.07572627
12.32,2764.8,16.3013025,4.07532563
12.321,2764.44,16.2997,4.07492499
12.322,2764.08,16.2980974,4.07452435
12.323,2763.72,16.2964948,4.07412371
12.324,2763.36,16.2948923,4.07372307
12.325,2763,16.2932897,4.07332243
12.326,2762.64,16.2916871,4.07292179
12.327,2762.28,16.2900846,4.07252115
12.328,2761.92,16.288482,4.0721205
12.329,2761.56,16.2868795,4.07171986
12.33,2761.2,16.2852769,4.07131922
12.331,2760.84,16.2836743,4.07091858
12.332,2760.48,16.2820718,4.07051794
12.333,2760.12,16.2804692,4.0701173
12.334,2759.76,16.2788666,4.06971666
12.335,2759.4,16.2772641,4.06931602
12.336,2759.04,16.2756615,4.06891538
12.337,2758.68,16.2740589,4.06851474
12.338,2758.32,16.2724564,4.06811409
12.339,2757.96,16.2708538,4.06771345
12.34,2757.6,16.2692512,4.06731281
12.341,2757.24,16.2676487,4.06691217
12.342,2756.88,16.2660461,4.06651153
12.343,2756.52,16.2644436,4.06611089
12.344,2756.16,16.262841,4.06571025
12.345,2755.8,16.2612384,4.06530961
12.346,2755.44,16.2596359,4.06490897
12.347,2755.08,16.2580333,4.06450833
12.348,2754.72,16.2564307,4.06410768
12.349,2754.36,16.2548282,4.06370704
12.35,2754,16.2532256,4.0633064
12.351,2753.64,16.251623,4.06290576
12.352,2753.28,16.2500205,4.06250512
12.353,2752.92,16.2484179,4.06210448
12.354,2752.56,16.2468154,4.06170384
12.355,2752.2,16.2452128,4.0613032
12.356,2751.84,16.2436102,4.06090256
12.357,2751.48,16.2420077,4.06050191
12.358,2751.12,16.2404051,4.06010127
12.359,2750.76,16.2388025,4.05970063
12.36,2750.4,16.2372,4.05929999
12.361,2750.04,16.2355974,4.05889935
12.362,2749.68,16.2339948,4.05849871
12.363,2749.32,16.2323923,4.05809807
12.364,2748.96,16.2307897,4.05769743
12.365,2748.6,16.2291871,4.05729679
12.366,2748.24,16.2275846,4.05689615
12.367,2747.88,16.225982,4.0564955
12.368,2747.52,16.2243795,4.05609486
12.369,2747.16,16.2227769,4.05569422
12.37,2746.8,16.2211743,4.05529358
12.371,2746.44,16.2195718,4.05489294
12.372,2746.08,16.2179692,4.0544923
12.373,2745.72,16.2163666,4.05409166
12.374,2745.36,16.2147641,4.05369102
12.375,2745,16.2131615,4.05329038
12.376,2744.64,16.2115589,4.05288974
12.377,2744.28,16.2099564,4.05248909
12.378,2743.92,16.2083538,4.05208845
12.379,2743.56,16.2067512,4.05168781
12.38,2743.2,16.2051487,4.05128717
12.381,2742.84,16.2035461,4.05088653
12.382,2742.48,16.2019436,4.05048589
12.383,2742.12,16.200341,4.05008525
12.384,2741.76,16.1987384,4.04968461
12.385,2741.4,16.1971359,4.04928397
12.386,2741.04,16.1955333,4.04888333
12.387,2740.68,16.1939307,4.04848268
12.388,2740.32,16.1923282,4.04808204
12.389,2739.96,16.1907256,4.0476814
12.39,2739.6,16.189123,4.04728076
12.391,2739.24,16.1875205,4.04688012
12.392,2738.88,16.1859179,4.04647948
12.393,2738.52,16.1843154,4.04607884
12.394,2738.16,16.1827128,4.0456782
12.395,2737.8,16.1811102,4.04527756
12.396,2737.44,16.1795077,4.04487691
12.397,2737.08,16.1779051,4.04447627
12.398,2736.72,16.1763025,4.04407563
12.399,2736.36,16.1747,4.04367499
12.4,2736,16.1730974,4.04327435
12.401,2735.64,16.1714948,4.04287371
12.402,2735.28,16.1698923,4.04247307
12.403,2734.92,16.1682897,4.04207243
12.404,2734.56,16.1666871,4.04167179
12.405,2734.2,16.1650846,4.04127115
12.406,2733.84,16.163482,4.0408705
12.407,2733.48,16.1618795,4.04046986
12.408,2733.12,16.1602769,4.04006922
12.409,2732.76,16.1586743,4.03966858
12.41,2732.4,16.1570718,4.03926794
12.411,2732.04,16.1554692,4.0388673
12.412,2731.68,16.1538666,4.03846666
12.413,2731.32,16.1522641,4.03806602
12.414,2730.96,16.1506615,4.03766538
12.415,2730.6,16.1490589,4.03726474
12.416,2730.24,16.1474564,4.03686409
12.417,2729.88,16.1458538,4.03646345
12.418,2729.52,16.1442512,4.03606281
12.419,2729.16,16.1426487,4.03566217
12.42,2728.8,16.1410461,4.03526153
12.421,2728.44,16.1394436,4.03486089
12.422,2728.08,16.137841,4.03446025
12.423,2727.72,16.1362384,4.03405961
12.424,2727.36,16.1346359,4.03365897
12.425,2727,16.1330333,4.03325833
12.426,2726.64,16.1314307,4.03285768
12.427,2726.28,16.1298282,4.03245704
12.428,2725.92,16.1282256,4.0320564
12.429,2725.56,16.126623,4.03165576
12.43,2725.2,16.1250205,4.03125512
12.431,2724.84,16.1234179,4.03085448
12.432,2724.48,16.1218154,4.03045384
12.433,2724.12,16.1202128,4.0300532
12.434,2723.76,16.1186102,4.02965256
12.435,2723.4,16.1170077,4.02925191
12.436,2723.04,16.1154051,4.02885127
12.437,2722.68,16.1138025,4.02845063
12.438,2722.32,16.1122,4.02804999
12.439,2721.96,16.1105974,4.02764935
12.44,2721.6,16.1089948,4.02724871
12.441,2721.24,16.1073923,4.02684807
12.442,2720.88,16.1057897,4.02644743
12.443,2720.52,16.1041871,4.02604679
12.444,2720.16,16.1025846,4.02564615
12.445,2719.8,16.100982,4.0252455
12.446,2719.44,16.0993795,4.02484486
12.447,2719.08,16.0977769,4.02444422
12.448,2718.72,16.0961743,4.02404358
12.449,2718.36,16.0945718,4.02364294
12.45,2718,16.0929692,4.0232423
12.451,2717.64,16.0913666,4.02284166
12.452,2717.28,16.0897641,4.02244102
12.453,2716.92,16.0881615,4.02204038
12.454,2716.56,16.0865589,4.02163974
12.455,2716.2,16.0849564,4.02123909
12.456,2715.84,16.0833538,4.02083845
12.457,2715.48,16.0817512,4.02043781
12.458,2715.12,16.0801487,4.02003717
12.459,2714.76,16.0785461,4.01963653
12.46,2714.4,16.0769436,4.01923589
12.461,2714.04,16.075341,4.01883525
12.462,2713.68,16.0737384,4.01843461
12.463,2713.32,16.0721359,4.01803397
12.464,2712.96,16.0705333,4.01763333
12.465,2712.6,16.0689307,4.01723268
12.466,2712.24,16.0673282,4.01683204
12.467,2711.88,16.0657256,4.0164314
12.468,2711.52,16.064123,4.01603076
12.469,2711.16,16.0625205,4.01563012
12.47,2710.8,16.0609179,4.01522948
12.471,2710.44,16.0593154,4.01482884
12.472,2710.08,16.0577128,4.0144282
12.473,2709.72,16.0561102,4.01402756
12.474,2709.36,16.0545077,4.01362691
12.475,2709,16.0529051,4.01322627
12.476,2708.64,16.0513025,4.01282563
12.477,2708.28,16.0497,4.01242499
12.478,2707.92,16.0480974,4.01202435
12.479,2707.56,16.0464948,4.01162371
12.48,2707.2,16.0448923,4.01122307
12.481,2706.84,16.0432897,4.01082243
12.482,2706.48,16.0416871,4.01042179
12.483,2706.12,16.0400846,4.01002115
12.484,2705.76,16.038482,4.0096205
12.485,2705.4,16.0368795,4.00921986
12.486,2705.04,16.0352769,4.00881922
12.487,2704.68,16.0336743,4.00841858
12.488,2704.32,16.0320718,4.00801794
12.489,2703.96,16.0304692,4.0076173
12.49,2703.6,16.0288666,4.00721666
12.491,2703.24,16.0272641,4.00681602
12.492,2702.88,16.0256615,4.00641538
12.493,2702.52,16.0240589,4.00601474
12.494,2702.16,16.0224564,4.00561409
12.495,2701.8,16.0208538,4.00521345
12.496,2701.44,16.0192512,4.00481281
12.497,2701.08,16.0176487,4.00441217
12.498,2700.72,16.0160461,4.00401153
12.499,2700.36,16.0144436,4.00361089
12.5,2700,16.012841,4.00321025
12.501,2699.64,16.0112384,4.00280961
12.502,2699.28,16.0096359,4.00240897
12.503,2698.92,16.0080333,4.00200833
12.504,2698.56,16.0064307,4.00160768
12.505,2698.2,16.0048282,4.00120704
12.506,2697.84,16.0032256,4.0008064
12.507,2697.48,16.001623,4.00040576
12.508,2697.12,16.0000205,4.00000512
12.509,2696.76,15.9984179,3.99960448
12.51,2696.4,15.9968154,3.99920384
12.511,2696.04,15.9952128,3.9988032
12.512,2695.68,15.9936102,3.99840256
12.513,2695.32,15.9920077,3.99800191
12.514,2694.96,15.9904051,3.99760127
12.515,2694.6,15.9888025,3.99720063
12.516,2694.24,15.9872,3.99679999
12.517,2693.88,15.9855974,3.99639935
12.518,2693.52,15.9839948,3.99599871
12.519,2693.16,15.9823923,3.99559807
12.52,2692.8,15.9807897,3.99519743
12.521,2692.44,15.9791871,3.99479679
12.522,2692.08,15.9775846,3.99439615
12.523,2691.72,15.975982,3.9939955
12.524,2691.36,15.9743795,3.99359486
12.525,2691,15.9727769,3.99319422
12.526,2690.64,15.9711743,3.99279358
12.527,2690.28,15.9695718,3.99239294
12.528,2689.92,15.9679692,3.9919923
12.529,2689.56,15.9663666,3.99159166
12.53,2689.2,15.9647641,3.99119102
12.531,2688.84,15.9631615,3.99079038
12.532,2688.48,15.9615589,3.99038974
12.533,2688.12,15.9599564,3.98998909
12.534,2687.76,15.9583538,3.98958845
12.535,2687.4,15.9567512,3.98918781
12.536,2687.04,15.9551487,3.98878717
12.537,2686.68,15.9535461,3.98838653
12.538,2686.32,15.9519436,3.98798589
12.539,2685.96,15.950341,3.98758525
12.54,2685.6,15.9487384,3.98718461
12.541,2685.24,15.9471359,3.98678397
12.542,2684.88,15.9455333,3.98638333
12.543,2684.52,15.9439307,3.98598268
12.544,2684.16,15.9423282,3.98558204
12.545,2683.8,15.9407256,3.9851814
12.546,2683.44,15.939123,3.98478076
12.547,2683.08,15.9375205,3.98438012
12.548,2682.72,15.9359179,3.98397948
12.549,2682.36,15.9343154,3.98357884
12.55,2682,15.9327128,3.9831782
12.551,2681.64,15.9311102,3.98277756
12.552,2681.28,15.9295077,3.98237691
12.553,2680.92,15.9279051,3.98197627
12.554,2680.56,15.9263025,3.98157563
12.555,2680.2,15.9247,3.98117499
12.556,2679.84,15.9230974,3.98077435
12.557,2679.48,15.9214948,3.98037371
12.558,2679.12,15.9198923,3.97997307
12.559,2678.76,15.9182897,3.97957243
12.56,2678.4,15.9166871,3.97917179
12.561,2678.04,15.9150846,3.97877115
12.562,2677.68,15.913482,3.9783705
12.563,2677.32,15.9118795,3.97796986
12.564,2676.96,15.9102769,3.97756922
12.565,2676.6,15.9086743,3.97716858
12.566,2676.24,15.9070718,3.97676794
12.567,2675.88,15.9054692,3.9763673
12.568,2675.52,15.9038666,3.97596666
12.569,2675.16,15.9022641,3.97556602
12.57,2674.8,15.9006615,3.97516538
12.571,2674.44,15.8990589,3.97476474
12.572,2674.08,15.8974564,3.97436409
12.573,2673.72,15.8958538,3.97396345
12.574,2673.36,15.8942512,3.97356281
12.575,2673,15.8926487,3.97316217
12.576,2672.64,15.8910461,3.97276153
12.577,2672.28,15.8894436,3.97236089
12.578,2671.92,15.887841,3.97196025
12.579,2671.56,15.8862384,3.97155961
12.58,2671.2,15.8846359,3.97115897
12.581,2670.84,15.8830333,3.97075833
12.582,2670.48,15.8814307,3.97035768
12.583,2670.12,15.8798282,3.96995704
12.584,2669.76,15.8782256,3.9695564
12.585,2669.4,15.876623,3.96915576
12.586,2669.04,15.8750205,3.96875512
12.587,2668.68,15.8734179,3.96835448
12.588,2668.32,15.8718154,3.96795384
12.589,2667.96,15.8702128,3.9675532
12.59,2667.6,15.8686102,3.96715256
12.591,2667.24,15.8670077,3.96675191
12.592,2666.88,15.8654051,3.96635127
12.593,2666.52,15.8638025,3.96595063
12.594,2666.16,15.8622,3.96554999
12.595,2665.8,15.8605974,3.96514935
12.596,2665.44,15.8589948,3.96474871
12.597,2665.08,15.8573923,3.96434807
12.598,2664.72,15.8557897,3.96394743
12.599,2664.36,15.8541871,3.96354679
12.6,2664,15.8525846,3.96314615
12.601,2663.64,15.850982,3.9627455
12.602,2663.28,15.8493795,3.96234486
12.603,2662.92,15.8477769,3.96194422
12.604,2662.56,15.8461743,3.96154358
12.605,2662.2,15.8445718,3.96114294
12.606,2661.84,15.8429692,3.9607423
12.607,2661.48,15.8413666,3.96034166
12.608,2661.12,15.8397641,3.95994102
12.609,2660.76,15.8381615,3.95954038
12.61,2660.4,15.8365589,3.95913974
12.611,2660.04,15.8349564,3.95873909
12.612,2659.68,15.8333538,3.95833845
12.613,2659.32,15.8317512,3.95793781
12.614,2658.96,15.8301487,3.95753717
12.615,2658.6,15.8285461,3.95713653
12.616,2658.24,15.8269436,3.95673589
12.617,2657.88,15.825341,3.95633525
12.618,2657.52,15.8237384,3.95593461
12.619,2657.16,15.8221359,3.95553397
12.62,2656.8,15.8205333,3.95513333
12.621,2656.44,15.8189307,3.95473268
12.622,2656.08,15.8173282,3.95433204
12.623,2655.72,15.8157256,3.9539314
12.624,2655.36,15.814123,3.95353076
12.625,2655,15.8125205,3.95313012
12.626,2654.64,15.8109179,3.95272948
12.627,2654.28,15.8093154,3.95232884
12.628,2653.92,15.8077128,3.9519282
12.629,2653.56,15.8061102,3.95152756
12.63,2653.2,15.8045077,3.95112691
12.631,2652.84,15.8029051,3.95072627
12.632,2652.48,15.8013025,3.95032563
12.633,2652.12,15.7997,3.94992499
12.634,2651.76,15.7980974,3.94952435
12.635,2651.4,15.7964948,3.94912371
12.636,2651.04,15.7948923,3.94872307
12.637,2650.68,15.7932897,3.94832243
12.638,2650.32,15.7916871,3.94792179
12.639,2649.96,15.7900846,3.94752115
12.64,2649.6,15.788482,3.9471205
12.641,2649.24,15.7868795,3.94671986
12.642,2648.88,15.7852769,3.94631922
12.643,2648.52,15.7836743,3.94591858
12.644,2648.16,15.7820718,3.94551794
12.645,2647.8,15.7804692,3.9451173
12.646,2647.44,15.7788666,3.94471666
12.647,2647.08,15.7772641,3.94431602
12.648,2646.72,15.7756615,3.94391538
12.649,2646.36,15.7740589,3.94351474
12.65,2646,15.7724564,3.94311409
12.651,2645.64,15.7708538,3.94271345
12.652,2645.28,15.7692512,3.94231281
12.653,2644.92,15.7676487,3.94191217
12.654,2644.56,15.7660461,3.94151153
12.655,2644.2,15.7644436,3.94111089
12.656,2643.84,15.762841,3.94071025
12.657,2643.48,15.7612384,3.94030961
12.658,2643.12,15.7596359,3.93990897
12.659,2642.76,15.7580333,3.93950833
12.66,2642.4,15.7564307,3.93910768
12.661,2642.04,15.7548282,3.93870704
12.662,2641.68,15.7532256,3.9383064
12.663,2641.32,15.751623,3.93790576
12.664,2640.96,15.7500205,3.93750512
12.665,2640.6,15.7484179,3.93710448
12.666,2640.24,15.7468154,3.93670384
12.667,2639.88,15.7452128,3.9363032
12.668,2639.52,15.7436102,3.93590256
12.669,2639.16,15.7420077,3.93550191
12.67,2638.8,15.7404051,3.93510127
12.671,2638.44,15.7388025,3.93470063
12.672,2638.08,15.7372,3.93429999
12.673,2637.72,15.7355974,3.93389935
12.674,2637.36,15.7339948,3.93349871
12.675,2637,15.7323923,3.93309807
12.676,2636.64,15.7307897,3.93269743
12.677,2636.28,15.7291871,3.93229679
12.678,2635.92,15.7275846,3.93189615
12.679,2635.56,15.725982,3.9314955
12.68,2635.2,15.7243795,3.93109486
12.681,2634.84,15.7227769,3.93069422
12.682,2634.48,15.7211743,3.93029358
12.683,2634.12,15.7195718,3.92989294
12.684,2633.76,15.7179692,3.9294923
12.685,2633.4,15.7163666,3.92909166
12.686,2633.04,15.7147641,3.92869102
12.687,2632.68,15.7131615,3.92829038
12.688,2632.32,15.7115589,3.92788974
12.689,2631.96,15.7099564,3.92748909
12.69,2631.6,15.7083538,3.92708845
12.691,2631.24,15.7067512,3.92668781
12.692,2630.88,15.7051487,3.92628717
12.693,2630.52,15.7035461,3.92588653
12.694,2630.16,15.7019436,3.92548589
12.695,2629.8,15.700341,3.92508525
12.696,2629.44,15.6987384,3.92468461
12.697,2629.08,15.6971359,3.92428397
12.698,2628.72,15.6955333,3.92388333
12.699,2628.36,15.6939307,3.92348268
12.7,2628,15.6923282,3.92308204
12.701,2627.64,15.6907256,3.9226814
12.702,2627.28,15.689123,3.92228076
12.703,2626.92,15.6875205,3.92188012
12.704,2626.56,15.6859179,3.92147948
12.705,2626.2,15.6843154,3.92107884
12.706,2625.84,15.6827128,3.9206782
12.707,2625.48,15.6811102,3.92027756
12.708,2625.12,15.6795077,3.91987691
12.709,2624.76,15.6779051,3.91947627
12.71,2624.4,15.6763025,3.91907563
12.711,2624.04,15.6747,3.91867499
12.712,2623.68,15.6730974,3.91827435
12.713,2623.32,15.6714948,3.91787371
12.714,2622.96,15.6698923,3.91747307
12.715,2622.6,15.6682897,3.91707243
12.716,2622.24,15.6666871,3.91667179
12.717,2621.88,15.6650846,3.91627115
12.718,2621.52,15.663482,3.9158705
12.719,2621.16,15.6618795,3.91546986
12.72,2620.8,15.6602769,3.91506922
12.721,2620.44,15.6586743,3.91466858
12.722,2620.08,15.6570718,3.91426794
12.723,2619.72,15.6554692,3.9138673
12.724,2619.36,15.6538666,3.91346666
12.725,2619,15.6522641,3.91306602
12.726,2618.64,15.6506615,3.91266538
12.727,2618.28,15.6490589,3.91226474
12.728,2617.92,15.6474564,3.91186409
12.729,2617.56,15.6458538,3.91146345
12.73,2617.2,15.6442512,3.91106281
12.731,2616.84,15.6426487,3.91066217
12.732,2616.48,15.6410461,3.91026153
12.733,2616.12,15.6394436,3.90986089
12.734,2615.76,15.637841,3.90946025
12.735,2615.4,15.6362384,3.90905961
12.736,2615.04,15.6346359,3.90865897
12.737,2614.68,15.6330333,3.90825833
12.738,2614.32,15.6314307,3.90785768
12.739,2613.96,15.6298282,3.90745704
12.74,2613.6,15.6282256,3.9070564
12.741,2613.24,15.626623,3.90665576
12.742,2612.88,15.6250205,3.90625512
12.743,2612.52,15.6234179,3.90585448
12.744,2612.16,15.6218154,3.90545384
12.745,2611.8,15.6202128,3.9050532
12.746,2611.44,15.6186102,3.90465256
12.747,2611.08,15.6170077,3.90425191
12.748,2610.72,15.6154051,3.90385127
12.749,2610.36,15.6138025,3.90345063
12.75,2610,15.6122,3.90304999
12.751,2609.64,15.6105974,3.90264935
12.752,2609.28,15.6089948,3.90224871
12.753,2608.92,15.6073923,3.90184807
12.754,2608.56,15.6057897,3.90144743
12.755,2608.2,15.6041871,3.90104679
12.756,2607.84,15.6025846,3.90064615
12.757,2607.48,15.600982,3.9002455
12.758,2607.12,15.5993795,3.89984486
12.759,2606.76,15.5977769,3.89944422
12.76,2606.4,15.5961743,3.89904358
12.761,2606.04,15.5945718,3.89864294
12.762,2605.68,15.5929692,3.8982423
12.763,2605.32,15.5913666,3.89784166
12.764,2604.96,15.5897641,3.89744102
12.765,2604.6,15.5881615,3.89704038
12.766,2604.24,15.5865589,3.89663974
12.767,2603.88,15.5849564,3.89623909
12.768,2603.52,15.5833538,3.89583845
12.769,2603.16,15.5817512,3.89543781
12.77,2602.8,15.5801487,3.89503717
12.771,2602.44,15.5785461,3.89463653
12.772,2602.08,15.5769436,3.89423589
12.773,2601.72,15.575341,3.89383525
12.774,2601.36,15.5737384,3.89343461
12.775,2601,15.5721359,3.89303397
12.776,2600.64,15.5705333,3.89263333
12.777,2600.28,15.5689307,3.89223268
12.778,2599.92,15.5673282,3.89183204
12.779,2599.56,15.5657256,3.8914314
12.78,2599.2,15.564123,3.89103076
12.781,2598.84,15.5625205,3.89063012
12.782,2598.48,15.5609179,3.89022948
12.783,2598.12,15.5593154,3.88982884
12.784,2597.76,15.5577128,3.8894282
12.785,2597.4,15.5561102,3.88902756
12.786,2597.04,15.5545077,3.88862691
12.787,2596.68,15.5529051,3.88822627
12.788,2596.32,15.5513025,3.88782563
12.789,2595.96,15.5497,3.88742499
12.79,2595.6,15.5480974,3.88702435
12.791,2595.24,15.5464948,3.88662371
12.792,2594.88,15.5448923,3.88622307
12.793,2594.52,15.5432897,3.88582243
12.794,2594.16,15.5416871,3.88542179
12.795,2593.8,15.5400846,3.88502115
12.796,2593.44,15.538482,3.8846205
12.797,2593.08,15.5368795,3.88421986
12.798,2592.72,15.5352769,3.88381922
12.799,2592.36,15.5336743,3.88341858
12.8,2592,15.5320718,3.88301794
12.801,2591.64,15.5304692,3.8826173
12.802,2591.28,15.5288666,3.88221666
12.803,2590.92,15.5272641,3.88181602
12.804,2590.56,15.5256615,3.88141538
12.805,2590.2,15.5240589,3.88101474
12.806,2589.84,15.5224564,3.88061409
12.807,2589.48,15.5208538,3.88021345
12.808,2589.12,15.5192512,3.87981281
12.809,2588.76,15.5176487,3.87941217
12.81,2588.4,15.5160461,3.87901153
12.811,2588.04,15.5144436,3.87861089
12.812,2587.68,15.512841,3.87821025
12.813,2587.32,15.5112384,3.87780961
12.814,2586.96,15.5096359,3.87740897
12.815,2586.6,15.5080333,3.87700833
12.816,2586.24,15.5064307,3.87660768
12.817,2585.88,15.5048282,3.87620704
12.818,2585.52,15.5032256,3.8758064
12.819,2585.16,15.501623,3.87540576
12.82,2584.8,15.5000205,3.87500512
12.821,2584.44,15.4984179,3.87460448
12.822,2584.08,15.4968154,3.87420384
12.823,2583.72,15.4952128,3.8738032
12.824,2583.36,15.4936102,3.87340256
12.825,2583,15.4920077,3.87300191
12.826,2582.64,15.4904051,3.87260127
12.827,2582.28,15.4888025,3.87220063
12.828,2581.92,15.4872,3.87179999
12.829,2581.56,15.4855974,3.87139935
12.83,2581.2,15.4839948,3.87099871
12.831,2580.84,15.4823923,3.87059807
12.832,2580.48,15.4807897,3.87019743
12.833,2580.12,15.4791871,3.86979679
12.834,2579.76,15.4775846,3.86939615
12.835,2579.4,15.475982,3.8689955
12.836,2579.04,15.4743795,3.86859486
12.837,2578.68,15.4727769,3.86819422
12.838,2578.32,15.4711743,3.86779358
12.839,2577.96,15.4695718,3.86739294
12.84,2577.6,15.4679692,3.8669923
12.841,2577.24,15.4663666,3.86659166
12.842,2576.88,15.4647641,3.86619102
12.843,2576.52,15.4631615,3.86579038
12.844,2576.16,15.4615589,3.86538974
12.845,2575.8,15.4599564,3.86498909
12.846,2575.44,15.4583538,3.86458845
12.847,2575.08,15.4567512,3.86418781
12.848,2574.72,15.4551487,3.86378717
12.849,2574.36,15.4535461,3.86338653
12.85,2574,15.4519436,3.86298589
12.851,2573.64,15.450341,3.86258525
12.852,2573.28,15.4487384,3.86218461
12.853,2572.92,15.4471359,3.86178397
12.854,2572.56,15.4455333,3.86138333
12.855,2572.2,15.4439307,3.86098268
12.856,2571.84,15.4423282,3.86058204
12.857,2571.48,15.4407256,3.8601814
12.858,2571.12,15.439123,3.85978076
12.859,2570.76,15.4375205,3.85938012
12.86,2570.4,15.4359179,3.85897948
12.861,2570.04,15.4343154,3.85857884
12.862,2569.68,15.4327128,3.8581782
12.863,2569.32,15.4311102,3.85777756
12.864,2568.96,15.4295077,3.85737691
12.865,2568.6,15.4279051,3.85697627
12.866,2568.24,15.4263025,3.85657563
12.867,2567.88,15.4247,3.85617499
12.868,2567.52,15.4230974,3.85577435
12.869,2567.16,15.4214948,3.85537371
12.87,2566.8,15.4198923,3.85497307
12.871,2566.44,15.4182897,3.85457243
12.872,2566.08,15.4166871,3.85417179
12.873,2565.72,15.4150846,3.85377115
12.874,2565.36,15.413482,3.8533705
12.875,2565,15.4118795,3.85296986
12.876,2564.64,15.4102769,3.85256922
12.877,2564.28,15.4086743,3.85216858
12.878,2563.92,15.4070718,3.85176794
12.879,2563.56,15.4054692,3.8513673
12.88,2563.2,15.4038666,3.85096666
12.881,2562.84,15.4022641,3.85056602
12.882,2562.48,15.4006615,3.85016538
12.883,2562.12,15.3990589,3.84976474
12.884,2561.76,15.3974564,3.84936409
12.885,2561.4,15.3958538,3.84896345
12.886,2561.04,15.3942512,3.84856281
12.887,2560.68,15.3926487,3.84816217
12.888,2560.32,15.3910461,3.84776153
12.889,2559.96,15.3894436,3.84736089
12.89,2559.6,15.387841,3.84696025
12.891,2559.24,15.3862384,3.84655961
12.892,2558.88,15.3846359,3.84615897
12.893,2558.52,15.3830333,3.84575833
12.894,2558.16,15.3814307,3.84535768
12.895,2557.8,15.3798282,3.84495704
12.896,2557.44,15.3782256,3.8445564
12.897,2557.08,15.376623,3.84415576
12.898,2556.72,15.3750205,3.84375512
12.899,2556.36,15.3734179,3.84335448
12.9,2556,15.3718154,3.84295384
12.901,2555.64,15.3702128,3.8425532
12.902,2555.28,15.3686102,3.84215256
12.903,2554.92,15.3670077,3.84175191
12.904,2554.56,15.3654051,3.84135127
12.905,2554.2,15.3638025,3.84095063
12.906,2553.84,15.3622,3.84054999
12.907,2553.48,15.3605974,3.84014935
12.908,2553.12,15.3589948,3.83974871
12.909,2552.76,15.3573923,3.83934807
12.91,2552.4,15.3557897,3.83894743
12.911,2552.04,15.3541871,3.83854679
12.912,2551.68,15.3525846,3.83814615
12.913,2551.32,15.350982,3.8377455
12.914,2550.96,15.3493795,3.83734486
12.915,2550.6,15.3477769,3.83694422
12.916,2550.24,15.3461743,3.83654358
12.917,2549.88,15.3445718,3.83614294
12.918,2549.52,15.3429692,3.8357423
12.919,2549.16,15.3413666,3.83534166
12.92,2548.8,15.3397641,3.83494102
12.921,2548.44,15.3381615,3.83454038
12.922,2548.08,15.3365589,3.83413974
12.923,2547.72,15.3349564,3.83373909
12.924,2547.36,15.3333538,3.83333845
12.925,2547,15.3317512,3.83293781
12.926,2546.64,15.3301487,3.83253717
12.927,2546.28,15.3285461,3.83213653
12.928,2545.92,15.3269436,3.83173589
12.929,2545.56,15.325341,3.83133525
12.93,2545.2,15.3237384,3.83093461
12.931,2544.84,15.3221359,3.83053397
12.932,2544.48,15.3205333,3.83013333
12.933,2544.12,15.3189307,3.82973268
12.934,2543.76,15.3173282,3.82933204
12.935,2543.4,15.3157256,3.8289314
12.936,2543.04,15.314123,3.82853076
12.937,2542.68,15.3125205,3.82813012
12.938,2542.32,15.3109179,3.82772948
12.939,2541.96,15.3093154,3.82732884
12.94,2541.6,15.3077128,3.8269282
12.941,2541.24,15.3061102,3.82652756
12.942,2540.88,15.3045077,3.82612691
12.943,2540.52,15.3029051,3.82572627
12.944,2540.16,15.3013025,3.82532563
12.945,2539.8,15.2997,3.82492499
12.946,2539.44,15.2980974,3.82452435
12.947,2539.08,15.2964948,3.82412371
12.948,2538.72,15.2948923,3.82372307
12.949,2538.36,15.2932897,3.82332243
12.95,2538,15.2916871,3.82292179
12.951,2537.64,15.2900846,3.82252115
12.952,2537.28,15.288482,3.8221205
12.953,2536.92,15.2868795,3.82171986
12.954,2536.56,15.2852769,3.82131922
12.955,2536.2,15.2836743,3.82091858
12.956,2535.84,15.2820718,3.82051794
12.957,2535.48,15.2804692,3.8201173
12.958,2535.12,15.2788666,3.81971666
12.959,2534.76,15.2772641,3.81931602
12.96,2534.4,15.2756615,3.81891538
12.961,2534.04,15.2740589,3.81851474
12.962,2533.68,15.2724564,3.81811409
12.963,2533.32,15.2708538,3.81771345
12.964,2532.96,15.2692512,3.81731281
12.965,2532.6,15.2676487,3.81691217
12.966,2532.24,15.2660461,3.81651153
12.967,2531.88,15.2644436,3.81611089
12.968,2531.52,15.262841,3.81571025
12.969,2531.16,15.2612384,3.81530961
12.97,2530.8,15.2596359,3.81490897
12.971,2530.44,15.2580333,3.81450833
12.972,2530.08,15.2564307,3.81410768
12.973,2529.72,15.2548282,3.81370704
12.974,2529.36,15.2532256,3.8133064
12.975,2529,15.251623,3.81290576
12.976,2528.64,15.2500205,3.81250512
12.977,2528.28,15.2484179,3.81210448
12.978,2527.92,15.2468154,3.81170384
12.979,2527.56,15.2452128,3.8113032
12.98,2527.2,15.2436102,3.81090256
12.981,2526.84,15.2420077,3.81050191
12.982,2526.48,15.2404051,3.81010127
12.983,2526.12,15.2388025,3.80970063
12.984,2525.76,15.2372,3.80929999
12.985,2525.4,15.2355974,3.80889935
12.986,2525.04,15.2339948,3.80849871
12.987,2524.68,15.2323923,3.80809807
12.988,2524.32,15.2307897,3.80769743
12.989,2523.96,15.2291871,3.80729679
12.99,2523.6,15.2275846,3.80689615
12.991,2523.24,15.225982,3.8064955
12.992,2522.88,15.2243795,3.80609486
12.993,2522.52,15.2227769,3.80569422
12.994,2522.16,15.2211743,3.80529358
12.995,2521.8,15.2195718,3.80489294
12.996,2521.44,15.2179692,3.8044923
12.997,2521.08,15.2163666,3.80409166
12.998,2520.72,15.2147641,3.80369102
12.999,2520.36,15.2131615,3.80329038
13,2520,15.2115589,3.80288974
13.001,2519.64,15.2099564,3.80248909
13.002,2519.28,15.2083538,3.80208845
13.003,2518.92,15.2067512,3.80168781
13.004,2518.56,15.2051487,3.80128717
13.005,2518.2,15.2035461,3.80088653
13.006,2517.84,15.2019436,3.80048589
13.007,2517.48,15.200341,3.80008525
13.008,2517.12,15.1987384,3.79968461
13.009,2516.76,15.1971359,3.79928397
13.01,2516.4,15.1955333,3.79888333
13.011,2516.04,15.1939307,3.79848268
13.012,2515.68,15.1923282,3.79808204
13.013,2515.32,15.1907256,3.7976814
13.014,2514.96,15.189123,3.79728076
13.015,2514.6,15.1875205,3.79688012
13.016,2514.24,15.1859179,3.79647948
13.017,2513.88,15.1843154,3.79607884
13.018,2513.52,15.1827128,3.7956782
13.019,2513.16,15.1811102,3.79527756
13.02,2512.8,15.1795077,3.79487691
13.021,2512.44,15.1779051,3.79447627
13.022,2512.08,15.1763025,3.79407563
13.023,2511.72,15.1747,3.79367499
13.024,2511.36,15.1730974,3.79327435
13.025,2511,15.1714948,3.79287371
13.026,2510.64,15.1698923,3.79247307
13.027,2510.28,15.1682897,3.79207243
13.028,2509.92,15.1666871,3.79167179
13.029,2509.56,15.1650846,3.79127115
13.03,2509.2,15.163482,3.7908705
13.031,2508.84,15.1618795,3.79046986
13.032,2508.48,15.1602769,3.79006922
13.033,2508.12,15.1586743,3.78966858
13.034,2507.76,15.1570718,3.78926794
13.035,2507.4,15.1554692,3.7888673
13.036,2507.04,15.1538666,3.78846666
13.037,2506.68,15.1522641,3.78806602
13.038,2506.32,15.1506615,3.78766538
13.039,2505.96,15.1490589,3.78726474
13.04,2505.6,15.1474564,3.78686409
13.041,2505.24,15.1458538,3.78646345
13.042,2504.88,15.1442512,3.78606281
13.043,2504.52,15.1426487,3.78566217
13.044,2504.16,15.1410461,3.78526153
13.045,2503.8,15.1394436,3.78486089
13.046,2503.44,15.137841,3.78446025
13.047,2503.08,15.1362384,3.78405961
13.048,2502.72,15.1346359,3.78365897
13.049,2502.36,15.1330333,3.78325833
13.05,2502,15.1314307,3.78285768
13.051,2501.64,15.1298282,3.78245704
13.052,2501.28,15.1282256,3.7820564
13.053,2500.92,15.126623,3.78165576
13.054,2500.56,15.1250205,3.78125512
13.055,2500.2,15.1234179,3.78085448
13.056,2499.84,15.1218154,3.78045384
13.057,2499.48,15.1202128,3.7800532
13.058,2499.12,15.1186102,3.77965256
13.059,2498.76,15.1170077,3.77925191
13.06,2498.4,15.1154051,3.77885127
13.061,2498.04,15.1138025,3.77845063
13.062,2497.68,15.1122,3.77804999
13.063,2497.32,15.1105974,3.77764935
13.064,2496.96,15.1089948,3.77724871
13.065,2496.6,15.1073923,3.77684807
13.066,2496.24,15.1057897,3.77644743
13.067,2495.88,15.1041871,3.77604679
13.068,2495.52,15.1025846,3.77564615
13.069,2495.16,15.100982,3.7752455
13.07,2494.8,15.0993795,3.77484486
13.071,2494.44,15.0977769,3.77444422
13.072,2494.08,15.0961743,3.77404358
13.073,2493.72,15.0945718,3.77364294
13.074,2493.36,15.0929692,3.7732423
13.075,2493,15.0913666,3.77284166
13.076,2492.64,15.0897641,3.77244102
13.077,2492.28,15.0881615,3.77204038
13.078,2491.92,15.0865589,3.77163974
13.079,2491.56,15.0849564,3.77123909
13.08,2491.2,15.0833538,3.77083845
13.081,2490.84,15.0817512,3.77043781
13.082,2490.48,15.0801487,3.77003717
13.083,2490.12,15.0785461,3.76963653
13.084,2489.76,15.0769436,3.76923589
13.085,2489.4,15.075341,3.76883525
13.086,2489.04,15.0737384,3.76843461
13.087,2488.68,15.0721359,3.76803397
13.088,2488.32,15.0705333,3.76763333
13.089,2487.96,15.0689307,3.76723268
13.09,2487.6,15.0673282,3.76683204
13.091,2487.24,15.0657256,3.7664314
13.092,2486.88,15.064123,3.76603076
13.093,2486.52,15.0625205,3.76563012
13.094,2486.16,15.0609179,3.76522948
13.095,2485.8,15.0593154,3.76482884
13.096,2485.44,15.0577128,3.7644282
13.097,2485.08,15.0561102,3.76402756
13.098,2484.72,15.0545077,3.76362691
13.099,2484.36,15.0529051,3.76322627
13.1,2484,15.0513025,3.76282563
13.101,2483.64,15.0497,3.76242499
13.102,2483.28,15.0480974,3.76202435
13.103,2482.92,15.0464948,3.76162371
13.104,2482.56,15.0448923,3.76122307
13.105,2482.2,15.0432897,3.76082243
13.106,2481.84,15.0416871,3.76042179
13.107,2481.48,15.0400846,3.76002115
13.108,2481.12,15.038482,3.7596205
13.109,2480.76,15.0368795,3.75921986
13.11,2480.4,15.0352769,3.75881922
13.111,2480.04,15.0336743,3.75841858
13.112,2479.68,15.0320718,3.75801794
13.113,2479.32,15.0304692,3.7576173
13.114,2478.96,15.0288666,3.75721666
13.115,2478.6,15.0272641,3.75681602
13.116,2478.24,15.0256615,3.75641538
13.117,2477.88,15.0240589,3.75601474
13.118,2477.52,15.0224564,3.75561409
13.119,2477.16,15.0208538,3.75521345
13.12,2476.8,15.0192512,3.75481281
13.121,2476.44,15.0176487,3.75441217
13.122,2476.08,15.0160461,3.75401153
13.123,2475.72,15.0144436,3.75361089
13.124,2475.36,15.012841,3.75321025
13.125,2475,15.0112384,3.75280961
13.126,2474.64,15.0096359,3.75240897
13.127,2474.28,15.0080333,3.75200833
13.128,2473.92,15.0064307,3.75160768
13.129,2473.56,15.0048282,3.75120704
13.13,2473.2,15.0032256,3.7508064
13.131,2472.84,15.001623,3.75040576
13.132,2472.48,15.0000205,3.75000512
13.133,2472.12,14.9984179,3.74960448
13.134,2471.76,14.9968154,3.74920384
13.135,2471.4,14.9952128,3.7488032
13.136,2471.04,14.9936102,3.74840256
13.137,2470.68,14.9920077,3.74800191
13.138,2470.32,14.9904051,3.74760127
13.139,2469.96,14.9888025,3.74720063
13.14,2469.6,14.9872,3.74679999
13.141,2469.24,14.9855974,3.74639935
13.142,2468.88,14.9839948,3.74599871
13.143,2468.52,14.9823923,3.74559807
13.144,2468.16,14.9807897,3.74519743
13.145,2467.8,14.9791871,3.74479679
13.146,2467.44,14.9775846,3.74439615
13.147,2467.08,14.975982,3.7439955
13.148,2466.72,14.9743795,3.74359486
13.149,2466.36,14.9727769,3.74319422
13.15,2466,14.9711743,3.74279358
13.151,2465.64,14.9695718,3.74239294
13.152,2465.28,14.9679692,3.7419923
13.153,2464.92,14.9663666,3.74159166
13.154,2464.56,14.9647641,3.74119102
13.155,2464.2,14.9631615,3.74079038
13.156,2463.84,14.9615589,3.74038974
13.157,2463.48,14.9599564,3.73998909
13.158,2463.12,14.9583538,3.73958845
13.159,2462.76,14.9567512,3.73918781
13.16,2462.4,14.9551487,3.73878717
13.161,2462.04,14.9535461,3.73838653
13.162,2461.68,14.9519436,3.73798589
13.163,2461.32,14.950341,3.73758525
13.164,2460.96,14.9487384,3.73718461
13.165,2460.6,14.9471359,3.73678397
13.166,2460.24,14.9455333,3.73638333
13.167,2459.88,14.9439307,3.73598268
13.168,2459.52,14.9423282,3.73558204
13.169,2459.16,14.9407256,3.7351814
13.17,2458.8,14.939123,3.73478076
13.171,2458.44,14.9375205,3.73438012
13.172,2458.08,14.9359179,3.73397948
13.173,2457.72,14.9343154,3.73357884
13.174,2457.36,14.9327128,3.7331782
13.175,2457,14.9311102,3.73277756
13.176,2456.64,14.9295077,3.73237691
13.177,2456.28,14.9279051,3.73197627
13.178,2455.92,14.9263025,3.73157563
13.179,2455.56,14.9247,3.73117499
13.18,2455.2,14.9230974,3.73077435
13.181,2454.84,14.9214948,3.73037371
13.182,2454.48,14.9198923,3.72997307
13.183,2454.12,14.9182897,3.72957243
13.184,2453.76,14.9166871,3.72917179
13.185,2453.4,14.9150846,3.72877115
13.186,2453.04,14.913482,3.7283705
13.187,2452.68,14.9118795,3.72796986
13.188,2452.32,14.9102769,3.72756922
13.189,2451.96,14.9086743,3.72716858
13.19,2451.6,14.9070718,3.72676794
13.191,2451.24,14.9054692,3.7263673
13.192,2450.88,14.9038666,3.72596666
13.193,2450.52,14.9022641,3.72556602
13.194,2450.16,14.9006615,3.72516538
13.195,2449.8,14.8990589,3.72476474
13.196,2449.44,14.8974564,3.72436409
13.197,2449.08,14.8958538,3.72396345
13.198,2448.72,14.8942512,3.72356281
13.199,2448.36,14.8926487,3.72316217
13.2,2448,14.8910461,3.72276153
13.201,2447.64,14.8894436,3.72236089
13.202,2447.28,14.887841,3.72196025
13.203,2446.92,14.8862384,3.72155961
13.204,2446.56,14.8846359,3.72115897
13.205,2446.2,14.8830333,3.72075833
13.206,2445.84,14.8814307,3.72035768
13.207,2445.48,14.8798282,3.71995704
13.208,2445.12,14.8782256,3.7195564
13.209,2444.76,14.876623,3.71915576
13.21,2444.4,14.8750205,3.71875512
13.211,2444.04,14.8734179,3.71835448
13.212,2443.68,14.8718154,3.71795384
13.213,2443.32,14.8702128,3.7175532
13.214,2442.96,14.8686102,3.71715256
13.215,2442.6,14.8670077,3.71675191
13.216,2442.24,14.8654051,3.71635127
13.217,2441.88,14.8638025,3.71595063
13.218,2441.52,14.8622,3.71554999
13.219,2441.16,14.8605974,3.71514935
13.22,2440.8,14.8589948,3.71474871
13.221,2440.44,14.8573923,3.71434807
13.222,2440.08,14.8557897,3.71394743
13.223,2439.72,14.8541871,3.71354679
13.224,2439.36,14.8525846,3.71314615
13.225,2439,14.850982,3.7127455
13.226,2438.64,14.8493795,3.71234486
13.227,2438.28,14.8477769,3.71194422
13.228,2437.92,14.8461743,3.71154358
13.229,2437.56,14.8445718,3.71114294
13.23,2437.2,14.8429692,3.7107423
13.231,2436.84,14.8413666,3.71034166
13.232,2436.48,14.8397641,3.70994102
13.233,2436.12,14.8381615,3.70954038
13.234,2435.76,14.8365589,3.70913974
13.235,2435.4,14.8349564,3.70873909
13.236,2435.04,14.8333538,3.70833845
13.237,2434.68,14.8317512,3.70793781
13.238,2434.32,14.8301487,3.70753717
13.239,2433.96,14.8285461,3.70713653
13.24,2433.6,14.8269436,3.70673589
13.241,2433.24,14.825341,3.70633525
13.242,2432.88,14.8237384,3.70593461
13.243,2432.52,14.8221359,3.70553397
13.244,2432.16,14.8205333,3.70513333
13.245,2431.8,14.8189307,3.70473268
13.246,2431.44,14.8173282,3.70433204
13.247,2431.08,14.8157256,3.7039314
13.248,2430.72,14.814123,3.70353076
13.249,2430.36,14.8125205,3.70313012
13.25,2430,14.8109179,3.70272948
13.251,2429.64,14.8093154,3.70232884
13.252,2429.28,14.8077128,3.7019282
13.253,2428.92,14.8061102,3.70152756
13.254,2428.56,14.8045077,3.70112691
13.255,2428.2,14.8029051,3.70072627
13.256,2427.84,14.8013025,3.70032563
13.257,2427.48,14.7997,3.69992499
13.258,2427.12,14.7980974,3.69952435
13.259,2426.76,14.7964948,3.69912371
13.26,2426.4,14.7948923,3.69872307
13.261,2426.04,14.7932897,3.69832243
13.262,2425.68,14.7916871,3.69792179
13.263,2425.32,14.7900846,3.69752115
13.264,2424.96,14.788482,3.6971205
13.265,2424.6,14.7868795,3.69671986
13.266,2424.24,14.7852769,3.69631922
13.267,2423.88,14.7836743,3.69591858
13.268,2423.52,14.7820718,3.69551794
13.269,2423.16,14.7804692,3.6951173
13.27,2422.8,14.7788666,3.69471666
13.271,2422.44,14.7772641,3.69431602
13.272,2422.08,14.7756615,3.69391538
13.273,2421.72,14.7740589,3.69351474
13.274,2421.36,14.7724564,3.69311409
13.275,2421,14.7708538,3.69271345
13.276,2420.64,14.7692512,3.69231281
13.277,2420.28,14.7676487,3.69191217
13.278,2419.92,14.7660461,3.69151153
13.279,2419.56,14.7644436,3.69111089
13.28,2419.2,14.762841,3.69071025
13.281,2418.84,14.7612384,3.69030961
13.282,2418.48,14.7596359,3.68990897
13.283,2418.12,14.7580333,3.68950833
13.284,2417.76,14.7564307,3.68910768
13.285,2417.4,14.7548282,3.68870704
13.286,2417.04,14.7532256,3.6883064
13.287,2416.68,14.751623,3.68790576
13.288,2416.32,14.7500205,3.68750512
13.289,2415.96,14.7484179,3.68710448
13.29,2415.6,14.7468154,3.68670384
13.291,2415.24,14.7452128,3.6863032
13.292,2414.88,14.7436102,3.68590256
13.293,2414.52,14.7420077,3.68550191
13.294,2414.16,14.7404051,3.68510127
13.295,2413.8,14.7388025,3.68470063
13.296,2413.44,14.7372,3.68429999
13.297,2413.08,14.7355974,3.68389935
13.298,2412.72,14.7339948,3.68349871
13.299,2412.36,14.7323923,3.68309807
13.3,2412,14.7307897,3.68269743
13.301,2411.64,14.7291871,3.68229679
13.302,2411.28,14.7275846,3.68189615
13.303,2410.92,14.725982,3.6814955
13.304,2410.56,14.7243795,3.68109486
13.305,2410.2,14.7227769,3.68069422
13.306,2409.84,14.7211743,3.68029358
13.307,2409.48,14.7195718,3.67989294
13.308,2409.12,14.7179692,3.6794923
13.309,2408.76,14.7163666,3.67909166
13.31,2408.4,14.7147641,3.67869102
13.311,2408.04,14.7131615,3.67829038
13.312,2407.68,14.7115589,3.67788974
13.313,2407.32,14.7099564,3.67748909
13.314,2406.96,14.7083538,3.67708845
13.315,2406.6,14.7067512,3.67668781
13.316,2406.24,14.7051487,3.67628717
13.317,2405.88,14.7035461,3.67588653
13.318,2405.52,14.7019436,3.67548589
13.319,2405.16,14.700341,3.67508525
13.32,2404.8,14.6987384,3.67468461
13.321,2404.44,14.6971359,3.67428397
13.322,2404.08,14.6955333,3.67388333
13.323,2403.72,14.6939307,3.67348268
13.324,2403.36,14.6923282,3.67308204
13.325,2403,14.6907256,3.6726814
13.326,2402.64,14.689123,3.67228076
13.327,2402.28,14.6875205,3.67188012
13.328,2401.92,14.6859179,3.67147948
13.329,2401.56,14.6843154,3.67107884
13.33,2401.2,14.6827128,3.6706782
13.331,2400.84,14.6811102,3.67027756
13.332,2400.48,14.6795077,3.66987691
13.333,2400.12,14.6779051,3.66947627
13.334,2399.76,14.6763025,3.66907563
13.335,2399.4,14.6747,3.66867499
13.336,2399.04,14.6730974,3.66827435
13.337,2398.68,14.6714948,3.66787371
13.338,2398.32,14.6698923,3.66747307
13.339,2397.96,14.6682897,3.66707243
13.34,2397.6,14.6666871,3.66667179
13.341,2397.24,14.6650846,3.66627115
13.342,2396.88,14.663482,3.6658705
13.343,2396.52,14.6618795,3.66546986
13.344,2396.16,14.6602769,3.66506922
13.345,2395.8,14.6586743,3.66466858
13.346,2395.44,14.6570718,3.66426794
13.347,2395.08,14.6554692,3.6638673
13.348,2394.72,14.6538666,3.66346666
13.349,2394.36,14.6522641,3.66306602
13.35,2394,14.6506615,3.66266538
13.351,2393.64,14.6490589,3.66226474
13.352,2393.28,14.6474564,3.66186409
13.353,2392.92,14.6458538,3.66146345
13.354,2392.56,14.6442512,3.66106281
13.355,2392.2,14.6426487,3.66066217
13.356,2391.84,14.6410461,3.66026153
13.357,2391.48,14.6394436,3.65986089
13.358,2391.12,14.637841,3.65946025
13.359,2390.76,14.6362384,3.65905961
13.36,2390.4,14.6346359,3.65865897
13.361,2390.04,14.6330333,3.65825833
13.362,2389.68,14.6314307,3.65785768
13.363,2389.32,14.6298282,3.65745704
13.364,2388.96,14.6282256,3.6570564
13.365,2388.6,14.626623,3.65665576
13.366,2388.24,14.6250205,3.65625512
13.367,2387.88,14.6234179,3.65585448
13.368,2387.52,14.6218154,3.65545384
13.369,2387.16,14.6202128,3.6550532
13.37,2386.8,14.6186102,3.65465256
13.371,2386.44,14.6170077,3.65425191
13.372,2386.08,14.6154051,3.65385127
13.373,2385.72,14.6138025,3.65345063
13.374,2385.36,14.6122,3.65304999
13.375,2385,14.6105974,3.65264935
13.376,2384.64,14.6089948,3.65224871
13.377,2384.28,14.6073923,3.65184807
13.378,2383.92,14.6057897,3.65144743
13.379,2383.56,14.6041871,3.65104679
13.38,2383.2,14.6025846,3.65064615
13.381,2382.84,14.600982,3.6502455
13.382,2382.48,14.5993795,3.64984486
13.383,2382.12,14.5977769,3.64944422
13.384,2381.76,14.5961743,3.64904358
13.385,2381.4,14.5945718,3.64864294
13.386,2381.04,14.5929692,3.6482423
13.387,2380.68,14.5913666,3.64784166
13.388,2380.32,14.5897641,3.64744102
13.389,2379.96,14.5881615,3.64704038
13.39,2379.6,14.5865589,3.64663974
13.391,2379.24,14.5849564,3.64623909
13.392,2378.88,14.5833538,3.64583845
13.393,2378.52,14.5817512,3.64543781
13.394,2378.16,14.5801487,3.64503717
13.395,2377.8,14.5785461,3.64463653
13.396,2377.44,14.5769436,3.64423589
13.397,2377.08,14.575341,3.64383525
13.398,2376.72,14.5737384,3.64343461
13.399,2376.36,14.5721359,3.64303397
13.4,2376,14.5705333,3.64263333
13.401,2375.64,14.5689307,3.64223268
13.402,2375.28,14.5673282,3.64183204
13.403,2374.92,14.5657256,3.6414314
13.404,2374.56,14.564123,3.64103076
13.405,2374.2,14.5625205,3.64063012
13.406,2373.84,14.5609179,3.64022948
13.407,2373.48,14.5593154,3.63982884
13.408,2373.12,14.5577128,3.6394282
13.409,2372.76,14.5561102,3.63902756
13.41,2372.4,14.5545077,3.63862691
13.411,2372.04,14.5529051,3.63822627
13.412,2371.68,14.5513025,3.63782563
13.413,2371.32,14.5497,3.63742499
13.414,2370.96,14.5480974,3.63702435
13.415,2370.6,14.5464948,3.63662371
13.416,2370.24,14.5448923,3.63622307
13.417,2369.88,14.5432897,3.63582243
13.418,2369.52,14.5416871,3.63542179
13.419,2369.16,14.5400846,3.63502115
13.42,2368.8,14.538482,3.6346205
13.421,2368.44,14.5368795,3.63421986
13.422,2368.08,14.5352769,3.63381922
13.423,2367.72,14.5336743,3.63341858
13.424,2367.36,14.5320718,3.63301794
13.425,2367,14.5304692,3.6326173
13.426,2366.64,14.5288666,3.63221666
13.427,2366.28,14.5272641,3.63181602
13.428,2365.92,14.5256615,3.63141538
13.429,2365.56,14.5240589,3.63101474
13.43,2365.2,14.5224564,3.63061409
13.431,2364.84,14.5208538,3.63021345
13.432,2364.48,14.5192512,3.62981281
13.433,2364.12,14.5176487,3.62941217
13.434,2363.76,14.5160461,3.62901153
13.435,2363.4,14.5144436,3.62861089
13.436,2363.04,14.512841,3.62821025
13.437,2362.68,14.5112384,3.62780961
13.438,2362.32,14.5096359,3.62740897
13.439,2361.96,14.5080333,3.62700833
13.44,2361.6,14.5064307,3.62660768
13.441,2361.24,14.5048282,3.62620704
13.442,2360.88,14.5032256,3.6258064
13.443,2360.52,14.501623,3.62540576
13.444,2360.16,14.5000205,3.62500512
13.445,2359.8,14.4984179,3.62460448
13.446,2359.44,14.4968154,3.62420384
13.447,2359.08,14.4952128,3.6238032
13.448,2358.72,14.4936102,3.62340256
13.449,2358.36,14.4920077,3.62300191
13.45,2358,14.4904051,3.62260127
13.451,2357.64,14.4888025,3.62220063
13.452,2357.28,14.4872,3.62179999
13.453,2356.92,14.4855974,3.62139935
13.454,2356.56,14.4839948,3.62099871
13.455,2356.2,14.4823923,3.62059807
13.456,2355.84,14.4807897,3.62019743
13.457,2355.48,14.4791871,3.61979679
13.458,2355.12,14.4775846,3.61939615
13.459,2354.76,14.475982,3.6189955
13.46,2354.4,14.4743795,3.61859486
13.461,2354.04,14.4727769,3.61819422
13.462,2353.68,14.4711743,3.61779358
13.463,2353.32,14.4695718,3.61739294
13.464,2352.96,14.4679692,3.6169923
13.465,2352.6,14.4663666,3.61659166
13.466,2352.24,14.4647641,3.61619102
13.467,2351.88,14.4631615,3.61579038
13.468,2351.52,14.4615589,3.61538974
13.469,2351.16,14.4599564,3.61498909
13.47,2350.8,14.4583538,3.61458845
13.471,2350.44,14.4567512,3.61418781
13.472,2350.08,14.4551487,3.61378717
13.473,2349.72,14.4535461,3.61338653
13.474,2349.36,14.4519436,3.61298589
13.475,2349,14.450341,3.61258525
13.476,2348.64,14.4487384,3.61218461
13.477,2348.28,14.4471359,3.61178397
13.478,2347.92,14.4455333,3.61138333
13.479,2347.56,14.4439307,3.61098268
13.48,2347.2,14.4423282,3.61058204
13.481,2346.84,14.4407256,3.6101814
13.482,2346.48,14.439123,3.60978076
13.483,2346.12,14.4375205,3.60938012
13.484,2345.76,14.4359179,3.60897948
13.485,2345.4,14.4343154,3.60857884
13.486,2345.04,14.4327128,3.6081782
13.487,2344.68,14.4311102,3.60777756
13.488,2344.32,14.4295077,3.60737691
13.489,2343.96,14.4279051,3.60697627
13.49,2343.6,14.4263025,3.60657563
13.491,2343.24,14.4247,3.60617499
13.492,2342.88,14.4230974,3.60577435
13.493,2342.52,14.4214948,3.60537371
13.494,2342.16,14.4198923,3.60497307
13.495,2341.8,14.4182897,3.60457243
13.496,2341.44,14.4166871,3.60417179
13.497,2341.08,14.4150846,3.60377115
13.498,2340.72,14.413482,3.6033705
13.499,2340.36,14.4118795,3.60296986
13.5,2340,14.4102769,3.60256922
13.501,2339.64,14.4086743,3.60216858
13.502,2339.28,14.4070718,3.60176794
13.503,2338.92,14.4054692,3.6013673
13.504,2338.56,14.4038666,3.60096666
13.505,2338.2,14.4022641,3.60056602
13.506,2337.84,14.4006615,3.60016538
13.507,2337.48,14.3990589,3.59976474
13.508,2337.12,14.3974564,3.59936409
13.509,2336.76,14.3958538,3.59896345
13.51,2336.4,14.3942512,3.59856281
13.511,2336.04,14.3926487,3.59816217
13.512,2335.68,14.3910461,3.59776153
13.513,2335.32,14.3894436,3.59736089
13.514,2334.96,14.387841,3.59696025
13.515,2334.6,14.3862384,3.59655961
13.516,2334.24,14.3846359,3.59615897
13.517,2333.88,14.3830333,3.59575833
13.518,2333.52,14.3814307,3.59535768
13.519,2333.16,14.3798282,3.59495704
13.52,2332.8,14.3782256,3.5945564
13.521,2332.44,14.376623,3.59415576
13.522,2332.08,14.3750205,3.59375512
13.523,2331.72,14.3734179,3.59335448
13.524,2331.36,14.3718154,3.59295384
13.525,2331,14.3702128,3.5925532
13.526,2330.64,14.3686102,3.59215256
13.527,2330.28,14.3670077,3.59175191
13.528,2329.92,14.3654051,3.59135127
13.529,2329.56,14.3638025,3.59095063
13.53,2329.2,14.3622,3.59054999
13.531,2328.84,14.3605974,3.59014935
13.532,2328.48,14.3589948,3.58974871
13.533,2328.12,14.3573923,3.58934807
13.534,2327.76,14.3557897,3.58894743
13.535,2327.4,14.3541871,3.58854679
13.536,2327.04,14.3525846,3.58814615
13.537,2326.68,14.350982,3.5877455
13.538,2326.32,14.3493795,3.58734486
13.539,2325.96,14.3477769,3.58694422
13.54,2325.6,14.3461743,3.58654358
13.541,2325.24,14.3445718,3.58614294
13.542,2324.88,14.3429692,3.5857423
13.543,2324.52,14.3413666,3.58534166
13.544,2324.16,14.3397641,3.58494102
13.545,2323.8,14.3381615,3.58454038
13.546,2323.44,14.3365589,3.58413974
13.547,2323.08,14.3349564,3.58373909
13.548,2322.72,14.3333538,3.58333845
13.549,2322.36,14.3317512,3.58293781
13.55,2322,14.3301487,3.58253717
13.551,2321.64,14.3285461,3.58213653
13.552,2321.28,14.3269436,3.58173589
13.553,2320.92,14.325341,3.58133525
13.554,2320.56,14.3237384,3.58093461
13.555,2320.2,14.3221359,3.58053397
13.556,2319.84,14.3205333,3.58013333
13.557,2319.48,14.3189307,3.57973268
13.558,2319.12,14.3173282,3.57933204
13.559,2318.76,14.3157256,3.5789314
13.56,2318.4,14.314123,3.57853076
13.561,2318.04,14.3125205,3.57813012
13.562,2317.68,14.3109179,3.57772948
13.563,2317.32,14.3093154,3.57732884
13.564,2316.96,14.3077128,3.5769282
13.565,2316.6,14.3061102,3.57652756
13.566,2316.24,14.3045077,3.57612691
13.567,2315.88,14.3029051,3.57572627
13.568,2315.52,14.3013025,3.57532563
13.569,2315.16,14.2997,3.57492499
13.57,2314.8,14.2980974,3.57452435
13.571,2314.44,14.2964948,3.57412371
13.572,2314.08,14.2948923,3.57372307
13.573,2313.72,14.2932897,3.57332243
13.574,2313.36,14.2916871,3.57292179
13.575,2313,14.2900846,3.57252115
13.576,2312.64,14.288482,3.5721205
13.577,2312.28,14.2868795,3.57171986
13.578,2311.92,14.2852769,3.57131922
13.579,2311.56,14.2836743,3.57091858
13.58,2311.2,14.2820718,3.57051794
13.581,2310.84,14.2804692,3.5701173
13.582,2310.48,14.2788666,3.56971666
13.583,2310.12,14.2772641,3.56931602
13.584,2309.76,14.2756615,3.56891538
13.585,2309.4,14.2740589,3.56851474
13.586,2309.04,14.2724564,3.56811409
13.587,2308.68,14.2708538,3.56771345
13.588,2308.32,14.2692512,3.56731281
13.589,2307.96,14.2676487,3.56691217
13.59,2307.6,14.2660461,3.56651153
13.591,2307.24,14.2644436,3.56611089
13.592,2306.88,14.262841,3.56571025
13.593,2306.52,14.2612384,3.56530961
13.594,2306.16,14.2596359,3.56490897
13.595,2305.8,14.2580333,3.56450833
13.596,2305.44,14.2564307,3.56410768
13.597,2305.08,14.2548282,3.56370704
13.598,2304.72,14.2532256,3.5633064
13.599,2304.36,14.251623,3.56290576
13.6,2304,14.2500205,3.56250512
13.601,2303.64,14.2484179,3.56210448
13.602,2303.28,14.2468154,3.56170384
13.603,2302.92,14.2452128,3.5613032
13.604,2302.56,14.2436102,3.56090256
13.605,2302.2,14.2420077,3.56050191
13.606,2301.84,14.2404051,3.56010127
13.607,2301.48,14.2388025,3.55970063
13.608,2301.12,14.2372,3.55929999
13.609,2300.76,14.2355974,3.55889935
13.61,2300.4,14.2339948,3.55849871
13.611,2300.04,14.2323923,3.55809807
13.612,2299.68,14.2307897,3.55769743
13.613,2299.32,14.2291871,3.55729679
13.614,2298.96,14.2275846,3.55689615
13.615,2298.6,14.225982,3.5564955
13.616,2298.24,14.2243795,3.55609486
13.617,2297.88,14.2227769,3.55569422
13.618,2297.52,14.2211743,3.55529358
13.619,2297.16,14.2195718,3.55489294
13.62,2296.8,14.2179692,3.5544923
13.621,2296.44,14.2163666,3.55409166
13.622,2296.08,14.2147641,3.55369102
13.623,2295.72,14.2131615,3.55329038
13.624,2295.36,14.2115589,3.55288974
13.625,2295,14.2099564,3.55248909
13.626,2294.64,14.2083538,3.55208845
13.627,2294.28,14.2067512,3.55168781
13.628,2293.92,14.2051487,3.55128717
13.629,2293.56,14.2035461,3.55088653
13.63,2293.2,14.2019436,3.55048589
13.631,2292.84,14.200341,3.55008525
13.632,2292.48,14.1987384,3.54968461
13.633,2292.12,14.1971359,3.54928397
13.634,2291.76,14.1955333,3.54888333
13.635,2291.4,14.1939307,3.54848268
13.636,2291.04,14.1923282,3.54808204
13.637,2290.68,14.1907256,3.5476814
13.638,2290.32,14.189123,3.54728076
13.639,2289.96,14.1875205,3.54688012
13.64,2289.6,14.1859179,3.54647948
13.641,2289.24,14.1843154,3.54607884
13.642,2288.88,14.1827128,3.5456782
13.643,2288.52,14.1811102,3.54527756
13.644,2288.16,14.1795077,3.54487691
13.645,2287.8,14.1779051,3.54447627
13.646,2287.44,14.1763025,3.54407563
13.647,2287.08,14.1747,3.54367499
13.648,2286.72,14.1730974,3.54327435
13.649,2286.36,14.1714948,3.54287371
13.65,2286,14.1698923,3.54247307
13.651,2285.64,14.1682897,3.54207243
13.652,2285.28,14.1666871,3.54167179
13.653,2284.92,14.1650846,3.54127115
13.654,2284.56,14.163482,3.5408705
13.655,2284.2,14.1618795,3.54046986
13.656,2283.84,14.1602769,3.54006922
13.657,2283.48,14.1586743,3.53966858
13.658,2283.12,14.1570718,3.53926794
13.659,2282.76,14.1554692,3.5388673
13.66,2282.4,14.1538666,3.53846666
13.661,2282.04,14.1522641,3.53806602
13.662,2281.68,14.1506615,3.53766538
13.663,2281.32,14.1490589,3.53726474
13.664,2280.96,14.1474564,3.53686409
13.665,2280.6,14.1458538,3.53646345
13.666,2280.24,14.1442512,3.53606281
13.667,2279.88,14.1426487,3.53566217
13.668,2279.52,14.1410461,3.53526153
13.669,2279.16,14.1394436,3.53486089
13.67,2278.8,14.137841,3.53446025
13.671,2278.44,14.1362384,3.53405961
13.672,2278.08,14.1346359,3.53365897
13.673,2277.72,14.1330333,3.53325833
13.674,2277.36,14.1314307,3.53285768
13.675,2277,14.1298282,3.53245704
13.676,2276.64,14.1282256,3.5320564
13.677,2276.28,14.126623,3.53165576
13.678,2275.92,14.1250205,3.53125512
13.679,2275.56,14.1234179,3.53085448
13.68,2275.2,14.1218154,3.53045384
13.681,2274.84,14.1202128,3.5300532
13.682,2274.48,14.1186102,3.52965256
13.683,2274.12,14.1170077,3.52925191
13.684,2273.76,14.1154051,3.52885127
13.685,2273.4,14.1138025,3.52845063
13.686,2273.04,14.1122,3.52804999
13.687,2272.68,14.1105974,3.52764935
13.688,2272.32,14.1089948,3.52724871
13.689,2271.96,14.1073923,3.52684807
13.69,2271.6,14.1057897,3.52644743
13.691,2271.24,14.1041871,3.52604679
13.692,2270.88,14.1025846,3.52564615
13.693,2270.52,14.100982,3.5252455
13.694,2270.16,14.0993795,3.52484486
13.695,2269.8,14.0977769,3.52444422
13.696,2269.44,14.0961743,3.52404358
13.697,2269.08,14.0945718,3.52364294
13.698,2268.72,14.0929692,3.5232423
13.699,2268.36,14.0913666,3.52284166
13.7,2268,14.0897641,3.52244102
13.701,2267.64,14.0881615,3.52204038
13.702,2267.28,14.0865589,3.52163974
13.703,2266.92,14.0849564,3.52123909
13.704,2266.56,14.0833538,3.52083845
13.705,2266.2,14.0817512,3.52043781
13.706,2265.84,14.0801487,3.52003717
13.707,2265.48,14.0785461,3.51963653
13.708,2265.12,14.0769436,3.51923589
13.709,2264.76,14.075341,3.51883525
13.71,2264.4,14.0737384,3.51843461
13.711,2264.04,14.0721359,3.51803397
13.712,2263.68,14.0705333,3.51763333
13.713,2263.32,14.0689307,3.51723268
13.714,2262.96,14.0673282,3.51683204
13.715,2262.6,14.0657256,3.5164314
13.716,2262.24,14.064123,3.51603076
13.717,2261.88,14.0625205,3.51563012
13.718,2261.52,14.0609179,3.51522948
13.719,2261.16,14.0593154,3.51482884
13.72,2260.8,14.0577128,3.5144282
13.721,2260.44,14.0561102,3.51402756
13.722,2260.08,14.0545077,3.51362691
13.723,2259.72,14.0529051,3.51322627
13.724,2259.36,14.0513025,3.51282563
13.725,2259,14.0497,3.51242499
13.726,2258.64,14.0480974,3.51202435
13.727,2258.28,14.0464948,3.51162371
13.728,2257.92,14.0448923,3.51122307
13.729,2257.56,14.0432897,3.51082243
13.73,2257.2,14.0416871,3.51042179
13.731,2256.84,14.0400846,3.51002115
13.732,2256.48,14.038482,3.5096205
13.733,2256.12,14.0368795,3.50921986
13.734,2255.76,14.0352769,3.50881922
13.735,2255.4,14.0336743,3.50841858
13.736,2255.04,14.0320718,3.50801794
13.737,2254.68,14.0304692,3.5076173
13.738,2254.32,14.0288666,3.50721666
13.739,2253.96,14.0272641,3.50681602
13.74,2253.6,14.0256615,3.50641538
13.741,2253.24,14.0240589,3.50601474
13.742,2252.88,14.0224564,3.50561409
13.743,2252.52,14.0208538,3.50521345
13.744,2252.16,14.0192512,3.50481281
13.745,2251.8,14.0176487,3.50441217
13.746,2251.44,14.0160461,3.50401153
13.747,2251.08,14.0144436,3.50361089
13.748,2250.72,14.012841,3.50321025
13.749,2250.36,14.0112384,3.50280961
13.75,2250,14.0096359,3.50240897
13.751,2249.64,14.0080333,3.50200833
13.752,2249.28,14.0064307,3.50160768
13.753,2248.92,14.0048282,3.50120704
13.754,2248.56,14.0032256,3.5008064
13.755,2248.2,14.001623,3.50040576
13.756,2247.84,14.0000205,3.50000512
13.757,2247.48,13.9984179,3.49960448
13.758,2247.12,13.9968154,3.49920384
13.759,2246.76,13.9952128,3.4988032
13.76,2246.4,13.9936102,3.49840256
13.761,2246.04,13.9920077,3.49800191
13.762,2245.68,13.9904051,3.49760127
13.763,2245.32,13.9888025,3.49720063
13.764,2244.96,13.9872,3.49679999
13.765,2244.6,13.9855974,3.49639935
13.766,2244.24,13.9839948,3.49599871
13.767,2243.88,13.9823923,3.49559807
13.768,2243.52,13.9807897,3.49519743
13.769,2243.16,13.9791871,3.49479679
13.77,2242.8,13.9775846,3.49439615
13.771,2242.44,13.975982,3.4939955
13.772,2242.08,13.9743795,3.49359486
13.773,2241.72,13.9727769,3.49319422
13.774,2241.36,13.9711743,3.49279358
13.775,2241,13.9695718,3.49239294
13.776,2240.64,13.9679692,3.4919923
13.777,2240.28,13.9663666,3.49159166
13.778,2239.92,13.9647641,3.49119102
13.779,2239.56,13.9631615,3.49079038
13.78,2239.2,13.9615589,3.49038974
13.781,2238.84,13.9599564,3.48998909
13.782,2238.48,13.9583538,3.48958845
13.783,2238.12,13.9567512,3.48918781
13.784,2237.76,13.9551487,3.48878717
13.785,2237.4,13.9535461,3.48838653
13.786,2237.04,13.9519436,3.48798589
13.787,2236.68,13.950341,3.48758525
13.788,2236.32,13.9487384,3.48718461
13.789,2235.96,13.9471359,3.48678397
13.79,2235.6,13.9455333,3.48638333
13.791,2235.24,13.9439307,3.48598268
13.792,2234.88,13.9423282,3.48558204
13.793,2234.52,13.9407256,3.4851814
13.794,2234.16,13.939123,3.48478076
13.795,2233.8,13.9375205,3.48438012
13.796,2233.44,13.9359179,3.48397948
13.797,2233.08,13.9343154,3.48357884
13.798,2232.72,13.9327128,3.4831782
13.799,2232.36,13.9311102,3.48277756
13.8,2232,13.9295077,3.48237691
13.801,2231.64,13.9279051,3.48197627
13.802,2231.28,13.9263025,3.48157563
13.803,2230.92,13.9247,3.48117499
13.804,2230.56,13.9230974,3.48077435
13.805,2230.2,13.9214948,3.48037371
13.806,2229.84,13.9198923,3.47997307
13.807,2229.48,13.9182897,3.47957243
13.808,2229.12,13.9166871,3.47917179
13.809,2228.76,13.9150846,3.47877115
13.81,2228.4,13.913482,3.4783705
13.811,2228.04,13.9118795,3.47796986
13.812,2227.68,13.9102769,3.47756922
13.813,2227.32,13.9086743,3.47716858
13.814,2226.96,13.9070718,3.47676794
13.815,2226.6,13.9054692,3.4763673
13.816,2226.24,13.9038666,3.47596666
13.817,2225.88,13.9022641,3.47556602
13.818,2225.52,13.9006615,3.47516538
13.819,2225.16,13.8990589,3.47476474
13.82,2224.8,13.8974564,3.47436409
13.821,2224.44,13.8958538,3.47396345
13.822,2224.08,13.8942512,3.47356281
13.823,2223.72,13.8926487,3.47316217
13.824,2223.36,13.8910461,3.47276153
13.825,2223,13.8894436,3.47236089
13.826,2222.64,13.887841,3.47196025
13.827,2222.28,13.8862384,3.47155961
13.828,2221.92,13.8846359,3.47115897
13.829,2221.56,13.8830333,3.47075833
13.83,2221.2,13.8814307,3.47035768
13.831,2220.84,13.8798282,3.46995704
13.832,2220.48,13.8782256,3.4695564
13.833,2220.12,13.876623,3.46915576
13.834,2219.76,13.8750205,3.46875512
13.835,2219.4,13.8734179,3.46835448
13.836,2219.04,13.8718154,3.46795384
13.837,2218.68,13.8702128,3.4675532
13.838,2218.32,13.8686102,3.46715256
13.839,2217.96,13.8670077,3.46675191
13.84,2217.6,13.8654051,3.46635127
13.841,2217.24,13.8638025,3.46595063
13.842,2216.88,13.8622,3.46554999
13.843,2216.52,13.8605974,3.46514935
13.844,2216.16,13.8589948,3.46474871
13.845,2215.8,13.8573923,3.46434807
13.846,2215.44,13.8557897,3.46394743
13.847,2215.08,13.8541871,3.46354679
13.848,2214.72,13.8525846,3.46314615
13.849,2214.36,13.850982,3.4627455
13.85,2214,13.8493795,3.46234486
13.851,2213.64,13.8477769,3.46194422
13.852,2213.28,13.8461743,3.46154358
13.853,2212.92,13.8445718,3.46114294
13.854,2212.56,13.8429692,3.4607423
13.855,2212.2,13.8413666,3.46034166
13.856,2211.84,13.8397641,3.45994102
13.857,2211.48,13.8381615,3.45954038
13.858,2211.12,13.8365589,3.45913974
13.859,2210.76,13.8349564,3.45873909
13.86,2210.4,13.8333538,3.45833845
13.861,2210.04,13.8317512,3.45793781
13.862,2209.68,13.8301487,3.45753717
13.863,2209.32,13.8285461,3.45713653
13.864,2208.96,13.8269436,3.45673589
13.865,2208.6,13.825341,3.45633525
13.866,2208.24,13.8237384,3.45593461
13.867,2207.88,13.8221359,3.45553397
13.868,2207.52,13.8205333,3.45513333
13.869,2207.16,13.8189307,3.45473268
13.87,2206.8,13.8173282,3.45433204
13.871,2206.44,13.8157256,3.4539314
13.872,2206.08,13.814123,3.45353076
13.873,2205.72,13.8125205,3.45313012
13.874,2205.36,13.8109179,3.45272948
13.875,2205,13.8093154,3.45232884
13.876,2204.64,13.8077128,3.4519282
13.877,2204.28,13.8061102,3.45152756
13.878,2203.92,13.8045077,3.45112691
13.879,2203.56,13.8029051,3.45072627
13.88,2203.2,13.8013025,3.45032563
13.881,2202.84,13.7997,3.44992499
13.882,2202.48,13.7980974,3.44952435
13.883,2202.12,13.7964948,3.44912371
13.884,2201.76,13.7948923,3.44872307
13.885,2201.4,13.7932897,3.44832243
13.886,2201.04,13.7916871,3.44792179
13.887,2200.68,13.7900846,3.44752115
13.888,2200.32,13.788482,3.4471205
13.889,2199.96,13.7868795,3.44671986
13.89,2199.6,13.7852769,3.44631922
13.891,2199.24,13.7836743,3.44591858
13.892,2198.88,13.7820718,3.44551794
13.893,2198.52,13.7804692,3.4451173
13.894,2198.16,13.7788666,3.44471666
13.895,2197.8,13.7772641,3.44431602
13.896,2197.44,13.7756615,3.44391538
13.897,2197.08,13.7740589,3.44351474
13.898,2196.72,13.7724564,3.44311409
13.899,2196.36,13.7708538,3.44271345
13.9,2196,13.7692512,3.44231281
13.901,2195.64,13.7676487,3.44191217
13.902,2195.28,13.7660461,3.44151153
13.903,2194.92,13.7644436,3.44111089
13.904,2194.56,13.762841,3.44071025
13.905,2194.2,13.7612384,3.44030961
13.906,2193.84,13.7596359,3.43990897
13.907,2193.48,13.7580333,3.43950833
13.908,2193.12,13.7564307,3.43910768
13.909,2192.76,13.7548282,3.43870704
13.91,2192.4,13.7532256,3.4383064
13.911,2192.04,13.751623,3.43790576
13.912,2191.68,13.7500205,3.43750512
13.913,2191.32,13.7484179,3.43710448
13.914,2190.96,13.7468154,3.43670384
13.915,2190.6,13.7452128,3.4363032
13.916,2190.24,13.7436102,3.43590256
13.917,2189.88,13.7420077,3.43550191
13.918,2189.52,13.7404051,3.43510127
13.919,2189.16,13.7388025,3.43470063
13.92,2188.8,13.7372,3.43429999
13.921,2188.44,13.7355974,3.43389935
13.922,2188.08,13.7339948,3.43349871
13.923,2187.72,13.7323923,3.43309807
13.924,2187.36,13.7307897,3.43269743
13.925,2187,13.7291871,3.43229679
13.926,2186.64,13.7275846,3.43189615
13.927,2186.28,13.725982,3.4314955
13.928,2185.92,13.7243795,3.43109486
13.929,2185.56,13.7227769,3.43069422
13.93,2185.2,13.7211743,3.43029358
13.931,2184.84,13.7195718,3.42989294
13.932,2184.48,13.7179692,3.4294923
13.933,2184.12,13.7163666,3.42909166
13.934,2183.76,13.7147641,3.42869102
13.935,2183.4,13.7131615,3.42829038
13.936,2183.04,13.7115589,3.42788974
13.937,2182.68,13.7099564,3.42748909
13.938,2182.32,13.7083538,3.42708845
13.939,2181.96,13.7067512,3.42668781
13.94,2181.6,13.7051487,3.42628717
13.941,2181.24,13.7035461,3.42588653
13.942,2180.88,13.7019436,3.42548589
13.943,2180.52,13.700341,3.42508525
13.944,2180.16,13.6987384,3.42468461
13.945,2179.8,13.6971359,3.42428397
13.946,2179.44,13.6955333,3.42388333
13.947,2179.08,13.6939307,3.42348268
13.948,2178.72,13.6923282,3.42308204
13.949,2178.36,13.6907256,3.4226814
13.95,2178,13.689123,3.42228076
13.951,2177.64,13.6875205,3.42188012
13.952,2177.28,13.6859179,3.42147948
13.953,2176.92,13.6843154,3.42107884
13.954,2176.56,13.6827128,3.4206782
13.955,2176.2,13.6811102,3.42027756
13.956,2175.84,13.6795077,3.41987691
13.957,2175.48,13.6779051,3.41947627
13.958,2175.12,13.6763025,3.41907563
13.959,2174.76,13.6747,3.41867499
13.96,2174.4,13.6730974,3.41827435
13.961,2174.04,13.6714948,3.41787371
13.962,2173.68,13.6698923,3.41747307
13.963,2173.32,13.6682897,3.41707243
13.964,2172.96,13.6666871,3.41667179
13.965,2172.6,13.6650846,3.41627115
13.966,2172.24,13.663482,3.4158705
13.967,2171.88,13.6618795,3.41546986
13.968,2171.52,13.6602769,3.41506922
13.969,2171.16,13.6586743,3.41466858
13.97,2170.8,13.6570718,3.41426794
13.971,2170.44,13.6554692,3.4138673
13.972,2170.08,13.6538666,3.41346666
13.973,2169.72,13.6522641,3.41306602
13.974,2169.36,13.6506615,3.41266538
13.975,2169,13.6490589,3.41226474
13.976,2168.64,13.6474564,3.41186409
13.977,2168.28,13.6458538,3.41146345
13.978,2167.92,13.6442512,3.41106281
13.979,2167.56,13.6426487,3.41066217
13.98,2167.2,13.6410461,3.41026153
13.981,2166.84,13.6394436,3.40986089
13.982,2166.48,13.637841,3.40946025
13.983,2166.12,13.6362384,3.40905961
13.984,2165.76,13.6346359,3.40865897
13.985,2165.4,13.6330333,3.40825833
13.986,2165.04,13.6314307,3.40785768
13.987,2164.68,13.6298282,3.40745704
13.988,2164.32,13.6282256,3.4070564
13.989,2163.96,13.626623,3.40665576
13.99,2163.6,13.6250205,3.40625512
13.991,2163.24,13.6234179,3.40585448
13.992,2162.88,13.6218154,3.40545384
13.993,2162.52,13.6202128,3.4050532
13.994,2162.16,13.6186102,3.40465256
13.995,2161.8,13.6170077,3.40425191
13.996,2161.44,13.6154051,3.40385127
13.997,2161.08,13.6138025,3.40345063
13.998,2160.72,13.6122,3.40304999
13.999,2160.36,13.6105974,3.40264935
14,2160,13.6089948,3.40224871
14.001,2159.64,13.6073923,3.40184807
14.002,2159.28,13.6057897,3.40144743
14.003,2158.92,13.6041871,3.40104679
14.004,2158.56,13.6025846,3.40064615
14.005,2158.2,13.600982,3.4002455
14.006,2157.84,13.5993795,3.39984486
14.007,2157.48,13.5977769,3.39944422
14.008,2157.12,13.5961743,3.39904358
14.009,2156.76,13.5945718,3.39864294
14.01,2156.4,13.5929692,3.3982423
14.011,2156.04,13.5913666,3.39784166
14.012,2155.68,13.5897641,3.39744102
14.013,2155.32,13.5881615,3.39704038
14.014,2154.96,13.5865589,3.39663974
14.015,2154.6,13.5849564,3.39623909
14.016,2154.24,13.5833538,3.39583845
14.017,2153.88,13.5817512,3.39543781
14.018,2153.52,13.5801487,3.39503717
14.019,2153.16,13.5785461,3.39463653
14.02,2152.8,13.5769436,3.39423589
14.021,2152.44,13.575341,3.39383525
14.022,2152.08,13.5737384,3.39343461
14.023,2151.72,13.5721359,3.39303397
14.024,2151.36,13.5705333,3.39263333
14.025,2151,13.5689307,3.39223268
14.026,2150.64,13.5673282,3.39183204
14.027,2150.28,13.5657256,3.3914314
14.028,2149.92,13.564123,3.39103076
14.029,2149.56,13.5625205,3.39063012
14.03,2149.2,13.5609179,3.39022948
14.031,2148.84,13.5593154,3.38982884
14.032,2148.48,13.5577128,3.3894282
14.033,2148.12,13.5561102,3.38902756
14.034,2147.76,13.5545077,3.38862691
14.035,2147.4,13.5529051,3.38822627
14.036,2147.04,13.5513025,3.38782563
14.037,2146.68,13.5497,3.38742499
14.038,2146.32,13.5480974,3.38702435
14.039,2145.96,13.5464948,3.38662371
14.04,2145.6,13.5448923,3.38622307
14.041,2145.24,13.5432897,3.38582243
14.042,2144.88,13.5416871,3.38542179
14.043,2144.52,13.5400846,3.38502115
14.044,2144.16,13.538482,3.3846205
14.045,2143.8,13.5368795,3.38421986
14.046,2143.44,13.5352769,3.38381922
14.047,2143.08,13.5336743,3.38341858
14.048,2142.72,13.5320718,3.38301794
14.049,2142.36,13.5304692,3.3826173
14.05,2142,13.5288666,3.38221666
14.051,2141.64,13.5272641,3.38181602
14.052,2141.28,13.5256615,3.38141538
14.053,2140.92,13.5240589,3.38101474
14.054,2140.56,13.5224564,3.38061409
14.055,2140.2,13.5208538,3.38021345
14.056,2139.84,13.5192512,3.37981281
14.057,2139.48,13.5176487,3.37941217
14.058,2139.12,13.5160461,3.37901153
14.059,2138.76,13.5144436,3.37861089
14.06,2138.4,13.512841,3.37821025
14.061,2138.04,13.5112384,3.37780961
14.062,2137.68,13.5096359,3.37740897
14.063,2137.32,13.5080333,3.37700833
14.064,2136.96,13.5064307,3.37660768
14.065,2136.6,13.5048282,3.37620704
14.066,2136.24,13.5032256,3.3758064
14.067,2135.88,13.501623,3.37540576
14.068,2135.52,13.5000205,3.37500512
14.069,2135.16,13.4984179,3.37460448
14.07,2134.8,13.4968154,3.37420384
14.071,2134.44,13.4952128,3.3738032
14.072,2134.08,13.4936102,3.37340256
14.073,2133.72,13.4920077,3.37300191
14.074,2133.36,13.4904051,3.37260127
14.075,2133,13.4888025,3.37220063
14.076,2132.64,13.4872,3.37179999
14.077,2132.28,13.4855974,3.37139935
14.078,2131.92,13.4839948,3.37099871
14.079,2131.56,13.4823923,3.37059807
14.08,2131.2,13.4807897,3.37019743
14.081,2130.84,13.4791871,3.36979679
14.082,2130.48,13.4775846,3.36939615
14.083,2130.12,13.475982,3.3689955
14.084,2129.76,13.4743795,3.36859486
14.085,2129.4,13.4727769,3.36819422
14.086,2129.04,13.4711743,3.36779358
14.087,2128.68,13.4695718,3.36739294
14.088,2128.32,13.4679692,3.3669923
14.089,2127.96,13.4663666,3.36659166
14.09,2127.6,13.4647641,3.36619102
14.091,2127.24,13.4631615,3.36579038
14.092,2126.88,13.4615589,3.36538974
14.093,2126.52,13.4599564,3.36498909
14.094,2126.16,13.4583538,3.36458845
14.095,2125.8,13.4567512,3.36418781
14.096,2125.44,13.4551487,3.36378717
14.097,2125.08,13.4535461,3.36338653
14.098,2124.72,13.4519436,3.36298589
14.099,2124.36,13.450341,3.36258525
14.1,2124,13.4487384,3.36218461
14.101,2123.64,13.4471359,3.36178397
14.102,2123.28,13.4455333,3.36138333
14.103,2122.92,13.4439307,3.36098268
14.104,2122.56,13.4423282,3.36058204
14.105,2122.2,13.4407256,3.3601814
14.106,2121.84,13.439123,3.35978076
14.107,2121.48,13.4375205,3.35938012
14.108,2121.12,13.4359179,3.35897948
14.109,2120.76,13.4343154,3.35857884
14.11,2120.4,13.4327128,3.3581782
14.111,2120.04,13.4311102,3.35777756
14.112,2119.68,13.4295077,3.35737691
14.113,2119.32,13.4279051,3.35697627
14.114,2118.96,13.4263025,3.35657563
14.115,2118.6,13.4247,3.35617499
14.116,2118.24,13.4230974,3.35577435
14.117,2117.88,13.4214948,3.35537371
14.118,2117.52,13.4198923,3.35497307
14.119,2117.16,13.4182897,3.35457243
14.12,2116.8,13.4166871,3.35417179
14.121,2116.44,13.4150846,3.35377115
14.122,2116.08,13.413482,3.3533705
14.123,2115.72,13.4118795,3.35296986
14.124,2115.36,13.4102769,3.35256922
14.125,2115,13.4086743,3.35216858
14.126,2114.64,13.4070718,3.35176794
14.127,2114.28,13.4054692,3.3513673
14.128,2113.92,13.4038666,3.35096666
14.129,2113.56,13.4022641,3.35056602
14.13,2113.2,13.4006615,3.35016538
14.131,2112.84,13.3990589,3.34976474
14.132,2112.48,13.3974564,3.34936409
14.133,2112.12,13.3958538,3.34896345
14.134,2111.76,13.3942512,3.34856281
14.135,2111.4,13.3926487,3.34816217
14.136,2111.04,13.3910461,3.34776153
14.137,2110.68,13.3894436,3.34736089
14.138,2110.32,13.387841,3.34696025
14.139,2109.96,13.3862384,3.34655961
14.14,2109.6,13.3846359,3.34615897
14.141,2109.24,13.3830333,3.34575833
14.142,2108.88,13.3814307,3.34535768
14.143,2108.52,13.3798282,3.34495704
14.144,2108.16,13.3782256,3.3445564
14.145,2107.8,13.376623,3.34415576
14.146,2107.44,13.3750205,3.34375512
14.147,2107.08,13.3734179,3.34335448
14.148,2106.72,13.3718154,3.34295384
14.149,2106.36,13.3702128,3.3425532
14.15,2106,13.3686102,3.34215256
14.151,2105.64,13.3670077,3.34175191
14.152,2105.28,13.3654051,3.34135127
14.153,2104.92,13.3638025,3.34095063
14.154,2104.56,13.3622,3.34054999
14.155,2104.2,13.3605974,3.34014935
14.156,2103.84,13.3589948,3.33974871
14.157,2103.48,13.3573923,3.33934807
14.158,2103.12,13.3557897,3.33894743
14.159,2102.76,13.3541871,3.33854679
14.16,2102.4,13.3525846,3.33814615
14.161,2102.04,13.350982,3.3377455
14.162,2101.68,13.3493795,3.33734486
14.163,2101.32,13.3477769,3.33694422
14.164,2100.96,13.3461743,3.33654358
14.165,2100.6,13.3445718,3.33614294
14.166,2100.24,13.3429692,3.3357423
14.167,2099.88,13.3413666,3.33534166
14.168,2099.52,13.3397641,3.33494102
14.169,2099.16,13.3381615,3.33454038
14.17,2098.8,13.3365589,3.33413974
14.171,2098.44,13.3349564,3.33373909
14.172,2098.08,13.3333538,3.33333845
14.173,2097.72,13.3317512,3.33293781
14.174,2097.36,13.3301487,3.33253717
14.175,2097,13.3285461,3.33213653
14.176,2096.64,13.3269436,3.33173589
14.177,2096.28,13.325341,3.33133525
14.178,2095.92,13.3237384,3.33093461
14.179,2095.56,13.3221359,3.33053397
14.18,2095.2,13.3205333,3.33013333
14.181,2094.84,13.3189307,3.32973268
14.182,2094.48,13.3173282,3.32933204
14.183,2094.12,13.3157256,3.3289314
14.184,2093.76,13.314123,3.32853076
14.185,2093.4,13.3125205,3.32813012
14.186,2093.04,13.3109179,3.32772948
14.187,2092.68,13.3093154,3.32732884
14.188,2092.32,13.3077128,3.3269282
14.189,2091.96,13.3061102,3.32652756
14.19,2091.6,13.3045077,3.32612691
14.191,2091.24,13.3029051,3.32572627
14.192,2090.88,13.3013025,3.32532563
14.193,2090.52,13.2997,3.32492499
14.194,2090.16,13.2980974,3.32452435
14.195,2089.8,13.2964948,3.32412371
14.196,2089.44,13.2948923,3.32372307
14.197,2089.08,13.2932897,3.32332243
14.198,2088.72,13.2916871,3.32292179
14.199,2088.36,13.2900846,3.32252115
14.2,2088,13.288482,3.3221205
14.201,2087.64,13.2868795,3.32171986
14.202,2087.28,13.2852769,3.32131922
14.203,2086.92,13.2836743,3.32091858
14.204,2086.56,13.2820718,3.32051794
14.205,2086.2,13.2804692,3.3201173
14.206,2085.84,13.2788666,3.31971666
14.207,2085.48,13.2772641,3.31931602
14.208,2085.12,13.2756615,3.31891538
14.209,2084.76,13.2740589,3.31851474
14.21,2084.4,13.2724564,3.31811409
14.211,2084.04,13.2708538,3.31771345
14.212,2083.68,13.2692512,3.31731281
14.213,2083.32,13.2676487,3.31691217
14.214,2082.96,13.2660461,3.31651153
14.215,2082.6,13.2644436,3.31611089
14.216,2082.24,13.262841,3.31571025
14.217,2081.88,13.2612384,3.31530961
14.218,2081.52,13.2596359,3.31490897
14.219,2081.16,13.2580333,3.31450833
14.22,2080.8,13.2564307,3.31410768
14.221,2080.44,13.2548282,3.31370704
14.222,2080.08,13.2532256,3.3133064
14.223,2079.72,13.251623,3.31290576
14.224,2079.36,13.2500205,3.31250512
14.225,2079,13.2484179,3.31210448
14.226,2078.64,13.2468154,3.31170384
14.227,2078.28,13.2452128,3.3113032
14.228,2077.92,13.2436102,3.31090256
14.229,2077.56,13.2420077,3.31050191
14.23,2077.2,13.2404051,3.31010127
14.231,2076.84,13.2388025,3.30970063
14.232,2076.48,13.2372,3.30929999
14.233,2076.12,13.2355974,3.30889935
14.234,2075.76,13.2339948,3.30849871
14.235,2075.4,13.2323923,3.30809807
14.236,2075.04,13.2307897,3.30769743
14.237,2074.68,13.2291871,3.30729679
14.238,2074.32,13.2275846,3.30689615
14.239,2073.96,13.225982,3.3064955
14.24,2073.6,13.2243795,3.30609486
14.241,2073.24,13.2227769,3.30569422
14.242,2072.88,13.2211743,3.30529358
14.243,2072.52,13.2195718,3.30489294
14.244,2072.16,13.2179692,3.3044923
14.245,2071.8,13.2163666,3.30409166
14.246,2071.44,13.2147641,3.30369102
14.247,2071.08,13.2131615,3.30329038
14.248,2070.72,13.2115589,3.30288974
14.249,2070.36,13.2099564,3.30248909
14.25,2070,13.2083538,3.30208845
14.251,2069.64,13.2067512,3.30168781
14.252,2069.28,13.2051487,3.30128717
14.253,2068.92,13.2035461,3.30088653
14.254,2068.56,13.2019436,3.30048589
14.255,2068.2,13.200341,3.30008525
14.256,2067.84,13.1987384,3.29968461
14.257,2067.48,13.1971359,3.29928397
14.258,2067.12,13.1955333,3.29888333
14.259,2066.76,13.1939307,3.29848268
14.26,2066.4,13.1923282,3.29808204
14.261,2066.04,13.1907256,3.2976814
14.262,2065.68,13.189123,3.29728076
14.263,2065.32,13.1875205,3.29688012
14.264,2064.96,13.1859179,3.29647948
14.265,2064.6,13.1843154,3.29607884
14.266,2064.24,13.1827128,3.2956782
14.267,2063.88,13.1811102,3.29527756
14.268,2063.52,13.1795077,3.29487691
14.269,2063.16,13.1779051,3.29447627
14.27,2062.8,13.1763025,3.29407563
14.271,2062.44,13.1747,3.29367499
14.272,2062.08,13.1730974,3.29327435
14.273,2061.72,13.1714948,3.29287371
14.274,2061.36,13.1698923,3.29247307
14.275,2061,13.1682897,3.29207243
14.276,2060.64,13.1666871,3.29167179
14.277,2060.28,13.1650846,3.29127115
14.278,2059.92,13.163482,3.2908705
14.279,2059.56,13.1618795,3.29046986
14.28,2059.2,13.1602769,3.29006922
14.281,2058.84,13.1586743,3.28966858
14.282,2058.48,13.1570718,3.28926794
14.283,2058.12,13.1554692,3.2888673
14.284,2057.76,13.1538666,3.28846666
14.285,2057.4,13.1522641,3.28806602
14.286,2057.04,13.1506615,3.28766538
14.287,2056.68,13.1490589,3.28726474
14.288,2056.32,13.1474564,3.28686409
14.289,2055.96,13.1458538,3.28646345
14.29,2055.6,13.1442512,3.28606281
14.291,2055.24,13.1426487,3.28566217
14.292,2054.88,13.1410461,3.28526153
14.293,2054.52,13.1394436,3.28486089
14.294,2054.16,13.137841,3.28446025
14.295,2053.8,13.1362384,3.28405961
14.296,2053.44,13.1346359,3.28365897
14.297,2053.08,13.1330333,3.28325833
14.298,2052.72,13.1314307,3.28285768
14.299,2052.36,13.1298282,3.28245704
14.3,2052,13.1282256,3.2820564
14.301,2051.64,13.126623,3.28165576
14.302,2051.28,13.1250205,3.28125512
14.303,2050.92,13.1234179,3.28085448
14.304,2050.56,13.1218154,3.28045384
14.305,2050.2,13.1202128,3.2800532
14.306,2049.84,13.1186102,3.27965256
14.307,2049.48,13.1170077,3.27925191
14.308,2049.12,13.1154051,3.27885127
14.309,2048.76,13.1138025,3.27845063
14.31,2048.4,13.1122,3.27804999
14.311,2048.04,13.1105974,3.27764935
14.312,2047.68,13.1089948,3.27724871
14.313,2047.32,13.1073923,3.27684807
14.314,2046.96,13.1057897,3.27644743
14.315,2046.6,13.1041871,3.27604679
14.316,2046.24,13.1025846,3.27564615
14.317,2045.88,13.100982,3.2752455
14.318,2045.52,13.0993795,3.27484486
14.319,2045.16,13.0977769,3.27444422
14.32,2044.8,13.0961743,3.27404358
14.321,2044.44,13.0945718,3.27364294
14.322,2044.08,13.0929692,3.2732423
14.323,2043.72,13.0913666,3.27284166
14.324,2043.36,13.0897641,3.27244102
14.325,2043,13.0881615,3.27204038
14.326,2042.64,13.0865589,3.27163974
14.327,2042.28,13.0849564,3.27123909
14.328,2041.92,13.0833538,3.27083845
14.329,2041.56,13.0817512,3.27043781
14.33,2041.2,13.0801487,3.27003717
14.331,2040.84,13.0785461,3.26963653
14.332,2040.48,13.0769436,3.26923589
14.333,2040.12,13.075341,3.26883525
14.334,2039.76,13.0737384,3.26843461
14.335,2039.4,13.0721359,3.26803397
14.336,2039.04,13.0705333,3.26763333
14.337,2038.68,13.0689307,3.26723268
14.338,2038.32,13.0673282,3.26683204
14.339,2037.96,13.0657256,3.2664314
14.34,2037.6,13.064123,3.26603076
14.341,2037.24,13.0625205,3.26563012
14.342,2036.88,13.0609179,3.26522948
14.343,2036.52,13.0593154,3.26482884
14.344,2036.16,13.0577128,3.2644282
14.345,2035.8,13.0561102,3.26402756
14.346,2035.44,13.0545077,3.26362691
14.347,2035.08,13.0529051,3.26322627
14.348,2034.72,13.0513025,3.26282563
14.349,2034.36,13.0497,3.26242499
14.35,2034,13.0480974,3.26202435
14.351,2033.64,13.0464948,3.26162371
14.352,2033.28,13.0448923,3.26122307
14.353,2032.92,13.0432897,3.26082243
14.354,2032.56,13.0416871,3.26042179
14.355,2032.2,13.0400846,3.26002115
14.356,2031.84,13.038482,3.2596205
14.357,2031.48,13.0368795,3.25921986
14.358,2031.12,13.0352769,3.25881922
14.359,2030.76,13.0336743,3.25841858
14.36,2030.4,13.0320718,3.25801794
14.361,2030.04,13.0304692,3.2576173
14.362,2029.68,13.0288666,3.25721666
14.363,2029.32,13.0272641,3.25681602
14.364,2028.96,13.0256615,3.25641538
14.365,2028.6,13.0240589,3.25601474
14.366,2028.24,13.0224564,3.25561409
14.367,2027.88,13.0208538,3.25521345
14.368,2027.52,13.0192512,3.25481281
14.369,2027.16,13.0176487,3.25441217
14.37,2026.8,13.0160461,3.25401153
14.371,2026.44,13.0144436,3.25361089
14.372,2026.08,13.012841,3.25321025
14.373,2025.72,13.0112384,3.25280961
14.374,2025.36,13.0096359,3.25240897
14.375,2025,13.0080333,3.25200833
14.376,2024.64,13.0064307,3.25160768
14.377,2024.28,13.0048282,3.25120704
14.378,2023.92,13.0032256,3.2508064
14.379,2023.56,13.001623,3.25040576
14.38,2023.2,13.0000205,3.25000512
14.381,2022.84,12.9984179,3.24960448
14.382,2022.48,12.9968154,3.24920384
14.383,2022.12,12.9952128,3.2488032
14.384,2021.76,12.9936102,3.24840256
14.385,2021.4,12.9920077,3.24800191
14.386,2021.04,12.9904051,3.24760127
14.387,2020.68,12.9888025,3.24720063
14.388,2020.32,12.9872,3.24679999
14.389,2019.96,12.9855974,3.24639935
14.39,2019.6,12.9839948,3.24599871
14.391,2019.24,12.9823923,3.24559807
14.392,2018.88,12.9807897,3.24519743
14.393,2018.52,12.9791871,3.24479679
14.394,2018.16,12.9775846,3.24439615
14.395,2017.8,12.975982,3.2439955
14.396,2017.44,12.9743795,3.24359486
14.397,2017.08,12.9727769,3.24319422
14.398,2016.72,12.9711743,3.24279358
14.399,2016.36,12.9695718,3.24239294
14.4,2016,12.9679692,3.2419923
14.401,2015.64,12.9663666,3.24159166
14.402,2015.28,12.9647641,3.24119102
14.403,2014.92,12.9631615,3.24079038
14.404,2014.56,12.9615589,3.24038974
14.405,2014.2,12.9599564,3.23998909
14.406,2013.84,12.9583538,3.23958845
14.407,2013.48,12.9567512,3.23918781
14.408,2013.12,12.9551487,3.23878717
14.409,2012.76,12.9535461,3.23838653
14.41,2012.4,12.9519436,3.23798589
14.411,2012.04,12.950341,3.23758525
14.412,2011.68,12.9487384,3.23718461
14.413,2011.32,12.9471359,3.23678397
14.414,2010.96,12.9455333,3.23638333
14.415,2010.6,12.9439307,3.23598268
14.416,2010.24,12.9423282,3.23558204
14.417,2009.88,12.9407256,3.2351814
14.418,2009.52,12.939123,3.23478076
14.419,2009.16,12.9375205,3.23438012
14.42,2008.8,12.9359179,3.23397948
14.421,2008.44,12.9343154,3.23357884
14.422,2008.08,12.9327128,3.2331782
14.423,2007.72,12.9311102,3.23277756
14.424,2007.36,12.9295077,3.23237691
14.425,2007,12.9279051,3.23197627
14.426,2006.64,12.9263025,3.23157563
14.427,2006.28,12.9247,3.23117499
14.428,2005.92,12.9230974,3.23077435
14.429,2005.56,12.9214948,3.23037371
14.43,2005.2,12.9198923,3.22997307
14.431,2004.84,12.9182897,3.22957243
14.432,2004.48,12.9166871,3.22917179
14.433,2004.12,12.9150846,3.22877115
14.434,2003.76,12.913482,3.2283705
14.435,2003.4,12.9118795,3.22796986
14.436,2003.04,12.9102769,3.22756922
14.437,2002.68,12.9086743,3.22716858
14.438,2002.32,12.9070718,3.22676794
14.439,2001.96,12.9054692,3.2263673
14.44,2001.6,12.9038666,3.22596666
14.441,2001.24,12.9022641,3.22556602
14.442,2000.88,12.9006615,3.22516538
14.443,2000.52,12.8990589,3.22476474
14.444,2000.16,12.8974564,3.22436409
14.445,1999.8,12.8958538,3.22396345
14.446,1999.44,12.8942512,3.22356281
14.447,1999.08,12.8926487,3.22316217
14.448,1998.72,12.8910461,3.22276153
14.449,1998.36,12.8894436,3.22236089
14.45,1998,12.887841,3.22196025
14.451,1997.64,12.8862384,3.22155961
14.452,1997.28,12.8846359,3.22115897
14.453,1996.92,12.8830333,3.22075833
14.454,1996.56,12.8814307,3.22035768
14.455,1996.2,12.8798282,3.21995704
14.456,1995.84,12.8782256,3.2195564
14.457,1995.48,12.876623,3.21915576
14.458,1995.12,12.8750205,3.21875512
14.459,1994.76,12.8734179,3.21835448
14.46,1994.4,12.8718154,3.21795384
14.461,1994.04,12.8702128,3.2175532
14.462,1993.68,12.8686102,3.21715256
14.463,1993.32,12.8670077,3.21675191
14.464,1992.96,12.8654051,3.21635127
14.465,1992.6,12.8638025,3.21595063
14.466,1992.24,12.8622,3.21554999
14.467,1991.88,12.8605974,3.21514935
14.468,1991.52,12.8589948,3.21474871
14.469,1991.16,12.8573923,3.21434807
14.47,1990.8,12.8557897,3.21394743
14.471,1990.44,12.8541871,3.21354679
14.472,1990.08,12.8525846,3.21314615
14.473,1989.72,12.850982,3.2127455
14.474,1989.36,12.8493795,3.21234486
14.475,1989,12.8477769,3.21194422
14.476,1988.64,12.8461743,3.21154358
14.477,1988.28,12.8445718,3.21114294
14.478,1987.92,12.8429692,3.2107423
14.479,1987.56,12.8413666,3.21034166
14.48,1987.2,12.8397641,3.20994102
14.481,1986.84,12.8381615,3.20954038
14.482,1986.48,12.8365589,3.20913974
14.483,1986.12,12.8349564,3.20873909
14.484,1985.76,12.8333538,3.20833845
14.485,1985.4,12.8317512,3.20793781
14.486,1985.04,12.8301487,3.20753717
14.487,1984.68,12.8285461,3.20713653
14.488,1984.32,12.8269436,3.20673589
14.489,1983.96,12.825341,3.20633525
14.49,1983.6,12.8237384,3.20593461
14.491,1983.24,12.8221359,3.20553397
14.492,1982.88,12.8205333,3.20513333
14.493,1982.52,12.8189307,3.20473268
14.494,1982.16,12.8173282,3.20433204
14.495,1981.8,12.8157256,3.2039314
14.496,1981.44,12.814123,3.20353076
14.497,1981.08,12.8125205,3.20313012
14.498,1980.72,12.8109179,3.20272948
14.499,1980.36,12.8093154,3.20232884
14.5,1980,12.8077128,3.2019282
14.501,1979.64,12.8061102,3.20152756
14.502,1979.28,12.8045077,3.20112691
14.503,1978.92,12.8029051,3.20072627
14.504,1978.56,12.8013025,3.20032563
14.505,1978.2,12.7997,3.19992499
14.506,1977.84,12.7980974,3.19952435
14.507,1977.48,12.7964948,3.19912371
14.508,1977.12,12.7948923,3.19872307
14.509,1976.76,12.7932897,3.19832243
14.51,1976.4,12.7916871,3.19792179
14.511,1976.04,12.7900846,3.19752115
14.512,1975.68,12.788482,3.1971205
14.513,1975.32,12.7868795,3.19671986
14.514,1974.96,12.7852769,3.19631922
14.515,1974.6,12.7836743,3.19591858
14.516,1974.24,12.7820718,3.19551794
14.517,1973.88,12.7804692,3.1951173
14.518,1973.52,12.7788666,3.19471666
14.519,1973.16,12.7772641,3.19431602
14.52,1972.8,12.7756615,3.19391538
14.521,1972.44,12.7740589,3.19351474
14.522,1972.08,12.7724564,3.19311409
14.523,1971.72,12.7708538,3.19271345
14.524,1971.36,12.7692512,3.19231281
14.525,1971,12.7676487,3.19191217
14.526,1970.64,12.7660461,3.19151153
14.527,1970.28,12.7644436,3.19111089
14.528,1969.92,12.762841,3.19071025
14.529,1969.56,12.7612384,3.19030961
14.53,1969.2,12.7596359,3.18990897
14.531,1968.84,12.7580333,3.18950833
14.532,1968.48,12.7564307,3.18910768
14.533,1968.12,12.7548282,3.18870704
14.534,1967.76,12.7532256,3.1883064
14.535,1967.4,12.751623,3.18790576
14.536,1967.04,12.7500205,3.18750512
14.537,1966.68,12.7484179,3.18710448
14.538,1966.32,12.7468154,3.18670384
14.539,1965.96,12.7452128,3.1863032
14.54,1965.6,12.7436102,3.18590256
14.541,1965.24,12.7420077,3.18550191
14.542,1964.88,12.7404051,3.18510127
14.543,1964.52,12.7388025,3.18470063
14.544,1964.16,12.7372,3.18429999
14.545,1963.8,12.7355974,3.18389935
14.546,1963.44,12.7339948,3.18349871
14.547,1963.08,12.7323923,3.18309807
14.548,1962.72,12.7307897,3.18269743
14.549,1962.36,12.7291871,3.18229679
14.55,1962,12.7275846,3.18189615
14.551,1961.64,12.725982,3.1814955
14.552,1961.28,12.7243795,3.18109486
14.553,1960.92,12.7227769,3.18069422
14.554,1960.56,12.7211743,3.18029358
14.555,1960.2,12.7195718,3.17989294
14.556,1959.84,12.7179692,3.1794923
14.557,1959.48,12.7163666,3.17909166
14.558,1959.12,12.7147641,3.17869102
14.559,1958.76,12.7131615,3.17829038
14.56,1958.4,12.7115589,3.17788974
14.561,1958.04,12.7099564,3.17748909
14.562,1957.68,12.7083538,3.17708845
14.563,1957.32,12.7067512,3.17668781
14.564,1956.96,12.7051487,3.17628717
14.565,1956.6,12.7035461,3.17588653
14.566,1956.24,12.7019436,3.17548589
14.567,1955.88,12.700341,3.17508525
14.568,1955.52,12.6987384,3.17468461
14.569,1955.16,12.6971359,3.17428397
14.57,1954.8,12.6955333,3.17388333
14.571,1954.44,12.6939307,3.17348268
14.572,1954.08,12.6923282,3.17308204
14.573,1953.72,12.6907256,3.1726814
14.574,1953.36,12.689123,3.17228076
14.575,1953,12.6875205,3.17188012
14.576,1952.64,12.6859179,3.17147948
14.577,1952.28,12.6843154,3.17107884
14.578,1951.92,12.6827128,3.1706782
14.579,1951.56,12.6811102,3.17027756
14.58,1951.2,12.6795077,3.16987691
14.581,1950.84,12.6779051,3.16947627
14.582,1950.48,12.6763025,3.16907563
14.583,1950.12,12.6747,3.16867499
14.584,1949.76,12.6730974,3.16827435
14.585,1949.4,12.6714948,3.16787371
14.586,1949.04,12.6698923,3.16747307
14.587,1948.68,12.6682897,3.16707243
14.588,1948.32,12.6666871,3.16667179
14.589,1947.96,12.6650846,3.16627115
14.59,1947.6,12.663482,3.1658705
14.591,1947.24,12.6618795,3.16546986
14.592,1946.88,12.6602769,3.16506922
14.593,1946.52,12.6586743,3.16466858
14.594,1946.16,12.6570718,3.16426794
14.595,1945.8,12.6554692,3.1638673
14.596,1945.44,12.6538666,3.16346666
14.597,1945.08,12.6522641,3.16306602
14.598,1944.72,12.6506615,3.16266538
14.599,1944.36,12.6490589,3.16226474
14.6,1944,12.6474564,3.16186409
14.601,1943.64,12.6458538,3.16146345
14.602,1943.28,12.6442512,3.16106281
14.603,1942.92,12.6426487,3.16066217
14.604,1942.56,12.6410461,3.16026153
14.605,1942.2,12.6394436,3.15986089
14.606,1941.84,12.637841,3.15946025
14.607,1941.48,12.6362384,3.15905961
14.608,1941.12,12.6346359,3.15865897
14.609,1940.76,12.6330333,3.15825833
14.61,1940.4,12.6314307,3.15785768
14.611,1940.04,12.6298282,3.15745704
14.612,1939.68,12.6282256,3.1570564
14.613,1939.32,12.626623,3.15665576
14.614,1938.96,12.6250205,3.15625512
14.615,1938.6,12.6234179,3.15585448
14.616,1938.24,12.6218154,3.15545384
14.617,1937.88,12.6202128,3.1550532
14.618,1937.52,12.6186102,3.15465256
14.619,1937.16,12.6170077,3.15425191
14.62,1936.8,12.6154051,3.15385127
14.621,1936.44,12.6138025,3.15345063
14.622,1936.08,12.6122,3.15304999
14.623,1935.72,12.6105974,3.15264935
14.624,1935.36,12.6089948,3.15224871
14.625,1935,12.6073923,3.15184807
14.626,1934.64,12.6057897,3.15144743
14.627,1934.28,12.6041871,3.15104679
14.628,1933.92,12.6025846,3.15064615
14.629,1933.56,12.600982,3.1502455
14.63,1933.2,12.5993795,3.14984486
14.631,1932.84,12.5977769,3.14944422
14.632,1932.48,12.5961743,3.14904358
14.633,1932.12,12.5945718,3.14864294
14.634,1931.76,12.5929692,3.1482423
14.635,1931.4,12.5913666,3.14784166
14.636,1931.04,12.5897641,3.14744102
14.637,1930.68,12.5881615,3.14704038
14.638,1930.32,12.5865589,3.14663974
14.639,1929.96,12.5849564,3.14623909
14.64,1929.6,12.5833538,3.14583845
14.641,1929.24,12.5817512,3.14543781
14.642,1928.88,12.5801487,3.14503717
14.643,1928.52,12.5785461,3.14463653
14.644,1928.16,12.5769436,3.14423589
14.645,1927.8,12.575341,3.14383525
14.646,1927.44,12.5737384,3.14343461
14.647,1927.08,12.5721359,3.14303397
14.648,1926.72,12.5705333,3.14263333
14.649,1926.36,12.5689307,3.14223268
14.65,1926,12.5673282,3.14183204
14.651,1925.64,12.5657256,3.1414314
14.652,1925.28,12.564123,3.14103076
14.653,1924.92,12.5625205,3.14063012
14.654,1924.56,12.5609179,3.14022948
14.655,1924.2,12.5593154,3.13982884
14.656,1923.84,12.5577128,3.1394282
14.657,1923.48,12.5561102,3.13902756
14.658,1923.12,12.5545077,3.13862691
14.659,1922.76,12.5529051,3.13822627
14.66,1922.4,12.5513025,3.13782563
14.661,1922.04,12.5497,3.13742499
14.662,1921.68,12.5480974,3.13702435
14.663,1921.32,12.5464948,3.13662371
14.664,1920.96,12.5448923,3.13622307
14.665,1920.6,12.5432897,3.13582243
14.666,1920.24,12.5416871,3.13542179
14.667,1919.88,12.5400846,3.13502115
14.668,1919.52,12.538482,3.1346205
14.669,1919.16,12.5368795,3.13421986
14.67,1918.8,12.5352769,3.13381922
14.671,1918.44,12.5336743,3.13341858
14.672,1918.08,12.5320718,3.13301794
14.673,1917.72,12.5304692,3.1326173
14.674,1917.36,12.5288666,3.13221666
14.675,1917,12.5272641,3.13181602
14.676,1916.64,12.5256615,3.13141538
14.677,1916.28,12.5240589,3.13101474
14.678,1915.92,12.5224564,3.13061409
14.679,1915.56,12.5208538,3.13021345
14.68,1915.2,12.5192512,3.12981281
14.681,1914.84,12.5176487,3.12941217
14.682,1914.48,12.5160461,3.12901153
14.683,1914.12,12.5144436,3.12861089
14.684,1913.76,12.512841,3.12821025
14.685,1913.4,12.5112384,3.12780961
14.686,1913.04,12.5096359,3.12740897
14.687,1912.68,12.5080333,3.12700833
14.688,1912.32,12.5064307,3.12660768
14.689,1911.96,12.5048282,3.12620704
14.69,1911.6,12.5032256,3.1258064
14.691,1911.24,12.501623,3.12540576
14.692,1910.88,12.5000205,3.12500512
14.693,1910.52,12.4984179,3.12460448
14.694,1910.16,12.4968154,3.12420384
14.695,1909.8,12.4952128,3.1238032
14.696,1909.44,12.4936102,3.12340256
14.697,1909.08,12.4920077,3.12300191
14.698,1908.72,12.4904051,3.12260127
14.699,1908.36,12.4888025,3.12220063
14.7,1908,12.4872,3.12179999
14.701,1907.64,12.4855974,3.12139935
14.702,1907.28,12.4839948,3.12099871
14.703,1906.92,12.4823923,3.12059807
14.704,1906.56,12.4807897,3.12019743
14.705,1906.2,12.4791871,3.11979679
14.706,1905.84,12.4775846,3.11939615
14.707,1905.48,12.475982,3.1189955
14.708,1905.12,12.4743795,3.11859486
14.709,1904.76,12.4727769,3.11819422
14.71,1904.4,12.4711743,3.11779358
14.711,1904.04,12.4695718,3.11739294
14.712,1903.68,12.4679692,3.1169923
14.713,1903.32,12.4663666,3.11659166
14.714,1902.96,12.4647641,3.11619102
14.715,1902.6,12.4631615,3.11579038
14.716,1902.24,12.4615589,3.11538974
14.717,1901.88,12.4599564,3.11498909
14.718,1901.52,12.4583538,3.11458845
14.719,1901.16,12.4567512,3.11418781
14.72,1900.8,12.4551487,3.11378717
14.721,1900.44,12.4535461,3.11338653
14.722,1900.08,12.4519436,3.11298589
14.723,1899.72,12.450341,3.11258525
14.724,1899.36,12.4487384,3.11218461
14.725,1899,12.4471359,3.11178397
14.726,1898.64,12.4455333,3.11138333
14.727,1898.28,12.4439307,3.11098268
14.728,1897.92,12.4423282,3.11058204
14.729,1897.56,12.4407256,3.1101814
14.73,1897.2,12.439123,3.10978076
14.731,1896.84,12.4375205,3.10938012
14.732,1896.48,12.4359179,3.10897948
14.733,1896.12,12.4343154,3.10857884
14.734,1895.76,12.4327128,3.1081782
14.735,1895.4,12.4311102,3.10777756
14.736,1895.04,12.4295077,3.10737691
14.737,1894.68,12.4279051,3.10697627
14.738,1894.32,12.4263025,3.10657563
14.739,1893.96,12.4247,3.10617499
14.74,1893.6,12.4230974,3.10577435
14.741,1893.24,12.4214948,3.10537371
14.742,1892.88,12.4198923,3.10497307
14.743,1892.52,12.4182897,3.10457243
14.744,1892.16,12.4166871,3.10417179
14.745,1891.8,12.4150846,3.10377115
14.746,1891.44,12.413482,3.1033705
14.747,1891.08,12.4118795,3.10296986
14.748,1890.72,12.4102769,3.10256922
14.749,1890.36,12.4086743,3.10216858
14.75,1890,12.4070718,3.10176794
14.751,1889.64,12.4054692,3.1013673
14.752,1889.28,12.4038666,3.10096666
14.753,1888.92,12.4022641,3.10056602
14.754,1888.56,12.4006615,3.10016538
14.755,1888.2,12.3990589,3.09976474
14.756,1887.84,12.3974564,3.09936409
14.757,1887.48,12.3958538,3.09896345
14.758,1887.12,12.3942512,3.09856281
14.759,1886.76,12.3926487,3.09816217
14.76,1886.4,12.3910461,3.09776153
14.761,1886.04,12.3894436,3.09736089
14.762,1885.68,12.387841,3.09696025
14.763,1885.32,12.3862384,3.09655961
14.764,1884.96,12.3846359,3.09615897
14.765,1884.6,12.3830333,3.09575833
14.766,1884.24,12.3814307,3.09535768
14.767,1883.88,12.3798282,3.09495704
14.768,1883.52,12.3782256,3.0945564
14.769,1883.16,12.376623,3.09415576
14.77,1882.8,12.3750205,3.09375512
14.771,1882.44,12.3734179,3.09335448
14.772,1882.08,12.3718154,3.09295384
14.773,1881.72,12.3702128,3.0925532
14.774,1881.36,12.3686102,3.09215256
14.775,1881,12.3670077,3.09175191
14.776,1880.64,12.3654051,3.09135127
14.777,1880.28,12.3638025,3.09095063
14.778,1879.92,12.3622,3.09054999
14.779,1879.56,12.3605974,3.09014935
14.78,1879.2,12.3589948,3.08974871
14.781,1878.84,12.3573923,3.08934807
14.782,1878.48,12.3557897,3.08894743
14.783,1878.12,12.3541871,3.08854679
14.784,1877.76,12.3525846,3.08814615
14.785,1877.4,12.350982,3.0877455
14.786,1877.04,12.3493795,3.08734486
14.787,1876.68,12.3477769,3.08694422
14.788,1876.32,12.3461743,3.08654358
14.789,1875.96,12.3445718,3.08614294
14.79,1875.6,12.3429692,3.0857423
14.791,1875.24,12.3413666,3.08534166
14.792,1874.88,12.3397641,3.08494102
14.793,1874.52,12.3381615,3.08454038
14.794,1874.16,12.3365589,3.08413974
14.795,1873.8,12.3349564,3.08373909
14.796,1873.44,12.3333538,3.08333845
14.797,1873.08,12.3317512,3.08293781
14.798,1872.72,12.3301487,3.08253717
14.799,1872.36,12.3285461,3.08213653
14.8,1872,12.3269436,3.08173589
14.801,1871.64,12.325341,3.08133525
14.802,1871.28,12.3237384,3.08093461
14.803,1870.92,12.3221359,3.08053397
14.804,1870.56,12.3205333,3.08013333
14.805,1870.2,12.3189307,3.07973268
14.806,1869.84,12.3173282,3.07933204
14.807,1869.48,12.3157256,3.0789314
14.808,1869.12,12.314123,3.07853076
14.809,1868.76,12.3125205,3.07813012
14.81,1868.4,12.3109179,3.07772948
14.811,1868.04,12.3093154,3.07732884
14.812,1867.68,12.3077128,3.0769282
14.813,1867.32,12.3061102,3.07652756
14.814,1866.96,12.3045077,3.07612691
14.815,1866.6,12.3029051,3.07572627
14.816,1866.24,12.3013025,3.07532563
14.817,1865.88,12.2997,3.07492499
14.818,1865.52,12.2980974,3.07452435
14.819,1865.16,12.2964948,3.07412371
14.82,1864.8,12.2948923,3.07372307
14.821,1864.44,12.2932897,3.07332243
14.822,1864.08,12.2916871,3.07292179
14.823,1863.72,12.2900846,3.07252115
14.824,1863.36,12.288482,3.0721205
14.825,1863,12.2868795,3.07171986
14.826,1862.64,12.2852769,3.07131922
14.827,1862.28,12.2836743,3.07091858
14.828,1861.92,12.2820718,3.07051794
14.829,1861.56,12.2804692,3.0701173
14.83,1861.2,12.2788666,3.06971666
14.831,1860.84,12.2772641,3.06931602
14.832,1860.48,12.2756615,3.06891538
14.833,1860.12,12.2740589,3.06851474
14.834,1859.76,12.2724564,3.06811409
14.835,1859.4,12.2708538,3.06771345
14.836,1859.04,12.2692512,3.06731281
14.837,1858.68,12.2676487,3.06691217
14.838,1858.32,12.2660461,3.06651153
14.839,1857.96,12.2644436,3.06611089
14.84,1857.6,12.262841,3.06571025
14.841,1857.24,12.2612384,3.06530961
14.842,1856.88,12.2596359,3.06490897
14.843,1856.52,12.2580333,3.06450833
14.844,1856.16,12.2564307,3.06410768
14.845,1855.8,12.2548282,3.06370704
14.846,1855.44,12.2532256,3.0633064
14.847,1855.08,12.251623,3.06290576
14.848,1854.72,12.2500205,3.06250512
14.849,1854.36,12.2484179,3.06210448
14.85,1854,12.2468154,3.06170384
14.851,1853.64,12.2452128,3.0613032
14.852,1853.28,12.2436102,3.06090256
14.853,1852.92,12.2420077,3.06050191
14.854,1852.56,12.2404051,3.06010127
14.855,1852.2,12.2388025,3.05970063
14.856,1851.84,12.2372,3.05929999
14.857,1851.48,12.2355974,3.05889935
14.858,1851.12,12.2339948,3.05849871
14.859,1850.76,12.2323923,3.05809807
14.86,1850.4,12.2307897,3.05769743
14.861,1850.04,12.2291871,3.05729679
14.862,1849.68,12.2275846,3.05689615
14.863,1849.32,12.225982,3.0564955
14.864,1848.96,12.2243795,3.05609486
14.865,1848.6,12.2227769,3.05569422
14.866,1848.24,12.2211743,3.05529358
14.867,1847.88,12.2195718,3.05489294
14.868,1847.52,12.2179692,3.0544923
14.869,1847.16,12.2163666,3.05409166
14.87,1846.8,12.2147641,3.05369102
14.871,1846.44,12.2131615,3.05329038
14.872,1846.08,12.2115589,3.05288974
14.873,1845.72,12.2099564,3.05248909
14.874,1845.36,12.2083538,3.05208845
14.875,1845,12.2067512,3.05168781
14.876,1844.64,12.2051487,3.05128717
14.877,1844.28,12.2035461,3.05088653
14.878,1843.92,12.2019436,3.05048589
14.879,1843.56,12.200341,3.05008525
14.88,1843.2,12.1987384,3.04968461
14.881,1842.84,12.1971359,3.04928397
14.882,1842.48,12.1955333,3.04888333
14.883,1842.12,12.1939307,3.04848268
14.884,1841.76,12.1923282,3.04808204
14.885,1841.4,12.1907256,3.0476814
14.886,1841.04,12.189123,3.04728076
14.887,1840.68,12.1875205,3.04688012
14.888,1840.32,12.1859179,3.04647948
14.889,1839.96,12.1843154,3.04607884
14.89,1839.6,12.1827128,3.0456782
14.891,1839.24,12.1811102,3.04527756
14.892,1838.88,12.1795077,3.04487691
14.893,1838.52,12.1779051,3.04447627
14.894,1838.16,12.1763025,3.04407563
14.895,1837.8,12.1747,3.04367499
14.896,1837.44,12.1730974,3.04327435
14.897,1837.08,12.1714948,3.04287371
14.898,1836.72,12.1698923,3.04247307
14.899,1836.36,12.1682897,3.04207243
14.9,1836,12.1666871,3.04167179
14.901,1835.64,12.1650846,3.04127115
14.902,1835.28,12.163482,3.0408705
14.903,1834.92,12.1618795,3.04046986
14.904,1834.56,12.1602769,3.04006922
14.905,1834.2,12.1586743,3.03966858
14.906,1833.84,12.1570718,3.03926794
14.907,1833.48,12.1554692,3.0388673
14.908,1833.12,12.1538666,3.03846666
14.909,1832.76,12.1522641,3.03806602
14.91,1832.4,12.1506615,3.03766538
14.911,1832.04,12.1490589,3.03726474
14.912,1831.68,12.1474564,3.03686409
14.913,1831.32,12.1458538,3.03646345
14.914,1830.96,12.1442512,3.03606281
14.915,1830.6,12.1426487,3.03566217
14.916,1830.24,12.1410461,3.03526153
14.917,1829.88,12.1394436,3.03486089
14.918,1829.52,12.137841,3.03446025
14.919,1829.16,12.1362384,3.03405961
14.92,1828.8,12.1346359,3.03365897
14.921,1828.44,12.1330333,3.03325833
14.922,1828.08,12.1314307,3.03285768
14.923,1827.72,12.1298282,3.03245704
14.924,1827.36,12.1282256,3.0320564
14.925,1827,12.126623,3.03165576
14.926,1826.64,12.1250205,3.03125512
14.927,1826.28,12.1234179,3.03085448
14.928,1825.92,12.1218154,3.03045384
14.929,1825.56,12.1202128,3.0300532
14.93,1825.2,12.1186102,3.02965256
14.931,1824.84,12.1170077,3.02925191
14.932,1824.48,12.1154051,3.02885127
14.933,1824.12,12.1138025,3.02845063
14.934,1823.76,12.1122,3.02804999
14.935,1823.4,12.1105974,3.02764935
14.936,1823.04,12.1089948,3.02724871
14.937,1822.68,12.1073923,3.02684807
14.938,1822.32,12.1057897,3.02644743
14.939,1821.96,12.1041871,3.02604679
14.94,1821.6,12.1025846,3.02564615
14.941,1821.24,12.100982,3.0252455
14.942,1820.88,12.0993795,3.02484486
14.943,1820.52,12.0977769,3.02444422
14.944,1820.16,12.0961743,3.02404358
14.945,1819.8,12.0945718,3.02364294
14.946,1819.44,12.0929692,3.0232423
14.947,1819.08,12.0913666,3.02284166
14.948,1818.72,12.0897641,3.02244102
14.949,1818.36,12.0881615,3.02204038
14.95,1818,12.0865589,3.02163974
14.951,1817.64,12.0849564,3.02123909
14.952,1817.28,12.0833538,3.02083845
14.953,1816.92,12.0817512,3.02043781
14.954,1816.56,12.0801487,3.02003717
14.955,1816.2,12.0785461,3.01963653
14.956,1815.84,12.0769436,3.01923589
14.957,1815.48,12.075341,3.01883525
14.958,1815.12,12.0737384,3.01843461
14.959,1814.76,12.0721359,3.01803397
14.96,1814.4,12.0705333,3.01763333
14.961,1814.04,12.0689307,3.01723268
14.962,1813.68,12.0673282,3.01683204
14.963,1813.32,12.0657256,3.0164314
14.964,1812.96,12.064123,3.01603076
14.965,1812.6,12.0625205,3.01563012
14.966,1812.24,12.0609179,3.01522948
14.967,1811.88,12.0593154,3.01482884
14.968,1811.52,12.0577128,3.0144282
14.969,1811.16,12.0561102,3.01402756
14.97,1810.8,12.0545077,3.01362691
14.971,1810.44,12.0529051,3.01322627
14.972,1810.08,12.0513025,3.01282563
14.973,1809.72,12.0497,3.01242499
14.974,1809.36,12.0480974,3.01202435
14.975,1809,12.0464948,3.01162371
14.976,1808.64,12.0448923,3.01122307
14.977,1808.28,12.0432897,3.01082243
14.978,1807.92,12.0416871,3.01042179
14.979,1807.56,12.0400846,3.01002115
14.98,1807.2,12.038482,3.0096205
14.981,1806.84,12.0368795,3.00921986
14.982,1806.48,12.0352769,3.00881922
14.983,1806.12,12.0336743,3.00841858
14.984,1805.76,12.0320718,3.00801794
14.985,1805.4,12.0304692,3.0076173
14.986,1805.04,12.0288666,3.00721666
14.987,1804.68,12.0272641,3.00681602
14.988,1804.32,12.0256615,3.00641538
14.989,1803.96,12.0240589,3.00601474
14.99,1803.6,12.0224564,3.00561409
14.991,1803.24,12.0208538,3.00521345
14.992,1802.88,12.0192512,3.00481281
14.993,1802.52,12.0176487,3.00441217
14.994,1802.16,12.0160461,3.00401153
14.995,1801.8,12.0144436,3.00361089
14.996,1801.44,12.012841,3.00321025
14.997,1801.08,12.0112384,3.00280961
14.998,1800.72,12.0096359,3.00240897
14.999,1800.36,12.0080333,3.00200833
15,1800,12.0064307,3.00160768
15.001,1799.64,12.0048282,3.00120704
15.002,1799.28,12.0032256,3.0008064
15.003,1798.92,12.001623,3.00040576
15.004,1798.56,12.0000205,3.00000512
15.005,1798.2,11.9984179,2.99960448
15.006,1797.84,11.9968154,2.99920384
15.007,1797.48,11.9952128,2.9988032
15.008,1797.12,11.9936102,2.99840256
15.009,1796.76,11.9920077,2.99800191
15.01,1796.4,11.9904051,2.99760127
15.011,1796.04,11.9888025,2.99720063
15.012,1795.68,11.9872,2.99679999
15.013,1795.32,11.9855974,2.99639935
15.014,1794.96,11.9839948,2.99599871
15.015,1794.6,11.9823923,2.99559807
15.016,1794.24,11.9807897,2.99519743
15.017,1793.88,11.9791871,2.99479679
15.018,1793.52,11.9775846,2.99439615
15.019,1793.16,11.975982,2.9939955
15.02,1792.8,11.9743795,2.99359486
15.021,1792.44,11.9727769,2.99319422
15.022,1792.08,11.9711743,2.99279358
15.023,1791.72,11.9695718,2.99239294
15.024,1791.36,11.9679692,2.9919923
15.025,1791,11.9663666,2.99159166
15.026,1790.64,11.9647641,2.99119102
15.027,1790.28,11.9631615,2.99079038
15.028,1789.92,11.9615589,2.99038974
15.029,1789.56,11.9599564,2.98998909
15.03,1789.2,11.9583538,2.98958845
15.031,1788.84,11.9567512,2.98918781
15.032,1788.48,11.9551487,2.98878717
15.033,1788.12,11.9535461,2.98838653
15.034,1787.76,11.9519436,2.98798589
15.035,1787.4,11.950341,2.98758525
15.036,1787.04,11.9487384,2.98718461
15.037,1786.68,11.9471359,2.98678397
15.038,1786.32,11.9455333,2.98638333
15.039,1785.96,11.9439307,2.98598268
15.04,1785.6,11.9423282,2.98558204
15.041,1785.24,11.9407256,2.9851814
15.042,1784.88,11.939123,2.98478076
15.043,1784.52,11.9375205,2.98438012
15.044,1784.16,11.9359179,2.98397948
15.045,1783.8,11.9343154,2.98357884
15.046,1783.44,11.9327128,2.9831782
15.047,1783.08,11.9311102,2.98277756
15.048,1782.72,11.9295077,2.98237691
15.049,1782.36,11.9279051,2.98197627
15.05,1782,11.9263025,2.98157563
15.051,1781.64,11.9247,2.98117499
15.052,1781.28,11.9230974,2.98077435
15.053,1780.92,11.9214948,2.98037371
15.054,1780.56,11.9198923,2.97997307
15.055,1780.2,11.9182897,2.97957243
15.056,1779.84,11.9166871,2.97917179
15.057,1779.48,11.9150846,2.97877115
15.058,1779.12,11.913482,2.9783705
15.059,1778.76,11.9118795,2.97796986
15.06,1778.4,11.9102769,2.97756922
15.061,1778.04,11.9086743,2.97716858
15.062,1777.68,11.9070718,2.97676794
15.063,1777.32,11.9054692,2.9763673
15.064,1776.96,11.9038666,2.97596666
15.065,1776.6,11.9022641,2.97556602
15.066,1776.24,11.9006615,2.97516538
15.067,1775.88,11.8990589,2.97476474
15.068,1775.52,11.8974564,2.97436409
15.069,1775.16,11.8958538,2.97396345
15.07,1774.8,11.8942512,2.97356281
15.071,1774.44,11.8926487,2.97316217
15.072,1774.08,11.8910461,2.97276153
15.073,1773.72,11.8894436,2.97236089
15.074,1773.36,11.887841,2.97196025
15.075,1773,11.8862384,2.97155961
15.076,1772.64,11.8846359,2.97115897
15.077,1772.28,11.8830333,2.97075833
15.078,1771.92,11.8814307,2.97035768
15.079,1771.56,11.8798282,2.96995704
15.08,1771.2,11.8782256,2.9695564
15.081,1770.84,11.876623,2.96915576
15.082,1770.48,11.8750205,2.96875512
15.083,1770.12,11.8734179,2.96835448
15.084,1769.76,11.8718154,2.96795384
15.085,1769.4,11.8702128,2.9675532
15.086,1769.04,11.8686102,2.96715256
15.087,1768.68,11.8670077,2.96675191
15.088,1768.32,11.8654051,2.96635127
15.089,1767.96,11.8638025,2.96595063
15.09,1767.6,11.8622,2.96554999
15.091,1767.24,11.8605974,2.96514935
15.092,1766.88,11.8589948,2.96474871
15.093,1766.52,11.8573923,2.96434807
15.094,1766.16,11.8557897,2.96394743
15.095,1765.8,11.8541871,2.96354679
15.096,1765.44,11.8525846,2.96314615
15.097,1765.08,11.850982,2.9627455
15.098,1764.72,11.8493795,2.96234486
15.099,1764.36,11.8477769,2.96194422
15.1,1764,11.8461743,2.96154358
15.101,1763.64,11.8445718,2.96114294
15.102,1763.28,11.8429692,2.9607423
15.103,1762.92,11.8413666,2.96034166
15.104,1762.56,11.8397641,2.95994102
15.105,1762.2,11.8381615,2.95954038
15.106,1761.84,11.8365589,2.95913974
15.107,1761.48,11.8349564,2.95873909
15.108,1761.12,11.8333538,2.95833845
15.109,1760.76,11.8317512,2.95793781
15.11,1760.4,11.8301487,2.95753717
15.111,1760.04,11.8285461,2.95713653
15.112,1759.68,11.8269436,2.95673589
15.113,1759.32,11.825341,2.95633525
15.114,1758.96,11.8237384,2.95593461
15.115,1758.6,11.8221359,2.95553397
15.116,1758.24,11.8205333,2.95513333
15.117,1757.88,11.8189307,2.95473268
15.118,1757.52,11.8173282,2.95433204
15.119,1757.16,11.8157256,2.9539314
15.12,1756.8,11.814123,2.95353076
15.121,1756.44,11.8125205,2.95313012
15.122,1756.08,11.8109179,2.95272948
15.123,1755.72,11.8093154,2.95232884
15.124,1755.36,11.8077128,2.9519282
15.125,1755,11.8061102,2.95152756
15.126,1754.64,11.8045077,2.95112691
15.127,1754.28,11.8029051,2.95072627
15.128,1753.92,11.8013025,2.95032563
15.129,1753.56,11.7997,2.94992499
15.13,1753.2,11.7980974,2.94952435
15.131,1752.84,11.7964948,2.94912371
15.132,1752.48,11.7948923,2.94872307
15.133,1752.12,11.7932897,2.94832243
15.134,1751.76,11.7916871,2.94792179
15.135,1751.4,11.7900846,2.94752115
15.136,1751.04,11.788482,2.9471205
15.137,1750.68,11.7868795,2.94671986
15.138,1750.32,11.7852769,2.94631922
15.139,1749.96,11.7836743,2.94591858
15.14,1749.6,11.7820718,2.94551794
15.141,1749.24,11.7804692,2.9451173
15.142,1748.88,11.7788666,2.94471666
15.143,1748.52,11.7772641,2.94431602
15.144,1748.16,11.7756615,2.94391538
15.145,1747.8,11.7740589,2.94351474
15.146,1747.44,11.7724564,2.94311409
15.147,1747.08,11.7708538,2.94271345
15.148,1746.72,11.7692512,2.94231281
15.149,1746.36,11.7676487,2.94191217
15.15,1746,11.7660461,2.94151153
15.151,1745.64,11.7644436,2.94111089
15.152,1745.28,11.762841,2.94071025
15.153,1744.92,11.7612384,2.94030961
15.154,1744.56,11.7596359,2.93990897
15.155,1744.2,11.7580333,2.93950833
15.156,1743.84,11.7564307,2.93910768
15.157,1743.48,11.7548282,2.93870704
15.158,1743.12,11.7532256,2.9383064
15.159,1742.76,11.751623,2.93790576
15.16,1742.4,11.7500205,2.93750512
15.161,1742.04,11.7484179,2.93710448
15.162,1741.68,11.7468154,2.93670384
15.163,1741.32,11.7452128,2.9363032
15.164,1740.96,11.7436102,2.93590256
15.165,1740.6,11.7420077,2.93550191
15.166,1740.24,11.7404051,2.93510127
15.167,1739.88,11.7388025,2.93470063
15.168,1739.52,11.7372,2.93429999
15.169,1739.16,11.7355974,2.93389935
15.17,1738.8,11.7339948,2.93349871
15.171,1738.44,11.7323923,2.93309807
15.172,1738.08,11.7307897,2.93269743
15.173,1737.72,11.7291871,2.93229679
15.174,1737.36,11.7275846,2.93189615
15.175,1737,11.725982,2.9314955
15.176,1736.64,11.7243795,2.93109486
15.177,1736.28,11.7227769,2.93069422
15.178,1735.92,11.7211743,2.93029358
15.179,1735.56,11.7195718,2.92989294
15.18,1735.2,11.7179692,2.9294923
15.181,1734.84,11.7163666,2.92909166
15.182,1734.48,11.7147641,2.92869102
15.183,1734.12,11.7131615,2.92829038
15.184,1733.76,11.7115589,2.92788974
15.185,1733.4,11.7099564,2.92748909
15.186,1733.04,11.7083538,2.92708845
15.187,1732.68,11.7067512,2.92668781
15.188,1732.32,11.7051487,2.92628717
15.189,1731.96,11.7035461,2.92588653
15.19,1731.6,11.7019436,2.92548589
15.191,1731.24,11.700341,2.92508525
15.192,1730.88,11.6987384,2.92468461
15.193,1730.52,11.6971359,2.92428397
15.194,1730.16,11.6955333,2.92388333
15.195,1729.8,11.6939307,2.92348268
15.196,1729.44,11.6923282,2.92308204
15.197,1729.08,11.6907256,2.9226814
15.198,1728.72,11.689123,2.92228076
15.199,1728.36,11.6875205,2.92188012
15.2,1728,11.6859179,2.92147948
15.201,1727.64,11.6843154,2.92107884
15.202,1727.28,11.6827128,2.9206782
15.203,1726.92,11.6811102,2.92027756
15.204,1726.56,11.6795077,2.91987691
15.205,1726.2,11.6779051,2.91947627
15.206,1725.84,11.6763025,2.91907563
15.207,1725.48,11.6747,2.91867499
15.208,1725.12,11.6730974,2.91827435
15.209,1724.76,11.6714948,2.91787371
15.21,1724.4,11.6698923,2.91747307
15.211,1724.04,11.6682897,2.91707243
15.212,1723.68,11.6666871,2.91667179
15.213,1723.32,11.6650846,2.91627115
15.214,1722.96,11.663482,2.9158705
15.215,1722.6,11.6618795,2.91546986
15.216,1722.24,11.6602769,2.91506922
15.217,1721.88,11.6586743,2.91466858
15.218,1721.52,11.6570718,2.91426794
15.219,1721.16,11.6554692,2.9138673
15.22,1720.8,11.6538666,2.91346666
15.221,1720.44,11.6522641,2.91306602
15.222,1720.08,11.6506615,2.91266538
15.223,1719.72,11.6490589,2.91226474
15.224,1719.36,11.6474564,2.91186409
15.225,1719,11.6458538,2.91146345
15.226,1718.64,11.6442512,2.91106281
15.227,1718.28,11.6426487,2.91066217
15.228,1717.92,11.6410461,2.91026153
15.229,1717.56,11.6394436,2.90986089
15.23,1717.2,11.637841,2.90946025
15.231,1716.84,11.6362384,2.90905961
15.232,1716.48,11.6346359,2.90865897
15.233,1716.12,11.6330333,2.90825833
15.234,1715.76,11.6314307,2.90785768
15.235,1715.4,11.6298282,2.90745704
15.236,1715.04,11.6282256,2.9070564
15.237,1714.68,11.626623,2.90665576
15.238,1714.32,11.6250205,2.90625512
15.239,1713.96,11.6234179,2.90585448
15.24,1713.6,11.6218154,2.90545384
15.241,1713.24,11.6202128,2.9050532
15.242,1712.88,11.6186102,2.90465256
15.243,1712.52,11.6170077,2.90425191
15.244,1712.16,11.6154051,2.90385127
15.245,1711.8,11.6138025,2.90345063
15.246,1711.44,11.6122,2.90304999
15.247,1711.08,11.6105974,2.90264935
15.248,1710.72,11.6089948,2.90224871
15.249,1710.36,11.6073923,2.90184807
15.25,1710,11.6057897,2.90144743
15.251,1709.64,11.6041871,2.90104679
15.252,1709.28,11.6025846,2.90064615
15.253,1708.92,11.600982,2.9002455
15.254,1708.56,11.5993795,2.89984486
15.255,1708.2,11.5977769,2.89944422
15.256,1707.84,11.5961743,2.89904358
15.257,1707.48,11.5945718,2.89864294
15.258,1707.12,11.5929692,2.8982423
15.259,1706.76,11.5913666,2.89784166
15.26,1706.4,11.5897641,2.89744102
15.261,1706.04,11.5881615,2.89704038
15.262,1705.68,11.5865589,2.89663974
15.263,1705.32,11.5849564,2.89623909
15.264,1704.96,11.5833538,2.89583845
15.265,1704.6,11.5817512,2.89543781
15.266,1704.24,11.5801487,2.89503717
15.267,1703.88,11.5785461,2.89463653
15.268,1703.52,11.5769436,2.89423589
15.269,1703.16,11.575341,2.89383525
15.27,1702.8,11.5737384,2.89343461
15.271,1702.44,11.5721359,2.89303397
15.272,1702.08,11.5705333,2.89263333
15.273,1701.72,11.5689307,2.89223268
15.274,1701.36,11.5673282,2.89183204
15.275,1701,11.5657256,2.8914314
15.276,1700.64,11.564123,2.89103076
15.277,1700.28,11.5625205,2.89063012
15.278,1699.92,11.5609179,2.89022948
15.279,1699.56,11.5593154,2.88982884
15.28,1699.2,11.5577128,2.8894282
15.281,1698.84,11.5561102,2.88902756
15.282,1698.48,11.5545077,2.88862691
15.283,1698.12,11.5529051,2.88822627
15.284,1697.76,11.5513025,2.88782563
15.285,1697.4,11.5497,2.88742499
15.286,1697.04,11.5480974,2.88702435
15.287,1696.68,11.5464948,2.88662371
15.288,1696.32,11.5448923,2.88622307
15.289,1695.96,11.5432897,2.88582243
15.29,1695.6,11.5416871,2.88542179
15.291,1695.24,11.5400846,2.88502115
15.292,1694.88,11.538482,2.8846205
15.293,1694.52,11.5368795,2.88421986
15.294,1694.16,11.5352769,2.88381922
15.295,1693.8,11.5336743,2.88341858
15.296,1693.44,11.5320718,2.88301794
15.297,1693.08,11.5304692,2.8826173
15.298,1692.72,11.5288666,2.88221666
15.299,1692.36,11.5272641,2.88181602
15.3,1692,11.5256615,2.88141538
15.301,1691.64,11.5240589,2.88101474
15.302,1691.28,11.5224564,2.88061409
15.303,1690.92,11.5208538,2.88021345
15.304,1690.56,11.5192512,2.87981281
15.305,1690.2,11.5176487,2.87941217
15.306,1689.84,11.5160461,2.87901153
15.307,1689.48,11.5144436,2.87861089
15.308,1689.12,11.512841,2.87821025
15.309,1688.76,11.5112384,2.87780961
15.31,1688.4,11.5096359,2.87740897
15.311,1688.04,11.5080333,2.87700833
15.312,1687.68,11.5064307,2.87660768
15.313,1687.32,11.5048282,2.87620704
15.314,1686.96,11.5032256,2.8758064
15.315,1686.6,11.501623,2.87540576
15.316,1686.24,11.5000205,2.87500512
15.317,1685.88,11.4984179,2.87460448
15.318,1685.52,11.4968154,2.87420384
15.319,1685.16,11.4952128,2.8738032
15.32,1684.8,11.4936102,2.87340256
15.321,1684.44,11.4920077,2.87300191
15.322,1684.08,11.4904051,2.87260127
15.323,1683.72,11.4888025,2.87220063
15.324,1683.36,11.4872,2.87179999
15.325,1683,11.4855974,2.87139935
15.326,1682.64,11.4839948,2.87099871
15.327,1682.28,11.4823923,2.87059807
15.328,1681.92,11.4807897,2.87019743
15.329,1681.56,11.4791871,2.86979679
15.33,1681.2,11.4775846,2.86939615
15.331,1680.84,11.475982,2.8689955
15.332,1680.48,11.4743795,2.86859486
15.333,1680.12,11.4727769,2.86819422
15.334,1679.76,11.4711743,2.86779358
15.335,1679.4,11.4695718,2.86739294
15.336,1679.04,11.4679692,2.8669923
15.337,1678.68,11.4663666,2.86659166
15.338,1678.32,11.4647641,2.86619102
15.339,1677.96,11.4631615,2.86579038
15.34,1677.6,11.4615589,2.86538974
15.341,1677.24,11.4599564,2.86498909
15.342,1676.88,11.4583538,2.86458845
15.343,1676.52,11.4567512,2.86418781
15.344,1676.16,11.4551487,2.86378717
15.345,1675.8,11.4535461,2.86338653
15.346,1675.44,11.4519436,2.86298589
15.347,1675.08,11.450341,2.86258525
15.348,1674.72,11.4487384,2.86218461
15.349,1674.36,11.4471359,2.86178397
15.35,1674,11.4455333,2.86138333
15.351,1673.64,11.4439307,2.86098268
15.352,1673.28,11.4423282,2.86058204
15.353,1672.92,11.4407256,2.8601814
15.354,1672.56,11.439123,2.85978076
15.355,1672.2,11.4375205,2.85938012
15.356,1671.84,11.4359179,2.85897948
15.357,1671.48,11.4343154,2.85857884
15.358,1671.12,11.4327128,2.8581782
15.359,1670.76,11.4311102,2.85777756
15.36,1670.4,11.4295077,2.85737691
15.361,1670.04,11.4279051,2.85697627
15.362,1669.68,11.4263025,2.85657563
15.363,1669.32,11.4247,2.85617499
15.364,1668.96,11.4230974,2.85577435
15.365,1668.6,11.4214948,2.85537371
15.366,1668.24,11.4198923,2.85497307
15.367,1667.88,11.4182897,2.85457243
15.368,1667.52,11.4166871,2.85417179
15.369,1667.16,11.4150846,2.85377115
15.37,1666.8,11.413482,2.8533705
15.371,1666.44,11.4118795,2.85296986
15.372,1666.08,11.4102769,2.85256922
15.373,1665.72,11.4086743,2.85216858
15.374,1665.36,11.4070718,2.85176794
15.375,1665,11.4054692,2.8513673
15.376,1664.64,11.4038666,2.85096666
15.377,1664.28,11.4022641,2.85056602
15.378,1663.92,11.4006615,2.85016538
15.379,1663.56,11.3990589,2.84976474
15.38,1663.2,11.3974564,2.84936409
15.381,1662.84,11.3958538,2.84896345
15.382,1662.48,11.3942512,2.84856281
15.383,1662.12,11.3926487,2.84816217
15.384,1661.76,11.3910461,2.84776153
15.385,1661.4,11.3894436,2.84736089
15.386,1661.04,11.387841,2.84696025
15.387,1660.68,11.3862384,2.84655961
15.388,1660.32,11.3846359,2.84615897
15.389,1659.96,11.3830333,2.84575833
15.39,1659.6,11.3814307,2.84535768
15.391,1659.24,11.3798282,2.84495704
15.392,1658.88,11.3782256,2.8445564
15.393,1658.52,11.376623,2.84415576
15.394,1658.16,11.3750205,2.84375512
15.395,1657.8,11.3734179,2.84335448
15.396,1657.44,11.3718154,2.84295384
15.397,1657.08,11.3702128,2.8425532
15.398,1656.72,11.3686102,2.84215256
15.399,1656.36,11.3670077,2.84175191
15.4,1656,11.3654051,2.84135127
15.401,1655.64,11.3638025,2.84095063
15.402,1655.28,11.3622,2.84054999
15.403,1654.92,11.3605974,2.84014935
15.404,1654.56,11.3589948,2.83974871
15.405,1654.2,11.3573923,2.83934807
15.406,1653.84,11.3557897,2.83894743
15.407,1653.48,11.3541871,2.83854679
15.408,1653.12,11.3525846,2.83814615
15.409,1652.76,11.350982,2.8377455
15.41,1652.4,11.3493795,2.83734486
15.411,1652.04,11.3477769,2.83694422
15.412,1651.68,11.3461743,2.83654358
15.413,1651.32,11.3445718,2.83614294
15.414,1650.96,11.3429692,2.8357423
15.415,1650.6,11.3413666,2.83534166
15.416,1650.24,11.3397641,2.83494102
15.417,1649.88,11.3381615,2.83454038
15.418,1649.52,11.3365589,2.83413974
15.419,1649.16,11.3349564,2.83373909
15.42,1648.8,11.3333538,2.83333845
15.421,1648.44,11.3317512,2.83293781
15.422,1648.08,11.3301487,2.83253717
15.423,1647.72,11.3285461,2.83213653
15.424,1647.36,11.3269436,2.83173589
15.425,1647,11.325341,2.83133525
15.426,1646.64,11.3237384,2.83093461
15.427,1646.28,11.3221359,2.83053397
15.428,1645.92,11.3205333,2.83013333
15.429,1645.56,11.3189307,2.82973268
15.43,1645.2,11.3173282,2.82933204
15.431,1644.84,11.3157256,2.8289314
15.432,1644.48,11.314123,2.82853076
15.433,1644.12,11.3125205,2.82813012
15.434,1643.76,11.3109179,2.82772948
15.435,1643.4,11.3093154,2.82732884
15.436,1643.04,11.3077128,2.8269282
15.437,1642.68,11.3061102,2.82652756
15.438,1642.32,11.3045077,2.82612691
15.439,1641.96,11.3029051,2.82572627
15.44,1641.6,11.3013025,2.82532563
15.441,1641.24,11.2997,2.82492499
15.442,1640.88,11.2980974,2.82452435
15.443,1640.52,11.2964948,2.82412371
15.444,1640.16,11.2948923,2.82372307
15.445,1639.8,11.2932897,2.82332243
15.446,1639.44,11.2916871,2.82292179
15.447,1639.08,11.2900846,2.82252115
15.448,1638.72,11.288482,2.8221205
15.449,1638.36,11.2868795,2.82171986
15.45,1638,11.2852769,2.82131922
15.451,1637.64,11.2836743,2.82091858
15.452,1637.28,11.2820718,2.82051794
15.453,1636.92,11.2804692,2.8201173
15.454,1636.56,11.2788666,2.81971666
15.455,1636.2,11.2772641,2.81931602
15.456,1635.84,11.2756615,2.81891538
15.457,1635.48,11.2740589,2.81851474
15.458,1635.12,11.2724564,2.81811409
15.459,1634.76,11.2708538,2.81771345
15.46,1634.4,11.2692512,2.81731281
15.461,1634.04,11.2676487,2.81691217
15.462,1633.68,11.2660461,2.81651153
15.463,1633.32,11.2644436,2.81611089
15.464,1632.96,11.262841,2.81571025
15.465,1632.6,11.2612384,2.81530961
15.466,1632.24,11.2596359,2.81490897
15.467,1631.88,11.2580333,2.81450833
15.468,1631.52,11.2564307,2.81410768
15.469,1631.16,11.2548282,2.81370704
15.47,1630.8,11.2532256,2.8133064
15.471,1630.44,11.251623,2.81290576
15.472,1630.08,11.2500205,2.81250512
15.473,1629.72,11.2484179,2.81210448
15.474,1629.36,11.2468154,2.81170384
15.475,1629,11.2452128,2.8113032
15.476,1628.64,11.2436102,2.81090256
15.477,1628.28,11.2420077,2.81050191
15.478,1627.92,11.2404051,2.81010127
15.479,1627.56,11.2388025,2.80970063
15.48,1627.2,11.2372,2.80929999
15.481,1626.84,11.2355974,2.80889935
15.482,1626.48,11.2339948,2.80849871
15.483,1626.12,11.2323923,2.80809807
15.484,1625.76,11.2307897,2.80769743
15.485,1625.4,11.2291871,2.80729679
15.486,1625.04,11.2275846,2.80689615
15.487,1624.68,11.225982,2.8064955
15.488,1624.32,11.2243795,2.80609486
15.489,1623.96,11.2227769,2.80569422
15.49,1623.6,11.2211743,2.80529358
15.491,1623.24,11.2195718,2.80489294
15.492,1622.88,11.2179692,2.8044923
15.493,1622.52,11.2163666,2.80409166
15.494,1622.16,11.2147641,2.80369102
15.495,1621.8,11.2131615,2.80329038
15.496,1621.44,11.2115589,2.80288974
15.497,1621.08,11.2099564,2.80248909
15.498,1620.72,11.2083538,2.80208845
15.499,1620.36,11.2067512,2.80168781
15.5,1620,11.2051487,2.80128717
15.501,1619.64,11.2035461,2.80088653
15.502,1619.28,11.2019436,2.80048589
15.503,1618.92,11.200341,2.80008525
15.504,1618.56,11.1987384,2.79968461
15.505,1618.2,11.1971359,2.79928397
15.506,1617.84,11.1955333,2.79888333
15.507,1617.48,11.1939307,2.79848268
15.508,1617.12,11.1923282,2.79808204
15.509,1616.76,11.1907256,2.7976814
15.51,1616.4,11.189123,2.79728076
15.511,1616.04,11.1875205,2.79688012
15.512,1615.68,11.1859179,2.79647948
15.513,1615.32,11.1843154,2.79607884
15.514,1614.96,11.1827128,2.7956782
15.515,1614.6,11.1811102,2.79527756
15.516,1614.24,11.1795077,2.79487691
15.517,1613.88,11.1779051,2.79447627
15.518,1613.52,11.1763025,2.79407563
15.519,1613.16,11.1747,2.79367499
15.52,1612.8,11.1730974,2.79327435
15.521,1612.44,11.1714948,2.79287371
15.522,1612.08,11.1698923,2.79247307
15.523,1611.72,11.1682897,2.79207243
15.524,1611.36,11.1666871,2.79167179
15.525,1611,11.1650846,2.79127115
15.526,1610.64,11.163482,2.7908705
15.527,1610.28,11.1618795,2.79046986
15.528,1609.92,11.1602769,2.79006922
15.529,1609.56,11.1586743,2.78966858
15.53,1609.2,11.1570718,2.78926794
15.531,1608.84,11.1554692,2.7888673
15.532,1608.48,11.1538666,2.78846666
15.533,1608.12,11.1522641,2.78806602
15.534,1607.76,11.1506615,2.78766538
15.535,1607.4,11.1490589,2.78726474
15.536,1607.04,11.1474564,2.78686409
15.537,1606.68,11.1458538,2.78646345
15.538,1606.32,11.1442512,2.78606281
15.539,1605.96,11.1426487,2.78566217
15.54,1605.6,11.1410461,2.78526153
15.541,1605.24,11.1394436,2.78486089
15.542,1604.88,11.137841,2.78446025
15.543,1604.52,11.1362384,2.78405961
15.544,1604.16,11.1346359,2.78365897
15.545,1603.8,11.1330333,2.78325833
15.546,1603.44,11.1314307,2.78285768
15.547,1603.08,11.1298282,2.78245704
15.548,1602.72,11.1282256,2.7820564
15.549,1602.36,11.126623,2.78165576
15.55,1602,11.1250205,2.78125512
15.551,1601.64,11.1234179,2.78085448
15.552,1601.28,11.1218154,2.78045384
15.553,1600.92,11.1202128,2.7800532
15.554,1600.56,11.1186102,2.77965256
15.555,1600.2,11.1170077,2.77925191
15.556,1599.84,11.1154051,2.77885127
15.557,1599.48,11.1138025,2.77845063
15.558,1599.12,11.1122,2.77804999
15.559,1598.76,11.1105974,2.77764935
15.56,1598.4,11.1089948,2.77724871
15.561,1598.04,11.1073923,2.77684807
15.562,1597.68,11.1057897,2.77644743
15.563,1597.32,11.1041871,2.77604679
15.564,1596.96,11.1025846,2.77564615
15.565,1596.6,11.100982,2.7752455
15.566,1596.24,11.0993795,2.77484486
15.567,1595.88,11.0977769,2.77444422
15.568,1595.52,11.0961743,2.77404358
15.569,1595.16,11.0945718,2.77364294
15.57,1594.8,11.0929692,2.7732423
15.571,1594.44,11.0913666,2.77284166
15.572,1594.08,11.0897641,2.77244102
15.573,1593.72,11.0881615,2.77204038
15.574,1593.36,11.0865589,2.77163974
15.575,1593,11.0849564,2.77123909
15.576,1592.64,11.0833538,2.77083845
15.577,1592.28,11.0817512,2.77043781
15.578,1591.92,11.0801487,2.77003717
15.579,1591.56,11.0785461,2.76963653
15.58,1591.2,11.0769436,2.76923589
15.581,1590.84,11.075341,2.76883525
15.582,1590.48,11.0737384,2.76843461
15.583,1590.12,11.0721359,2.76803397
15.584,1589.76,11.0705333,2.76763333
15.585,1589.4,11.0689307,2.76723268
15.586,1589.04,11.0673282,2.76683204
15.587,1588.68,11.0657256,2.7664314
15.588,1588.32,11.064123,2.76603076
15.589,1587.96,11.0625205,2.76563012
15.59,1587.6,11.0609179,2.76522948
15.591,1587.24,11.0593154,2.76482884
15.592,1586.88,11.0577128,2.7644282
15.593,1586.52,11.0561102,2.76402756
15.594,1586.16,11.0545077,2.76362691
15.595,1585.8,11.0529051,2.76322627
15.596,1585.44,11.0513025,2.76282563
15.597,1585.08,11.0497,2.76242499
15.598,1584.72,11.0480974,2.76202435
15.599,1584.36,11.0464948,2.76162371
15.6,1584,11.0448923,2.76122307
15.601,1583.64,11.0432897,2.76082243
15.602,1583.28,11.0416871,2.76042179
15.603,1582.92,11.0400846,2.76002115
15.604,1582.56,11.038482,2.7596205
15.605,1582.2,11.0368795,2.75921986
15.606,1581.84,11.0352769,2.75881922
15.607,1581.48,11.0336743,2.75841858
15.608,1581.12,11.0320718,2.75801794
15.609,1580.76,11.0304692,2.7576173
15.61,1580.4,11.0288666,2.75721666
15.611,1580.04,11.0272641,2.75681602
15.612,1579.68,11.0256615,2.75641538
15.613,1579.32,11.0240589,2.75601474
15.614,1578.96,11.0224564,2.75561409
15.615,1578.6,11.0208538,2.75521345
15.616,1578.24,11.0192512,2.75481281
15.617,1577.88,11.0176487,2.75441217
15.618,1577.52,11.0160461,2.75401153
15.619,1577.16,11.0144436,2.75361089
15.62,1576.8,11.012841,2.75321025
15.621,1576.44,11.0112384,2.75280961
15.622,1576.08,11.0096359,2.75240897
15.623,1575.72,11.0080333,2.75200833
15.624,1575.36,11.0064307,2.75160768
15.625,1575,11.0048282,2.75120704
15.626,1574.64,11.0032256,2.7508064
15.627,1574.28,11.001623,2.75040576
15.628,1573.92,11.0000205,2.75000512
15.629,1573.56,10.9984179,2.74960448
15.63,1573.2,10.9968154,2.74920384
15.631,1572.84,10.9952128,2.7488032
15.632,1572.48,10.9936102,2.74840256
15.633,1572.12,10.9920077,2.74800191
15.634,1571.76,10.9904051,2.74760127
15.635,1571.4,10.9888025,2.74720063
15.636,1571.04,10.9872,2.74679999
15.637,1570.68,10.9855974,2.74639935
15.638,1570.32,10.9839948,2.74599871
15.639,1569.96,10.9823923,2.74559807
15.64,1569.6,10.9807897,2.74519743
15.641,1569.24,10.9791871,2.74479679
15.642,1568.88,10.9775846,2.74439615
15.643,1568.52,10.975982,2.7439955
15.644,1568.16,10.9743795,2.74359486
15.645,1567.8,10.9727769,2.74319422
15.646,1567.44,10.9711743,2.74279358
15.647,1567.08,10.9695718,2.74239294
15.648,1566.72,10.9679692,2.7419923
15.649,1566.36,10.9663666,2.74159166
15.65,1566,10.9647641,2.74119102
15.651,1565.64,10.9631615,2.74079038
15.652,1565.28,10.9615589,2.74038974
15.653,1564.92,10.9599564,2.73998909
15.654,1564.56,10.9583538,2.73958845
15.655,1564.2,10.9567512,2.73918781
15.656,1563.84,10.9551487,2.73878717
15.657,1563.48,10.9535461,2.73838653
15.658,1563.12,10.9519436,2.73798589
15.659,1562.76,10.950341,2.73758525
15.66,1562.4,10.9487384,2.73718461
15.661,1562.04,10.9471359,2.73678397
15.662,1561.68,10.9455333,2.73638333
15.663,1561.32,10.9439307,2.73598268
15.664,1560.96,10.9423282,2.73558204
15.665,1560.6,10.9407256,2.7351814
15.666,1560.24,10.939123,2.73478076
15.667,1559.88,10.9375205,2.73438012
15.668,1559.52,10.9359179,2.73397948
15.669,1559.16,10.9343154,2.73357884
15.67,1558.8,10.9327128,2.7331782
15.671,1558.44,10.9311102,2.73277756
15.672,1558.08,10.9295077,2.73237691
15.673,1557.72,10.9279051,2.73197627
15.674,1557.36,10.9263025,2.73157563
15.675,1557,10.9247,2.73117499
15.676,1556.64,10.9230974,2.73077435
15.677,1556.28,10.9214948,2.73037371
15.678,1555.92,10.9198923,2.72997307
15.679,1555.56,10.9182897,2.72957243
15.68,1555.2,10.9166871,2.72917179
15.681,1554.84,10.9150846,2.72877115
15.682,1554.48,10.913482,2.7283705
15.683,1554.12,10.9118795,2.72796986
15.684,1553.76,10.9102769,2.72756922
15.685,1553.4,10.9086743,2.72716858
15.686,1553.04,10.9070718,2.72676794
15.687,1552.68,10.9054692,2.7263673
15.688,1552.32,10.9038666,2.72596666
15.689,1551.96,10.9022641,2.72556602
15.69,1551.6,10.9006615,2.72516538
15.691,1551.24,10.8990589,2.72476474
15.692,1550.88,10.8974564,2.72436409
15.693,1550.52,10.8958538,2.72396345
15.694,1550.16,10.8942512,2.72356281
15.695,1549.8,10.8926487,2.72316217
15.696,1549.44,10.8910461,2.72276153
15.697,1549.08,10.8894436,2.72236089
15.698,1548.72,10.887841,2.72196025
15.699,1548.36,10.8862384,2.72155961
15.7,1548,10.8846359,2.72115897
15.701,1547.64,10.8830333,2.72075833
15.702,1547.28,10.8814307,2.72035768
15.703,1546.92,10.8798282,2.71995704
15.704,1546.56,10.8782256,2.7195564
15.705,1546.2,10.876623,2.71915576
15.706,1545.84,10.8750205,2.71875512
15.707,1545.48,10.8734179,2.71835448
15.708,1545.12,10.8718154,2.71795384
15.709,1544.76,10.8702128,2.7175532
15.71,1544.4,10.8686102,2.71715256
15.711,1544.04,10.8670077,2.71675191
15.712,1543.68,10.8654051,2.71635127
15.713,1543.32,10.8638025,2.71595063
15.714,1542.96,10.8622,2.71554999
15.715,1542.6,10.8605974,2.71514935
15.716,1542.24,10.8589948,2.71474871
15.717,1541.88,10.8573923,2.71434807
15.718,1541.52,10.8557897,2.71394743
15.719,1541.16,10.8541871,2.71354679
15.72,1540.8,10.8525846,2.71314615
15.721,1540.44,10.850982,2.7127455
15.722,1540.08,10.8493795,2.71234486
15.723,1539.72,10.8477769,2.71194422
15.724,1539.36,10.8461743,2.71154358
15.725,1539,10.8445718,2.71114294
15.726,1538.64,10.8429692,2.7107423
15.727,1538.28,10.8413666,2.71034166
15.728,1537.92,10.8397641,2.70994102
15.729,1537.56,10.8381615,2.70954038
15.73,1537.2,10.8365589,2.70913974
15.731,1536.84,10.8349564,2.70873909
15.732,1536.48,10.8333538,2.70833845
15.733,1536.12,10.8317512,2.70793781
15.734,1535.76,10.8301487,2.70753717
15.735,1535.4,10.8285461,2.70713653
15.736,1535.04,10.8269436,2.70673589
15.737,1534.68,10.825341,2.70633525
15.738,1534.32,10.8237384,2.70593461
15.739,1533.96,10.8221359,2.70553397
15.74,1533.6,10.8205333,2.70513333
15.741,1533.24,10.8189307,2.70473268
15.742,1532.88,10.8173282,2.70433204
15.743,1532.52,10.8157256,2.7039314
15.744,1532.16,10.814123,2.70353076
15.745,1531.8,10.8125205,2.70313012
15.746,1531.44,10.8109179,2.70272948
15.747,1531.08,10.8093154,2.70232884
15.748,1530.72,10.8077128,2.7019282
15.749,1530.36,10.8061102,2.70152756
15.75,1530,10.8045077,2.70112691
15.751,1529.64,10.8029051,2.70072627
15.752,1529.28,10.8013025,2.70032563
15.753,1528.92,10.7997,2.69992499
15.754,1528.56,10.7980974,2.69952435
15.755,1528.2,10.7964948,2.69912371
15.756,1527.84,10.7948923,2.69872307
15.757,1527.48,10.7932897,2.69832243
15.758,1527.12,10.7916871,2.69792179
15.759,1526.76,10.7900846,2.69752115
15.76,1526.4,10.788482,2.6971205
15.761,1526.04,10.7868795,2.69671986
15.762,1525.68,10.7852769,2.69631922
15.763,1525.32,10.7836743,2.69591858
15.764,1524.96,10.7820718,2.69551794
15.765,1524.6,10.7804692,2.6951173
15.766,1524.24,10.7788666,2.69471666
15.767,1523.88,10.7772641,2.69431602
15.768,1523.52,10.7756615,2.69391538
15.769,1523.16,10.7740589,2.69351474
15.77,1522.8,10.7724564,2.69311409
15.771,1522.44,10.7708538,2.69271345
15.772,1522.08,10.7692512,2.69231281
15.773,1521.72,10.7676487,2.69191217
15.774,1521.36,10.7660461,2.69151153
15.775,1521,10.7644436,2.69111089
15.776,1520.64,10.762841,2.69071025
15.777,1520.28,10.7612384,2.69030961
15.778,1519.92,10.7596359,2.68990897
15.779,1519.56,10.7580333,2.68950833
15.78,1519.2,10.7564307,2.68910768
15.781,1518.84,10.7548282,2.68870704
15.782,1518.48,10.7532256,2.6883064
15.783,1518.12,10.751623,2.68790576
15.784,1517.76,10.7500205,2.68750512
15.785,1517.4,10.7484179,2.68710448
15.786,1517.04,10.7468154,2.68670384
15.787,1516.68,10.7452128,2.6863032
15.788,1516.32,10.7436102,2.68590256
15.789,1515.96,10.7420077,2.68550191
15.79,1515.6,10.7404051,2.68510127
15.791,1515.24,10.7388025,2.68470063
15.792,1514.88,10.7372,2.68429999
15.793,1514.52,10.7355974,2.68389935
15.794,1514.16,10.7339948,2.68349871
15.795,1513.8,10.7323923,2.68309807
15.796,1513.44,10.7307897,2.68269743
15.797,1513.08,10.7291871,2.68229679
15.798,1512.72,10.7275846,2.68189615
15.799,1512.36,10.725982,2.6814955
15.8,1512,10.7243795,2.68109486
15.801,1511.64,10.7227769,2.68069422
15.802,1511.28,10.7211743,2.68029358
15.803,1510.92,10.7195718,2.67989294
15.804,1510.56,10.7179692,2.6794923
15.805,1510.2,10.7163666,2.67909166
15.806,1509.84,10.7147641,2.67869102
15.807,1509.48,10.7131615,2.67829038
15.808,1509.12,10.7115589,2.67788974
15.809,1508.76,10.7099564,2.67748909
15.81,1508.4,10.7083538,2.67708845
15.811,1508.04,10.7067512,2.67668781
15.812,1507.68,10.7051487,2.67628717
15.813,1507.32,10.7035461,2.67588653
15.814,1506.96,10.7019436,2.67548589
15.815,1506.6,10.700341,2.67508525
15.816,1506.24,10.6987384,2.67468461
15.817,1505.88,10.6971359,2.67428397
15.818,1505.52,10.6955333,2.67388333
15.819,1505.16,10.6939307,2.67348268
15.82,1504.8,10.6923282,2.67308204
15.821,1504.44,10.6907256,2.6726814
15.822,1504.08,10.689123,2.67228076
15.823,1503.72,10.6875205,2.67188012
15.824,1503.36,10.6859179,2.67147948
15.825,1503,10.6843154,2.67107884
15.826,1502.64,10.6827128,2.6706782
15.827,1502.28,10.6811102,2.67027756
15.828,1501.92,10.6795077,2.66987691
15.829,1501.56,10.6779051,2.66947627
15.83,1501.2,10.6763025,2.66907563
15.831,1500.84,10.6747,2.66867499
15.832,1500.48,10.6730974,2.66827435
15.833,1500.12,10.6714948,2.66787371
15.834,1499.76,10.6698923,2.66747307
15.835,1499.4,10.6682897,2.66707243
15.836,1499.04,10.6666871,2.66667179
15.837,1498.68,10.6650846,2.66627115
15.838,1498.32,10.663482,2.6658705
15.839,1497.96,10.6618795,2.66546986
15.84,1497.6,10.6602769,2.66506922
15.841,1497.24,10.6586743,2.66466858
15.842,1496.88,10.6570718,2.66426794
15.843,1496.52,10.6554692,2.6638673
15.844,1496.16,10.6538666,2.66346666
15.845,1495.8,10.6522641,2.66306602
15.846,1495.44,10.6506615,2.66266538
15.847,1495.08,10.6490589,2.66226474
15.848,1494.72,10.6474564,2.66186409
15.849,1494.36,10.6458538,2.66146345
15.85,1494,10.6442512,2.66106281
15.851,1493.64,10.6426487,2.66066217
15.852,1493.28,10.6410461,2.66026153
15.853,1492.92,10.6394436,2.65986089
15.854,1492.56,10.637841,2.65946025
15.855,1492.2,10.6362384,2.65905961
15.856,1491.84,10.6346359,2.65865897
15.857,1491.48,10.6330333,2.65825833
15.858,1491.12,10.6314307,2.65785768
15.859,1490.76,10.6298282,2.65745704
15.86,1490.4,10.6282256,2.6570564
15.861,1490.04,10.626623,2.65665576
15.862,1489.68,10.6250205,2.65625512
15.863,1489.32,10.6234179,2.65585448
15.864,1488.96,10.6218154,2.65545384
15.865,1488.6,10.6202128,2.6550532
15.866,1488.24,10.6186102,2.65465256
15.867,1487.88,10.6170077,2.65425191
15.868,1487.52,10.6154051,2.65385127
15.869,1487.16,10.6138025,2.65345063
15.87,1486.8,10.6122,2.65304999
15.871,1486.44,10.6105974,2.65264935
15.872,1486.08,10.6089948,2.65224871
15.873,1485.72,10.6073923,2.65184807
15.874,1485.36,10.6057897,2.65144743
15.875,1485,10.6041871,2.65104679
15.876,1484.64,10.6025846,2.65064615
15.877,1484.28,10.600982,2.6502455
15.878,1483.92,10.5993795,2.64984486
15.879,1483.56,10.5977769,2.64944422
15.88,1483.2,10.5961743,2.64904358
15.881,1482.84,10.5945718,2.64864294
15.882,1482.48,10.5929692,2.6482423
15.883,1482.12,10.5913666,2.64784166
15.884,1481.76,10.5897641,2.64744102
15.885,1481.4,10.5881615,2.64704038
15.886,1481.04,10.5865589,2.64663974
15.887,1480.68,10.5849564,2.64623909
15.888,1480.32,10.5833538,2.64583845
15.889,1479.96,10.5817512,2.64543781
15.89,1479.6,10.5801487,2.64503717
15.891,1479.24,10.5785461,2.64463653
15.892,1478.88,10.5769436,2.64423589
15.893,1478.52,10.575341,2.64383525
15.894,1478.16,10.5737384,2.64343461
15.895,1477.8,10.5721359,2.64303397
15.896,1477.44,10.5705333,2.64263333
15.897,1477.08,10.5689307,2.64223268
15.898,1476.72,10.5673282,2.64183204
15.899,1476.36,10.5657256,2.6414314
15.9,1476,10.564123,2.64103076
15.901,1475.64,10.5625205,2.64063012
15.902,1475.28,10.5609179,2.64022948
15.903,1474.92,10.5593154,2.63982884
15.904,1474.56,10.5577128,2.6394282
15.905,1474.2,10.5561102,2.63902756
15.906,1473.84,10.5545077,2.63862691
15.907,1473.48,10.5529051,2.63822627
15.908,1473.12,10.5513025,2.63782563
15.909,1472.76,10.5497,2.63742499
15.91,1472.4,10.5480974,2.63702435
15.911,1472.04,10.5464948,2.63662371
15.912,1471.68,10.5448923,2.63622307
15.913,1471.32,10.5432897,2.63582243
15.914,1470.96,10.5416871,2.63542179
15.915,1470.6,10.5400846,2.63502115
15.916,1470.24,10.538482,2.6346205
15.917,1469.88,10.5368795,2.63421986
15.918,1469.52,10.5352769,2.63381922
15.919,1469.16,10.5336743,2.63341858
15.92,1468.8,10.5320718,2.63301794
15.921,1468.44,10.5304692,2.6326173
15.922,1468.08,10.5288666,2.63221666
15.923,1467.72,10.5272641,2.63181602
15.924,1467.36,10.5256615,2.63141538
15.925,1467,10.5240589,2.63101474
15.926,1466.64,10.5224564,2.63061409
15.927,1466.28,10.5208538,2.63021345
15.928,1465.92,10.5192512,2.62981281
15.929,1465.56,10.5176487,2.62941217
15.93,1465.2,10.5160461,2.62901153
15.931,1464.84,10.5144436,2.62861089
15.932,1464.48,10.512841,2.62821025
15.933,1464.12,10.5112384,2.62780961
15.934,1463.76,10.5096359,2.62740897
15.935,1463.4,10.5080333,2.62700833
15.936,1463.04,10.5064307,2.62660768
15.937,1462.68,10.5048282,2.62620704
15.938,1462.32,10.5032256,2.6258064
15.939,1461.96,10.501623,2.62540576
15.94,1461.6,10.5000205,2.62500512
15.941,1461.24,10.4984179,2.62460448
15.942,1460.88,10.4968154,2.62420384
15.943,1460.52,10.4952128,2.6238032
15.944,1460.16,10.4936102,2.62340256
15.945,1459.8,10.4920077,2.62300191
15.946,1459.44,10.4904051,2.62260127
15.947,1459.08,10.4888025,2.62220063
15.948,1458.72,10.4872,2.62179999
15.949,1458.36,10.4855974,2.62139935
15.95,1458,10.4839948,2.62099871
15.951,1457.64,10.4823923,2.62059807
15.952,1457.28,10.4807897,2.62019743
15.953,1456.92,10.4791871,2.61979679
15.954,1456.56,10.4775846,2.61939615
15.955,1456.2,10.475982,2.6189955
15.956,1455.84,10.4743795,2.61859486
15.957,1455.48,10.4727769,2.61819422
15.958,1455.12,10.4711743,2.61779358
15.959,1454.76,10.4695718,2.61739294
15.96,1454.4,10.4679692,2.6169923
15.961,1454.04,10.4663666,2.61659166
15.962,1453.68,10.4647641,2.61619102
15.963,1453.32,10.4631615,2.61579038
15.964,1452.96,10.4615589,2.61538974
15.965,1452.6,10.4599564,2.61498909
15.966,1452.24,10.4583538,2.61458845
15.967,1451.88,10.4567512,2.61418781
15.968,1451.52,10.4551487,2.61378717
15.969,1451.16,10.4535461,2.61338653
15.97,1450.8,10.4519436,2.61298589
15.971,1450.44,10.450341,2.61258525
15.972,1450.08,10.4487384,2.61218461
15.973,1449.72,10.4471359,2.61178397
15.974,1449.36,10.4455333,2.61138333
15.975,1449,10.4439307,2.61098268
15.976,1448.64,10.4423282,2.61058204
15.977,1448.28,10.4407256,2.6101814
15.978,1447.92,10.439123,2.60978076
15.979,1447.56,10.4375205,2.60938012
15.98,1447.2,10.4359179,2.60897948
15.981,1446.84,10.4343154,2.60857884
15.982,1446.48,10.4327128,2.6081782
15.983,1446.12,10.4311102,2.60777756
15.984,1445.76,10.4295077,2.60737691
15.985,1445.4,10.4279051,2.60697627
15.986,1445.04,10.4263025,2.60657563
15.987,1444.68,10.4247,2.60617499
15.988,1444.32,10.4230974,2.60577435
15.989,1443.96,10.4214948,2.60537371
15.99,1443.6,10.4198923,2.60497307
15.991,1443.24,10.4182897,2.60457243
15.992,1442.88,10.4166871,2.60417179
15.993,1442.52,10.4150846,2.60377115
15.994,1442.16,10.413482,2.6033705
15.995,1441.8,10.4118795,2.60296986
15.996,1441.44,10.4102769,2.60256922
15.997,1441.08,10.4086743,2.60216858
15.998,1440.72,10.4070718,2.60176794
15.999,1440.36,10.4054692,2.6013673
16,1440,10.4038666,2.60096666
16.001,1439.64,10.4022641,2.60056602
16.002,1439.28,10.4006615,2.60016538
16.003,1438.92,10.3990589,2.59976474
16.004,1438.56,10.3974564,2.59936409
16.005,1438.2,10.3958538,2.59896345
16.006,1437.84,10.3942512,2.59856281
16.007,1437.48,10.3926487,2.59816217
16.008,1437.12,10.3910461,2.59776153
16.009,1436.76,10.3894436,2.59736089
16.01,1436.4,10.387841,2.59696025
16.011,1436.04,10.3862384,2.59655961
16.012,1435.68,10.3846359,2.59615897
16.013,1435.32,10.3830333,2.59575833
16.014,1434.96,10.3814307,2.59535768
16.015,1434.6,10.3798282,2.59495704
16.016,1434.24,10.3782256,2.5945564
16.017,1433.88,10.376623,2.59415576
16.018,1433.52,10.3750205,2.59375512
16.019,1433.16,10.3734179,2.59335448
16.02,1432.8,10.3718154,2.59295384
16.021,1432.44,10.3702128,2.5925532
16.022,1432.08,10.3686102,2.59215256
16.023,1431.72,10.3670077,2.59175191
16.024,1431.36,10.3654051,2.59135127
16.025,1431,10.3638025,2.59095063
16.026,1430.64,10.3622,2.59054999
16.027,1430.28,10.3605974,2.59014935
16.028,1429.92,10.3589948,2.58974871
16.029,1429.56,10.3573923,2.58934807
16.03,1429.2,10.3557897,2.58894743
16.031,1428.84,10.3541871,2.58854679
16.032,1428.48,10.3525846,2.58814615
16.033,1428.12,10.350982,2.5877455
16.034,1427.76,10.3493795,2.58734486
16.035,1427.4,10.3477769,2.58694422
16.036,1427.04,10.3461743,2.58654358
16.037,1426.68,10.3445718,2.58614294
16.038,1426.32,10.3429692,2.5857423
16.039,1425.96,10.3413666,2.58534166
16.04,1425.6,10.3397641,2.58494102
16.041,1425.24,10.3381615,2.58454038
16.042,1424.88,10.3365589,2.58413974
16.043,1424.52,10.3349564,2.58373909
16.044,1424.16,10.3333538,2.58333845
16.045,1423.8,10.3317512,2.58293781
16.046,1423.44,10.3301487,2.58253717
16.047,1423.08,10.3285461,2.58213653
16.048,1422.72,10.3269436,2.58173589
16.049,1422.36,10.325341,2.58133525
16.05,1422,10.3237384,2.58093461
16.051,1421.64,10.3221359,2.58053397
16.052,1421.28,10.3205333,2.58013333
16.053,1420.92,10.3189307,2.57973268
16.054,1420.56,10.3173282,2.57933204
16.055,1420.2,10.3157256,2.5789314
16.056,1419.84,10.314123,2.57853076
16.057,1419.48,10.3125205,2.57813012
16.058,1419.12,10.3109179,2.57772948
16.059,1418.76,10.3093154,2.57732884
16.06,1418.4,10.3077128,2.5769282
16.061,1418.04,10.3061102,2.57652756
16.062,1417.68,10.3045077,2.57612691
16.063,1417.32,10.3029051,2.57572627
16.064,1416.96,10.3013025,2.57532563
16.065,1416.6,10.2997,2.57492499
16.066,1416.24,10.2980974,2.57452435
16.067,1415.88,10.2964948,2.57412371
16.068,1415.52,10.2948923,2.57372307
16.069,1415.16,10.2932897,2.57332243
16.07,1414.8,10.2916871,2.57292179
16.071,1414.44,10.2900846,2.57252115
16.072,1414.08,10.288482,2.5721205
16.073,1413.72,10.2868795,2.57171986
16.074,1413.36,10.2852769,2.57131922
16.075,1413,10.2836743,2.57091858
16.076,1412.64,10.2820718,2.57051794
16.077,1412.28,10.2804692,2.5701173
16.078,1411.92,10.2788666,2.56971666
16.079,1411.56,10.2772641,2.56931602
16.08,1411.2,10.2756615,2.56891538
16.081,1410.84,10.2740589,2.56851474
16.082,1410.48,10.2724564,2.56811409
16.083,1410.12,10.2708538,2.56771345
16.084,1409.76,10.2692512,2.56731281
16.085,1409.4,10.2676487,2.56691217
16.086,1409.04,10.2660461,2.56651153
16.087,1408.68,10.2644436,2.56611089
16.088,1408.32,10.262841,2.56571025
16.089,1407.96,10.2612384,2.56530961
16.09,1407.6,10.2596359,2.56490897
16.091,1407.24,10.2580333,2.56450833
16.092,1406.88,10.2564307,2.56410768
16.093,1406.52,10.2548282,2.56370704
16.094,1406.16,10.2532256,2.5633064
16.095,1405.8,10.251623,2.56290576
16.096,1405.44,10.2500205,2.56250512
16.097,1405.08,10.2484179,2.56210448
16.098,1404.72,10.2468154,2.56170384
16.099,1404.36,10.2452128,2.5613032
16.1,1404,10.2436102,2.56090256
16.101,1403.64,10.2420077,2.56050191
16.102,1403.28,10.2404051,2.56010127
16.103,1402.92,10.2388025,2.55970063
16.104,1402.56,10.2372,2.55929999
16.105,1402.2,10.2355974,2.55889935
16.106,1401.84,10.2339948,2.55849871
16.107,1401.48,10.2323923,2.55809807
16.108,1401.12,10.2307897,2.55769743
16.109,1400.76,10.2291871,2.55729679
16.11,1400.4,10.2275846,2.55689615
16.111,1400.04,10.225982,2.5564955
16.112,1399.68,10.2243795,2.55609486
16.113,1399.32,10.2227769,2.55569422
16.114,1398.96,10.2211743,2.55529358
16.115,1398.6,10.2195718,2.55489294
16.116,1398.24,10.2179692,2.5544923
16.117,1397.88,10.2163666,2.55409166
16.118,1397.52,10.2147641,2.55369102
16.119,1397.16,10.2131615,2.55329038
16.12,1396.8,10.2115589,2.55288974
16.121,1396.44,10.2099564,2.55248909
16.122,1396.08,10.2083538,2.55208845
16.123,1395.72,10.2067512,2.55168781
16.124,1395.36,10.2051487,2.55128717
16.125,1395,10.2035461,2.55088653
16.126,1394.64,10.2019436,2.55048589
16.127,1394.28,10.200341,2.55008525
16.128,1393.92,10.1987384,2.54968461
16.129,1393.56,10.1971359,2.54928397
16.13,1393.2,10.1955333,2.54888333
16.131,1392.84,10.1939307,2.54848268
16.132,1392.48,10.1923282,2.54808204
16.133,1392.12,10.1907256,2.5476814
16.134,1391.76,10.189123,2.54728076
16.135,1391.4,10.1875205,2.54688012
16.136,1391.04,10.1859179,2.54647948
16.137,1390.68,10.1843154,2.54607884
16.138,1390.32,10.1827128,2.5456782
16.139,1389.96,10.1811102,2.54527756
16.14,1389.6,10.1795077,2.54487691
16.141,1389.24,10.1779051,2.54447627
16.142,1388.88,10.1763025,2.54407563
16.143,1388.52,10.1747,2.54367499
16.144,1388.16,10.1730974,2.54327435
16.145,1387.8,10.1714948,2.54287371
16.146,1387.44,10.1698923,2.54247307
16.147,1387.08,10.1682897,2.54207243
16.148,1386.72,10.1666871,2.54167179
16.149,1386.36,10.1650846,2.54127115
16.15,1386,10.163482,2.5408705
16.151,1385.64,10.1618795,2.54046986
16.152,1385.28,10.1602769,2.54006922
16.153,1384.92,10.1586743,2.53966858
16.154,1384.56,10.1570718,2.53926794
16.155,1384.2,10.1554692,2.5388673
16.156,1383.84,10.1538666,2.53846666
16.157,1383.48,10.1522641,2.53806602
16.158,1383.12,10.1506615,2.53766538
16.159,1382.76,10.1490589,2.53726474
16.16,1382.4,10.1474564,2.53686409
16.161,1382.04,10.1458538,2.53646345
16.162,1381.68,10.1442512,2.53606281
16.163,1381.32,10.1426487,2.53566217
16.164,1380.96,10.1410461,2.53526153
16.165,1380.6,10.1394436,2.53486089
16.166,1380.24,10.137841,2.53446025
16.167,1379.88,10.1362384,2.53405961
16.168,1379.52,10.1346359,2.53365897
16.169,1379.16,10.1330333,2.53325833
16.17,1378.8,10.1314307,2.53285768
16.171,1378.44,10.1298282,2.53245704
16.172,1378.08,10.1282256,2.5320564
16.173,1377.72,10.126623,2.53165576
16.174,1377.36,10.1250205,2.53125512
16.175,1377,10.1234179,2.53085448
16.176,1376.64,10.1218154,2.53045384
16.177,1376.28,10.1202128,2.5300532
16.178,1375.92,10.1186102,2.52965256
16.179,1375.56,10.1170077,2.52925191
16.18,1375.2,10.1154051,2.52885127
16.181,1374.84,10.1138025,2.52845063
16.182,1374.48,10.1122,2.52804999
16.183,1374.12,10.1105974,2.52764935
16.184,1373.76,10.1089948,2.52724871
16.185,1373.4,10.1073923,2.52684807
16.186,1373.04,10.1057897,2.52644743
16.187,1372.68,10.1041871,2.52604679
16.188,1372.32,10.1025846,2.52564615
16.189,1371.96,10.100982,2.5252455
16.19,1371.6,10.0993795,2.52484486
16.191,1371.24,10.0977769,2.52444422
16.192,1370.88,10.0961743,2.52404358
16.193,1370.52,10.0945718,2.52364294
16.194,1370.16,10.0929692,2.5232423
16.195,1369.8,10.0913666,2.52284166
16.196,1369.44,10.0897641,2.52244102
16.197,1369.08,10.0881615,2.52204038
16.198,1368.72,10.0865589,2.52163974
16.199,1368.36,10.0849564,2.52123909
16.2,1368,10.0833538,2.52083845
16.201,1367.64,10.0817512,2.52043781
16.202,1367.28,10.0801487,2.52003717
16.203,1366.92,10.0785461,2.51963653
16.204,1366.56,10.0769436,2.51923589
16.205,1366.2,10.075341,2.51883525
16.206,1365.84,10.0737384,2.51843461
16.207,1365.48,10.0721359,2.51803397
16.208,1365.12,10.0705333,2.51763333
16.209,1364.76,10.0689307,2.51723268
16.21,1364.4,10.0673282,2.51683204
16.211,1364.04,10.0657256,2.5164314
16.212,1363.68,10.064123,2.51603076
16.213,1363.32,10.0625205,2.51563012
16.214,1362.96,10.0609179,2.51522948
16.215,1362.6,10.0593154,2.51482884
16.216,1362.24,10.0577128,2.5144282
16.217,1361.88,10.0561102,2.51402756
16.218,1361.52,10.0545077,2.51362691
16.219,1361.16,10.0529051,2.51322627
16.22,1360.8,10.0513025,2.51282563
16.221,1360.44,10.0497,2.51242499
16.222,1360.08,10.0480974,2.51202435
16.223,1359.72,10.0464948,2.51162371
16.224,1359.36,10.0448923,2.51122307
16.225,1359,10.0432897,2.51082243
16.226,1358.64,10.0416871,2.51042179
16.227,1358.28,10.0400846,2.51002115
16.228,1357.92,10.038482,2.5096205
16.229,1357.56,10.0368795,2.50921986
16.23,1357.2,10.0352769,2.50881922
16.231,1356.84,10.0336743,2.50841858
16.232,1356.48,10.0320718,2.50801794
16.233,1356.12,10.0304692,2.5076173
16.234,1355.76,10.0288666,2.50721666
16.235,1355.4,10.0272641,2.50681602
16.236,1355.04,10.0256615,2.50641538
16.237,1354.68,10.0240589,2.50601474
16.238,1354.32,10.0224564,2.50561409
16.239,1353.96,10.0208538,2.50521345
16.24,1353.6,10.0192512,2.50481281
16.241,1353.24,10.0176487,2.50441217
16.242,1352.88,10.0160461,2.50401153
16.243,1352.52,10.0144436,2.50361089
16.244,1352.16,10.012841,2.50321025
16.245,1351.8,10.0112384,2.50280961
16.246,1351.44,10.0096359,2.50240897
16.247,1351.08,10.0080333,2.50200833
16.248,1350.72,10.0064307,2.50160768
16.249,1350.36,10.0048282,2.50120704
16.25,1350,10.0032256,2.5008064
16.251,1349.64,10.001623,2.50040576
16.252,1349.28,10.0000205,2.50000512
16.253,1348.92,9.99841792,2.49960448
16.254,1348.56,9.99681535,2.49920384
16.255,1348.2,9.99521279,2.4988032
16.256,1347.84,9.99361022,2.49840256
16.257,1347.48,9.99200766,2.49800191
16.258,1347.12,9.9904051,2.49760127
16.259,1346.76,9.98880253,2.49720063
16.26,1346.4,9.98719997,2.49679999
16.261,1346.04,9.9855974,2.49639935
16.262,1345.68,9.98399484,2.49599871
16.263,1345.32,9.98239227,2.49559807
16.264,1344.96,9.98078971,2.49519743
16.265,1344.6,9.97918715,2.49479679
16.266,1344.24,9.97758458,2.49439615
16.267,1343.88,9.97598202,2.4939955
16.268,1343.52,9.97437945,2.49359486
16.269,1343.16,9.97277689,2.49319422
16.27,1342.8,9.97117433,2.49279358
16.271,1342.44,9.96957176,2.49239294
16.272,1342.08,9.9679692,2.4919923
16.273,1341.72,9.96636663,2.49159166
16.274,1341.36,9.96476407,2.49119102
16.275,1341,9.96316151,2.49079038
16.276,1340.64,9.96155894,2.49038974
16.277,1340.28,9.95995638,2.48998909
16.278,1339.92,9.95835381,2.48958845
16.279,1339.56,9.95675125,2.48918781
16.28,1339.2,9.95514869,2.48878717
16.281,1338.84,9.95354612,2.48838653
16.282,1338.48,9.95194356,2.48798589
16.283,1338.12,9.95034099,2.48758525
16.284,1337.76,9.94873843,2.48718461
16.285,1337.4,9.94713586,2.48678397
16.286,1337.04,9.9455333,2.48638333
16.287,1336.68,9.94393074,2.48598268
16.288,1336.32,9.94232817,2.48558204
16.289,1335.96,9.94072561,2.4851814
16.29,1335.6,9.93912304,2.48478076
16.291,1335.24,9.93752048,2.48438012
16.292,1334.88,9.93591792,2.48397948
16.293,1334.52,9.93431535,2.48357884
16.294,1334.16,9.93271279,2.4831782
16.295,1333.8,9.93111022,2.48277756
16.296,1333.44,9.92950766,2.48237691
16.297,1333.08,9.9279051,2.48197627
16.298,1332.72,9.92630253,2.48157563
16.299,1332.36,9.92469997,2.48117499
16.3,1332,9.9230974,2.48077435
16.301,1331.64,9.92149484,2.48037371
16.302,1331.28,9.91989227,2.47997307
16.303,1330.92,9.91828971,2.47957243
16.304,1330.56,9.91668715,2.47917179
16.305,1330.2,9.91508458,2.47877115
16.306,1329.84,9.91348202,2.4783705
16.307,1329.48,9.91187945,2.47796986
16.308,1329.12,9.91027689,2.47756922
16.309,1328.76,9.90867433,2.47716858
16.31,1328.4,9.90707176,2.47676794
16.311,1328.04,9.9054692,2.4763673
16.312,1327.68,9.90386663,2.47596666
16.313,1327.32,9.90226407,2.47556602
16.314,1326.96,9.90066151,2.47516538
16.315,1326.6,9.89905894,2.47476474
16.316,1326.24,9.89745638,2.47436409
16.317,1325.88,9.89585381,2.47396345
16.318,1325.52,9.89425125,2.47356281
16.319,1325.16,9.89264869,2.47316217
16.32,1324.8,9.89104612,2.47276153
16.321,1324.44,9.88944356,2.47236089
16.322,1324.08,9.88784099,2.47196025
16.323,1323.72,9.88623843,2.47155961
16.324,1323.36,9.88463586,2.47115897
16.325,1323,9.8830333,2.47075833
16.326,1322.64,9.88143074,2.47035768
16.327,1322.28,9.87982817,2.46995704
16.328,1321.92,9.87822561,2.4695564
16.329,1321.56,9.87662304,2.46915576
16.33,1321.2,9.87502048,2.46875512
16.331,1320.84,9.87341792,2.46835448
16.332,1320.48,9.87181535,2.46795384
16.333,1320.12,9.87021279,2.4675532
16.334,1319.76,9.86861022,2.46715256
16.335,1319.4,9.86700766,2.46675191
16.336,1319.04,9.8654051,2.46635127
16.337,1318.68,9.86380253,2.46595063
16.338,1318.32,9.86219997,2.46554999
16.339,1317.96,9.8605974,2.46514935
16.34,1317.6,9.85899484,2.46474871
16.341,1317.24,9.85739227,2.46434807
16.342,1316.88,9.85578971,2.46394743
16.343,1316.52,9.85418715,2.46354679
16.344,1316.16,9.85258458,2.46314615
16.345,1315.8,9.85098202,2.4627455
16.346,1315.44,9.84937945,2.46234486
16.347,1315.08,9.84777689,2.46194422
16.348,1314.72,9.84617433,2.46154358
16.349,1314.36,9.84457176,2.46114294
16.35,1314,9.8429692,2.4607423
16.351,1313.64,9.84136663,2.46034166
16.352,1313.28,9.83976407,2.45994102
16.353,1312.92,9.83816151,2.45954038
16.354,1312.56,9.83655894,2.45913974
16.355,1312.2,9.83495638,2.45873909
16.356,1311.84,9.83335381,2.45833845
16.357,1311.48,9.83175125,2.45793781
16.358,1311.12,9.83014869,2.45753717
16.359,1310.76,9.82854612,2.45713653
16.36,1310.4,9.82694356,2.45673589
16.361,1310.04,9.82534099,2.45633525
16.362,1309.68,9.82373843,2.45593461
16.363,1309.32,9.82213586,2.45553397
16.364,1308.96,9.8205333,2.45513333
16.365,1308.6,9.81893074,2.45473268
16.366,1308.24,9.81732817,2.45433204
16.367,1307.88,9.81572561,2.4539314
16.368,1307.52,9.81412304,2.45353076
16.369,1307.16,9.81252048,2.45313012
16.37,1306.8,9.81091792,2.45272948
16.371,1306.44,9.80931535,2.45232884
16.372,1306.08,9.80771279,2.4519282
16.373,1305.72,9.80611022,2.45152756
16.374,1305.36,9.80450766,2.45112691
16.375,1305,9.8029051,2.45072627
16.376,1304.64,9.80130253,2.45032563
16.377,1304.28,9.79969997,2.44992499
16.378,1303.92,9.7980974,2.44952435
16.379,1303.56,9.79649484,2.44912371
16.38,1303.2,9.79489227,2.44872307
16.381,1302.84,9.79328971,2.44832243
16.382,1302.48,9.79168715,2.44792179
16.383,1302.12,9.79008458,2.44752115
16.384,1301.76,9.78848202,2.4471205
16.385,1301.4,9.78687945,2.44671986
16.386,1301.04,9.78527689,2.44631922
16.387,1300.68,9.78367433,2.44591858
16.388,1300.32,9.78207176,2.44551794
16.389,1299.96,9.7804692,2.4451173
16.39,1299.6,9.77886663,2.44471666
16.391,1299.24,9.77726407,2.44431602
16.392,1298.88,9.77566151,2.44391538
16.393,1298.52,9.77405894,2.44351474
16.394,1298.16,9.77245638,2.44311409
16.395,1297.8,9.77085381,2.44271345
16.396,1297.44,9.76925125,2.44231281
16.397,1297.08,9.76764869,2.44191217
16.398,1296.72,9.76604612,2.44151153
16.399,1296.36,9.76444356,2.44111089
16.4,1296,9.76284099,2.44071025
16.401,1295.64,9.76123843,2.44030961
16.402,1295.28,9.75963586,2.43990897
16.403,1294.92,9.7580333,2.43950833
16.404,1294.56,9.75643074,2.43910768
16.405,1294.2,9.75482817,2.43870704
16.406,1293.84,9.75322561,2.4383064
16.407,1293.48,9.75162304,2.43790576
16.408,1293.12,9.75002048,2.43750512
16.409,1292.76,9.74841792,2.43710448
16.41,1292.4,9.74681535,2.43670384
16.411,1292.04,9.74521279,2.4363032
16.412,1291.68,9.74361022,2.43590256
16.413,1291.32,9.74200766,2.43550191
16.414,1290.96,9.7404051,2.43510127
16.415,1290.6,9.73880253,2.43470063
16.416,1290.24,9.73719997,2.43429999
16.417,1289.88,9.7355974,2.43389935
16.418,1289.52,9.73399484,2.43349871
16.419,1289.16,9.73239227,2.43309807
16.42,1288.8,9.73078971,2.43269743
16.421,1288.44,9.72918715,2.43229679
16.422,1288.08,9.72758458,2.43189615
16.423,1287.72,9.72598202,2.4314955
16.424,1287.36,9.72437945,2.43109486
16.425,1287,9.72277689,2.43069422
16.426,1286.64,9.72117433,2.43029358
16.427,1286.28,9.71957176,2.42989294
16.428,1285.92,9.7179692,2.4294923
16.429,1285.56,9.71636663,2.42909166
16.43,1285.2,9.71476407,2.42869102
16.431,1284.84,9.71316151,2.42829038
16.432,1284.48,9.71155894,2.42788974
16.433,1284.12,9.70995638,2.42748909
16.434,1283.76,9.70835381,2.42708845
16.435,1283.4,9.70675125,2.42668781
16.436,1283.04,9.70514869,2.42628717
16.437,1282.68,9.70354612,2.42588653
16.438,1282.32,9.70194356,2.42548589
16.439,1281.96,9.70034099,2.42508525
16.44,1281.6,9.69873843,2.42468461
16.441,1281.24,9.69713586,2.42428397
16.442,1280.88,9.6955333,2.42388333
16.443,1280.52,9.69393074,2.42348268
16.444,1280.16,9.69232817,2.42308204
16.445,1279.8,9.69072561,2.4226814
16.446,1279.44,9.68912304,2.42228076
16.447,1279.08,9.68752048,2.42188012
16.448,1278.72,9.68591792,2.42147948
16.449,1278.36,9.68431535,2.42107884
16.45,1278,9.68271279,2.4206782
16.451,1277.64,9.68111022,2.42027756
16.452,1277.28,9.67950766,2.41987691
16.453,1276.92,9.6779051,2.41947627
16.454,1276.56,9.67630253,2.41907563
16.455,1276.2,9.67469997,2.41867499
16.456,1275.84,9.6730974,2.41827435
16.457,1275.48,9.67149484,2.41787371
16.458,1275.12,9.66989227,2.41747307
16.459,1274.76,9.66828971,2.41707243
16.46,1274.4,9.66668715,2.41667179
16.461,1274.04,9.66508458,2.41627115
16.462,1273.68,9.66348202,2.4158705
16.463,1273.32,9.66187945,2.41546986
16.464,1272.96,9.66027689,2.41506922
16.465,1272.6,9.65867433,2.41466858
16.466,1272.24,9.65707176,2.41426794
16.467,1271.88,9.6554692,2.4138673
16.468,1271.52,9.65386663,2.41346666
16.469,1271.16,9.65226407,2.41306602
16.47,1270.8,9.65066151,2.41266538
16.471,1270.44,9.64905894,2.41226474
16.472,1270.08,9.64745638,2.41186409
16.473,1269.72,9.64585381,2.41146345
16.474,1269.36,9.64425125,2.41106281
16.475,1269,9.64264869,2.41066217
16.476,1268.64,9.64104612,2.41026153
16.477,1268.28,9.63944356,2.40986089
16.478,1267.92,9.63784099,2.40946025
16.479,1267.56,9.63623843,2.40905961
16.48,1267.2,9.63463586,2.40865897
16.481,1266.84,9.6330333,2.40825833
16.482,1266.48,9.63143074,2.40785768
16.483,1266.12,9.62982817,2.40745704
16.484,1265.76,9.62822561,2.4070564
16.485,1265.4,9.62662304,2.40665576
16.486,1265.04,9.62502048,2.40625512
16.487,1264.68,9.62341792,2.40585448
16.488,1264.32,9.62181535,2.40545384
16.489,1263.96,9.62021279,2.4050532
16.49,1263.6,9.61861022,2.40465256
16.491,1263.24,9.61700766,2.40425191
16.492,1262.88,9.6154051,2.40385127
16.493,1262.52,9.61380253,2.40345063
16.494,1262.16,9.61219997,2.40304999
16.495,1261.8,9.6105974,2.40264935
16.496,1261.44,9.60899484,2.40224871
16.497,1261.08,9.60739227,2.40184807
16.498,1260.72,9.60578971,2.40144743
16.499,1260.36,9.60418715,2.40104679
16.5,1260,9.60258458,2.40064615
16.501,1259.64,9.60098202,2.4002455
16.502,1259.28,9.59937945,2.39984486
16.503,1258.92,9.59777689,2.39944422
16.504,1258.56,9.59617433,2.39904358
16.505,1258.2,9.59457176,2.39864294
16.506,1257.84,9.5929692,2.3982423
16.507,1257.48,9.59136663,2.39784166
16.508,1257.12,9.58976407,2.39744102
16.509,1256.76,9.58816151,2.39704038
16.51,1256.4,9.58655894,2.39663974
16.511,1256.04,9.58495638,2.39623909
16.512,1255.68,9.58335381,2.39583845
16.513,1255.32,9.58175125,2.39543781
16.514,1254.96,9.58014869,2.39503717
16.515,1254.6,9.57854612,2.39463653
16.516,1254.24,9.57694356,2.39423589
16.517,1253.88,9.57534099,2.39383525
16.518,1253.52,9.57373843,2.39343461
16.519,1253.16,9.57213586,2.39303397
16.52,1252.8,9.5705333,2.39263333
16.521,1252.44,9.56893074,2.39223268
16.522,1252.08,9.56732817,2.39183204
16.523,1251.72,9.56572561,2.3914314
16.524,1251.36,9.56412304,2.39103076
16.525,1251,9.56252048,2.39063012
16.526,1250.64,9.56091792,2.39022948
16.527,1250.28,9.55931535,2.38982884
16.528,1249.92,9.55771279,2.3894282
16.529,1249.56,9.55611022,2.38902756
16.53,1249.2,9.55450766,2.38862691
16.531,1248.84,9.5529051,2.38822627
16.532,1248.48,9.55130253,2.38782563
16.533,1248.12,9.54969997,2.38742499
16.534,1247.76,9.5480974,2.38702435
16.535,1247.4,9.54649484,2.38662371
16.536,1247.04,9.54489227,2.38622307
16.537,1246.68,9.54328971,2.38582243
16.538,1246.32,9.54168715,2.38542179
16.539,1245.96,9.54008458,2.38502115
16.54,1245.6,9.53848202,2.3846205
16.541,1245.24,9.53687945,2.38421986
16.542,1244.88,9.53527689,2.38381922
16.543,1244.52,9.53367433,2.38341858
16.544,1244.16,9.53207176,2.38301794
16.545,1243.8,9.5304692,2.3826173
16.546,1243.44,9.52886663,2.38221666
16.547,1243.08,9.52726407,2.38181602
16.548,1242.72,9.52566151,2.38141538
16.549,1242.36,9.52405894,2.38101474
16.55,1242,9.52245638,2.38061409
16.551,1241.64,9.52085381,2.38021345
16.552,1241.28,9.51925125,2.37981281
16.553,1240.92,9.51764869,2.37941217
16.554,1240.56,9.51604612,2.37901153
16.555,1240.2,9.51444356,2.37861089
16.556,1239.84,9.51284099,2.37821025
16.557,1239.48,9.51123843,2.37780961
16.558,1239.12,9.50963586,2.37740897
16.559,1238.76,9.5080333,2.37700833
16.56,1238.4,9.50643074,2.37660768
16.561,1238.04,9.50482817,2.37620704
16.562,1237.68,9.50322561,2.3758064
16.563,1237.32,9.50162304,2.37540576
16.564,1236.96,9.50002048,2.37500512
16.565,1236.6,9.49841792,2.37460448
16.566,1236.24,9.49681535,2.37420384
16.567,1235.88,9.49521279,2.3738032
16.568,1235.52,9.49361022,2.37340256
16.569,1235.16,9.49200766,2.37300191
16.57,1234.8,9.4904051,2.37260127
16.571,1234.44,9.48880253,2.37220063
16.572,1234.08,9.48719997,2.37179999
16.573,1233.72,9.4855974,2.37139935
16.574,1233.36,9.48399484,2.37099871
16.575,1233,9.48239227,2.37059807
16.576,1232.64,9.48078971,2.37019743
16.577,1232.28,9.47918715,2.36979679
16.578,1231.92,9.47758458,2.36939615
16.579,1231.56,9.47598202,2.3689955
16.58,1231.2,9.47437945,2.36859486
16.581,1230.84,9.47277689,2.36819422
16.582,1230.48,9.47117433,2.36779358
16.583,1230.12,9.46957176,2.36739294
16.584,1229.76,9.4679692,2.3669923
16.585,1229.4,9.46636663,2.36659166
16.586,1229.04,9.46476407,2.36619102
16.587,1228.68,9.46316151,2.36579038
16.588,1228.32,9.46155894,2.36538974
16.589,1227.96,9.45995638,2.36498909
16.59,1227.6,9.45835381,2.36458845
16.591,1227.24,9.45675125,2.36418781
16.592,1226.88,9.45514869,2.36378717
16.593,1226.52,9.45354612,2.36338653
16.594,1226.16,9.45194356,2.36298589
16.595,1225.8,9.45034099,2.36258525
16.596,1225.44,9.44873843,2.36218461
16.597,1225.08,9.44713586,2.36178397
16.598,1224.72,9.4455333,2.36138333
16.599,1224.36,9.44393074,2.36098268
16.6,1224,9.44232817,2.36058204
16.601,1223.64,9.44072561,2.3601814
16.602,1223.28,9.43912304,2.35978076
16.603,1222.92,9.43752048,2.35938012
16.604,1222.56,9.43591792,2.35897948
16.605,1222.2,9.43431535,2.35857884
16.606,1221.84,9.43271279,2.3581782
16.607,1221.48,9.43111022,2.35777756
16.608,1221.12,9.42950766,2.35737691
16.609,1220.76,9.4279051,2.35697627
16.61,1220.4,9.42630253,2.35657563
16.611,1220.04,9.42469997,2.35617499
16.612,1219.68,9.4230974,2.35577435
16.613,1219.32,9.42149484,2.35537371
16.614,1218.96,9.41989227,2.35497307
16.615,1218.6,9.41828971,2.35457243
16.616,1218.24,9.41668715,2.35417179
16.617,1217.88,9.41508458,2.35377115
16.618,1217.52,9.41348202,2.3533705
16.619,1217.16,9.41187945,2.35296986
16.62,1216.8,9.41027689,2.35256922
16.621,1216.44,9.40867433,2.35216858
16.622,1216.08,9.40707176,2.35176794
16.623,1215.72,9.4054692,2.3513673
16.624,1215.36,9.40386663,2.35096666
16.625,1215,9.40226407,2.35056602
16.626,1214.64,9.40066151,2.35016538
16.627,1214.28,9.39905894,2.34976474
16.628,1213.92,9.39745638,2.34936409
16.629,1213.56,9.39585381,2.34896345
16.63,1213.2,9.39425125,2.34856281
16.631,1212.84,9.39264869,2.34816217
16.632,1212.48,9.39104612,2.34776153
16.633,1212.12,9.38944356,2.34736089
16.634,1211.76,9.38784099,2.34696025
16.635,1211.4,9.38623843,2.34655961
16.636,1211.04,9.38463586,2.34615897
16.637,1210.68,9.3830333,2.34575833
16.638,1210.32,9.38143074,2.34535768
16.639,1209.96,9.37982817,2.34495704
16.64,1209.6,9.37822561,2.3445564
16.641,1209.24,9.37662304,2.34415576
16.642,1208.88,9.37502048,2.34375512
16.643,1208.52,9.37341792,2.34335448
16.644,1208.16,9.37181535,2.34295384
16.645,1207.8,9.37021279,2.3425532
16.646,1207.44,9.36861022,2.34215256
16.647,1207.08,9.36700766,2.34175191
16.648,1206.72,9.3654051,2.34135127
16.649,1206.36,9.36380253,2.34095063
16.65,1206,9.36219997,2.34054999
16.651,1205.64,9.3605974,2.34014935
16.652,1205.28,9.35899484,2.33974871
16.653,1204.92,9.35739227,2.33934807
16.654,1204.56,9.35578971,2.33894743
16.655,1204.2,9.35418715,2.33854679
16.656,1203.84,9.35258458,2.33814615
16.657,1203.48,9.35098202,2.3377455
16.658,1203.12,9.34937945,2.33734486
16.659,1202.76,9.34777689,2.33694422
16.66,1202.4,9.34617433,2.33654358
16.661,1202.04,9.34457176,2.33614294
16.662,1201.68,9.3429692,2.3357423
16.663,1201.32,9.34136663,2.33534166
16.664,1200.96,9.33976407,2.33494102
16.665,1200.6,9.33816151,2.33454038
16.666,1200.24,9.33655894,2.33413974
16.667,1199.88,9.33495638,2.33373909
16.668,1199.52,9.33335381,2.33333845
16.669,1199.16,9.33175125,2.33293781
16.67,1198.8,9.33014869,2.33253717
16.671,1198.44,9.32854612,2.33213653
16.672,1198.08,9.32694356,2.33173589
16.673,1197.72,9.32534099,2.33133525
16.674,1197.36,9.32373843,2.33093461
16.675,1197,9.32213586,2.33053397
16.676,1196.64,9.3205333,2.33013333
16.677,1196.28,9.31893074,2.32973268
16.678,1195.92,9.31732817,2.32933204
16.679,1195.56,9.31572561,2.3289314
16.68,1195.2,9.31412304,2.32853076
16.681,1194.84,9.31252048,2.32813012
16.682,1194.48,9.31091792,2.32772948
16.683,1194.12,9.30931535,2.32732884
16.684,1193.76,9.30771279,2.3269282
16.685,1193.4,9.30611022,2.32652756
16.686,1193.04,9.30450766,2.32612691
16.687,1192.68,9.3029051,2.32572627
16.688,1192.32,9.30130253,2.32532563
16.689,1191.96,9.29969997,2.32492499
16.69,1191.6,9.2980974,2.32452435
16.691,1191.24,9.29649484,2.32412371
16.692,1190.88,9.29489227,2.32372307
16.693,1190.52,9.29328971,2.32332243
16.694,1190.16,9.29168715,2.32292179
16.695,1189.8,9.29008458,2.32252115
16.696,1189.44,9.28848202,2.3221205
16.697,1189.08,9.28687945,2.32171986
16.698,1188.72,9.28527689,2.32131922
16.699,1188.36,9.28367433,2.32091858
16.7,1188,9.28207176,2.32051794
16.701,1187.64,9.2804692,2.3201173
16.702,1187.28,9.27886663,2.31971666
16.703,1186.92,9.27726407,2.31931602
16.704,1186.56,9.27566151,2.31891538
16.705,1186.2,9.27405894,2.31851474
16.706,1185.84,9.27245638,2.31811409
16.707,1185.48,9.27085381,2.31771345
16.708,1185.12,9.26925125,2.31731281
16.709,1184.76,9.26764869,2.31691217
16.71,1184.4,9.26604612,2.31651153
16.711,1184.04,9.26444356,2.31611089
16.712,1183.68,9.26284099,2.31571025
16.713,1183.32,9.26123843,2.31530961
16.714,1182.96,9.25963586,2.31490897
16.715,1182.6,9.2580333,2.31450833
16.716,1182.24,9.25643074,2.31410768
16.717,1181.88,9.25482817,2.31370704
16.718,1181.52,9.25322561,2.3133064
16.719,1181.16,9.25162304,2.31290576
16.72,1180.8,9.25002048,2.31250512
16.721,1180.44,9.24841792,2.31210448
16.722,1180.08,9.24681535,2.31170384
16.723,1179.72,9.24521279,2.3113032
16.724,1179.36,9.24361022,2.31090256
16.725,1179,9.24200766,2.31050191
16.726,1178.64,9.2404051,2.31010127
16.727,1178.28,9.23880253,2.30970063
16.728,1177.92,9.23719997,2.30929999
16.729,1177.56,9.2355974,2.30889935
16.73,1177.2,9.23399484,2.30849871
16.731,1176.84,9.23239227,2.30809807
16.732,1176.48,9.23078971,2.30769743
16.733,1176.12,9.22918715,2.30729679
16.734,1175.76,9.22758458,2.30689615
16.735,1175.4,9.22598202,2.3064955
16.736,1175.04,9.22437945,2.30609486
16.737,1174.68,9.22277689,2.30569422
16.738,1174.32,9.22117433,2.30529358
16.739,1173.96,9.21957176,2.30489294
16.74,1173.6,9.2179692,2.3044923
16.741,1173.24,9.21636663,2.30409166
16.742,1172.88,9.21476407,2.30369102
16.743,1172.52,9.21316151,2.30329038
16.744,1172.16,9.21155894,2.30288974
16.745,1171.8,9.20995638,2.30248909
16.746,1171.44,9.20835381,2.30208845
16.747,1171.08,9.20675125,2.30168781
16.748,1170.72,9.20514869,2.30128717
16.749,1170.36,9.20354612,2.30088653
16.75,1170,9.20194356,2.30048589
16.751,1169.64,9.20034099,2.30008525
16.752,1169.28,9.19873843,2.29968461
16.753,1168.92,9.19713586,2.29928397
16.754,1168.56,9.1955333,2.29888333
16.755,1168.2,9.19393074,2.29848268
16.756,1167.84,9.19232817,2.29808204
16.757,1167.48,9.19072561,2.2976814
16.758,1167.12,9.18912304,2.29728076
16.759,1166.76,9.18752048,2.29688012
16.76,1166.4,9.18591792,2.29647948
16.761,1166.04,9.18431535,2.29607884
16.762,1165.68,9.18271279,2.2956782
16.763,1165.32,9.18111022,2.29527756
16.764,1164.96,9.17950766,2.29487691
16.765,1164.6,9.1779051,2.29447627
16.766,1164.24,9.17630253,2.29407563
16.767,1163.88,9.17469997,2.29367499
16.768,1163.52,9.1730974,2.29327435
16.769,1163.16,9.17149484,2.29287371
16.77,1162.8,9.16989227,2.29247307
16.771,1162.44,9.16828971,2.29207243
16.772,1162.08,9.16668715,2.29167179
16.773,1161.72,9.16508458,2.29127115
16.774,1161.36,9.16348202,2.2908705
16.775,1161,9.16187945,2.29046986
16.776,1160.64,9.16027689,2.29006922
16.777,1160.28,9.15867433,2.28966858
16.778,1159.92,9.15707176,2.28926794
16.779,1159.56,9.1554692,2.2888673
16.78,1159.2,9.15386663,2.28846666
16.781,1158.84,9.15226407,2.28806602
16.782,1158.48,9.15066151,2.28766538
16.783,1158.12,9.14905894,2.28726474
16.784,1157.76,9.14745638,2.28686409
16.785,1157.4,9.14585381,2.28646345
16.786,1157.04,9.14425125,2.28606281
16.787,1156.68,9.14264869,2.28566217
16.788,1156.32,9.14104612,2.28526153
16.789,1155.96,9.13944356,2.28486089
16.79,1155.6,9.13784099,2.28446025
16.791,1155.24,9.13623843,2.28405961
16.792,1154.88,9.13463586,2.28365897
16.793,1154.52,9.1330333,2.28325833
16.794,1154.16,9.13143074,2.28285768
16.795,1153.8,9.12982817,2.28245704
16.796,1153.44,9.12822561,2.2820564
16.797,1153.08,9.12662304,2.28165576
16.798,1152.72,9.12502048,2.28125512
16.799,1152.36,9.12341792,2.28085448
16.8,1152,9.12181535,2.28045384
16.801,1151.64,9.12021279,2.2800532
16.802,1151.28,9.11861022,2.27965256
16.803,1150.92,9.11700766,2.27925191
16.804,1150.56,9.1154051,2.27885127
16.805,1150.2,9.11380253,2.27845063
16.806,1149.84,9.11219997,2.27804999
16.807,1149.48,9.1105974,2.27764935
16.808,1149.12,9.10899484,2.27724871
16.809,1148.76,9.10739227,2.27684807
16.81,1148.4,9.10578971,2.27644743
16.811,1148.04,9.10418715,2.27604679
16.812,1147.68,9.10258458,2.27564615
16.813,1147.32,9.10098202,2.2752455
16.814,1146.96,9.09937945,2.27484486
16.815,1146.6,9.09777689,2.27444422
16.816,1146.24,9.09617433,2.27404358
16.817,1145.88,9.09457176,2.27364294
16.818,1145.52,9.0929692,2.2732423
16.819,1145.16,9.09136663,2.27284166
16.82,1144.8,9.08976407,2.27244102
16.821,1144.44,9.08816151,2.27204038
16.822,1144.08,9.08655894,2.27163974
16.823,1143.72,9.08495638,2.27123909
16.824,1143.36,9.08335381,2.27083845
16.825,1143,9.08175125,2.27043781
16.826,1142.64,9.08014869,2.27003717
16.827,1142.28,9.07854612,2.26963653
16.828,1141.92,9.07694356,2.26923589
16.829,1141.56,9.07534099,2.26883525
16.83,1141.2,9.07373843,2.26843461
16.831,1140.84,9.07213586,2.26803397
16.832,1140.48,9.0705333,2.26763333
16.833,1140.12,9.06893074,2.26723268
16.834,1139.76,9.06732817,2.26683204
16.835,1139.4,9.06572561,2.2664314
16.836,1139.04,9.06412304,2.26603076
16.837,1138.68,9.06252048,2.26563012
16.838,1138.32,9.06091792,2.26522948
16.839,1137.96,9.05931535,2.26482884
16.84,1137.6,9.05771279,2.2644282
16.841,1137.24,9.05611022,2.26402756
16.842,1136.88,9.05450766,2.26362691
16.843,1136.52,9.0529051,2.26322627
16.844,1136.16,9.05130253,2.26282563
16.845,1135.8,9.04969997,2.26242499
16.846,1135.44,9.0480974,2.26202435
16.847,1135.08,9.04649484,2.26162371
16.848,1134.72,9.04489227,2.26122307
16.849,1134.36,9.04328971,2.26082243
16.85,1134,9.04168715,2.26042179
16.851,1133.64,9.04008458,2.26002115
16.852,1133.28,9.03848202,2.2596205
16.853,1132.92,9.03687945,2.25921986
16.854,1132.56,9.03527689,2.25881922
16.855,1132.2,9.03367433,2.25841858
16.856,1131.84,9.03207176,2.25801794
16.857,1131.48,9.0304692,2.2576173
16.858,1131.12,9.02886663,2.25721666
16.859,1130.76,9.02726407,2.25681602
16.86,1130.4,9.02566151,2.25641538
16.861,1130.04,9.02405894,2.25601474
16.862,1129.68,9.02245638,2.25561409
16.863,1129.32,9.02085381,2.25521345
16.864,1128.96,9.01925125,2.25481281
16.865,1128.6,9.01764869,2.25441217
16.866,1128.24,9.01604612,2.25401153
16.867,1127.88,9.01444356,2.25361089
16.868,1127.52,9.01284099,2.25321025
16.869,1127.16,9.01123843,2.25280961
16.87,1126.8,9.00963586,2.25240897
16.871,1126.44,9.0080333,2.25200833
16.872,1126.08,9.00643074,2.25160768
16.873,1125.72,9.00482817,2.25120704
16.874,1125.36,9.00322561,2.2508064
16.875,1125,9.00162304,2.25040576
16.876,1124.64,9.00002048,2.25000512
16.877,1124.28,8.99841792,2.24960448
16.878,1123.92,8.99681535,2.24920384
16.879,1123.56,8.99521279,2.2488032
16.88,1123.2,8.99361022,2.24840256
16.881,1122.84,8.99200766,2.24800191
16.882,1122.48,8.9904051,2.24760127
16.883,1122.12,8.98880253,2.24720063
16.884,1121.76,8.98719997,2.24679999
16.885,1121.4,8.9855974,2.24639935
16.886,1121.04,8.98399484,2.24599871
16.887,1120.68,8.98239227,2.24559807
16.888,1120.32,8.98078971,2.24519743
16.889,1119.96,8.97918715,2.24479679
16.89,1119.6,8.97758458,2.24439615
16.891,1119.24,8.97598202,2.2439955
16.892,1118.88,8.97437945,2.24359486
16.893,1118.52,8.97277689,2.24319422
16.894,1118.16,8.97117433,2.24279358
16.895,1117.8,8.96957176,2.24239294
16.896,1117.44,8.9679692,2.2419923
16.897,1117.08,8.96636663,2.24159166
16.898,1116.72,8.96476407,2.24119102
16.899,1116.36,8.96316151,2.24079038
16.9,1116,8.96155894,2.24038974
16.901,1115.64,8.95995638,2.23998909
16.902,1115.28,8.95835381,2.23958845
16.903,1114.92,8.95675125,2.23918781
16.904,1114.56,8.95514869,2.23878717
16.905,1114.2,8.95354612,2.23838653
16.906,1113.84,8.95194356,2.23798589
16.907,1113.48,8.95034099,2.23758525
16.908,1113.12,8.94873843,2.23718461
16.909,1112.76,8.94713586,2.23678397
16.91,1112.4,8.9455333,2.23638333
16.911,1112.04,8.94393074,2.23598268
16.912,1111.68,8.94232817,2.23558204
16.913,1111.32,8.94072561,2.2351814
16.914,1110.96,8.93912304,2.23478076
16.915,1110.6,8.93752048,2.23438012
16.916,1110.24,8.93591792,2.23397948
16.917,1109.88,8.93431535,2.23357884
16.918,1109.52,8.93271279,2.2331782
16.919,1109.16,8.93111022,2.23277756
16.92,1108.8,8.92950766,2.23237691
16.921,1108.44,8.9279051,2.23197627
16.922,1108.08,8.92630253,2.23157563
16.923,1107.72,8.92469997,2.23117499
16.924,1107.36,8.9230974,2.23077435
16.925,1107,8.92149484,2.23037371
16.926,1106.64,8.91989227,2.22997307
16.927,1106.28,8.91828971,2.22957243
16.928,1105.92,8.91668715,2.22917179
16.929,1105.56,8.91508458,2.22877115
16.93,1105.2,8.91348202,2.2283705
16.931,1104.84,8.91187945,2.22796986
16.932,1104.48,8.91027689,2.22756922
16.933,1104.12,8.90867433,2.22716858
16.934,1103.76,8.90707176,2.22676794
16.935,1103.4,8.9054692,2.2263673
16.936,1103.04,8.90386663,2.22596666
16.937,1102.68,8.90226407,2.22556602
16.938,1102.32,8.90066151,2.22516538
16.939,1101.96,8.89905894,2.22476474
16.94,1101.6,8.89745638,2.22436409
16.941,1101.24,8.89585381,2.22396345
16.942,1100.88,8.89425125,2.22356281
16.943,1100.52,8.89264869,2.22316217
16.944,1100.16,8.89104612,2.22276153
16.945,1099.8,8.88944356,2.22236089
16.946,1099.44,8.88784099,2.22196025
16.947,1099.08,8.88623843,2.22155961
16.948,1098.72,8.88463586,2.22115897
16.949,1098.36,8.8830333,2.22075833
16.95,1098,8.88143074,2.22035768
16.951,1097.64,8.87982817,2.21995704
16.952,1097.28,8.87822561,2.2195564
16.953,1096.92,8.87662304,2.21915576
16.954,1096.56,8.87502048,2.21875512
16.955,1096.2,8.87341792,2.21835448
16.956,1095.84,8.87181535,2.21795384
16.957,1095.48,8.87021279,2.2175532
16.958,1095.12,8.86861022,2.21715256
16.959,1094.76,8.86700766,2.21675191
16.96,1094.4,8.8654051,2.21635127
16.961,1094.04,8.86380253,2.21595063
16.962,1093.68,8.86219997,2.21554999
16.963,1093.32,8.8605974,2.21514935
16.964,1092.96,8.85899484,2.21474871
16.965,1092.6,8.85739227,2.21434807
16.966,1092.24,8.85578971,2.21394743
16.967,1091.88,8.85418715,2.21354679
16.968,1091.52,8.85258458,2.21314615
16.969,1091.16,8.85098202,2.2127455
16.97,1090.8,8.84937945,2.21234486
16.971,1090.44,8.84777689,2.21194422
16.972,1090.08,8.84617433,2.21154358
16.973,1089.72,8.84457176,2.21114294
16.974,1089.36,8.8429692,2.2107423
16.975,1089,8.84136663,2.21034166
16.976,1088.64,8.83976407,2.20994102
16.977,1088.28,8.83816151,2.20954038
16.978,1087.92,8.83655894,2.20913974
16.979,1087.56,8.83495638,2.20873909
16.98,1087.2,8.83335381,2.20833845
16.981,1086.84,8.83175125,2.20793781
16.982,1086.48,8.83014869,2.20753717
16.983,1086.12,8.82854612,2.20713653
16.984,1085.76,8.82694356,2.20673589
16.985,1085.4,8.82534099,2.20633525
16.986,1085.04,8.82373843,2.20593461
16.987,1084.68,8.82213586,2.20553397
16.988,1084.32,8.8205333,2.20513333
16.989,1083.96,8.81893074,2.20473268
16.99,1083.6,8.81732817,2.20433204
16.991,1083.24,8.81572561,2.2039314
16.992,1082.88,8.81412304,2.20353076
16.993,1082.52,8.81252048,2.20313012
16.994,1082.16,8.81091792,2.20272948
16.995,1081.8,8.80931535,2.20232884
16.996,1081.44,8.80771279,2.2019282
16.997,1081.08,8.80611022,2.20152756
16.998,1080.72,8.80450766,2.20112691
16.999,1080.36,8.8029051,2.20072627
17,1080,8.80130253,2.20032563
17.001,1079.64,8.79969997,2.19992499
17.002,1079.28,8.7980974,2.19952435
17.003,1078.92,8.79649484,2.19912371
17.004,1078.56,8.79489227,2.19872307
17.005,1078.2,8.79328971,2.19832243
17.006,1077.84,8.79168715,2.19792179
17.007,1077.48,8.79008458,2.19752115
17.008,1077.12,8.78848202,2.1971205
17.009,1076.76,8.78687945,2.19671986
17.01,1076.4,8.78527689,2.19631922
17.011,1076.04,8.78367433,2.19591858
17.012,1075.68,8.78207176,2.19551794
17.013,1075.32,8.7804692,2.1951173
17.014,1074.96,8.77886663,2.19471666
17.015,1074.6,8.77726407,2.19431602
17.016,1074.24,8.77566151,2.19391538
17.017,1073.88,8.77405894,2.19351474
17.018,1073.52,8.77245638,2.19311409
17.019,1073.16,8.77085381,2.19271345
17.02,1072.8,8.76925125,2.19231281
17.021,1072.44,8.76764869,2.19191217
17.022,1072.08,8.76604612,2.19151153
17.023,1071.72,8.76444356,2.19111089
17.024,1071.36,8.76284099,2.19071025
17.025,1071,8.76123843,2.19030961
17.026,1070.64,8.75963586,2.18990897
17.027,1070.28,8.7580333,2.18950833
17.028,1069.92,8.75643074,2.18910768
17.029,1069.56,8.75482817,2.18870704
17.03,1069.2,8.75322561,2.1883064
17.031,1068.84,8.75162304,2.18790576
17.032,1068.48,8.75002048,2.18750512
17.033,1068.12,8.74841792,2.18710448
17.034,1067.76,8.74681535,2.18670384
17.035,1067.4,8.74521279,2.1863032
17.036,1067.04,8.74361022,2.18590256
17.037,1066.68,8.74200766,2.18550191
17.038,1066.32,8.7404051,2.18510127
17.039,1065.96,8.73880253,2.18470063
17.04,1065.6,8.73719997,2.18429999
17.041,1065.24,8.7355974,2.18389935
17.042,1064.88,8.73399484,2.18349871
17.043,1064.52,8.73239227,2.18309807
17.044,1064.16,8.73078971,2.18269743
17.045,1063.8,8.72918715,2.18229679
17.046,1063.44,8.72758458,2.18189615
17.047,1063.08,8.72598202,2.1814955
17.048,1062.72,8.72437945,2.18109486
17.049,1062.36,8.72277689,2.18069422
17.05,1062,8.72117433,2.18029358
17.051,1061.64,8.71957176,2.17989294
17.052,1061.28,8.7179692,2.1794923
17.053,1060.92,8.71636663,2.17909166
17.054,1060.56,8.71476407,2.17869102
17.055,1060.2,8.71316151,2.17829038
17.056,1059.84,8.71155894,2.17788974
17.057,1059.48,8.70995638,2.17748909
17.058,1059.12,8.70835381,2.17708845
17.059,1058.76,8.70675125,2.17668781
17.06,1058.4,8.70514869,2.17628717
17.061,1058.04,8.70354612,2.17588653
17.062,1057.68,8.70194356,2.17548589
17.063,1057.32,8.70034099,2.17508525
17.064,1056.96,8.69873843,2.17468461
17.065,1056.6,8.69713586,2.17428397
17.066,1056.24,8.6955333,2.17388333
17.067,1055.88,8.69393074,2.17348268
17.068,1055.52,8.69232817,2.17308204
17.069,1055.16,8.69072561,2.1726814
17.07,1054.8,8.68912304,2.17228076
17.071,1054.44,8.68752048,2.17188012
17.072,1054.08,8.68591792,2.17147948
17.073,1053.72,8.68431535,2.17107884
17.074,1053.36,8.68271279,2.1706782
17.075,1053,8.68111022,2.17027756
17.076,1052.64,8.67950766,2.16987691
17.077,1052.28,8.6779051,2.16947627
17.078,1051.92,8.67630253,2.16907563
17.079,1051.56,8.67469997,2.16867499
17.08,1051.2,8.6730974,2.16827435
17.081,1050.84,8.67149484,2.16787371
17.082,1050.48,8.66989227,2.16747307
17.083,1050.12,8.66828971,2.16707243
17.084,1049.76,8.66668715,2.16667179
17.085,1049.4,8.66508458,2.16627115
17.086,1049.04,8.66348202,2.1658705
17.087,1048.68,8.66187945,2.16546986
17.088,1048.32,8.66027689,2.16506922
17.089,1047.96,8.65867433,2.16466858
17.09,1047.6,8.65707176,2.16426794
17.091,1047.24,8.6554692,2.1638673
17.092,1046.88,8.65386663,2.16346666
17.093,1046.52,8.65226407,2.16306602
17.094,1046.16,8.65066151,2.16266538
17.095,1045.8,8.64905894,2.16226474
17.096,1045.44,8.64745638,2.16186409
17.097,1045.08,8.64585381,2.16146345
17.098,1044.72,8.64425125,2.16106281
17.099,1044.36,8.64264869,2.16066217
17.1,1044,8.64104612,2.16026153
17.101,1043.64,8.63944356,2.15986089
17.102,1043.28,8.63784099,2.15946025
17.103,1042.92,8.63623843,2.15905961
17.104,1042.56,8.63463586,2.15865897
17.105,1042.2,8.6330333,2.15825833
17.106,1041.84,8.63143074,2.15785768
17.107,1041.48,8.62982817,2.15745704
17.108,1041.12,8.62822561,2.1570564
17.109,1040.76,8.62662304,2.15665576
17.11,1040.4,8.62502048,2.15625512
17.111,1040.04,8.62341792,2.15585448
17.112,1039.68,8.62181535,2.15545384
17.113,1039.32,8.62021279,2.1550532
17.114,1038.96,8.61861022,2.15465256
17.115,1038.6,8.61700766,2.15425191
17.116,1038.24,8.6154051,2.15385127
17.117,1037.88,8.61380253,2.15345063
17.118,1037.52,8.61219997,2.15304999
17.119,1037.16,8.6105974,2.15264935
17.12,1036.8,8.60899484,2.15224871
17.121,1036.44,8.60739227,2.15184807
17.122,1036.08,8.60578971,2.15144743
17.123,1035.72,8.60418715,2.15104679
17.124,1035.36,8.60258458,2.15064615
17.125,1035,8.60098202,2.1502455
17.126,1034.64,8.59937945,2.14984486
17.127,1034.28,8.59777689,2.14944422
17.128,1033.92,8.59617433,2.14904358
17.129,1033.56,8.59457176,2.14864294
17.13,1033.2,8.5929692,2.1482423
17.131,1032.84,8.59136663,2.14784166
17.132,1032.48,8.58976407,2.14744102
17.133,1032.12,8.58816151,2.14704038
17.134,1031.76,8.58655894,2.14663974
17.135,1031.4,8.58495638,2.14623909
17.136,1031.04,8.58335381,2.14583845
17.137,1030.68,8.58175125,2.14543781
17.138,1030.32,8.58014869,2.14503717
17.139,1029.96,8.57854612,2.14463653
17.14,1029.6,8.57694356,2.14423589
17.141,1029.24,8.57534099,2.14383525
17.142,1028.88,8.57373843,2.14343461
17.143,1028.52,8.57213586,2.14303397
17.144,1028.16,8.5705333,2.14263333
17.145,1027.8,8.56893074,2.14223268
17.146,1027.44,8.56732817,2.14183204
17.147,1027.08,8.56572561,2.1414314
17.148,1026.72,8.56412304,2.14103076
17.149,1026.36,8.56252048,2.14063012
17.15,1026,8.56091792,2.14022948
17.151,1025.64,8.55931535,2.13982884
17.152,1025.28,8.55771279,2.1394282
17.153,1024.92,8.55611022,2.13902756
17.154,1024.56,8.55450766,2.13862691
17.155,1024.2,8.5529051,2.13822627
17.156,1023.84,8.55130253,2.13782563
17.157,1023.48,8.54969997,2.13742499
17.158,1023.12,8.5480974,2.13702435
17.159,1022.76,8.54649484,2.13662371
17.16,1022.4,8.54489227,2.13622307
17.161,1022.04,8.54328971,2.13582243
17.162,1021.68,8.54168715,2.13542179
17.163,1021.32,8.54008458,2.13502115
17.164,1020.96,8.53848202,2.1346205
17.165,1020.6,8.53687945,2.13421986
17.166,1020.24,8.53527689,2.13381922
17.167,1019.88,8.53367433,2.13341858
17.168,1019.52,8.53207176,2.13301794
17.169,1019.16,8.5304692,2.1326173
17.17,1018.8,8.52886663,2.13221666
17.171,1018.44,8.52726407,2.13181602
17.172,1018.08,8.52566151,2.13141538
17.173,1017.72,8.52405894,2.13101474
17.174,1017.36,8.52245638,2.13061409
17.175,1017,8.52085381,2.13021345
17.176,1016.64,8.51925125,2.12981281
17.177,1016.28,8.51764869,2.12941217
17.178,1015.92,8.51604612,2.12901153
17.179,1015.56,8.51444356,2.12861089
17.18,1015.2,8.51284099,2.12821025
17.181,1014.84,8.51123843,2.12780961
17.182,1014.48,8.50963586,2.12740897
17.183,1014.12,8.5080333,2.12700833
17.184,1013.76,8.50643074,2.12660768
17.185,1013.4,8.50482817,2.12620704
17.186,1013.04,8.50322561,2.1258064
17.187,1012.68,8.50162304,2.12540576
17.188,1012.32,8.50002048,2.12500512
17.189,1011.96,8.49841792,2.12460448
17.19,1011.6,8.49681535,2.12420384
17.191,1011.24,8.49521279,2.1238032
17.192,1010.88,8.49361022,2.12340256
17.193,1010.52,8.49200766,2.12300191
17.194,1010.16,8.4904051,2.12260127
17.195,1009.8,8.48880253,2.12220063
17.196,1009.44,8.48719997,2.12179999
17.197,1009.08,8.4855974,2.12139935
17.198,1008.72,8.48399484,2.12099871
17.199,1008.36,8.48239227,2.12059807
17.2,1008,8.48078971,2.12019743
17.201,1007.64,8.47918715,2.11979679
17.202,1007.28,8.47758458,2.11939615
17.203,1006.92,8.47598202,2.1189955
17.204,1006.56,8.47437945,2.11859486
17.205,1006.2,8.47277689,2.11819422
17.206,1005.84,8.47117433,2.11779358
17.207,1005.48,8.46957176,2.11739294
17.208,1005.12,8.4679692,2.1169923
17.209,1004.76,8.46636663,2.11659166
17.21,1004.4,8.46476407,2.11619102
17.211,1004.04,8.46316151,2.11579038
17.212,1003.68,8.46155894,2.11538974
17.213,1003.32,8.45995638,2.11498909
17.214,1002.96,8.45835381,2.11458845
17.215,1002.6,8.45675125,2.11418781
17.216,1002.24,8.45514869,2.11378717
17.217,1001.88,8.45354612,2.11338653
17.218,1001.52,8.45194356,2.11298589
17.219,1001.16,8.45034099,2.11258525
17.22,1000.8,8.44873843,2.11218461
17.221,1000.44,8.44713586,2.11178397
17.222,1000.08,8.4455333,2.11138333
17.223,999.72,8.44393074,2.11098268
17.224,999.36,8.44232817,2.11058204
17.225,999,8.44072561,2.1101814
17.226,998.64,8.43912304,2.10978076
17.227,998.28,8.43752048,2.10938012
17.228,997.92,8.43591792,2.10897948
17.229,997.56,8.43431535,2.10857884
17.23,997.2,8.43271279,2.1081782
17.231,996.84,8.43111022,2.10777756
17.232,996.48,8.42950766,2.10737691
17.233,996.12,8.4279051,2.10697627
17.234,995.76,8.42630253,2.10657563
17.235,995.4,8.42469997,2.10617499
17.236,995.04,8.4230974,2.10577435
17.237,994.68,8.42149484,2.10537371
17.238,994.32,8.41989227,2.10497307
17.239,993.96,8.41828971,2.10457243
17.24,993.6,8.41668715,2.10417179
17.241,993.24,8.41508458,2.10377115
17.242,992.88,8.41348202,2.1033705
17.243,992.52,8.41187945,2.10296986
17.244,992.16,8.41027689,2.10256922
17.245,991.8,8.40867433,2.10216858
17.246,991.44,8.40707176,2.10176794
17.247,991.08,8.4054692,2.1013673
17.248,990.72,8.40386663,2.10096666
17.249,990.36,8.40226407,2.10056602
17.25,990,8.40066151,2.10016538
17.251,989.64,8.39905894,2.09976474
17.252,989.28,8.39745638,2.09936409
17.253,988.92,8.39585381,2.09896345
17.254,988.56,8.39425125,2.09856281
17.255,988.2,8.39264869,2.09816217
17.256,987.84,8.39104612,2.09776153
17.257,987.48,8.38944356,2.09736089
17.258,987.12,8.38784099,2.09696025
17.259,986.76,8.38623843,2.09655961
17.26,986.4,8.38463586,2.09615897
17.261,986.04,8.3830333,2.09575833
17.262,985.68,8.38143074,2.09535768
17.263,985.32,8.37982817,2.09495704
17.264,984.96,8.37822561,2.0945564
17.265,984.6,8.37662304,2.09415576
17.266,984.24,8.37502048,2.09375512
17.267,983.88,8.37341792,2.09335448
17.268,983.52,8.37181535,2.09295384
17.269,983.16,8.37021279,2.0925532
17.27,982.8,8.36861022,2.09215256
17.271,982.44,8.36700766,2.09175191
17.272,982.08,8.3654051,2.09135127
17.273,981.72,8.36380253,2.09095063
17.274,981.36,8.36219997,2.09054999
17.275,981,8.3605974,2.09014935
17.276,980.64,8.35899484,2.08974871
17.277,980.28,8.35739227,2.08934807
17.278,979.92,8.35578971,2.08894743
17.279,979.56,8.35418715,2.08854679
17.28,979.2,8.35258458,2.08814615
17.281,978.84,8.35098202,2.0877455
17.282,978.48,8.34937945,2.08734486
17.283,978.12,8.34777689,2.08694422
17.284,977.76,8.34617433,2.08654358
17.285,977.4,8.34457176,2.08614294
17.286,977.04,8.3429692,2.0857423
17.287,976.68,8.34136663,2.08534166
17.288,976.32,8.33976407,2.08494102
17.289,975.96,8.33816151,2.08454038
17.29,975.6,8.33655894,2.08413974
17.291,975.24,8.33495638,2.08373909
17.292,974.88,8.33335381,2.08333845
17.293,974.52,8.33175125,2.08293781
17.294,974.16,8.33014869,2.08253717
17.295,973.8,8.32854612,2.08213653
17.296,973.44,8.32694356,2.08173589
17.297,973.08,8.32534099,2.08133525
17.298,972.72,8.32373843,2.08093461
17.299,972.36,8.32213586,2.08053397
17.3,972,8.3205333,2.08013333
17.301,971.64,8.31893074,2.07973268
17.302,971.28,8.31732817,2.07933204
17.303,970.92,8.31572561,2.0789314
17.304,970.56,8.31412304,2.07853076
17.305,970.2,8.31252048,2.07813012
17.306,969.84,8.31091792,2.07772948
17.307,969.48,8.30931535,2.07732884
17.308,969.12,8.30771279,2.0769282
17.309,968.76,8.30611022,2.07652756
17.31,968.4,8.30450766,2.07612691
17.311,968.04,8.3029051,2.07572627
17.312,967.68,8.30130253,2.07532563
17.313,967.32,8.29969997,2.07492499
17.314,966.96,8.2980974,2.07452435
17.315,966.6,8.29649484,2.07412371
17.316,966.24,8.29489227,2.07372307
17.317,965.88,8.29328971,2.07332243
17.318,965.52,8.29168715,2.07292179
17.319,965.16,8.29008458,2.07252115
17.32,964.8,8.28848202,2.0721205
17.321,964.44,8.28687945,2.07171986
17.322,964.08,8.28527689,2.07131922
17.323,963.72,8.28367433,2.07091858
17.324,963.36,8.28207176,2.07051794
17.325,963,8.2804692,2.0701173
17.326,962.64,8.27886663,2.06971666
17.327,962.28,8.27726407,2.06931602
17.328,961.92,8.27566151,2.06891538
17.329,961.56,8.27405894,2.06851474
17.33,961.2,8.27245638,2.06811409
17.331,960.84,8.27085381,2.06771345
17.332,960.48,8.26925125,2.06731281
17.333,960.12,8.26764869,2.06691217
17.334,959.76,8.26604612,2.06651153
17.335,959.4,8.26444356,2.06611089
17.336,959.04,8.26284099,2.06571025
17.337,958.68,8.26123843,2.06530961
17.338,958.32,8.25963586,2.06490897
17.339,957.96,8.2580333,2.06450833
17.34,957.6,8.25643074,2.06410768
17.341,957.24,8.25482817,2.06370704
17.342,956.88,8.25322561,2.0633064
17.343,956.52,8.25162304,2.06290576
17.344,956.16,8.25002048,2.06250512
17.345,955.8,8.24841792,2.06210448
17.346,955.44,8.24681535,2.06170384
17.347,955.08,8.24521279,2.0613032
17.348,954.72,8.24361022,2.06090256
17.349,954.36,8.24200766,2.06050191
17.35,954,8.2404051,2.06010127
17.351,953.64,8.23880253,2.05970063
17.352,953.28,8.23719997,2.05929999
17.353,952.92,8.2355974,2.05889935
17.354,952.56,8.23399484,2.05849871
17.355,952.2,8.23239227,2.05809807
17.356,951.84,8.23078971,2.05769743
17.357,951.48,8.22918715,2.05729679
17.358,951.12,8.22758458,2.05689615
17.359,950.76,8.22598202,2.0564955
17.36,950.4,8.22437945,2.05609486
17.361,950.04,8.22277689,2.05569422
17.362,949.68,8.22117433,2.05529358
17.363,949.32,8.21957176,2.05489294
17.364,948.96,8.2179692,2.0544923
17.365,948.6,8.21636663,2.05409166
17.366,948.24,8.21476407,2.05369102
17.367,947.88,8.21316151,2.05329038
17.368,947.52,8.21155894,2.05288974
17.369,947.16,8.20995638,2.05248909
17.37,946.8,8.20835381,2.05208845
17.371,946.44,8.20675125,2.05168781
17.372,946.08,8.20514869,2.05128717
17.373,945.72,8.20354612,2.05088653
17.374,945.36,8.20194356,2.05048589
17.375,945,8.20034099,2.05008525
17.376,944.64,8.19873843,2.04968461
17.377,944.28,8.19713586,2.04928397
17.378,943.92,8.1955333,2.04888333
17.379,943.56,8.19393074,2.04848268
17.38,943.2,8.19232817,2.04808204
17.381,942.84,8.19072561,2.0476814
17.382,942.48,8.18912304,2.04728076
17.383,942.12,8.18752048,2.04688012
17.384,941.76,8.18591792,2.04647948
17.385,941.4,8.18431535,2.04607884
17.386,941.04,8.18271279,2.0456782
17.387,940.68,8.18111022,2.04527756
17.388,940.32,8.17950766,2.04487691
17.389,939.96,8.1779051,2.04447627
17.39,939.6,8.17630253,2.04407563
17.391,939.24,8.17469997,2.04367499
17.392,938.88,8.1730974,2.04327435
17.393,938.52,8.17149484,2.04287371
17.394,938.16,8.16989227,2.04247307
17.395,937.8,8.16828971,2.04207243
17.396,937.44,8.16668715,2.04167179
17.397,937.08,8.16508458,2.04127115
17.398,936.72,8.16348202,2.0408705
17.399,936.36,8.16187945,2.04046986
17.4,936,8.16027689,2.04006922
17.401,935.64,8.15867433,2.03966858
17.402,935.28,8.15707176,2.03926794
17.403,934.92,8.1554692,2.0388673
17.404,934.56,8.15386663,2.03846666
17.405,934.2,8.15226407,2.03806602
17.406,933.84,8.15066151,2.03766538
17.407,933.48,8.14905894,2.03726474
17.408,933.12,8.14745638,2.03686409
17.409,932.76,8.14585381,2.03646345
17.41,932.4,8.14425125,2.03606281
17.411,932.04,8.14264869,2.03566217
17.412,931.68,8.14104612,2.03526153
17.413,931.32,8.13944356,2.03486089
17.414,930.96,8.13784099,2.03446025
17.415,930.6,8.13623843,2.03405961
17.416,930.24,8.13463586,2.03365897
17.417,929.88,8.1330333,2.03325833
17.418,929.52,8.13143074,2.03285768
17.419,929.16,8.12982817,2.03245704
17.42,928.8,8.12822561,2.0320564
17.421,928.44,8.12662304,2.03165576
17.422,928.08,8.12502048,2.03125512
17.423,927.72,8.12341792,2.03085448
17.424,927.36,8.12181535,2.03045384
17.425,927,8.12021279,2.0300532
17.426,926.64,8.11861022,2.02965256
17.427,926.28,8.11700766,2.02925191
17.428,925.92,8.1154051,2.02885127
17.429,925.56,8.11380253,2.02845063
17.43,925.2,8.11219997,2.02804999
17.431,924.84,8.1105974,2.02764935
17.432,924.48,8.10899484,2.02724871
17.433,924.12,8.10739227,2.02684807
17.434,923.76,8.10578971,2.02644743
17.435,923.4,8.10418715,2.02604679
17.436,923.04,8.10258458,2.02564615
17.437,922.68,8.10098202,2.0252455
17.438,922.32,8.09937945,2.02484486
17.439,921.96,8.09777689,2.02444422
17.44,921.6,8.09617433,2.02404358
17.441,921.24,8.09457176,2.02364294
17.442,920.88,8.0929692,2.0232423
17.443,920.52,8.09136663,2.02284166
17.444,920.16,8.08976407,2.02244102
17.445,919.8,8.08816151,2.02204038
17.446,919.44,8.08655894,2.02163974
17.447,919.08,8.08495638,2.02123909
17.448,918.72,8.08335381,2.02083845
17.449,918.36,8.08175125,2.02043781
17.45,918,8.08014869,2.02003717
17.451,917.64,8.07854612,2.01963653
17.452,917.28,8.07694356,2.01923589
17.453,916.92,8.07534099,2.01883525
17.454,916.56,8.07373843,2.01843461
17.455,916.2,8.07213586,2.01803397
17.456,915.84,8.0705333,2.01763333
17.457,915.48,8.06893074,2.01723268
17.458,915.12,8.06732817,2.01683204
17.459,914.76,8.06572561,2.0164314
17.46,914.4,8.06412304,2.01603076
17.461,914.04,8.06252048,2.01563012
17.462,913.68,8.06091792,2.01522948
17.463,913.32,8.05931535,2.01482884
17.464,912.96,8.05771279,2.0144282
17.465,912.6,8.05611022,2.01402756
17.466,912.24,8.05450766,2.01362691
17.467,911.88,8.0529051,2.01322627
17.468,911.52,8.05130253,2.01282563
17.469,911.16,8.04969997,2.01242499
17.47,910.8,8.0480974,2.01202435
17.471,910.44,8.04649484,2.01162371
17.472,910.08,8.04489227,2.01122307
17.473,909.72,8.04328971,2.01082243
17.474,909.36,8.04168715,2.01042179
17.475,909,8.04008458,2.01002115
17.476,908.64,8.03848202,2.0096205
17.477,908.28,8.03687945,2.00921986
17.478,907.92,8.03527689,2.00881922
17.479,907.56,8.03367433,2.00841858
17.48,907.2,8.03207176,2.00801794
17.481,906.84,8.0304692,2.0076173
17.482,906.48,8.02886663,2.00721666
17.483,906.12,8.02726407,2.00681602
17.484,905.76,8.02566151,2.00641538
17.485,905.4,8.02405894,2.00601474
17.486,905.04,8.02245638,2.00561409
17.487,904.68,8.02085381,2.00521345
17.488,904.32,8.01925125,2.00481281
17.489,903.96,8.01764869,2.00441217
17.49,903.6,8.01604612,2.00401153
17.491,903.24,8.01444356,2.00361089
17.492,902.88,8.01284099,2.00321025
17.493,902.52,8.01123843,2.00280961
17.494,902.16,8.00963586,2.00240897
17.495,901.8,8.0080333,2.00200833
17.496,901.44,8.00643074,2.00160768
17.497,901.08,8.00482817,2.00120704
17.498,900.72,8.00322561,2.0008064
17.499,900.36,8.00162304,2.00040576
17.5,900,8.00002048,2.00000512
17.501,899.64,7.99841792,1.99960448
17.502,899.28,7.99681535,1.99920384
17.503,898.92,7.99521279,1.9988032
17.504,898.56,7.99361022,1.99840256
17.505,898.2,7.99200766,1.99800191
17.506,897.84,7.9904051,1.99760127
17.507,897.48,7.98880253,1.99720063
17.508,897.12,7.98719997,1.99679999
17.509,896.76,7.9855974,1.99639935
17.51,896.4,7.98399484,1.99599871
17.511,896.04,7.98239227,1.99559807
17.512,895.68,7.98078971,1.99519743
17.513,895.32,7.97918715,1.99479679
17.514,894.96,7.97758458,1.99439615
17.515,894.6,7.97598202,1.9939955
17.516,894.24,7.97437945,1.99359486
17.517,893.88,7.97277689,1.99319422
17.518,893.52,7.97117433,1.99279358
17.519,893.16,7.96957176,1.99239294
17.52,892.8,7.9679692,1.9919923
17.521,892.44,7.96636663,1.99159166
17.522,892.08,7.96476407,1.99119102
17.523,891.72,7.96316151,1.99079038
17.524,891.36,7.96155894,1.99038974
17.525,891,7.95995638,1.98998909
17.526,890.64,7.95835381,1.98958845
17.527,890.28,7.95675125,1.98918781
17.528,889.92,7.95514869,1.98878717
17.529,889.56,7.95354612,1.98838653
17.53,889.2,7.95194356,1.98798589
17.531,888.84,7.95034099,1.98758525
17.532,888.48,7.94873843,1.98718461
17.533,888.12,7.94713586,1.98678397
17.534,887.76,7.9455333,1.98638333
17.535,887.4,7.94393074,1.98598268
17.536,887.04,7.94232817,1.98558204
17.537,886.68,7.94072561,1.9851814
17.538,886.32,7.93912304,1.98478076
17.539,885.96,7.93752048,1.98438012
17.54,885.6,7.93591792,1.98397948
17.541,885.24,7.93431535,1.98357884
17.542,884.88,7.93271279,1.9831782
17.543,884.52,7.93111022,1.98277756
17.544,884.16,7.92950766,1.98237691
17.545,883.8,7.9279051,1.98197627
17.546,883.44,7.92630253,1.98157563
17.547,883.08,7.92469997,1.98117499
17.548,882.72,7.9230974,1.98077435
17.549,882.36,7.92149484,1.98037371
17.55,882,7.91989227,1.97997307
17.551,881.64,7.91828971,1.97957243
17.552,881.28,7.91668715,1.97917179
17.553,880.92,7.91508458,1.97877115
17.554,880.56,7.91348202,1.9783705
17.555,880.2,7.91187945,1.97796986
17.556,879.84,7.91027689,1.97756922
17.557,879.48,7.90867433,1.97716858
17.558,879.12,7.90707176,1.97676794
17.559,878.76,7.9054692,1.9763673
17.56,878.4,7.90386663,1.97596666
17.561,878.04,7.90226407,1.97556602
17.562,877.68,7.90066151,1.97516538
17.563,877.32,7.89905894,1.97476474
17.564,876.96,7.89745638,1.97436409
17.565,876.6,7.89585381,1.97396345
17.566,876.24,7.89425125,1.97356281
17.567,875.88,7.89264869,1.97316217
17.568,875.52,7.89104612,1.97276153
17.569,875.16,7.88944356,1.97236089
17.57,874.8,7.88784099,1.97196025
17.571,874.44,7.88623843,1.97155961
17.572,874.08,7.88463586,1.97115897
17.573,873.72,7.8830333,1.97075833
17.574,873.36,7.88143074,1.97035768
17.575,873,7.87982817,1.96995704
17.576,872.64,7.87822561,1.9695564
17.577,872.28,7.87662304,1.96915576
17.578,871.92,7.87502048,1.96875512
17.579,871.56,7.87341792,1.96835448
17.58,871.2,7.87181535,1.96795384
17.581,870.84,7.87021279,1.9675532
17.582,870.48,7.86861022,1.96715256
17.583,870.12,7.86700766,1.96675191
17.584,869.76,7.8654051,1.96635127
17.585,869.4,7.86380253,1.96595063
17.586,869.04,7.86219997,1.96554999
17.587,868.68,7.8605974,1.96514935
17.588,868.32,7.85899484,1.96474871
17.589,867.96,7.85739227,1.96434807
17.59,867.6,7.85578971,1.96394743
17.591,867.24,7.85418715,1.96354679
17.592,866.88,7.85258458,1.96314615
17.593,866.52,7.85098202,1.9627455
17.594,866.16,7.84937945,1.96234486
17.595,865.8,7.84777689,1.96194422
17.596,865.44,7.84617433,1.96154358
17.597,865.08,7.84457176,1.96114294
17.598,864.72,7.8429692,1.9607423
17.599,864.36,7.84136663,1.96034166
17.6,864,7.83976407,1.95994102
17.601,863.64,7.83816151,1.95954038
17.602,863.28,7.83655894,1.95913974
17.603,862.92,7.83495638,1.95873909
17.604,862.56,7.83335381,1.95833845
17.605,862.2,7.83175125,1.95793781
17.606,861.84,7.83014869,1.95753717
17.607,861.48,7.82854612,1.95713653
17.608,861.12,7.82694356,1.95673589
17.609,860.76,7.82534099,1.95633525
17.61,860.4,7.82373843,1.95593461
17.611,860.04,7.82213586,1.95553397
17.612,859.68,7.8205333,1.95513333
17.613,859.32,7.81893074,1.95473268
17.614,858.96,7.81732817,1.95433204
17.615,858.6,7.81572561,1.9539314
17.616,858.24,7.81412304,1.95353076
17.617,857.88,7.81252048,1.95313012
17.618,857.52,7.81091792,1.95272948
17.619,857.16,7.80931535,1.95232884
17.62,856.8,7.80771279,1.9519282
17.621,856.44,7.80611022,1.95152756
17.622,856.08,7.80450766,1.95112691
17.623,855.72,7.8029051,1.95072627
17.624,855.36,7.80130253,1.95032563
17.625,855,7.79969997,1.94992499
17.626,854.64,7.7980974,1.94952435
17.627,854.28,7.79649484,1.94912371
17.628,853.92,7.79489227,1.94872307
17.629,853.56,7.79328971,1.94832243
17.63,853.2,7.79168715,1.94792179
17.631,852.84,7.79008458,1.94752115
17.632,852.48,7.78848202,1.9471205
17.633,852.12,7.78687945,1.94671986
17.634,851.76,7.78527689,1.94631922
17.635,851.4,7.78367433,1.94591858
17.636,851.04,7.78207176,1.94551794
17.637,850.68,7.7804692,1.9451173
17.638,850.32,7.77886663,1.94471666
17.639,849.96,7.77726407,1.94431602
17.64,849.6,7.77566151,1.94391538
17.641,849.24,7.77405894,1.94351474
17.642,848.88,7.77245638,1.94311409
17.643,848.52,7.77085381,1.94271345
17.644,848.16,7.76925125,1.94231281
17.645,847.8,7.76764869,1.94191217
17.646,847.44,7.76604612,1.94151153
17.647,847.08,7.76444356,1.94111089
17.648,846.72,7.76284099,1.94071025
17.649,846.36,7.76123843,1.94030961
17.65,846,7.75963586,1.93990897
17.651,845.64,7.7580333,1.93950833
17.652,845.28,7.75643074,1.93910768
17.653,844.92,7.75482817,1.93870704
17.654,844.56,7.75322561,1.9383064
17.655,844.2,7.75162304,1.93790576
17.656,843.84,7.75002048,1.93750512
17.657,843.48,7.74841792,1.93710448
17.658,843.12,7.74681535,1.93670384
17.659,842.76,7.74521279,1.9363032
17.66,842.4,7.74361022,1.93590256
17.661,842.04,7.74200766,1.93550191
17.662,841.68,7.7404051,1.93510127
17.663,841.32,7.73880253,1.93470063
17.664,840.96,7.73719997,1.93429999
17.665,840.6,7.7355974,1.93389935
17.666,840.24,7.73399484,1.93349871
17.667,839.88,7.73239227,1.93309807
17.668,839.52,7.73078971,1.93269743
17.669,839.16,7.72918715,1.93229679
17.67,838.8,7.72758458,1.93189615
17.671,838.44,7.72598202,1.9314955
17.672,838.08,7.72437945,1.93109486
17.673,837.72,7.72277689,1.93069422
17.674,837.36,7.72117433,1.93029358
17.675,837,7.71957176,1.92989294
17.676,836.64,7.7179692,1.9294923
17.677,836.28,7.71636663,1.92909166
17.678,835.92,7.71476407,1.92869102
17.679,835.56,7.71316151,1.92829038
17.68,835.2,7.71155894,1.92788974
17.681,834.84,7.70995638,1.92748909
17.682,834.48,7.70835381,1.92708845
17.683,834.12,7.70675125,1.92668781
17.684,833.76,7.70514869,1.92628717
17.685,833.4,7.70354612,1.92588653
17.686,833.04,7.70194356,1.92548589
17.687,832.68,7.70034099,1.92508525
17.688,832.32,7.69873843,1.92468461
17.689,831.96,7.69713586,1.92428397
17.69,831.6,7.6955333,1.92388333
17.691,831.24,7.69393074,1.92348268
17.692,830.88,7.69232817,1.92308204
17.693,830.52,7.69072561,1.9226814
17.694,830.16,7.68912304,1.92228076
17.695,829.8,7.68752048,1.92188012
17.696,829.44,7.68591792,1.92147948
17.697,829.08,7.68431535,1.92107884
17.698,828.72,7.68271279,1.9206782
17.699,828.36,7.68111022,1.92027756
17.7,828,7.67950766,1.91987691
17.701,827.64,7.6779051,1.91947627
17.702,827.28,7.67630253,1.91907563
17.703,826.92,7.67469997,1.91867499
17.704,826.56,7.6730974,1.91827435
17.705,826.2,7.67149484,1.91787371
17.706,825.84,7.66989227,1.91747307
17.707,825.48,7.66828971,1.91707243
17.708,825.12,7.66668715,1.91667179
17.709,824.76,7.66508458,1.91627115
17.71,824.4,7.66348202,1.9158705
17.711,824.04,7.66187945,1.91546986
17.712,823.68,7.66027689,1.91506922
17.713,823.32,7.65867433,1.91466858
17.714,822.96,7.65707176,1.91426794
17.715,822.6,7.6554692,1.9138673
17.716,822.24,7.65386663,1.91346666
17.717,821.88,7.65226407,1.91306602
17.718,821.52,7.65066151,1.91266538
17.719,821.16,7.64905894,1.91226474
17.72,820.8,7.64745638,1.91186409
17.721,820.44,7.64585381,1.91146345
17.722,820.08,7.64425125,1.91106281
17.723,819.72,7.64264869,1.91066217
17.724,819.36,7.64104612,1.91026153
17.725,819,7.63944356,1.90986089
17.726,818.64,7.63784099,1.90946025
17.727,818.28,7.63623843,1.90905961
17.728,817.92,7.63463586,1.90865897
17.729,817.56,7.6330333,1.90825833
17.73,817.2,7.63143074,1.90785768
17.731,816.84,7.62982817,1.90745704
17.732,816.48,7.62822561,1.9070564
17.733,816.12,7.62662304,1.90665576
17.734,815.76,7.62502048,1.90625512
17.735,815.4,7.62341792,1.90585448
17.736,815.04,7.62181535,1.90545384
17.737,814.68,7.62021279,1.9050532
17.738,814.32,7.61861022,1.90465256
17.739,813.96,7.61700766,1.90425191
17.74,813.6,7.6154051,1.90385127
17.741,813.24,7.61380253,1.90345063
17.742,812.88,7.61219997,1.90304999
17.743,812.52,7.6105974,1.90264935
17.744,812.16,7.60899484,1.90224871
17.745,811.8,7.60739227,1.90184807
17.746,811.44,7.60578971,1.90144743
17.747,811.08,7.60418715,1.90104679
17.748,810.72,7.60258458,1.90064615
17.749,810.36,7.60098202,1.9002455
17.75,810,7.59937945,1.89984486
17.751,809.64,7.59777689,1.89944422
17.752,809.28,7.59617433,1.89904358
17.753,808.92,7.59457176,1.89864294
17.754,808.56,7.5929692,1.8982423
17.755,808.2,7.59136663,1.89784166
17.756,807.84,7.58976407,1.89744102
17.757,807.48,7.58816151,1.89704038
17.758,807.12,7.58655894,1.89663974
17.759,806.76,7.58495638,1.89623909
17.76,806.4,7.58335381,1.89583845
17.761,806.04,7.58175125,1.89543781
17.762,805.68,7.58014869,1.89503717
17.763,805.32,7.57854612,1.89463653
17.764,804.96,7.57694356,1.89423589
17.765,804.6,7.57534099,1.89383525
17.766,804.24,7.57373843,1.89343461
17.767,803.88,7.57213586,1.89303397
17.768,803.52,7.5705333,1.89263333
17.769,803.16,7.56893074,1.89223268
17.77,802.8,7.56732817,1.89183204
17.771,802.44,7.56572561,1.8914314
17.772,802.08,7.56412304,1.89103076
17.773,801.72,7.56252048,1.89063012
17.774,801.36,7.56091792,1.89022948
17.775,801,7.55931535,1.88982884
17.776,800.64,7.55771279,1.8894282
17.777,800.28,7.55611022,1.88902756
17.778,799.92,7.55450766,1.88862691
17.779,799.56,7.5529051,1.88822627
17.78,799.2,7.55130253,1.88782563
17.781,798.84,7.54969997,1.88742499
17.782,798.48,7.5480974,1.88702435
17.783,798.12,7.54649484,1.88662371
17.784,797.76,7.54489227,1.88622307
17.785,797.4,7.54328971,1.88582243
17.786,797.04,7.54168715,1.88542179
17.787,796.68,7.54008458,1.88502115
17.788,796.32,7.53848202,1.8846205
17.789,795.96,7.53687945,1.88421986
17.79,795.6,7.53527689,1.88381922
17.791,795.24,7.53367433,1.88341858
17.792,794.88,7.53207176,1.88301794
17.793,794.52,7.5304692,1.8826173
17.794,794.16,7.52886663,1.88221666
17.795,793.8,7.52726407,1.88181602
17.796,793.44,7.52566151,1.88141538
17.797,793.08,7.52405894,1.88101474
17.798,792.72,7.52245638,1.88061409
17.799,792.36,7.52085381,1.88021345
17.8,792,7.51925125,1.87981281
17.801,791.64,7.51764869,1.87941217
17.802,791.28,7.51604612,1.87901153
17.803,790.92,7.51444356,1.87861089
17.804,790.56,7.51284099,1.87821025
17.805,790.2,7.51123843,1.87780961
17.806,789.84,7.50963586,1.87740897
17.807,789.48,7.5080333,1.87700833
17.808,789.12,7.50643074,1.87660768
17.809,788.76,7.50482817,1.87620704
17.81,788.4,7.50322561,1.8758064
17.811,788.04,7.50162304,1.87540576
17.812,787.68,7.50002048,1.87500512
17.813,787.32,7.49841792,1.87460448
17.814,786.96,7.49681535,1.87420384
17.815,786.6,7.49521279,1.8738032
17.816,786.24,7.49361022,1.87340256
17.817,785.88,7.49200766,1.87300191
17.818,785.52,7.4904051,1.87260127
17.819,785.16,7.48880253,1.87220063
17.82,784.8,7.48719997,1.87179999
17.821,784.44,7.4855974,1.87139935
17.822,784.08,7.48399484,1.87099871
17.823,783.72,7.48239227,1.87059807
17.824,783.36,7.48078971,1.87019743
17.825,783,7.47918715,1.86979679
17.826,782.64,7.47758458,1.86939615
17.827,782.28,7.47598202,1.8689955
17.828,781.92,7.47437945,1.86859486
17.829,781.56,7.47277689,1.86819422
17.83,781.2,7.47117433,1.86779358
17.831,780.84,7.46957176,1.86739294
17.832,780.48,7.4679692,1.8669923
17.833,780.12,7.46636663,1.86659166
17.834,779.76,7.46476407,1.86619102
17.835,779.4,7.46316151,1.86579038
17.836,779.04,7.46155894,1.86538974
17.837,778.68,7.45995638,1.86498909
17.838,778.32,7.45835381,1.86458845
17.839,777.96,7.45675125,1.86418781
17.84,777.6,7.45514869,1.86378717
17.841,777.24,7.45354612,1.86338653
17.842,776.88,7.45194356,1.86298589
17.843,776.52,7.45034099,1.86258525
17.844,776.16,7.44873843,1.86218461
17.845,775.8,7.44713586,1.86178397
17.846,775.44,7.4455333,1.86138333
17.847,775.08,7.44393074,1.86098268
17.848,774.72,7.44232817,1.86058204
17.849,774.36,7.44072561,1.8601814
17.85,774,7.43912304,1.85978076
17.851,773.64,7.43752048,1.85938012
17.852,773.28,7.43591792,1.85897948
17.853,772.92,7.43431535,1.85857884
17.854,772.56,7.43271279,1.8581782
17.855,772.2,7.43111022,1.85777756
17.856,771.84,7.42950766,1.85737691
17.857,771.48,7.4279051,1.85697627
17.858,771.12,7.42630253,1.85657563
17.859,770.76,7.42469997,1.85617499
17.86,770.4,7.4230974,1.85577435
17.861,770.04,7.42149484,1.85537371
17.862,769.68,7.41989227,1.85497307
17.863,769.32,7.41828971,1.85457243
17.864,768.96,7.41668715,1.85417179
17.865,768.6,7.41508458,1.85377115
17.866,768.24,7.41348202,1.8533705
17.867,767.88,7.41187945,1.85296986
17.868,767.52,7.41027689,1.85256922
17.869,767.16,7.40867433,1.85216858
17.87,766.8,7.40707176,1.85176794
17.871,766.44,7.4054692,1.8513673
17.872,766.08,7.40386663,1.85096666
17.873,765.72,7.40226407,1.85056602
17.874,765.36,7.40066151,1.85016538
17.875,765,7.39905894,1.84976474
17.876,764.64,7.39745638,1.84936409
17.877,764.28,7.39585381,1.84896345
17.878,763.92,7.39425125,1.84856281
17.879,763.56,7.39264869,1.84816217
17.88,763.2,7.39104612,1.84776153
17.881,762.84,7.38944356,1.84736089
17.882,762.48,7.38784099,1.84696025
17.883,762.12,7.38623843,1.84655961
17.884,761.76,7.38463586,1.84615897
17.885,761.4,7.3830333,1.84575833
17.886,761.04,7.38143074,1.84535768
17.887,760.68,7.37982817,1.84495704
17.888,760.32,7.37822561,1.8445564
17.889,759.96,7.37662304,1.84415576
17.89,759.6,7.37502048,1.84375512
17.891,759.24,7.37341792,1.84335448
17.892,758.88,7.37181535,1.84295384
17.893,758.52,7.37021279,1.8425532
17.894,758.16,7.36861022,1.84215256
17.895,757.8,7.36700766,1.84175191
17.896,757.44,7.3654051,1.84135127
17.897,757.08,7.36380253,1.84095063
17.898,756.72,7.36219997,1.84054999
17.899,756.36,7.3605974,1.84014935
17.9,756,7.35899484,1.83974871
17.901,755.64,7.35739227,1.83934807
17.902,755.28,7.35578971,1.83894743
17.903,754.92,7.35418715,1.83854679
17.904,754.56,7.35258458,1.83814615
17.905,754.2,7.35098202,1.8377455
17.906,753.84,7.34937945,1.83734486
17.907,753.48,7.34777689,1.83694422
17.908,753.12,7.34617433,1.83654358
17.909,752.76,7.34457176,1.83614294
17.91,752.4,7.3429692,1.8357423
17.911,752.04,7.34136663,1.83534166
17.912,751.68,7.33976407,1.83494102
17.913,751.32,7.33816151,1.83454038
17.914,750.96,7.33655894,1.83413974
17.915,750.6,7.33495638,1.83373909
17.916,750.24,7.33335381,1.83333845
17.917,749.88,7.33175125,1.83293781
17.918,749.52,7.33014869,1.83253717
17.919,749.16,7.32854612,1.83213653
17.92,748.8,7.32694356,1.83173589
17.921,748.44,7.32534099,1.83133525
17.922,748.08,7.32373843,1.83093461
17.923,747.72,7.32213586,1.83053397
17.924,747.36,7.3205333,1.83013333
17.925,747,7.31893074,1.82973268
17.926,746.64,7.31732817,1.82933204
17.927,746.28,7.31572561,1.8289314
17.928,745.92,7.31412304,1.82853076
17.929,745.56,7.31252048,1.82813012
17.93,745.2,7.31091792,1.82772948
17.931,744.84,7.30931535,1.82732884
17.932,744.48,7.30771279,1.8269282
17.933,744.12,7.30611022,1.82652756
17.934,743.76,7.30450766,1.82612691
17.935,743.4,7.3029051,1.82572627
17.936,743.04,7.30130253,1.82532563
17.937,742.68,7.29969997,1.82492499
17.938,742.32,7.2980974,1.82452435
17.939,741.96,7.29649484,1.82412371
17.94,741.6,7.29489227,1.82372307
17.941,741.24,7.29328971,1.82332243
17.942,740.88,7.29168715,1.82292179
17.943,740.52,7.29008458,1.82252115
17.944,740.16,7.28848202,1.8221205
17.945,739.8,7.28687945,1.82171986
17.946,739.44,7.28527689,1.82131922
17.947,739.08,7.28367433,1.82091858
17.948,738.72,7.28207176,1.82051794
17.949,738.36,7.2804692,1.8201173
17.95,738,7.27886663,1.81971666
17.951,737.64,7.27726407,1.81931602
17.952,737.28,7.27566151,1.81891538
17.953,736.92,7.27405894,1.81851474
17.954,736.56,7.27245638,1.81811409
17.955,736.2,7.27085381,1.81771345
17.956,735.84,7.26925125,1.81731281
17.957,735.48,7.26764869,1.81691217
17.958,735.12,7.26604612,1.81651153
17.959,734.76,7.26444356,1.81611089
17.96,734.4,7.26284099,1.81571025
17.961,734.04,7.26123843,1.81530961
17.962,733.68,7.25963586,1.81490897
17.963,733.32,7.2580333,1.81450833
17.964,732.96,7.25643074,1.81410768
17.965,732.6,7.25482817,1.81370704
17.966,732.24,7.25322561,1.8133064
17.967,731.88,7.25162304,1.81290576
17.968,731.52,7.25002048,1.81250512
17.969,731.16,7.24841792,1.81210448
17.97,730.8,7.24681535,1.81170384
17.971,730.44,7.24521279,1.8113032
17.972,730.08,7.24361022,1.81090256
17.973,729.72,7.24200766,1.81050191
17.974,729.36,7.2404051,1.81010127
17.975,729,7.23880253,1.80970063
17.976,728.64,7.23719997,1.80929999
17.977,728.28,7.2355974,1.80889935
17.978,727.92,7.23399484,1.80849871
17.979,727.56,7.23239227,1.80809807
17.98,727.2,7.23078971,1.80769743
17.981,726.84,7.22918715,1.80729679
17.982,726.48,7.22758458,1.80689615
17.983,726.12,7.22598202,1.8064955
17.984,725.76,7.22437945,1.80609486
17.985,725.4,7.22277689,1.80569422
17.986,725.04,7.22117433,1.80529358
17.987,724.68,7.21957176,1.80489294
17.988,724.32,7.2179692,1.8044923
17.989,723.96,7.21636663,1.80409166
17.99,723.6,7.21476407,1.80369102
17.991,723.24,7.21316151,1.80329038
17.992,722.88,7.21155894,1.80288974
17.993,722.52,7.20995638,1.80248909
17.994,722.16,7.20835381,1.80208845
17.995,721.8,7.20675125,1.80168781
17.996,721.44,7.20514869,1.80128717
17.997,721.08,7.20354612,1.80088653
17.998,720.72,7.20194356,1.80048589
17.999,720.36,7.20034099,1.80008525
18,720,7.19873843,1.79968461
18.001,719.64,7.19713586,1.79928397
18.002,719.28,7.1955333,1.79888333
18.003,718.92,7.19393074,1.79848268
18.004,718.56,7.19232817,1.79808204
18.005,718.2,7.19072561,1.7976814
18.006,717.84,7.18912304,1.79728076
18.007,717.48,7.18752048,1.79688012
18.008,717.12,7.18591792,1.79647948
18.009,716.76,7.18431535,1.79607884
18.01,716.4,7.18271279,1.7956782
18.011,716.04,7.18111022,1.79527756
18.012,715.68,7.17950766,1.79487691
18.013,715.32,7.1779051,1.79447627
18.014,714.96,7.17630253,1.79407563
18.015,714.6,7.17469997,1.79367499
18.016,714.24,7.1730974,1.79327435
18.017,713.88,7.17149484,1.79287371
18.018,713.52,7.16989227,1.79247307
18.019,713.16,7.16828971,1.79207243
18.02,712.8,7.16668715,1.79167179
18.021,712.44,7.16508458,1.79127115
18.022,712.08,7.16348202,1.7908705
18.023,711.72,7.16187945,1.79046986
18.024,711.36,7.16027689,1.79006922
18.025,711,7.15867433,1.78966858
18.026,710.64,7.15707176,1.78926794
18.027,710.28,7.1554692,1.7888673
18.028,709.92,7.15386663,1.78846666
18.029,709.56,7.15226407,1.78806602
18.03,709.2,7.15066151,1.78766538
18.031,708.84,7.14905894,1.78726474
18.032,708.48,7.14745638,1.78686409
18.033,708.12,7.14585381,1.78646345
18.034,707.76,7.14425125,1.78606281
18.035,707.4,7.14264869,1.78566217
18.036,707.04,7.14104612,1.78526153
18.037,706.68,7.13944356,1.78486089
18.038,706.32,7.13784099,1.78446025
18.039,705.96,7.13623843,1.78405961
18.04,705.6,7.13463586,1.78365897
18.041,705.24,7.1330333,1.78325833
18.042,704.88,7.13143074,1.78285768
18.043,704.52,7.12982817,1.78245704
18.044,704.16,7.12822561,1.7820564
18.045,703.8,7.12662304,1.78165576
18.046,703.44,7.12502048,1.78125512
18.047,703.08,7.12341792,1.78085448
18.048,702.72,7.12181535,1.78045384
18.049,702.36,7.12021279,1.7800532
18.05,702,7.11861022,1.77965256
18.051,701.64,7.11700766,1.77925191
18.052,701.28,7.1154051,1.77885127
18.053,700.92,7.11380253,1.77845063
18.054,700.56,7.11219997,1.77804999
18.055,700.2,7.1105974,1.77764935
18.056,699.84,7.10899484,1.77724871
18.057,699.48,7.10739227,1.77684807
18.058,699.12,7.10578971,1.77644743
18.059,698.76,7.10418715,1.77604679
18.06,698.4,7.10258458,1.77564615
18.061,698.04,7.10098202,1.7752455
18.062,697.68,7.09937945,1.77484486
18.063,697.32,7.09777689,1.77444422
18.064,696.96,7.09617433,1.77404358
18.065,696.6,7.09457176,1.77364294
18.066,696.24,7.0929692,1.7732423
18.067,695.88,7.09136663,1.77284166
18.068,695.52,7.08976407,1.77244102
18.069,695.16,7.08816151,1.77204038
18.07,694.8,7.08655894,1.77163974
18.071,694.44,7.08495638,1.77123909
18.072,694.08,7.08335381,1.77083845
18.073,693.72,7.08175125,1.77043781
18.074,693.36,7.08014869,1.77003717
18.075,693,7.07854612,1.76963653
18.076,692.64,7.07694356,1.76923589
18.077,692.28,7.07534099,1.76883525
18.078,691.92,7.07373843,1.76843461
18.079,691.56,7.07213586,1.76803397
18.08,691.2,7.0705333,1.76763333
18.081,690.84,7.06893074,1.76723268
18.082,690.48,7.06732817,1.76683204
18.083,690.12,7.06572561,1.7664314
18.084,689.76,7.06412304,1.76603076
18.085,689.4,7.06252048,1.76563012
18.086,689.04,7.06091792,1.76522948
18.087,688.68,7.05931535,1.76482884
18.088,688.32,7.05771279,1.7644282
18.089,687.96,7.05611022,1.76402756
18.09,687.6,7.05450766,1.76362691
18.091,687.24,7.0529051,1.76322627
18.092,686.88,7.05130253,1.76282563
18.093,686.52,7.04969997,1.76242499
18.094,686.16,7.0480974,1.76202435
18.095,685.8,7.04649484,1.76162371
18.096,685.44,7.04489227,1.76122307
18.097,685.08,7.04328971,1.76082243
18.098,684.72,7.04168715,1.76042179
18.099,684.36,7.04008458,1.76002115
18.1,684,7.03848202,1.7596205
18.101,683.64,7.03687945,1.75921986
18.102,683.28,7.03527689,1.75881922
18.103,682.92,7.03367433,1.75841858
18.104,682.56,7.03207176,1.75801794
18.105,682.2,7.0304692,1.7576173
18.106,681.84,7.02886663,1.75721666
18.107,681.48,7.02726407,1.75681602
18.108,681.12,7.02566151,1.75641538
18.109,680.76,7.02405894,1.75601474
18.11,680.4,7.02245638,1.75561409
18.111,680.04,7.02085381,1.75521345
18.112,679.68,7.01925125,1.75481281
18.113,679.32,7.01764869,1.75441217
18.114,678.96,7.01604612,1.75401153
18.115,678.6,7.01444356,1.75361089
18.116,678.24,7.01284099,1.75321025
18.117,677.88,7.01123843,1.75280961
18.118,677.52,7.00963586,1.75240897
18.119,677.16,7.0080333,1.75200833
18.12,676.8,7.00643074,1.75160768
18.121,676.44,7.00482817,1.75120704
18.122,676.08,7.00322561,1.7508064
18.123,675.72,7.00162304,1.75040576
18.124,675.36,7.00002048,1.75000512
18.125,675,6.99841792,1.74960448
18.126,674.64,6.99681535,1.74920384
18.127,674.28,6.99521279,1.7488032
18.128,673.92,6.99361022,1.74840256
18.129,673.56,6.99200766,1.74800191
18.13,673.2,6.9904051,1.74760127
18.131,672.84,6.98880253,1.74720063
18.132,672.48,6.98719997,1.74679999
18.133,672.12,6.9855974,1.74639935
18.134,671.76,6.98399484,1.74599871
18.135,671.4,6.98239227,1.74559807
18.136,671.04,6.98078971,1.74519743
18.137,670.68,6.97918715,1.74479679
18.138,670.32,6.97758458,1.74439615
18.139,669.96,6.97598202,1.7439955
18.14,669.6,6.97437945,1.74359486
18.141,669.24,6.97277689,1.74319422
18.142,668.88,6.97117433,1.74279358
18.143,668.52,6.96957176,1.74239294
18.144,668.16,6.9679692,1.7419923
18.145,667.8,6.96636663,1.74159166
18.146,667.44,6.96476407,1.74119102
18.147,667.08,6.96316151,1.74079038
18.148,666.72,6.96155894,1.74038974
18.149,666.36,6.95995638,1.73998909
18.15,666,6.95835381,1.73958845
18.151,665.64,6.95675125,1.73918781
18.152,665.28,6.95514869,1.73878717
18.153,664.92,6.95354612,1.73838653
18.154,664.56,6.95194356,1.73798589
18.155,664.2,6.95034099,1.73758525
18.156,663.84,6.94873843,1.73718461
18.157,663.48,6.94713586,1.73678397
18.158,663.12,6.9455333,1.73638333
18.159,662.76,6.94393074,1.73598268
18.16,662.4,6.94232817,1.73558204
18.161,662.04,6.94072561,1.7351814
18.162,661.68,6.93912304,1.73478076
18.163,661.32,6.93752048,1.73438012
18.164,660.96,6.93591792,1.73397948
18.165,660.6,6.93431535,1.73357884
18.166,660.24,6.93271279,1.7331782
18.167,659.88,6.93111022,1.73277756
18.168,659.52,6.92950766,1.73237691
18.169,659.16,6.9279051,1.73197627
18.17,658.8,6.92630253,1.73157563
18.171,658.44,6.92469997,1.73117499
18.172,658.08,6.9230974,1.73077435
18.173,657.72,6.92149484,1.73037371
18.174,657.36,6.91989227,1.72997307
18.175,657,6.91828971,1.72957243
18.176,656.64,6.91668715,1.72917179
18.177,656.28,6.91508458,1.72877115
18.178,655.92,6.91348202,1.7283705
18.179,655.56,6.91187945,1.72796986
18.18,655.2,6.91027689,1.72756922
18.181,654.84,6.90867433,1.72716858
18.182,654.48,6.90707176,1.72676794
18.183,654.12,6.9054692,1.7263673
18.184,653.76,6.90386663,1.72596666
18.185,653.4,6.90226407,1.72556602
18.186,653.04,6.90066151,1.72516538
18.187,652.68,6.89905894,1.72476474
18.188,652.32,6.89745638,1.72436409
18.189,651.96,6.89585381,1.72396345
18.19,651.6,6.89425125,1.72356281
18.191,651.24,6.89264869,1.72316217
18.192,650.88,6.89104612,1.72276153
18.193,650.52,6.88944356,1.72236089
18.194,650.16,6.88784099,1.72196025
18.195,649.8,6.88623843,1.72155961
18.196,649.44,6.88463586,1.72115897
18.197,649.08,6.8830333,1.72075833
18.198,648.72,6.88143074,1.72035768
18.199,648.36,6.87982817,1.71995704
18.2,648,6.87822561,1.7195564
18.201,647.64,6.87662304,1.71915576
18.202,647.28,6.87502048,1.71875512
18.203,646.92,6.87341792,1.71835448
18.204,646.56,6.87181535,1.71795384
18.205,646.2,6.87021279,1.7175532
18.206,645.84,6.86861022,1.71715256
18.207,645.48,6.86700766,1.71675191
18.208,645.12,6.8654051,1.71635127
18.209,644.76,6.86380253,1.71595063
18.21,644.4,6.86219997,1.71554999
18.211,644.04,6.8605974,1.71514935
18.212,643.68,6.85899484,1.71474871
18.213,643.32,6.85739227,1.71434807
18.214,642.96,6.85578971,1.71394743
18.215,642.6,6.85418715,1.71354679
18.216,642.24,6.85258458,1.71314615
18.217,641.88,6.85098202,1.7127455
18.218,641.52,6.84937945,1.71234486
18.219,641.16,6.84777689,1.71194422
18.22,640.8,6.84617433,1.71154358
18.221,640.44,6.84457176,1.71114294
18.222,640.08,6.8429692,1.7107423
18.223,639.72,6.84136663,1.71034166
18.224,639.36,6.83976407,1.70994102
18.225,639,6.83816151,1.70954038
18.226,638.64,6.83655894,1.70913974
18.227,638.28,6.83495638,1.70873909
18.228,637.92,6.83335381,1.70833845
18.229,637.56,6.83175125,1.70793781
18.23,637.2,6.83014869,1.70753717
18.231,636.84,6.82854612,1.70713653
18.232,636.48,6.82694356,1.70673589
18.233,636.12,6.82534099,1.70633525
18.234,635.76,6.82373843,1.70593461
18.235,635.4,6.82213586,1.70553397
18.236,635.04,6.8205333,1.70513333
18.237,634.68,6.81893074,1.70473268
18.238,634.32,6.81732817,1.70433204
18.239,633.96,6.81572561,1.7039314
18.24,633.6,6.81412304,1.70353076
18.241,633.24,6.81252048,1.70313012
18.242,632.88,6.81091792,1.70272948
18.243,632.52,6.80931535,1.70232884
18.244,632.16,6.80771279,1.7019282
18.245,631.8,6.80611022,1.70152756
18.246,631.44,6.80450766,1.70112691
18.247,631.08,6.8029051,1.70072627
18.248,630.72,6.80130253,1.70032563
18.249,630.36,6.79969997,1.69992499
18.25,630,6.7980974,1.69952435
18.251,629.64,6.79649484,1.69912371
18.252,629.28,6.79489227,1.69872307
18.253,628.92,6.79328971,1.69832243
18.254,628.56,6.79168715,1.69792179
18.255,628.2,6.79008458,1.69752115
18.256,627.84,6.78848202,1.6971205
18.257,627.48,6.78687945,1.69671986
18.258,627.12,6.78527689,1.69631922
18.259,626.76,6.78367433,1.69591858
18.26,626.4,6.78207176,1.69551794
18.261,626.04,6.7804692,1.6951173
18.262,625.68,6.77886663,1.69471666
18.263,625.32,6.77726407,1.69431602
18.264,624.96,6.77566151,1.69391538
18.265,624.6,6.77405894,1.69351474
18.266,624.24,6.77245638,1.69311409
18.267,623.88,6.77085381,1.69271345
18.268,623.52,6.76925125,1.69231281
18.269,623.16,6.76764869,1.69191217
18.27,622.8,6.76604612,1.69151153
18.271,622.44,6.76444356,1.69111089
18.272,622.08,6.76284099,1.69071025
18.273,621.72,6.76123843,1.69030961
18.274,621.36,6.75963586,1.68990897
18.275,621,6.7580333,1.68950833
18.276,620.64,6.75643074,1.68910768
18.277,620.28,6.75482817,1.68870704
18.278,619.92,6.75322561,1.6883064
18.279,619.56,6.75162304,1.68790576
18.28,619.2,6.75002048,1.68750512
18.281,618.84,6.74841792,1.68710448
18.282,618.48,6.74681535,1.68670384
18.283,618.12,6.74521279,1.6863032
18.284,617.76,6.74361022,1.68590256
18.285,617.4,6.74200766,1.68550191
18.286,617.04,6.7404051,1.68510127
18.287,616.68,6.73880253,1.68470063
18.288,616.32,6.73719997,1.68429999
18.289,615.96,6.7355974,1.68389935
18.29,615.6,6.73399484,1.68349871
18.291,615.24,6.73239227,1.68309807
18.292,614.88,6.73078971,1.68269743
18.293,614.52,6.72918715,1.68229679
18.294,614.16,6.72758458,1.68189615
18.295,613.8,6.72598202,1.6814955
18.296,613.44,6.72437945,1.68109486
18.297,613.08,6.72277689,1.68069422
18.298,612.72,6.72117433,1.68029358
18.299,612.36,6.71957176,1.67989294
18.3,612,6.7179692,1.6794923
18.301,611.64,6.71636663,1.67909166
18.302,611.28,6.71476407,1.67869102
18.303,610.92,6.71316151,1.67829038
18.304,610.56,6.71155894,1.67788974
18.305,610.2,6.70995638,1.67748909
18.306,609.84,6.70835381,1.67708845
18.307,609.48,6.70675125,1.67668781
18.308,609.12,6.70514869,1.67628717
18.309,608.76,6.70354612,1.67588653
18.31,608.4,6.70194356,1.67548589
18.311,608.04,6.70034099,1.67508525
18.312,607.68,6.69873843,1.67468461
18.313,607.32,6.69713586,1.67428397
18.314,606.96,6.6955333,1.67388333
18.315,606.6,6.69393074,1.67348268
18.316,606.24,6.69232817,1.67308204
18.317,605.88,6.69072561,1.6726814
18.318,605.52,6.68912304,1.67228076
18.319,605.16,6.68752048,1.67188012
18.32,604.8,6.68591792,1.67147948
18.321,604.44,6.68431535,1.67107884
18.322,604.08,6.68271279,1.6706782
18.323,603.72,6.68111022,1.67027756
18.324,603.36,6.67950766,1.66987691
18.325,603,6.6779051,1.66947627
18.326,602.64,6.67630253,1.66907563
18.327,602.28,6.67469997,1.66867499
18.328,601.92,6.6730974,1.66827435
18.329,601.56,6.67149484,1.66787371
18.33,601.2,6.66989227,1.66747307
18.331,600.84,6.66828971,1.66707243
18.332,600.48,6.66668715,1.66667179
18.333,600.12,6.66508458,1.66627115
18.334,599.76,6.66348202,1.6658705
18.335,599.4,6.66187945,1.66546986
18.336,599.04,6.66027689,1.66506922
18.337,598.68,6.65867433,1.66466858
18.338,598.32,6.65707176,1.66426794
18.339,597.96,6.6554692,1.6638673
18.34,597.6,6.65386663,1.66346666
18.341,597.24,6.65226407,1.66306602
18.342,596.88,6.65066151,1.66266538
18.343,596.52,6.64905894,1.66226474
18.344,596.16,6.64745638,1.66186409
18.345,595.8,6.64585381,1.66146345
18.346,595.44,6.64425125,1.66106281
18.347,595.08,6.64264869,1.66066217
18.348,594.72,6.64104612,1.66026153
18.349,594.36,6.63944356,1.65986089
18.35,594,6.63784099,1.65946025
18.351,593.64,6.63623843,1.65905961
18.352,593.28,6.63463586,1.65865897
18.353,592.92,6.6330333,1.65825833
18.354,592.56,6.63143074,1.65785768
18.355,592.2,6.62982817,1.65745704
18.356,591.84,6.62822561,1.6570564
18.357,591.48,6.62662304,1.65665576
18.358,591.12,6.62502048,1.65625512
18.359,590.76,6.62341792,1.65585448
18.36,590.4,6.62181535,1.65545384
18.361,590.04,6.62021279,1.6550532
18.362,589.68,6.61861022,1.65465256
18.363,589.32,6.61700766,1.65425191
18.364,588.96,6.6154051,1.65385127
18.365,588.6,6.61380253,1.65345063
18.366,588.24,6.61219997,1.65304999
18.367,587.88,6.6105974,1.65264935
18.368,587.52,6.60899484,1.65224871
18.369,587.16,6.60739227,1.65184807
18.37,586.8,6.60578971,1.65144743
18.371,586.44,6.60418715,1.65104679
18.372,586.08,6.60258458,1.65064615
18.373,585.72,6.60098202,1.6502455
18.374,585.36,6.59937945,1.64984486
18.375,585,6.59777689,1.64944422
18.376,584.64,6.59617433,1.64904358
18.377,584.28,6.59457176,1.64864294
18.378,583.92,6.5929692,1.6482423
18.379,583.56,6.59136663,1.64784166
18.38,583.2,6.58976407,1.64744102
18.381,582.84,6.58816151,1.64704038
18.382,582.48,6.58655894,1.64663974
18.383,582.12,6.58495638,1.64623909
18.384,581.76,6.58335381,1.64583845
18.385,581.4,6.58175125,1.64543781
18.386,581.04,6.58014869,1.64503717
18.387,580.68,6.57854612,1.64463653
18.388,580.32,6.57694356,1.64423589
18.389,579.96,6.57534099,1.64383525
18.39,579.6,6.57373843,1.64343461
18.391,579.24,6.57213586,1.64303397
18.392,578.88,6.5705333,1.64263333
18.393,578.52,6.56893074,1.64223268
18.394,578.16,6.56732817,1.64183204
18.395,577.8,6.56572561,1.6414314
18.396,577.44,6.56412304,1.64103076
18.397,577.08,6.56252048,1.64063012
18.398,576.72,6.56091792,1.64022948
18.399,576.36,6.55931535,1.63982884
18.4,576,6.55771279,1.6394282
18.401,575.64,6.55611022,1.63902756
18.402,575.28,6.55450766,1.63862691
18.403,574.92,6.5529051,1.63822627
18.404,574.56,6.55130253,1.63782563
18.405,574.2,6.54969997,1.63742499
18.406,573.84,6.5480974,1.63702435
18.407,573.48,6.54649484,1.63662371
18.408,573.12,6.54489227,1.63622307
18.409,572.76,6.54328971,1.63582243
18.41,572.4,6.54168715,1.63542179
18.411,572.04,6.54008458,1.63502115
18.412,571.68,6.53848202,1.6346205
18.413,571.32,6.53687945,1.63421986
18.414,570.96,6.53527689,1.63381922
18.415,570.6,6.53367433,1.63341858
18.416,570.24,6.53207176,1.63301794
18.417,569.88,6.5304692,1.6326173
18.418,569.52,6.52886663,1.63221666
18.419,569.16,6.52726407,1.63181602
18.42,568.8,6.52566151,1.63141538
18.421,568.44,6.52405894,1.63101474
18.422,568.08,6.52245638,1.63061409
18.423,567.72,6.52085381,1.63021345
18.424,567.36,6.51925125,1.62981281
18.425,567,6.51764869,1.62941217
18.426,566.64,6.51604612,1.62901153
18.427,566.28,6.51444356,1.62861089
18.428,565.92,6.51284099,1.62821025
18.429,565.56,6.51123843,1.62780961
18.43,565.2,6.50963586,1.62740897
18.431,564.84,6.5080333,1.62700833
18.432,564.48,6.50643074,1.62660768
18.433,564.12,6.50482817,1.62620704
18.434,563.76,6.50322561,1.6258064
18.435,563.4,6.50162304,1.62540576
18.436,563.04,6.50002048,1.62500512
18.437,562.68,6.49841792,1.62460448
18.438,562.32,6.49681535,1.62420384
18.439,561.96,6.49521279,1.6238032
18.44,561.6,6.49361022,1.62340256
18.441,561.24,6.49200766,1.62300191
18.442,560.88,6.4904051,1.62260127
18.443,560.52,6.48880253,1.62220063
18.444,560.16,6.48719997,1.62179999
18.445,559.8,6.4855974,1.62139935
18.446,559.44,6.48399484,1.62099871
18.447,559.08,6.48239227,1.62059807
18.448,558.72,6.48078971,1.62019743
18.449,558.36,6.47918715,1.61979679
18.45,558,6.47758458,1.61939615
18.451,557.64,6.47598202,1.6189955
18.452,557.28,6.47437945,1.61859486
18.453,556.92,6.47277689,1.61819422
18.454,556.56,6.47117433,1.61779358
18.455,556.2,6.46957176,1.61739294
18.456,555.84,6.4679692,1.6169923
18.457,555.48,6.46636663,1.61659166
18.458,555.12,6.46476407,1.61619102
18.459,554.76,6.46316151,1.61579038
18.46,554.4,6.46155894,1.61538974
18.461,554.04,6.45995638,1.61498909
18.462,553.68,6.45835381,1.61458845
18.463,553.32,6.45675125,1.61418781
18.464,552.96,6.45514869,1.61378717
18.465,552.6,6.45354612,1.61338653
18.466,552.24,6.45194356,1.61298589
18.467,551.88,6.45034099,1.61258525
18.468,551.52,6.44873843,1.61218461
18.469,551.16,6.44713586,1.61178397
18.47,550.8,6.4455333,1.61138333
18.471,550.44,6.44393074,1.61098268
18.472,550.08,6.44232817,1.61058204
18.473,549.72,6.44072561,1.6101814
18.474,549.36,6.43912304,1.60978076
18.475,549,6.43752048,1.60938012
18.476,548.64,6.43591792,1.60897948
18.477,548.28,6.43431535,1.60857884
18.478,547.92,6.43271279,1.6081782
18.479,547.56,6.43111022,1.60777756
18.48,547.2,6.42950766,1.60737691
18.481,546.84,6.4279051,1.60697627
18.482,546.48,6.42630253,1.60657563
18.483,546.12,6.42469997,1.60617499
18.484,545.76,6.4230974,1.60577435
18.485,545.4,6.42149484,1.60537371
18.486,545.04,6.41989227,1.60497307
18.487,544.68,6.41828971,1.60457243
18.488,544.32,6.41668715,1.60417179
18.489,543.96,6.41508458,1.60377115
18.49,543.6,6.41348202,1.6033705
18.491,543.24,6.41187945,1.60296986
18.492,542.88,6.41027689,1.60256922
18.493,542.52,6.40867433,1.60216858
18.494,542.16,6.40707176,1.60176794
18.495,541.8,6.4054692,1.6013673
18.496,541.44,6.40386663,1.60096666
18.497,541.08,6.40226407,1.60056602
18.498,540.72,6.40066151,1.60016538
18.499,540.36,6.39905894,1.59976474
18.5,540,6.39745638,1.59936409
18.501,539.64,6.39585381,1.59896345
18.502,539.28,6.39425125,1.59856281
18.503,538.92,6.39264869,1.59816217
18.504,538.56,6.39104612,1.59776153
18.505,538.2,6.38944356,1.59736089
18.506,537.84,6.38784099,1.59696025
18.507,537.48,6.38623843,1.59655961
18.508,537.12,6.38463586,1.59615897
18.509,536.76,6.3830333,1.59575833
18.51,536.4,6.38143074,1.59535768
18.511,536.04,6.37982817,1.59495704
18.512,535.68,6.37822561,1.5945564
18.513,535.32,6.37662304,1.59415576
18.514,534.96,6.37502048,1.59375512
18.515,534.6,6.37341792,1.59335448
18.516,534.24,6.37181535,1.59295384
18.517,533.88,6.37021279,1.5925532
18.518,533.52,6.36861022,1.59215256
18.519,533.16,6.36700766,1.59175191
18.52,532.8,6.3654051,1.59135127
18.521,532.44,6.36380253,1.59095063
18.522,532.08,6.36219997,1.59054999
18.523,531.72,6.3605974,1.59014935
18.524,531.36,6.35899484,1.58974871
18.525,531,6.35739227,1.58934807
18.526,530.64,6.35578971,1.58894743
18.527,530.28,6.35418715,1.58854679
18.528,529.92,6.35258458,1.58814615
18.529,529.56,6.35098202,1.5877455
18.53,529.2,6.34937945,1.58734486
18.531,528.84,6.34777689,1.58694422
18.532,528.48,6.34617433,1.58654358
18.533,528.12,6.34457176,1.58614294
18.534,527.76,6.3429692,1.5857423
18.535,527.4,6.34136663,1.58534166
18.536,527.04,6.33976407,1.58494102
18.537,526.68,6.33816151,1.58454038
18.538,526.32,6.33655894,1.58413974
18.539,525.96,6.33495638,1.58373909
18.54,525.6,6.33335381,1.58333845
18.541,525.24,6.33175125,1.58293781
18.542,524.88,6.33014869,1.58253717
18.543,524.52,6.32854612,1.58213653
18.544,524.16,6.32694356,1.58173589
18.545,523.8,6.32534099,1.58133525
18.546,523.44,6.32373843,1.58093461
18.547,523.08,6.32213586,1.58053397
18.548,522.72,6.3205333,1.58013333
18.549,522.36,6.31893074,1.57973268
18.55,522,6.31732817,1.57933204
18.551,521.64,6.31572561,1.5789314
18.552,521.28,6.31412304,1.57853076
18.553,520.92,6.31252048,1.57813012
18.554,520.56,6.31091792,1.57772948
18.555,520.2,6.30931535,1.57732884
18.556,519.84,6.30771279,1.5769282
18.557,519.48,6.30611022,1.57652756
18.558,519.12,6.30450766,1.57612691
18.559,518.76,6.3029051,1.57572627
18.56,518.4,6.30130253,1.57532563
18.561,518.04,6.29969997,1.57492499
18.562,517.68,6.2980974,1.57452435
18.563,517.32,6.29649484,1.57412371
18.564,516.96,6.29489227,1.57372307
18.565,516.6,6.29328971,1.57332243
18.566,516.24,6.29168715,1.57292179
18.567,515.88,6.29008458,1.57252115
18.568,515.52,6.28848202,1.5721205
18.569,515.16,6.28687945,1.57171986
18.57,514.8,6.28527689,1.57131922
18.571,514.44,6.28367433,1.57091858
18.572,514.08,6.28207176,1.57051794
18.573,513.72,6.2804692,1.5701173
18.574,513.36,6.27886663,1.56971666
18.575,513,6.27726407,1.56931602
18.576,512.64,6.27566151,1.56891538
18.577,512.28,6.27405894,1.56851474
18.578,511.92,6.27245638,1.56811409
18.579,511.56,6.27085381,1.56771345
18.58,511.2,6.26925125,1.56731281
18.581,510.84,6.26764869,1.56691217
18.582,510.48,6.26604612,1.56651153
18.583,510.12,6.26444356,1.56611089
18.584,509.76,6.26284099,1.56571025
18.585,509.4,6.26123843,1.56530961
18.586,509.04,6.25963586,1.56490897
18.587,508.68,6.2580333,1.56450833
18.588,508.32,6.25643074,1.56410768
18.589,507.96,6.25482817,1.56370704
18.59,507.6,6.25322561,1.5633064
18.591,507.24,6.25162304,1.56290576
18.592,506.88,6.25002048,1.56250512
18.593,506.52,6.24841792,1.56210448
18.594,506.16,6.24681535,1.56170384
18.595,505.8,6.24521279,1.5613032
18.596,505.44,6.24361022,1.56090256
18.597,505.08,6.24200766,1.56050191
18.598,504.72,6.2404051,1.56010127
18.599,504.36,6.23880253,1.55970063
18.6,504,6.23719997,1.55929999
18.601,503.64,6.2355974,1.55889935
18.602,503.28,6.23399484,1.55849871
18.603,502.92,6.23239227,1.55809807
18.604,502.56,6.23078971,1.55769743
18.605,502.2,6.22918715,1.55729679
18.606,501.84,6.22758458,1.55689615
18.607,501.48,6.22598202,1.5564955
18.608,501.12,6.22437945,1.55609486
18.609,500.76,6.22277689,1.55569422
18.61,500.4,6.22117433,1.55529358
18.611,500.04,6.21957176,1.55489294
18.612,499.68,6.2179692,1.5544923
18.613,499.32,6.21636663,1.55409166
18.614,498.96,6.21476407,1.55369102
18.615,498.6,6.21316151,1.55329038
18.616,498.24,6.21155894,1.55288974
18.617,497.88,6.20995638,1.55248909
18.618,497.52,6.20835381,1.55208845
18.619,497.16,6.20675125,1.55168781
18.62,496.8,6.20514869,1.55128717
18.621,496.44,6.20354612,1.55088653
18.622,496.08,6.20194356,1.55048589
18.623,495.72,6.20034099,1.55008525
18.624,495.36,6.19873843,1.54968461
18.625,495,6.19713586,1.54928397
18.626,494.64,6.1955333,1.54888333
18.627,494.28,6.19393074,1.54848268
18.628,493.92,6.19232817,1.54808204
18.629,493.56,6.19072561,1.5476814
18.63,493.2,6.18912304,1.54728076
18.631,492.84,6.18752048,1.54688012
18.632,492.48,6.18591792,1.54647948
18.633,492.12,6.18431535,1.54607884
18.634,491.76,6.18271279,1.5456782
18.635,491.4,6.18111022,1.54527756
18.636,491.04,6.17950766,1.54487691
18.637,490.68,6.1779051,1.54447627
18.638,490.32,6.17630253,1.54407563
18.639,489.96,6.17469997,1.54367499
18.64,489.6,6.1730974,1.54327435
18.641,489.24,6.17149484,1.54287371
18.642,488.88,6.16989227,1.54247307
18.643,488.52,6.16828971,1.54207243
18.644,488.16,6.16668715,1.54167179
18.645,487.8,6.16508458,1.54127115
18.646,487.44,6.16348202,1.5408705
18.647,487.08,6.16187945,1.54046986
18.648,486.72,6.16027689,1.54006922
18.649,486.36,6.15867433,1.53966858
18.65,486,6.15707176,1.53926794
18.651,485.64,6.1554692,1.5388673
18.652,485.28,6.15386663,1.53846666
18.653,484.92,6.15226407,1.53806602
18.654,484.56,6.15066151,1.53766538
18.655,484.2,6.14905894,1.53726474
18.656,483.84,6.14745638,1.53686409
18.657,483.48,6.14585381,1.53646345
18.658,483.12,6.14425125,1.53606281
18.659,482.76,6.14264869,1.53566217
18.66,482.4,6.14104612,1.53526153
18.661,482.04,6.13944356,1.53486089
18.662,481.68,6.13784099,1.53446025
18.663,481.32,6.13623843,1.53405961
18.664,480.96,6.13463586,1.53365897
18.665,480.6,6.1330333,1.53325833
18.666,480.24,6.13143074,1.53285768
18.667,479.88,6.12982817,1.53245704
18.668,479.52,6.12822561,1.5320564
18.669,479.16,6.12662304,1.53165576
18.67,478.8,6.12502048,1.53125512
18.671,478.44,6.12341792,1.53085448
18.672,478.08,6.12181535,1.53045384
18.673,477.72,6.12021279,1.5300532
18.674,477.36,6.11861022,1.52965256
18.675,477,6.11700766,1.52925191
18.676,476.64,6.1154051,1.52885127
18.677,476.28,6.11380253,1.52845063
18.678,475.92,6.11219997,1.52804999
18.679,475.56,6.1105974,1.52764935
18.68,475.2,6.10899484,1.52724871
18.681,474.84,6.10739227,1.52684807
18.682,474.48,6.10578971,1.52644743
18.683,474.12,6.10418715,1.52604679
18.684,473.76,6.10258458,1.52564615
18.685,473.4,6.10098202,1.5252455
18.686,473.04,6.09937945,1.52484486
18.687,472.68,6.09777689,1.52444422
18.688,472.32,6.09617433,1.52404358
18.689,471.96,6.09457176,1.52364294
18.69,471.6,6.0929692,1.5232423
18.691,471.24,6.09136663,1.52284166
18.692,470.88,6.08976407,1.52244102
18.693,470.52,6.08816151,1.52204038
18.694,470.16,6.08655894,1.52163974
18.695,469.8,6.08495638,1.52123909
18.696,469.44,6.08335381,1.52083845
18.697,469.08,6.08175125,1.52043781
18.698,468.72,6.08014869,1.52003717
18.699,468.36,6.07854612,1.51963653
18.7,468,6.07694356,1.51923589
18.701,467.64,6.07534099,1.51883525
18.702,467.28,6.07373843,1.51843461
18.703,466.92,6.07213586,1.51803397
18.704,466.56,6.0705333,1.51763333
18.705,466.2,6.06893074,1.51723268
18.706,465.84,6.06732817,1.51683204
18.707,465.48,6.06572561,1.5164314
18.708,465.12,6.06412304,1.51603076
18.709,464.76,6.06252048,1.51563012
18.71,464.4,6.06091792,1.51522948
18.711,464.04,6.05931535,1.51482884
18.712,463.68,6.05771279,1.5144282
18.713,463.32,6.05611022,1.51402756
18.714,462.96,6.05450766,1.51362691
18.715,462.6,6.0529051,1.51322627
18.716,462.24,6.05130253,1.51282563
18.717,461.88,6.04969997,1.51242499
18.718,461.52,6.0480974,1.51202435
18.719,461.16,6.04649484,1.51162371
18.72,460.8,6.04489227,1.51122307
18.721,460.44,6.04328971,1.51082243
18.722,460.08,6.04168715,1.51042179
18.723,459.72,6.04008458,1.51002115
18.724,459.36,6.03848202,1.5096205
18.725,459,6.03687945,1.50921986
18.726,458.64,6.03527689,1.50881922
18.727,458.28,6.03367433,1.50841858
18.728,457.92,6.03207176,1.50801794
18.729,457.56,6.0304692,1.5076173
18.73,457.2,6.02886663,1.50721666
18.731,456.84,6.02726407,1.50681602
18.732,456.48,6.02566151,1.50641538
18.733,456.12,6.02405894,1.50601474
18.734,455.76,6.02245638,1.50561409
18.735,455.4,6.02085381,1.50521345
18.736,455.04,6.01925125,1.50481281
18.737,454.68,6.01764869,1.50441217
18.738,454.32,6.01604612,1.50401153
18.739,453.96,6.01444356,1.50361089
18.74,453.6,6.01284099,1.50321025
18.741,453.24,6.01123843,1.50280961
18.742,452.88,6.00963586,1.50240897
18.743,452.52,6.0080333,1.50200833
18.744,452.16,6.00643074,1.50160768
18.745,451.8,6.00482817,1.50120704
18.746,451.44,6.00322561,1.5008064
18.747,451.08,6.00162304,1.50040576
18.748,450.72,6.00002048,1.50000512
18.749,450.36,5.99841792,1.49960448
18.75,450,5.99681535,1.49920384
18.751,449.64,5.99521279,1.4988032
18.752,449.28,5.99361022,1.49840256
18.753,448.92,5.99200766,1.49800191
18.754,448.56,5.9904051,1.49760127
18.755,448.2,5.98880253,1.49720063
18.756,447.84,5.98719997,1.49679999
18.757,447.48,5.9855974,1.49639935
18.758,447.12,5.98399484,1.49599871
18.759,446.76,5.98239227,1.49559807
18.76,446.4,5.98078971,1.49519743
18.761,446.04,5.97918715,1.49479679
18.762,445.68,5.97758458,1.49439615
18.763,445.32,5.97598202,1.4939955
18.764,444.96,5.97437945,1.49359486
18.765,444.6,5.97277689,1.49319422
18.766,444.24,5.97117433,1.49279358
18.767,443.88,5.96957176,1.49239294
18.768,443.52,5.9679692,1.4919923
18.769,443.16,5.96636663,1.49159166
18.77,442.8,5.96476407,1.49119102
18.771,442.44,5.96316151,1.49079038
18.772,442.08,5.96155894,1.49038974
18.773,441.72,5.95995638,1.48998909
18.774,441.36,5.95835381,1.48958845
18.775,441,5.95675125,1.48918781
18.776,440.64,5.95514869,1.48878717
18.777,440.28,5.95354612,1.48838653
18.778,439.92,5.95194356,1.48798589
18.779,439.56,5.95034099,1.48758525
18.78,439.2,5.94873843,1.48718461
18.781,438.84,5.94713586,1.48678397
18.782,438.48,5.9455333,1.48638333
18.783,438.12,5.94393074,1.48598268
18.784,437.76,5.94232817,1.48558204
18.785,437.4,5.94072561,1.4851814
18.786,437.04,5.93912304,1.48478076
18.787,436.68,5.93752048,1.48438012
18.788,436.32,5.93591792,1.48397948
18.789,435.96,5.93431535,1.48357884
18.79,435.6,5.93271279,1.4831782
18.791,435.24,5.93111022,1.48277756
18.792,434.88,5.92950766,1.48237691
18.793,434.52,5.9279051,1.48197627
18.794,434.16,5.92630253,1.48157563
18.795,433.8,5.92469997,1.48117499
18.796,433.44,5.9230974,1.48077435
18.797,433.08,5.92149484,1.48037371
18.798,432.72,5.91989227,1.47997307
18.799,432.36,5.91828971,1.47957243
18.8,432,5.91668715,1.47917179
18.801,431.64,5.91508458,1.47877115
18.802,431.28,5.91348202,1.4783705
18.803,430.92,5.91187945,1.47796986
18.804,430.56,5.91027689,1.47756922
18.805,430.2,5.90867433,1.47716858
18.806,429.84,5.90707176,1.47676794
18.807,429.48,5.9054692,1.4763673
18.808,429.12,5.90386663,1.47596666
18.809,428.76,5.90226407,1.47556602
18.81,428.4,5.90066151,1.47516538
18.811,428.04,5.89905894,1.47476474
18.812,427.68,5.89745638,1.47436409
18.813,427.32,5.89585381,1.47396345
18.814,426.96,5.89425125,1.47356281
18.815,426.6,5.89264869,1.47316217
18.816,426.24,5.89104612,1.47276153
18.817,425.88,5.88944356,1.47236089
18.818,425.52,5.88784099,1.47196025
18.819,425.16,5.88623843,1.47155961
18.82,424.8,5.88463586,1.47115897
18.821,424.44,5.8830333,1.47075833
18.822,424.08,5.88143074,1.47035768
18.823,423.72,5.87982817,1.46995704
18.824,423.36,5.87822561,1.4695564
18.825,423,5.87662304,1.46915576
18.826,422.64,5.87502048,1.46875512
18.827,422.28,5.87341792,1.46835448
18.828,421.92,5.87181535,1.46795384
18.829,421.56,5.87021279,1.4675532
18.83,421.2,5.86861022,1.46715256
18.831,420.84,5.86700766,1.46675191
18.832,420.48,5.8654051,1.46635127
18.833,420.12,5.86380253,1.46595063
18.834,419.76,5.86219997,1.46554999
18.835,419.4,5.8605974,1.46514935
18.836,419.04,5.85899484,1.46474871
18.837,418.68,5.85739227,1.46434807
18.838,418.32,5.85578971,1.46394743
18.839,417.96,5.85418715,1.46354679
18.84,417.6,5.85258458,1.46314615
18.841,417.24,5.85098202,1.4627455
18.842,416.88,5.84937945,1.46234486
18.843,416.52,5.84777689,1.46194422
18.844,416.16,5.84617433,1.46154358
18.845,415.8,5.84457176,1.46114294
18.846,415.44,5.8429692,1.4607423
18.847,415.08,5.84136663,1.46034166
18.848,414.72,5.83976407,1.45994102
18.849,414.36,5.83816151,1.45954038
18.85,414,5.83655894,1.45913974
18.851,413.64,5.83495638,1.45873909
18.852,413.28,5.83335381,1.45833845
18.853,412.92,5.83175125,1.45793781
18.854,412.56,5.83014869,1.45753717
18.855,412.2,5.82854612,1.45713653
18.856,411.84,5.82694356,1.45673589
18.857,411.48,5.82534099,1.45633525
18.858,411.12,5.82373843,1.45593461
18.859,410.76,5.82213586,1.45553397
18.86,410.4,5.8205333,1.45513333
18.861,410.04,5.81893074,1.45473268
18.862,409.68,5.81732817,1.45433204
18.863,409.32,5.81572561,1.4539314
18.864,408.96,5.81412304,1.45353076
18.865,408.6,5.81252048,1.45313012
18.866,408.24,5.81091792,1.45272948
18.867,407.88,5.80931535,1.45232884
18.868,407.52,5.80771279,1.4519282
18.869,407.16,5.80611022,1.45152756
18.87,406.8,5.80450766,1.45112691
18.871,406.44,5.8029051,1.45072627
18.872,406.08,5.80130253,1.45032563
18.873,405.72,5.79969997,1.44992499
18.874,405.36,5.7980974,1.44952435
18.875,405,5.79649484,1.44912371
18.876,404.64,5.79489227,1.44872307
18.877,404.28,5.79328971,1.44832243
18.878,403.92,5.79168715,1.44792179
18.879,403.56,5.79008458,1.44752115
18.88,403.2,5.78848202,1.4471205
18.881,402.84,5.78687945,1.44671986
18.882,402.48,5.78527689,1.44631922
18.883,402.12,5.78367433,1.44591858
18.884,401.76,5.78207176,1.44551794
18.885,401.4,5.7804692,1.4451173
18.886,401.04,5.77886663,1.44471666
18.887,400.68,5.77726407,1.44431602
18.888,400.32,5.77566151,1.44391538
18.889,399.96,5.77405894,1.44351474
18.89,399.6,5.77245638,1.44311409
18.891,399.24,5.77085381,1.44271345
18.892,398.88,5.76925125,1.44231281
18.893,398.52,5.76764869,1.44191217
18.894,398.16,5.76604612,1.44151153
18.895,397.8,5.76444356,1.44111089
18.896,397.44,5.76284099,1.44071025
18.897,397.08,5.76123843,1.44030961
18.898,396.72,5.75963586,1.43990897
18.899,396.36,5.7580333,1.43950833
18.9,396,5.75643074,1.43910768
18.901,395.64,5.75482817,1.43870704
18.902,395.28,5.75322561,1.4383064
18.903,394.92,5.75162304,1.43790576
18.904,394.56,5.75002048,1.43750512
18.905,394.2,5.74841792,1.43710448
18.906,393.84,5.74681535,1.43670384
18.907,393.48,5.74521279,1.4363032
18.908,393.12,5.74361022,1.43590256
18.909,392.76,5.74200766,1.43550191
18.91,392.4,5.7404051,1.43510127
18.911,392.04,5.73880253,1.43470063
18.912,391.68,5.73719997,1.43429999
18.913,391.32,5.7355974,1.43389935
18.914,390.96,5.73399484,1.43349871
18.915,390.6,5.73239227,1.43309807
18.916,390.24,5.73078971,1.43269743
18.917,389.88,5.72918715,1.43229679
18.918,389.52,5.72758458,1.43189615
18.919,389.16,5.72598202,1.4314955
18.92,388.8,5.72437945,1.43109486
18.921,388.44,5.72277689,1.43069422
18.922,388.08,5.72117433,1.43029358
18.923,387.72,5.71957176,1.42989294
18.924,387.36,5.7179692,1.4294923
18.925,387,5.71636663,1.42909166
18.926,386.64,5.71476407,1.42869102
18.927,386.28,5.71316151,1.42829038
18.928,385.92,5.71155894,1.42788974
18.929,385.56,5.70995638,1.42748909
18.93,385.2,5.70835381,1.42708845
18.931,384.84,5.70675125,1.42668781
18.932,384.48,5.70514869,1.42628717
18.933,384.12,5.70354612,1.42588653
18.934,383.76,5.70194356,1.42548589
18.935,383.4,5.70034099,1.42508525
18.936,383.04,5.69873843,1.42468461
18.937,382.68,5.69713586,1.42428397
18.938,382.32,5.6955333,1.42388333
18.939,381.96,5.69393074,1.42348268
18.94,381.6,5.69232817,1.42308204
18.941,381.24,5.69072561,1.4226814
18.942,380.88,5.68912304,1.42228076
18.943,380.52,5.68752048,1.42188012
18.944,380.16,5.68591792,1.42147948
18.945,379.8,5.68431535,1.42107884
18.946,379.44,5.68271279,1.4206782
18.947,379.08,5.68111022,1.42027756
18.948,378.72,5.67950766,1.41987691
18.949,378.36,5.6779051,1.41947627
18.95,378,5.67630253,1.41907563
18.951,377.64,5.67469997,1.41867499
18.952,377.28,5.6730974,1.41827435
18.953,376.92,5.67149484,1.41787371
18.954,376.56,5.66989227,1.41747307
18.955,376.2,5.66828971,1.41707243
18.956,375.84,5.66668715,1.41667179
18.957,375.48,5.66508458,1.41627115
18.958,375.12,5.66348202,1.4158705
18.959,374.76,5.66187945,1.41546986
18.96,374.4,5.66027689,1.41506922
18.961,374.04,5.65867433,1.41466858
18.962,373.68,5.65707176,1.41426794
18.963,373.32,5.6554692,1.4138673
18.964,372.96,5.65386663,1.41346666
18.965,372.6,5.65226407,1.41306602
18.966,372.24,5.65066151,1.41266538
18.967,371.88,5.64905894,1.41226474
18.968,371.52,5.64745638,1.41186409
18.969,371.16,5.64585381,1.41146345
18.97,370.8,5.64425125,1.41106281
18.971,370.44,5.64264869,1.41066217
18.972,370.08,5.64104612,1.41026153
18.973,369.72,5.63944356,1.40986089
18.974,369.36,5.63784099,1.40946025
18.975,369,5.63623843,1.40905961
18.976,368.64,5.63463586,1.40865897
18.977,368.28,5.6330333,1.40825833
18.978,367.92,5.63143074,1.40785768
18.979,367.56,5.62982817,1.40745704
18.98,367.2,5.62822561,1.4070564
18.981,366.84,5.62662304,1.40665576
18.982,366.48,5.62502048,1.40625512
18.983,366.12,5.62341792,1.40585448
18.984,365.76,5.62181535,1.40545384
18.985,365.4,5.62021279,1.4050532
18.986,365.04,5.61861022,1.40465256
18.987,364.68,5.61700766,1.40425191
18.988,364.32,5.6154051,1.40385127
18.989,363.96,5.61380253,1.40345063
18.99,363.6,5.61219997,1.40304999
18.991,363.24,5.6105974,1.40264935
18.992,362.88,5.60899484,1.40224871
18.993,362.52,5.60739227,1.40184807
18.994,362.16,5.60578971,1.40144743
18.995,361.8,5.60418715,1.40104679
18.996,361.44,5.60258458,1.40064615
18.997,361.08,5.60098202,1.4002455
18.998,360.72,5.59937945,1.39984486
18.999,360.36,5.59777689,1.39944422
19,360,5.59617433,1.39904358
19.001,359.64,5.59457176,1.39864294
19.002,359.28,5.5929692,1.3982423
19.003,358.92,5.59136663,1.39784166
19.004,358.56,5.58976407,1.39744102
19.005,358.2,5.58816151,1.39704038
19.006,357.84,5.58655894,1.39663974
19.007,357.48,5.58495638,1.39623909
19.008,357.12,5.58335381,1.39583845
19.009,356.76,5.58175125,1.39543781
19.01,356.4,5.58014869,1.39503717
19.011,356.04,5.57854612,1.39463653
19.012,355.68,5.57694356,1.39423589
19.013,355.32,5.57534099,1.39383525
19.014,354.96,5.57373843,1.39343461
19.015,354.6,5.57213586,1.39303397
19.016,354.24,5.5705333,1.39263333
19.017,353.88,5.56893074,1.39223268
19.018,353.52,5.56732817,1.39183204
19.019,353.16,5.56572561,1.3914314
19.02,352.8,5.56412304,1.39103076
19.021,352.44,5.56252048,1.39063012
19.022,352.08,5.56091792,1.39022948
19.023,351.72,5.55931535,1.38982884
19.024,351.36,5.55771279,1.3894282
19.025,351,5.55611022,1.38902756
19.026,350.64,5.55450766,1.38862691
19.027,350.28,5.5529051,1.38822627
19.028,349.92,5.55130253,1.38782563
19.029,349.56,5.54969997,1.38742499
19.03,349.2,5.5480974,1.38702435
19.031,348.84,5.54649484,1.38662371
19.032,348.48,5.54489227,1.38622307
19.033,348.12,5.54328971,1.38582243
19.034,347.76,5.54168715,1.38542179
19.035,347.4,5.54008458,1.38502115
19.036,347.04,5.53848202,1.3846205
19.037,346.68,5.53687945,1.38421986
19.038,346.32,5.53527689,1.38381922
19.039,345.96,5.53367433,1.38341858
19.04,345.6,5.53207176,1.38301794
19.041,345.24,5.5304692,1.3826173
19.042,344.88,5.52886663,1.38221666
19.043,344.52,5.52726407,1.38181602
19.044,344.16,5.52566151,1.38141538
19.045,343.8,5.52405894,1.38101474
19.046,343.44,5.52245638,1.38061409
19.047,343.08,5.52085381,1.38021345
19.048,342.72,5.51925125,1.37981281
19.049,342.36,5.51764869,1.37941217
19.05,342,5.51604612,1.37901153
19.051,341.64,5.51444356,1.37861089
19.052,341.28,5.51284099,1.37821025
19.053,340.92,5.51123843,1.37780961
19.054,340.56,5.50963586,1.37740897
19.055,340.2,5.5080333,1.37700833
19.056,339.84,5.50643074,1.37660768
19.057,339.48,5.50482817,1.37620704
19.058,339.12,5.50322561,1.3758064
19.059,338.76,5.50162304,1.37540576
19.06,338.4,5.50002048,1.37500512
19.061,338.04,5.49841792,1.37460448
19.062,337.68,5.49681535,1.37420384
19.063,337.32,5.49521279,1.3738032
19.064,336.96,5.49361022,1.37340256
19.065,336.6,5.49200766,1.37300191
19.066,336.24,5.4904051,1.37260127
19.067,335.88,5.48880253,1.37220063
19.068,335.52,5.48719997,1.37179999
19.069,335.16,5.4855974,1.37139935
19.07,334.8,5.48399484,1.37099871
19.071,334.44,5.48239227,1.37059807
19.072,334.08,5.48078971,1.37019743
19.073,333.72,5.47918715,1.36979679
19.074,333.36,5.47758458,1.36939615
19.075,333,5.47598202,1.3689955
19.076,332.64,5.47437945,1.36859486
19.077,332.28,5.47277689,1.36819422
19.078,331.92,5.47117433,1.36779358
19.079,331.56,5.46957176,1.36739294
19.08,331.2,5.4679692,1.3669923
19.081,330.84,5.46636663,1.36659166
19.082,330.48,5.46476407,1.36619102
19.083,330.12,5.46316151,1.36579038
19.084,329.76,5.46155894,1.36538974
19.085,329.4,5.45995638,1.36498909
19.086,329.04,5.45835381,1.36458845
19.087,328.68,5.45675125,1.36418781
19.088,328.32,5.45514869,1.36378717
19.089,327.96,5.45354612,1.36338653
19.09,327.6,5.45194356,1.36298589
19.091,327.24,5.45034099,1.36258525
19.092,326.88,5.44873843,1.36218461
19.093,326.52,5.44713586,1.36178397
19.094,326.16,5.4455333,1.36138333
19.095,325.8,5.44393074,1.36098268
19.096,325.44,5.44232817,1.36058204
19.097,325.08,5.44072561,1.3601814
19.098,324.72,5.43912304,1.35978076
19.099,324.36,5.43752048,1.35938012
19.1,324,5.43591792,1.35897948
19.101,323.64,5.43431535,1.35857884
19.102,323.28,5.43271279,1.3581782
19.103,322.92,5.43111022,1.35777756
19.104,322.56,5.42950766,1.35737691
19.105,322.2,5.4279051,1.35697627
19.106,321.84,5.42630253,1.35657563
19.107,321.48,5.42469997,1.35617499
19.108,321.12,5.4230974,1.35577435
19.109,320.76,5.42149484,1.35537371
19.11,320.4,5.41989227,1.35497307
19.111,320.04,5.41828971,1.35457243
19.112,319.68,5.41668715,1.35417179
19.113,319.32,5.41508458,1.35377115
19.114,318.96,5.41348202,1.3533705
19.115,318.6,5.41187945,1.35296986
19.116,318.24,5.41027689,1.35256922
19.117,317.88,5.40867433,1.35216858
19.118,317.52,5.40707176,1.35176794
19.119,317.16,5.4054692,1.3513673
19.12,316.8,5.40386663,1.35096666
19.121,316.44,5.40226407,1.35056602
19.122,316.08,5.40066151,1.35016538
19.123,315.72,5.39905894,1.34976474
19.124,315.36,5.39745638,1.34936409
19.125,315,5.39585381,1.34896345
19.126,314.64,5.39425125,1.34856281
19.127,314.28,5.39264869,1.34816217
19.128,313.92,5.39104612,1.34776153
19.129,313.56,5.38944356,1.34736089
19.13,313.2,5.38784099,1.34696025
19.131,312.84,5.38623843,1.34655961
19.132,312.48,5.38463586,1.34615897
19.133,312.12,5.3830333,1.34575833
19.134,311.76,5.38143074,1.34535768
19.135,311.4,5.37982817,1.34495704
19.136,311.04,5.37822561,1.3445564
19.137,310.68,5.37662304,1.34415576
19.138,310.32,5.37502048,1.34375512
19.139,309.96,5.37341792,1.34335448
19.14,309.6,5.37181535,1.34295384
19.141,309.24,5.37021279,1.3425532
19.142,308.88,5.36861022,1.34215256
19.143,308.52,5.36700766,1.34175191
19.144,308.16,5.3654051,1.34135127
19.145,307.8,5.36380253,1.34095063
19.146,307.44,5.36219997,1.34054999
19.147,307.08,5.3605974,1.34014935
19.148,306.72,5.35899484,1.33974871
19.149,306.36,5.35739227,1.33934807
19.15,306,5.35578971,1.33894743
19.151,305.64,5.35418715,1.33854679
19.152,305.28,5.35258458,1.33814615
19.153,304.92,5.35098202,1.3377455
19.154,304.56,5.34937945,1.33734486
19.155,304.2,5.34777689,1.33694422
19.156,303.84,5.34617433,1.33654358
19.157,303.48,5.34457176,1.33614294
19.158,303.12,5.3429692,1.3357423
19.159,302.76,5.34136663,1.33534166
19.16,302.4,5.33976407,1.33494102
19.161,302.04,5.33816151,1.33454038
19.162,301.68,5.33655894,1.33413974
19.163,301.32,5.33495638,1.33373909
19.164,300.96,5.33335381,1.33333845
19.165,300.6,5.33175125,1.33293781
19.166,300.24,5.33014869,1.33253717
19.167,299.88,5.32854612,1.33213653
19.168,299.52,5.32694356,1.33173589
19.169,299.16,5.32534099,1.33133525
19.17,298.8,5.32373843,1.33093461
19.171,298.44,5.32213586,1.33053397
19.172,298.08,5.3205333,1.33013333
19.173,297.72,5.31893074,1.32973268
19.174,297.36,5.31732817,1.32933204
19.175,297,5.31572561,1.3289314
19.176,296.64,5.31412304,1.32853076
19.177,296.28,5.31252048,1.32813012
19.178,295.92,5.31091792,1.32772948
19.179,295.56,5.30931535,1.32732884
19.18,295.2,5.30771279,1.3269282
19.181,294.84,5.30611022,1.32652756
19.182,294.48,5.30450766,1.32612691
19.183,294.12,5.3029051,1.32572627
19.184,293.76,5.30130253,1.32532563
19.185,293.4,5.29969997,1.32492499
19.186,293.04,5.2980974,1.32452435
19.187,292.68,5.29649484,1.32412371
19.188,292.32,5.29489227,1.32372307
19.189,291.96,5.29328971,1.32332243
19.19,291.6,5.29168715,1.32292179
19.191,291.24,5.29008458,1.32252115
19.192,290.88,5.28848202,1.3221205
19.193,290.52,5.28687945,1.32171986
19.194,290.16,5.28527689,1.32131922
19.195,289.8,5.28367433,1.32091858
19.196,289.44,5.28207176,1.32051794
19.197,289.08,5.2804692,1.3201173
19.198,288.72,5.27886663,1.31971666
19.199,288.36,5.27726407,1.31931602
19.2,288,5.27566151,1.31891538
19.201,287.64,5.27405894,1.31851474
19.202,287.28,5.27245638,1.31811409
19.203,286.92,5.27085381,1.31771345
19.204,286.56,5.26925125,1.31731281
19.205,286.2,5.26764869,1.31691217
19.206,285.84,5.26604612,1.31651153
19.207,285.48,5.26444356,1.31611089
19.208,285.12,5.26284099,1.31571025
19.209,284.76,5.26123843,1.31530961
19.21,284.4,5.25963586,1.31490897
19.211,284.04,5.2580333,1.31450833
19.212,283.68,5.25643074,1.31410768
19.213,283.32,5.25482817,1.31370704
19.214,282.96,5.25322561,1.3133064
19.215,282.6,5.25162304,1.31290576
19.216,282.24,5.25002048,1.31250512
19.217,281.88,5.24841792,1.31210448
19.218,281.52,5.24681535,1.31170384
19.219,281.16,5.24521279,1.3113032
19.22,280.8,5.24361022,1.31090256
19.221,280.44,5.24200766,1.31050191
19.222,280.08,5.2404051,1.31010127
19.223,279.72,5.23880253,1.30970063
19.224,279.36,5.23719997,1.30929999
19.225,279,5.2355974,1.30889935
19.226,278.64,5.23399484,1.30849871
19.227,278.28,5.23239227,1.30809807
19.228,277.92,5.23078971,1.30769743
19.229,277.56,5.22918715,1.30729679
19.23,277.2,5.22758458,1.30689615
19.231,276.84,5.22598202,1.3064955
19.232,276.48,5.22437945,1.30609486
19.233,276.12,5.22277689,1.30569422
19.234,275.76,5.22117433,1.30529358
19.235,275.4,5.21957176,1.30489294
19.236,275.04,5.2179692,1.3044923
19.237,274.68,5.21636663,1.30409166
19.238,274.32,5.21476407,1.30369102
19.239,273.96,5.21316151,1.30329038
19.24,273.6,5.21155894,1.30288974
19.241,273.24,5.20995638,1.30248909
19.242,272.88,5.20835381,1.30208845
19.243,272.52,5.20675125,1.30168781
19.244,272.16,5.20514869,1.30128717
19.245,271.8,5.20354612,1.30088653
19.246,271.44,5.20194356,1.30048589
19.247,271.08,5.20034099,1.30008525
19.248,270.72,5.19873843,1.29968461
19.249,270.36,5.19713586,1.29928397
19.25,270,5.1955333,1.29888333
19.251,269.64,5.19393074,1.29848268
19.252,269.28,5.19232817,1.29808204
19.253,268.92,5.19072561,1.2976814
19.254,268.56,5.18912304,1.29728076
19.255,268.2,5.18752048,1.29688012
19.256,267.84,5.18591792,1.29647948
19.257,267.48,5.18431535,1.29607884
19.258,267.12,5.18271279,1.2956782
19.259,266.76,5.18111022,1.29527756
19.26,266.4,5.17950766,1.29487691
19.261,266.04,5.1779051,1.29447627
19.262,265.68,5.17630253,1.29407563
19.263,265.32,5.17469997,1.29367499
19.264,264.96,5.1730974,1.29327435
19.265,264.6,5.17149484,1.29287371
19.266,264.24,5.16989227,1.29247307
19.267,263.88,5.16828971,1.29207243
19.268,263.52,5.16668715,1.29167179
19.269,263.16,5.16508458,1.29127115
19.27,262.8,5.16348202,1.2908705
19.271,262.44,5.16187945,1.29046986
19.272,262.08,5.16027689,1.29006922
19.273,261.72,5.15867433,1.28966858
19.274,261.36,5.15707176,1.28926794
19.275,261,5.1554692,1.2888673
19.276,260.64,5.15386663,1.28846666
19.277,260.28,5.15226407,1.28806602
19.278,259.92,5.15066151,1.28766538
19.279,259.56,5.14905894,1.28726474
19.28,259.2,5.14745638,1.28686409
19.281,258.84,5.14585381,1.28646345
19.282,258.48,5.14425125,1.28606281
19.283,258.12,5.14264869,1.28566217
19.284,257.76,5.14104612,1.28526153
19.285,257.4,5.13944356,1.28486089
19.286,257.04,5.13784099,1.28446025
19.287,256.68,5.13623843,1.28405961
19.288,256.32,5.13463586,1.28365897
19.289,255.96,5.1330333,1.28325833
19.29,255.6,5.13143074,1.28285768
19.291,255.24,5.12982817,1.28245704
19.292,254.88,5.12822561,1.2820564
19.293,254.52,5.12662304,1.28165576
19.294,254.16,5.12502048,1.28125512
19.295,253.8,5.12341792,1.28085448
19.296,253.44,5.12181535,1.28045384
19.297,253.08,5.12021279,1.2800532
19.298,252.72,5.11861022,1.27965256
19.299,252.36,5.11700766,1.27925191
19.3,252,5.1154051,1.27885127
19.301,251.64,5.11380253,1.27845063
19.302,251.28,5.11219997,1.27804999
19.303,250.92,5.1105974,1.27764935
19.304,250.56,5.10899484,1.27724871
19.305,250.2,5.10739227,1.27684807
19.306,249.84,5.10578971,1.27644743
19.307,249.48,5.10418715,1.27604679
19.308,249.12,5.10258458,1.27564615
19.309,248.76,5.10098202,1.2752455
19.31,248.4,5.09937945,1.27484486
19.311,248.04,5.09777689,1.27444422
19.312,247.68,5.09617433,1.27404358
19.313,247.32,5.09457176,1.27364294
19.314,246.96,5.0929692,1.2732423
19.315,246.6,5.09136663,1.27284166
19.316,246.24,5.08976407,1.27244102
19.317,245.88,5.08816151,1.27204038
19.318,245.52,5.08655894,1.27163974
19.319,245.16,5.08495638,1.27123909
19.32,244.8,5.08335381,1.27083845
19.321,244.44,5.08175125,1.27043781
19.322,244.08,5.08014869,1.27003717
19.323,243.72,5.07854612,1.26963653
19.324,243.36,5.07694356,1.26923589
19.325,243,5.07534099,1.26883525
19.326,242.64,5.07373843,1.26843461
19.327,242.28,5.07213586,1.26803397
19.328,241.92,5.0705333,1.26763333
19.329,241.56,5.06893074,1.26723268
19.33,241.2,5.06732817,1.26683204
19.331,240.84,5.06572561,1.2664314
19.332,240.48,5.06412304,1.26603076
19.333,240.12,5.06252048,1.26563012
19.334,239.76,5.06091792,1.26522948
19.335,239.4,5.05931535,1.26482884
19.336,239.04,5.05771279,1.2644282
19.337,238.68,5.05611022,1.26402756
19.338,238.32,5.05450766,1.26362691
19.339,237.96,5.0529051,1.26322627
19.34,237.6,5.05130253,1.26282563
19.341,237.24,5.04969997,1.26242499
19.342,236.88,5.0480974,1.26202435
19.343,236.52,5.04649484,1.26162371
19.344,236.16,5.04489227,1.26122307
19.345,235.8,5.04328971,1.26082243
19.346,235.44,5.04168715,1.26042179
19.347,235.08,5.04008458,1.26002115
19.348,234.72,5.03848202,1.2596205
19.349,234.36,5.03687945,1.25921986
19.35,234,5.03527689,1.25881922
19.351,233.64,5.03367433,1.25841858
19.352,233.28,5.03207176,1.25801794
19.353,232.92,5.0304692,1.2576173
19.354,232.56,5.02886663,1.25721666
19.355,232.2,5.02726407,1.25681602
19.356,231.84,5.02566151,1.25641538
19.357,231.48,5.02405894,1.25601474
19.358,231.12,5.02245638,1.25561409
19.359,230.76,5.02085381,1.25521345
19.36,230.4,5.01925125,1.25481281
19.361,230.04,5.01764869,1.25441217
19.362,229.68,5.01604612,1.25401153
19.363,229.32,5.01444356,1.25361089
19.364,228.96,5.01284099,1.25321025
19.365,228.6,5.01123843,1.25280961
19.366,228.24,5.00963586,1.25240897
19.367,227.88,5.0080333,1.25200833
19.368,227.52,5.00643074,1.25160768
19.369,227.16,5.00482817,1.25120704
19.37,226.8,5.00322561,1.2508064
19.371,226.44,5.00162304,1.25040576
19.372,226.08,5.00002048,1.25000512
19.373,225.72,4.99841792,1.24960448
19.374,225.36,4.99681535,1.24920384
19.375,225,4.99521279,1.2488032
19.376,224.64,4.99361022,1.24840256
19.377,224.28,4.99200766,1.24800191
19.378,223.92,4.9904051,1.24760127
19.379,223.56,4.98880253,1.24720063
19.38,223.2,4.98719997,1.24679999
19.381,222.84,4.9855974,1.24639935
19.382,222.48,4.98399484,1.24599871
19.383,222.12,4.98239227,1.24559807
19.384,221.76,4.98078971,1.24519743
19.385,221.4,4.97918715,1.24479679
19.386,221.04,4.97758458,1.24439615
19.387,220.68,4.97598202,1.2439955
19.388,220.32,4.97437945,1.24359486
19.389,219.96,4.97277689,1.24319422
19.39,219.6,4.97117433,1.24279358
19.391,219.24,4.96957176,1.24239294
19.392,218.88,4.9679692,1.2419923
19.393,218.52,4.96636663,1.24159166
19.394,218.16,4.96476407,1.24119102
19.395,217.8,4.96316151,1.24079038
19.396,217.44,4.96155894,1.24038974
19.397,217.08,4.95995638,1.23998909
19.398,216.72,4.95835381,1.23958845
19.399,216.36,4.95675125,1.23918781
19.4,216,4.95514869,1.23878717
19.401,215.64,4.95354612,1.23838653
19.402,215.28,4.95194356,1.23798589
19.403,214.92,4.95034099,1.23758525
19.404,214.56,4.94873843,1.23718461
19.405,214.2,4.94713586,1.23678397
19.406,213.84,4.9455333,1.23638333
19.407,213.48,4.94393074,1.23598268
19.408,213.12,4.94232817,1.23558204
19.409,212.76,4.94072561,1.2351814
19.41,212.4,4.93912304,1.23478076
19.411,212.04,4.93752048,1.23438012
19.412,211.68,4.93591792,1.23397948
19.413,211.32,4.93431535,1.23357884
19.414,210.96,4.93271279,1.2331782
19.415,210.6,4.93111022,1.23277756
19.416,210.24,4.92950766,1.23237691
19.417,209.88,4.9279051,1.23197627
19.418,209.52,4.92630253,1.23157563
19.419,209.16,4.92469997,1.23117499
19.42,208.8,4.9230974,1.23077435
19.421,208.44,4.92149484,1.23037371
19.422,208.08,4.91989227,1.22997307
19.423,207.72,4.91828971,1.22957243
19.424,207.36,4.91668715,1.22917179
19.425,207,4.91508458,1.22877115
19.426,206.64,4.91348202,1.2283705
19.427,206.28,4.91187945,1.22796986
19.428,205.92,4.91027689,1.22756922
19.429,205.56,4.90867433,1.22716858
19.43,205.2,4.90707176,1.22676794
19.431,204.84,4.9054692,1.2263673
19.432,204.48,4.90386663,1.22596666
19.433,204.12,4.90226407,1.22556602
19.434,203.76,4.90066151,1.22516538
19.435,203.4,4.89905894,1.22476474
19.436,203.04,4.89745638,1.22436409
19.437,202.68,4.89585381,1.22396345
19.438,202.32,4.89425125,1.22356281
19.439,201.96,4.89264869,1.22316217
19.44,201.6,4.89104612,1.22276153
19.441,201.24,4.88944356,1.22236089
19.442,200.88,4.88784099,1.22196025
19.443,200.52,4.88623843,1.22155961
19.444,200.16,4.88463586,1.22115897
19.445,199.8,4.8830333,1.22075833
19.446,199.44,4.88143074,1.22035768
19.447,199.08,4.87982817,1.21995704
19.448,198.72,4.87822561,1.2195564
19.449,198.36,4.87662304,1.21915576
19.45,198,4.87502048,1.21875512
19.451,197.64,4.87341792,1.21835448
19.452,197.28,4.87181535,1.21795384
19.453,196.92,4.87021279,1.2175532
19.454,196.56,4.86861022,1.21715256
19.455,196.2,4.86700766,1.21675191
19.456,195.84,4.8654051,1.21635127
19.457,195.48,4.86380253,1.21595063
19.458,195.12,4.86219997,1.21554999
19.459,194.76,4.8605974,1.21514935
19.46,194.4,4.85899484,1.21474871
19.461,194.04,4.85739227,1.21434807
19.462,193.68,4.85578971,1.21394743
19.463,193.32,4.85418715,1.21354679
19.464,192.96,4.85258458,1.21314615
19.465,192.6,4.85098202,1.2127455
19.466,192.24,4.84937945,1.21234486
19.467,191.88,4.84777689,1.21194422
19.468,191.52,4.84617433,1.21154358
19.469,191.16,4.84457176,1.21114294
19.47,190.8,4.8429692,1.2107423
19.471,190.44,4.84136663,1.21034166
19.472,190.08,4.83976407,1.20994102
19.473,189.72,4.83816151,1.20954038
19.474,189.36,4.83655894,1.20913974
19.475,189,4.83495638,1.20873909
19.476,188.64,4.83335381,1.20833845
19.477,188.28,4.83175125,1.20793781
19.478,187.92,4.83014869,1.20753717
19.479,187.56,4.82854612,1.20713653
19.48,187.2,4.82694356,1.20673589
19.481,186.84,4.82534099,1.20633525
19.482,186.48,4.82373843,1.20593461
19.483,186.12,4.82213586,1.20553397
19.484,185.76,4.8205333,1.20513333
19.485,185.4,4.81893074,1.20473268
19.486,185.04,4.81732817,1.20433204
19.487,184.68,4.81572561,1.2039314
19.488,184.32,4.81412304,1.20353076
19.489,183.96,4.81252048,1.20313012
19.49,183.6,4.81091792,1.20272948
19.491,183.24,4.80931535,1.20232884
19.492,182.88,4.80771279,1.2019282
19.493,182.52,4.80611022,1.20152756
19.494,182.16,4.80450766,1.20112691
19.495,181.8,4.8029051,1.20072627
19.496,181.44,4.80130253,1.20032563
19.497,181.08,4.79969997,1.19992499
19.498,180.72,4.7980974,1.19952435
19.499,180.36,4.79649484,1.19912371
19.5,180,4.79489227,1.19872307
19.501,179.64,4.79328971,1.19832243
19.502,179.28,4.79168715,1.19792179
19.503,178.92,4.79008458,1.19752115
19.504,178.56,4.78848202,1.1971205
19.505,178.2,4.78687945,1.19671986
19.506,177.84,4.78527689,1.19631922
19.507,177.48,4.78367433,1.19591858
19.508,177.12,4.78207176,1.19551794
19.509,176.76,4.7804692,1.1951173
19.51,176.4,4.77886663,1.19471666
19.511,176.04,4.77726407,1.19431602
19.512,175.68,4.77566151,1.19391538
19.513,175.32,4.77405894,1.19351474
19.514,174.96,4.77245638,1.19311409
19.515,174.6,4.77085381,1.19271345
19.516,174.24,4.76925125,1.19231281
19.517,173.88,4.76764869,1.19191217
19.518,173.52,4.76604612,1.19151153
19.519,173.16,4.76444356,1.19111089
19.52,172.8,4.76284099,1.19071025
19.521,172.44,4.76123843,1.19030961
19.522,172.08,4.75963586,1.18990897
19.523,171.72,4.7580333,1.18950833
19.524,171.36,4.75643074,1.18910768
19.525,171,4.75482817,1.18870704
19.526,170.64,4.75322561,1.1883064
19.527,170.28,4.75162304,1.18790576
19.528,169.92,4.75002048,1.18750512
19.529,169.56,4.74841792,1.18710448
19.53,169.2,4.74681535,1.18670384
19.531,168.84,4.74521279,1.1863032
19.532,168.48,4.74361022,1.18590256
19.533,168.12,4.74200766,1.18550191
19.534,167.76,4.7404051,1.18510127
19.535,167.4,4.73880253,1.18470063
19.536,167.04,4.73719997,1.18429999
19.537,166.68,4.7355974,1.18389935
19.538,166.32,4.73399484,1.18349871
19.539,165.96,4.73239227,1.18309807
19.54,165.6,4.73078971,1.18269743
19.541,165.24,4.72918715,1.18229679
19.542,164.88,4.72758458,1.18189615
19.543,164.52,4.72598202,1.1814955
19.544,164.16,4.72437945,1.18109486
19.545,163.8,4.72277689,1.18069422
19.546,163.44,4.72117433,1.18029358
19.547,163.08,4.71957176,1.17989294
19.548,162.72,4.7179692,1.1794923
19.549,162.36,4.71636663,1.17909166
19.55,162,4.71476407,1.17869102
19.551,161.64,4.71316151,1.17829038
19.552,161.28,4.71155894,1.17788974
19.553,160.92,4.70995638,1.17748909
19.554,160.56,4.70835381,1.17708845
19.555,160.2,4.70675125,1.17668781
19.556,159.84,4.70514869,1.17628717
19.557,159.48,4.70354612,1.17588653
19.558,159.12,4.70194356,1.17548589
19.559,158.76,4.70034099,1.17508525
19.56,158.4,4.69873843,1.17468461
19.561,158.04,4.69713586,1.17428397
19.562,157.68,4.6955333,1.17388333
19.563,157.32,4.69393074,1.17348268
19.564,156.96,4.69232817,1.17308204
19.565,156.6,4.69072561,1.1726814
19.566,156.24,4.68912304,1.17228076
19.567,155.88,4.68752048,1.17188012
19.568,155.52,4.68591792,1.17147948
19.569,155.16,4.68431535,1.17107884
19.57,154.8,4.68271279,1.1706782
19.571,154.44,4.68111022,1.17027756
19.572,154.08,4.67950766,1.16987691
19.573,153.72,4.6779051,1.16947627
19.574,153.36,4.67630253,1.16907563
19.575,153,4.67469997,1.16867499
19.576,152.64,4.6730974,1.16827435
19.577,152.28,4.67149484,1.16787371
19.578,151.92,4.66989227,1.16747307
19.579,151.56,4.66828971,1.16707243
19.58,151.2,4.66668715,1.16667179
19.581,150.84,4.66508458,1.16627115
19.582,150.48,4.66348202,1.1658705
19.583,150.12,4.66187945,1.16546986
19.584,149.76,4.66027689,1.16506922
19.585,149.4,4.65867433,1.16466858
19.586,149.04,4.65707176,1.16426794
19.587,148.68,4.6554692,1.1638673
19.588,148.32,4.65386663,1.16346666
19.589,147.96,4.65226407,1.16306602
19.59,147.6,4.65066151,1.16266538
19.591,147.24,4.64905894,1.16226474
19.592,146.88,4.64745638,1.16186409
19.593,146.52,4.64585381,1.16146345
19.594,146.16,4.64425125,1.16106281
19.595,145.8,4.64264869,1.16066217
19.596,145.44,4.64104612,1.16026153
19.597,145.08,4.63944356,1.15986089
19.598,144.72,4.63784099,1.15946025
19.599,144.36,4.63623843,1.15905961
19.6,144,4.63463586,1.15865897
19.601,143.64,4.6330333,1.15825833
19.602,143.28,4.63143074,1.15785768
19.603,142.92,4.62982817,1.15745704
19.604,142.56,4.62822561,1.1570564
19.605,142.2,4.62662304,1.15665576
19.606,141.84,4.62502048,1.15625512
19.607,141.48,4.62341792,1.15585448
19.608,141.12,4.62181535,1.15545384
19.609,140.76,4.62021279,1.1550532
19.61,140.4,4.61861022,1.15465256
19.611,140.04,4.61700766,1.15425191
19.612,139.68,4.6154051,1.15385127
19.613,139.32,4.61380253,1.15345063
19.614,138.96,4.61219997,1.15304999
19.615,138.6,4.6105974,1.15264935
19.616,138.24,4.60899484,1.15224871
19.617,137.88,4.60739227,1.15184807
19.618,137.52,4.60578971,1.15144743
19.619,137.16,4.60418715,1.15104679
19.62,136.8,4.60258458,1.15064615
19.621,136.44,4.60098202,1.1502455
19.622,136.08,4.59937945,1.14984486
19.623,135.72,4.59777689,1.14944422
19.624,135.36,4.59617433,1.14904358
19.625,135,4.59457176,1.14864294
19.626,134.64,4.5929692,1.1482423
19.627,134.28,4.59136663,1.14784166
19.628,133.92,4.58976407,1.14744102
19.629,133.56,4.58816151,1.14704038
19.63,133.2,4.58655894,1.14663974
19.631,132.84,4.58495638,1.14623909
19.632,132.48,4.58335381,1.14583845
19.633,132.12,4.58175125,1.14543781
19.634,131.76,4.58014869,1.14503717
19.635,131.4,4.57854612,1.14463653
19.636,131.04,4.57694356,1.14423589
19.637,130.68,4.57534099,1.14383525
19.638,130.32,4.57373843,1.14343461
19.639,129.96,4.57213586,1.14303397
19.64,129.6,4.5705333,1.14263333
19.641,129.24,4.56893074,1.14223268
19.642,128.88,4.56732817,1.14183204
19.643,128.52,4.56572561,1.1414314
19.644,128.16,4.56412304,1.14103076
19.645,127.8,4.56252048,1.14063012
19.646,127.44,4.56091792,1.14022948
19.647,127.08,4.55931535,1.13982884
19.648,126.72,4.55771279,1.1394282
19.649,126.36,4.55611022,1.13902756
19.65,126,4.55450766,1.13862691
19.651,125.64,4.5529051,1.13822627
19.652,125.28,4.55130253,1.13782563
19.653,124.92,4.54969997,1.13742499
19.654,124.56,4.5480974,1.13702435
19.655,124.2,4.54649484,1.13662371
19.656,123.84,4.54489227,1.13622307
19.657,123.48,4.54328971,1.13582243
19.658,123.12,4.54168715,1.13542179
19.659,122.76,4.54008458,1.13502115
19.66,122.4,4.53848202,1.1346205
19.661,122.04,4.53687945,1.13421986
19.662,121.68,4.53527689,1.13381922
19.663,121.32,4.53367433,1.13341858
19.664,120.96,4.53207176,1.13301794
19.665,120.6,4.5304692,1.1326173
19.666,120.24,4.52886663,1.13221666
19.667,119.88,4.52726407,1.13181602
19.668,119.52,4.52566151,1.13141538
19.669,119.16,4.52405894,1.13101474
19.67,118.8,4.52245638,1.13061409
19.671,118.44,4.52085381,1.13021345
19.672,118.08,4.51925125,1.12981281
19.673,117.72,4.51764869,1.12941217
19.674,117.36,4.51604612,1.12901153
19.675,117,4.51444356,1.12861089
19.676,116.64,4.51284099,1.12821025
19.677,116.28,4.51123843,1.12780961
19.678,115.92,4.50963586,1.12740897
19.679,115.56,4.5080333,1.12700833
19.68,115.2,4.50643074,1.12660768
19.681,114.84,4.50482817,1.12620704
19.682,114.48,4.50322561,1.1258064
19.683,114.12,4.50162304,1.12540576
19.684,113.76,4.50002048,1.12500512
19.685,113.4,4.49841792,1.12460448
19.686,113.04,4.49681535,1.12420384
19.687,112.68,4.49521279,1.1238032
19.688,112.32,4.49361022,1.12340256
19.689,111.96,4.49200766,1.12300191
19.69,111.6,4.4904051,1.12260127
19.691,111.24,4.48880253,1.12220063
19.692,110.88,4.48719997,1.12179999
19.693,110.52,4.4855974,1.12139935
19.694,110.16,4.48399484,1.12099871
19.695,109.8,4.48239227,1.12059807
19.696,109.44,4.48078971,1.12019743
19.697,109.08,4.47918715,1.11979679
19.698,108.72,4.47758458,1.11939615
19.699,108.36,4.47598202,1.1189955
19.7,108,4.47437945,1.11859486
19.701,107.64,4.47277689,1.11819422
19.702,107.28,4.47117433,1.11779358
19.703,106.92,4.46957176,1.11739294
19.704,106.56,4.4679692,1.1169923
19.705,106.2,4.46636663,1.11659166
19.706,105.84,4.46476407,1.11619102
19.707,105.48,4.46316151,1.11579038
19.708,105.12,4.46155894,1.11538974
19.709,104.76,4.45995638,1.11498909
19.71,104.4,4.45835381,1.11458845
19.711,104.04,4.45675125,1.11418781
19.712,103.68,4.45514869,1.11378717
19.713,103.32,4.45354612,1.11338653
19.714,102.96,4.45194356,1.11298589
19.715,102.6,4.45034099,1.11258525
19.716,102.24,4.44873843,1.11218461
19.717,101.88,4.44713586,1.11178397
19.718,101.52,4.4455333,1.11138333
19.719,101.16,4.44393074,1.11098268
19.72,100.8,4.44232817,1.11058204
19.721,100.44,4.44072561,1.1101814
19.722,100.08,4.43912304,1.10978076
19.723,99.72,4.43752048,1.10938012
19.724,99.36,4.43591792,1.10897948
19.725,99,4.43431535,1.10857884
19.726,98.64,4.43271279,1.1081782
19.727,98.28,4.43111022,1.10777756
19.728,97.92,4.42950766,1.10737691
19.729,97.56,4.4279051,1.10697627
19.73,97.2,4.42630253,1.10657563
19.731,96.84,4.42469997,1.10617499
19.732,96.48,4.4230974,1.10577435
19.733,96.12,4.42149484,1.10537371
19.734,95.76,4.41989227,1.10497307
19.735,95.4,4.41828971,1.10457243
19.736,95.04,4.41668715,1.10417179
19.737,94.68,4.41508458,1.10377115
19.738,94.32,4.41348202,1.1033705
19.739,93.96,4.41187945,1.10296986
19.74,93.6,4.41027689,1.10256922
19.741,93.24,4.40867433,1.10216858
19.742,92.88,4.40707176,1.10176794
19.743,92.52,4.4054692,1.1013673
19.744,92.16,4.40386663,1.10096666
19.745,91.8,4.40226407,1.10056602
19.746,91.44,4.40066151,1.10016538
19.747,91.08,4.39905894,1.09976474
19.748,90.72,4.39745638,1.09936409
19.749,90.36,4.39585381,1.09896345
19.75,90,4.39425125,1.09856281
19.751,89.64,4.39264869,1.09816217
19.752,89.28,4.39104612,1.09776153
19.753,88.92,4.38944356,1.09736089
19.754,88.56,4.38784099,1.09696025
19.755,88.2,4.38623843,1.09655961
19.756,87.84,4.38463586,1.09615897
19.757,87.48,4.3830333,1.09575833
19.758,87.12,4.38143074,1.09535768
19.759,86.76,4.37982817,1.09495704
19.76,86.4,4.37822561,1.0945564
19.761,86.04,4.37662304,1.09415576
19.762,85.68,4.37502048,1.09375512
19.763,85.32,4.37341792,1.09335448
19.764,84.96,4.37181535,1.09295384
19.765,84.6,4.37021279,1.0925532
19.766,84.24,4.36861022,1.09215256
19.767,83.88,4.36700766,1.09175191
19.768,83.52,4.3654051,1.09135127
19.769,83.16,4.36380253,1.09095063
19.77,82.8,4.36219997,1.09054999
19.771,82.44,4.3605974,1.09014935
19.772,82.08,4.35899484,1.08974871
19.773,81.72,4.35739227,1.08934807
19.774,81.36,4.35578971,1.08894743
19.775,81,4.35418715,1.08854679
19.776,80.64,4.35258458,1.08814615
19.777,80.28,4.35098202,1.0877455
19.778,79.92,4.34937945,1.08734486
19.779,79.56,4.34777689,1.08694422
19.78,79.2,4.34617433,1.08654358
19.781,78.84,4.34457176,1.08614294
19.782,78.48,4.3429692,1.0857423
19.783,78.12,4.34136663,1.08534166
19.784,77.76,4.33976407,1.08494102
19.785,77.4,4.33816151,1.08454038
19.786,77.04,4.33655894,1.08413974
19.787,76.68,4.33495638,1.08373909
19.788,76.32,4.33335381,1.08333845
19.789,75.96,4.33175125,1.08293781
19.79,75.6,4.33014869,1.08253717
19.791,75.24,4.32854612,1.08213653
19.792,74.88,4.32694356,1.08173589
19.793,74.52,4.32534099,1.08133525
19.794,74.16,4.32373843,1.08093461
19.795,73.8,4.32213586,1.08053397
19.796,73.44,4.3205333,1.08013333
19.797,73.08,4.31893074,1.07973268
19.798,72.72,4.31732817,1.07933204
19.799,72.36,4.31572561,1.0789314
19.8,72,4.31412304,1.07853076
19.801,71.64,4.31252048,1.07813012
19.802,71.28,4.31091792,1.07772948
19.803,70.92,4.30931535,1.07732884
19.804,70.56,4.30771279,1.0769282
19.805,70.2,4.30611022,1.07652756
19.806,69.84,4.30450766,1.07612691
19.807,69.48,4.3029051,1.07572627
19.808,69.12,4.30130253,1.07532563
19.809,68.76,4.29969997,1.07492499
19.81,68.4,4.2980974,1.07452435
19.811,68.04,4.29649484,1.07412371
19.812,67.68,4.29489227,1.07372307
19.813,67.32,4.29328971,1.07332243
19.814,66.96,4.29168715,1.07292179
19.815,66.6,4.29008458,1.07252115
19.816,66.24,4.28848202,1.0721205
19.817,65.88,4.28687945,1.07171986
19.818,65.52,4.28527689,1.07131922
19.819,65.16,4.28367433,1.07091858
19.82,64.8,4.28207176,1.07051794
19.821,64.44,4.2804692,1.0701173
19.822,64.08,4.27886663,1.06971666
19.823,63.72,4.27726407,1.06931602
19.824,63.36,4.27566151,1.06891538
19.825,63,4.27405894,1.06851474
19.826,62.64,4.27245638,1.06811409
19.827,62.28,4.27085381,1.06771345
19.828,61.92,4.26925125,1.06731281
19.829,61.56,4.26764869,1.06691217
19.83,61.2,4.26604612,1.06651153
19.831,60.84,4.26444356,1.06611089
19.832,60.48,4.26284099,1.06571025
19.833,60.12,4.26123843,1.06530961
19.834,59.76,4.25963586,1.06490897
19.835,59.4,4.2580333,1.06450833
19.836,59.04,4.25643074,1.06410768
19.837,58.68,4.25482817,1.06370704
19.838,58.32,4.25322561,1.0633064
19.839,57.96,4.25162304,1.06290576
19.84,57.6,4.25002048,1.06250512
19.841,57.24,4.24841792,1.06210448
19.842,56.88,4.24681535,1.06170384
19.843,56.52,4.24521279,1.0613032
19.844,56.16,4.24361022,1.06090256
19.845,55.8,4.24200766,1.06050191
19.846,55.44,4.2404051,1.06010127
19.847,55.08,4.23880253,1.05970063
19.848,54.72,4.23719997,1.05929999
19.849,54.36,4.2355974,1.05889935
19.85,54,4.23399484,1.05849871
19.851,53.64,4.23239227,1.05809807
19.852,53.28,4.23078971,1.05769743
19.853,52.92,4.22918715,1.05729679
19.854,52.56,4.22758458,1.05689615
19.855,52.2,4.22598202,1.0564955
19.856,51.84,4.22437945,1.05609486
19.857,51.48,4.22277689,1.05569422
19.858,51.12,4.22117433,1.05529358
19.859,50.76,4.21957176,1.05489294
19.86,50.4,4.2179692,1.0544923
19.861,50.04,4.21636663,1.05409166
19.862,49.68,4.21476407,1.05369102
19.863,49.32,4.21316151,1.05329038
19.864,48.96,4.21155894,1.05288974
19.865,48.6,4.20995638,1.05248909
19.866,48.24,4.20835381,1.05208845
19.867,47.88,4.20675125,1.05168781
19.868,47.52,4.20514869,1.05128717
19.869,47.16,4.20354612,1.05088653
19.87,46.8,4.20194356,1.05048589
19.871,46.44,4.20034099,1.05008525
19.872,46.08,4.19873843,1.04968461
19.873,45.72,4.19713586,1.04928397
19.874,45.36,4.1955333,1.04888333
19.875,45,4.19393074,1.04848268
19.876,44.64,4.19232817,1.04808204
19.877,44.28,4.19072561,1.0476814
19.878,43.92,4.18912304,1.04728076
19.879,43.56,4.18752048,1.04688012
19.88,43.2,4.18591792,1.04647948
19.881,42.84,4.18431535,1.04607884
19.882,42.48,4.18271279,1.0456782
19.883,42.12,4.18111022,1.04527756
19.884,41.76,4.17950766,1.04487691
19.885,41.4,4.1779051,1.04447627
19.886,41.04,4.17630253,1.04407563
19.887,40.68,4.17469997,1.04367499
19.888,40.32,4.1730974,1.04327435
19.889,39.96,4.17149484,1.04287371
19.89,39.6,4.16989227,1.04247307
19.891,39.24,4.16828971,1.04207243
19.892,38.88,4.16668715,1.04167179
19.893,38.52,4.16508458,1.04127115
19.894,38.16,4.16348202,1.0408705
19.895,37.8,4.16187945,1.04046986
19.896,37.44,4.16027689,1.04006922
19.897,37.08,4.15867433,1.03966858
19.898,36.72,4.15707176,1.03926794
19.899,36.36,4.1554692,1.0388673
19.9,36,4.15386663,1.03846666
19.901,35.64,4.15226407,1.03806602
19.902,35.28,4.15066151,1.03766538
19.903,34.92,4.14905894,1.03726474
19.904,34.56,4.14745638,1.03686409
19.905,34.2,4.14585381,1.03646345
19.906,33.84,4.14425125,1.03606281
19.907,33.48,4.14264869,1.03566217
19.908,33.12,4.14104612,1.03526153
19.909,32.76,4.13944356,1.03486089
19.91,32.4,4.13784099,1.03446025
19.911,32.04,4.13623843,1.03405961
19.912,31.68,4.13463586,1.03365897
19.913,31.32,4.1330333,1.03325833
19.914,30.96,4.13143074,1.03285768
19.915,30.6,4.12982817,1.03245704
19.916,30.24,4.12822561,1.0320564
19.917,29.88,4.12662304,1.03165576
19.918,29.52,4.12502048,1.03125512
19.919,29.16,4.12341792,1.03085448
19.92,28.8,4.12181535,1.03045384
19.921,28.44,4.12021279,1.0300532
19.922,28.08,4.11861022,1.02965256
19.923,27.72,4.11700766,1.02925191
19.924,27.36,4.1154051,1.02885127
19.925,27,4.11380253,1.02845063
19.926,26.64,4.11219997,1.02804999
19.927,26.28,4.1105974,1.02764935
19.928,25.92,4.10899484,1.02724871
19.929,25.56,4.10739227,1.02684807
19.93,25.2,4.10578971,1.02644743
19.931,24.84,4.10418715,1.02604679
19.932,24.48,4.10258458,1.02564615
19.933,24.12,4.10098202,1.0252455
19.934,23.76,4.09937945,1.02484486
19.935,23.4,4.09777689,1.02444422
19.936,23.04,4.09617433,1.02404358
19.937,22.68,4.09457176,1.02364294
19.938,22.32,4.0929692,1.0232423
19.939,21.96,4.09136663,1.02284166
19.94,21.6,4.08976407,1.02244102
19.941,21.24,4.08816151,1.02204038
19.942,20.88,4.08655894,1.02163974
19.943,20.52,4.08495638,1.02123909
19.944,20.16,4.08335381,1.02083845
19.945,19.8,4.08175125,1.02043781
19.946,19.44,4.08014869,1.02003717
19.947,19.08,4.07854612,1.01963653
19.948,18.72,4.07694356,1.01923589
19.949,18.36,4.07534099,1.01883525
19.95,18,4.07373843,1.01843461
19.951,17.64,4.07213586,1.01803397
19.952,17.28,4.0705333,1.01763333
19.953,16.92,4.06893074,1.01723268
19.954,16.56,4.06732817,1.01683204
19.955,16.2,4.06572561,1.0164314
19.956,15.84,4.06412304,1.01603076
19.957,15.48,4.06252048,1.01563012
19.958,15.12,4.06091792,1.01522948
19.959,14.76,4.05931535,1.01482884
19.96,14.4,4.05771279,1.0144282
19.961,14.04,4.05611022,1.01402756
19.962,13.68,4.05450766,1.01362691
19.963,13.32,4.0529051,1.01322627
19.964,12.96,4.05130253,1.01282563
19.965,12.6,4.04969997,1.01242499
19.966,12.24,4.0480974,1.01202435
19.967,11.88,4.04649484,1.01162371
19.968,11.52,4.04489227,1.01122307
19.969,11.16,4.04328971,1.01082243
19.97,10.8,4.04168715,1.01042179
19.971,10.44,4.04008458,1.01002115
19.972,10.08,4.03848202,1.0096205
19.973,9.72,4.03687945,1.00921986
19.974,9.36,4.03527689,1.00881922
19.975,9,4.03367433,1.00841858
19.976,8.64,4.03207176,1.00801794
19.977,8.28,4.0304692,1.0076173
19.978,7.92,4.02886663,1.00721666
19.979,7.56,4.02726407,1.00681602
19.98,7.2,4.02566151,1.00641538
19.981,6.84,4.02405894,1.00601474
19.982,6.48,4.02245638,1.00561409
19.983,6.12,4.02085381,1.00521345
19.984,5.76,4.01925125,1.00481281
19.985,5.4,4.01764869,1.00441217
19.986,5.04,4.01604612,1.00401153
19.987,4.68,4.01444356,1.00361089
19.988,4.32,4.01284099,1.00321025
19.989,3.96,4.01123843,1.00280961
19.99,3.6,4.00963586,1.00240897
19.991,3.24,4.0080333,1.00200833
19.992,2.88,4.00643074,1.00160768
19.993,2.52,4.00482817,1.00120704
19.994,2.16,4.00322561,1.0008064
19.995,1.8,4.00162304,1.00040576
19.996,1.44,4.00002048,1.00000512
19.997,1.08,3.99841792,0.999604479
19.998,0.72,3.99681535,0.999203838
19.999,0.36,3.99521279,0.998803197
20,0,3.99361022,0.998402556
